{"type":"FeatureCollection","name":"batiments","features":[{"type":"Feature","properties":{"type":"Bâtiment"},"geometry":{"type":"MultiPolygon","coordinates":[[[[6.043926,43.2387],[6.043907,43.238635],[6.043976,43.238626],[6.044088,43.2386],[6.044105,43.238669],[6.043993,43.238689],[6.043926,43.2387]]]]}},{"type":"Feature","properties":{"type":"Bâtiment"},"geometry":{"type":"MultiPolygon","coordinates":[[[[6.062725,43.239441],[6.062713,43.239475],[6.062671,43.239466],[6.062695,43.239394],[6.062746,43.239403],[6.062758,43.239361],[6.062907,43.239394],[6.06288,43.239468],[6.062725,43.239441]]]]}},{"type":"Feature","properties":{"type":"Bâtiment"},"geometry":{"type":"MultiPolygon","coordinates":[[[[6.06633,43.252502],[6.066309,43.252534],[6.066262,43.25252],[6.06628,43.252491],[6.066297,43.252496],[6.066323,43.252445],[6.066388,43.252461],[6.066372,43.252486],[6.066396,43.252491],[6.066383,43.252516],[6.06633,43.252502]]]]}},{"type":"Feature","properties":{"type":"Bâtiment"},"geometry":{"type":"MultiPolygon","coordinates":[[[[6.061444,43.241702],[6.061421,43.241742],[6.061365,43.241729],[6.061389,43.241687],[6.061444,43.241702]]]]}},{"type":"Feature","properties":{"type":"Bâtiment"},"geometry":{"type":"MultiPolygon","coordinates":[[[[6.061687,43.241766],[6.061564,43.241717],[6.061613,43.241646],[6.061738,43.241687],[6.061745,43.241677],[6.061854,43.241716],[6.061775,43.241812],[6.061681,43.241774],[6.061687,43.241766]]]]}},{"type":"Feature","properties":{"type":"Bâtiment"},"geometry":{"type":"MultiPolygon","coordinates":[[[[6.066267,43.252378],[6.066086,43.252317],[6.066102,43.252292],[6.066205,43.252328],[6.066219,43.252313],[6.066293,43.252339],[6.066267,43.252378]]]]}},{"type":"Feature","properties":{"type":"Bâtiment"},"geometry":{"type":"MultiPolygon","coordinates":[[[[6.062542,43.245855],[6.06253,43.245921],[6.06248,43.245913],[6.062492,43.245844],[6.062542,43.245855]]]]}},{"type":"Feature","properties":{"type":"Bâtiment"},"geometry":{"type":"MultiPolygon","coordinates":[[[[6.05573,43.24753],[6.055789,43.247514],[6.055894,43.247493],[6.05591,43.247519],[6.055925,43.247515],[6.05591,43.247483],[6.05598,43.247468],[6.056006,43.247535],[6.055926,43.247558],[6.055932,43.247573],[6.055912,43.247577],[6.055919,43.247593],[6.055942,43.247587],[6.055971,43.247656],[6.05586,43.247682],[6.055832,43.247615],[6.055848,43.247612],[6.055842,43.247595],[6.055822,43.247601],[6.05577,43.247613],[6.05573,43.24753]]]]}},{"type":"Feature","properties":{"type":"Bâtiment"},"geometry":{"type":"MultiPolygon","coordinates":[[[[6.062759,43.246306],[6.062686,43.246242],[6.062781,43.24618],[6.062721,43.246124],[6.062809,43.246075],[6.062883,43.246146],[6.062934,43.24612],[6.062989,43.246169],[6.062759,43.246306]]]]}},{"type":"Feature","properties":{"type":"Bâtiment"},"geometry":{"type":"MultiPolygon","coordinates":[[[[6.062742,43.239532],[6.062731,43.239584],[6.062694,43.239577],[6.062707,43.239525],[6.062742,43.239532]]]]}},{"type":"Feature","properties":{"type":"Bâtiment"},"geometry":{"type":"MultiPolygon","coordinates":[[[[6.063901,43.243878],[6.063912,43.243849],[6.063994,43.243861],[6.063992,43.243887],[6.063984,43.243884],[6.06396,43.243957],[6.0639,43.243946],[6.063916,43.243879],[6.063901,43.243878]]]]}},{"type":"Feature","properties":{"type":"Bâtiment"},"geometry":{"type":"MultiPolygon","coordinates":[[[[6.063196,43.239481],[6.063149,43.239365],[6.063167,43.239364],[6.063154,43.239329],[6.063225,43.239313],[6.063239,43.239345],[6.063293,43.239457],[6.063318,43.23952],[6.063236,43.239539],[6.063205,43.239481],[6.063206,43.23948],[6.063196,43.239481]]]]}},{"type":"Feature","properties":{"type":"Bâtiment"},"geometry":{"type":"MultiPolygon","coordinates":[[[[6.066881,43.24284],[6.066843,43.242807],[6.066817,43.242742],[6.066924,43.242718],[6.066944,43.24277],[6.066969,43.24279],[6.067025,43.242839],[6.067021,43.242842],[6.06708,43.242898],[6.067076,43.242903],[6.067118,43.242942],[6.067142,43.242926],[6.067198,43.242977],[6.067101,43.243036],[6.066999,43.242943],[6.067015,43.242935],[6.066957,43.242881],[6.066937,43.242891],[6.066881,43.24284]]]]}},{"type":"Feature","properties":{"type":"Bâtiment"},"geometry":{"type":"MultiPolygon","coordinates":[[[[6.067238,43.238296],[6.067242,43.238225],[6.067353,43.238226],[6.067353,43.238297],[6.067353,43.238336],[6.067343,43.238335],[6.067337,43.238407],[6.067332,43.238489],[6.06724,43.238491],[6.067241,43.23846],[6.067151,43.238459],[6.067151,43.238405],[6.067233,43.238407],[6.06724,43.238356],[6.067238,43.238296]]]]}},{"type":"Feature","properties":{"type":"Bâtiment"},"geometry":{"type":"MultiPolygon","coordinates":[[[[6.063503,43.24448],[6.063314,43.244529],[6.0633,43.244495],[6.063493,43.244452],[6.063503,43.24448]]]]}},{"type":"Feature","properties":{"type":"Bâtiment"},"geometry":{"type":"MultiPolygon","coordinates":[[[[6.055039,43.247341],[6.055001,43.247297],[6.055077,43.247267],[6.055106,43.247312],[6.055039,43.247341]]]]}},{"type":"Feature","properties":{"type":"Bâtiment"},"geometry":{"type":"MultiPolygon","coordinates":[[[[6.063611,43.244688],[6.063583,43.244679],[6.06363,43.244615],[6.063609,43.244605],[6.063628,43.24458],[6.063688,43.2446],[6.063717,43.244563],[6.063733,43.244536],[6.063767,43.244546],[6.063811,43.244568],[6.063675,43.244676],[6.063611,43.244688]]]]}},{"type":"Feature","properties":{"type":"Bâtiment"},"geometry":{"type":"MultiPolygon","coordinates":[[[[6.059392,43.24601],[6.059303,43.246007],[6.059307,43.245943],[6.05931,43.245905],[6.059306,43.245796],[6.059343,43.245796],[6.059351,43.245867],[6.059442,43.24587],[6.059441,43.24585],[6.059487,43.24585],[6.059482,43.245945],[6.059439,43.245944],[6.059435,43.24601],[6.059392,43.24601]]]]}},{"type":"Feature","properties":{"type":"Bâtiment"},"geometry":{"type":"MultiPolygon","coordinates":[[[[6.06592,43.252067],[6.065938,43.252077],[6.065911,43.252132],[6.065936,43.252141],[6.065927,43.252156],[6.065972,43.252172],[6.066003,43.252124],[6.066077,43.252148],[6.066043,43.252198],[6.065982,43.252284],[6.065752,43.252198],[6.065765,43.252184],[6.065771,43.252186],[6.065817,43.252123],[6.065791,43.252113],[6.065803,43.252097],[6.065799,43.252094],[6.065826,43.252055],[6.065872,43.25207],[6.065882,43.252056],[6.06592,43.252067]]]]}},{"type":"Feature","properties":{"type":"Bâtiment"},"geometry":{"type":"MultiPolygon","coordinates":[[[[6.05977,43.245566],[6.059863,43.245564],[6.05986,43.245632],[6.05986,43.245776],[6.059858,43.245793],[6.059742,43.245793],[6.05974,43.245735],[6.05973,43.245731],[6.059731,43.245677],[6.059767,43.245676],[6.059767,43.245637],[6.059769,43.245595],[6.05977,43.245566]]]]}},{"type":"Feature","properties":{"type":"Bâtiment"},"geometry":{"type":"MultiPolygon","coordinates":[[[[6.062362,43.245428],[6.062251,43.245404],[6.062296,43.245296],[6.0623,43.245151],[6.062417,43.245152],[6.062409,43.245304],[6.062362,43.245428]]]]}},{"type":"Feature","properties":{"type":"Bâtiment"},"geometry":{"type":"MultiPolygon","coordinates":[[[[6.063241,43.245268],[6.063133,43.245219],[6.063184,43.245158],[6.063295,43.245211],[6.063241,43.245268]]]]}},{"type":"Feature","properties":{"type":"Bâtiment"},"geometry":{"type":"MultiPolygon","coordinates":[[[[6.066133,43.243794],[6.066057,43.243799],[6.066049,43.243737],[6.066168,43.243727],[6.06617,43.243756],[6.066251,43.24375],[6.066249,43.243737],[6.066332,43.243729],[6.066343,43.243809],[6.066261,43.243817],[6.066261,43.243807],[6.066189,43.243813],[6.06619,43.243846],[6.066141,43.243848],[6.066133,43.243794]]]]}},{"type":"Feature","properties":{"type":"Bâtiment"},"geometry":{"type":"MultiPolygon","coordinates":[[[[6.06274,43.239625],[6.062751,43.239587],[6.062802,43.239595],[6.062807,43.23957],[6.062959,43.239583],[6.062952,43.239598],[6.063039,43.239608],[6.06304,43.239632],[6.063024,43.239697],[6.063045,43.239697],[6.063035,43.239736],[6.062954,43.239725],[6.062959,43.239701],[6.062865,43.239688],[6.062872,43.239664],[6.062785,43.239653],[6.062792,43.239635],[6.06274,43.239625]]]]}},{"type":"Feature","properties":{"type":"Bâtiment"},"geometry":{"type":"MultiPolygon","coordinates":[[[[6.061321,43.242159],[6.061251,43.242161],[6.06124,43.242087],[6.061326,43.242078],[6.061329,43.242101],[6.061453,43.242091],[6.061533,43.242176],[6.061451,43.242304],[6.061441,43.242299],[6.061429,43.242315],[6.061332,43.242283],[6.061371,43.242221],[6.061327,43.242177],[6.061321,43.242159]]]]}},{"type":"Feature","properties":{"type":"Bâtiment"},"geometry":{"type":"MultiPolygon","coordinates":[[[[6.061859,43.241331],[6.06178,43.241318],[6.061803,43.241275],[6.061875,43.241291],[6.06188,43.241283],[6.061953,43.241303],[6.06196,43.241293],[6.062049,43.241315],[6.06202,43.241378],[6.061959,43.24136],[6.06195,43.241374],[6.061849,43.241352],[6.061859,43.241331]]]]}},{"type":"Feature","properties":{"type":"Bâtiment"},"geometry":{"type":"MultiPolygon","coordinates":[[[[6.057409,43.24836],[6.057383,43.248305],[6.057546,43.248264],[6.057571,43.248314],[6.057409,43.24836]]]]}},{"type":"Feature","properties":{"type":"Bâtiment"},"geometry":{"type":"MultiPolygon","coordinates":[[[[6.055212,43.246944],[6.055279,43.246926],[6.0553,43.246922],[6.055326,43.246968],[6.055302,43.246978],[6.05531,43.246989],[6.055355,43.247076],[6.055344,43.247079],[6.055369,43.247135],[6.055313,43.247152],[6.055288,43.247159],[6.05526,43.247104],[6.05528,43.247095],[6.055238,43.24701],[6.055243,43.247008],[6.055212,43.246944]]]]}},{"type":"Feature","properties":{"type":"Bâtiment"},"geometry":{"type":"MultiPolygon","coordinates":[[[[6.057027,43.248182],[6.057024,43.248246],[6.056985,43.248249],[6.056989,43.248182],[6.057027,43.248182]]]]}},{"type":"Feature","properties":{"type":"Bâtiment"},"geometry":{"type":"MultiPolygon","coordinates":[[[[6.063713,43.244329],[6.063614,43.244306],[6.063662,43.244191],[6.063764,43.244215],[6.06376,43.244226],[6.063861,43.24425],[6.063909,43.244183],[6.063969,43.244208],[6.063895,43.244318],[6.063846,43.244301],[6.063834,43.24433],[6.063796,43.244324],[6.063781,43.24435],[6.063711,43.244336],[6.063713,43.244329]]]]}},{"type":"Feature","properties":{"type":"Bâtiment"},"geometry":{"type":"MultiPolygon","coordinates":[[[[6.056498,43.248445],[6.056478,43.248351],[6.056658,43.248343],[6.056661,43.248349],[6.056697,43.248345],[6.056694,43.248324],[6.056767,43.248318],[6.056768,43.248341],[6.056777,43.248413],[6.056791,43.248413],[6.056795,43.248457],[6.056712,43.248467],[6.056705,43.248426],[6.056613,43.248434],[6.056498,43.248445]]]]}},{"type":"Feature","properties":{"type":"Bâtiment"},"geometry":{"type":"MultiPolygon","coordinates":[[[[6.043956,43.239418],[6.043964,43.239393],[6.044064,43.239401],[6.044078,43.239403],[6.044072,43.239433],[6.043956,43.239418]]]]}},{"type":"Feature","properties":{"type":"Bâtiment"},"geometry":{"type":"MultiPolygon","coordinates":[[[[6.044076,43.23933],[6.043999,43.239319],[6.04401,43.239289],[6.044094,43.239311],[6.044072,43.239353],[6.044076,43.23933]]]]}},{"type":"Feature","properties":{"type":"Bâtiment"},"geometry":{"type":"MultiPolygon","coordinates":[[[[6.063055,43.246325],[6.06311,43.24626],[6.063138,43.246271],[6.063081,43.246338],[6.063055,43.246325]]]]}},{"type":"Feature","properties":{"type":"Bâtiment"},"geometry":{"type":"MultiPolygon","coordinates":[[[[6.047542,43.239987],[6.047509,43.239955],[6.047577,43.239917],[6.047611,43.239949],[6.047542,43.239987]]]]}},{"type":"Feature","properties":{"type":"Bâtiment"},"geometry":{"type":"MultiPolygon","coordinates":[[[[6.069804,43.240629],[6.069745,43.240559],[6.069762,43.240535],[6.069765,43.240539],[6.069833,43.240616],[6.069804,43.240629]]]]}},{"type":"Feature","properties":{"type":"Bâtiment"},"geometry":{"type":"MultiPolygon","coordinates":[[[[6.069833,43.240616],[6.069765,43.240539],[6.069807,43.24052],[6.069825,43.240542],[6.069822,43.240543],[6.069877,43.240608],[6.069841,43.240625],[6.069833,43.240616]]]]}},{"type":"Feature","properties":{"type":"Bâtiment"},"geometry":{"type":"MultiPolygon","coordinates":[[[[6.058464,43.247392],[6.058423,43.247347],[6.05847,43.247324],[6.058512,43.247368],[6.058464,43.247392]]]]}},{"type":"Feature","properties":{"type":"Bâtiment"},"geometry":{"type":"MultiPolygon","coordinates":[[[[6.056872,43.251448],[6.056817,43.2515],[6.056756,43.251465],[6.056781,43.251444],[6.056833,43.251434],[6.056881,43.25139],[6.056918,43.251409],[6.056908,43.251419],[6.056938,43.251437],[6.056904,43.251468],[6.056872,43.251448]]]]}},{"type":"Feature","properties":{"type":"Bâtiment"},"geometry":{"type":"MultiPolygon","coordinates":[[[[6.063364,43.247619],[6.063335,43.247615],[6.063339,43.247598],[6.063368,43.247602],[6.063364,43.247619]]]]}},{"type":"Feature","properties":{"type":"Bâtiment"},"geometry":{"type":"MultiPolygon","coordinates":[[[[6.06335,43.247672],[6.063302,43.247666],[6.063315,43.247612],[6.063335,43.247615],[6.063364,43.247619],[6.06335,43.247672]]]]}},{"type":"Feature","properties":{"type":"Bâtiment"},"geometry":{"type":"MultiPolygon","coordinates":[[[[6.067261,43.238113],[6.067237,43.2381],[6.067292,43.238048],[6.067315,43.238062],[6.067261,43.238113]]]]}},{"type":"Feature","properties":{"type":"Bâtiment"},"geometry":{"type":"MultiPolygon","coordinates":[[[[6.058905,43.239066],[6.058873,43.239055],[6.058908,43.239001],[6.058922,43.239006],[6.058929,43.238996],[6.058946,43.239004],[6.058905,43.239066]]]]}},{"type":"Feature","properties":{"type":"Bâtiment"},"geometry":{"type":"MultiPolygon","coordinates":[[[[6.066003,43.241008],[6.065987,43.240959],[6.066052,43.240948],[6.066068,43.240998],[6.066003,43.241008]]]]}},{"type":"Feature","properties":{"type":"Bâtiment"},"geometry":{"type":"MultiPolygon","coordinates":[[[[6.070403,43.241129],[6.070309,43.241071],[6.070388,43.241003],[6.070481,43.241061],[6.070403,43.241129]]]]}},{"type":"Feature","properties":{"type":"Bâtiment"},"geometry":{"type":"MultiPolygon","coordinates":[[[[6.058273,43.251765],[6.058223,43.251754],[6.05824,43.251713],[6.058289,43.251724],[6.058273,43.251765]]]]}},{"type":"Feature","properties":{"type":"Bâtiment"},"geometry":{"type":"MultiPolygon","coordinates":[[[[6.070053,43.240753],[6.070016,43.240741],[6.070045,43.240691],[6.070081,43.240702],[6.070053,43.240753]]]]}},{"type":"Feature","properties":{"type":"Bâtiment"},"geometry":{"type":"MultiPolygon","coordinates":[[[[6.057293,43.239747],[6.057284,43.239728],[6.057326,43.239716],[6.057335,43.239736],[6.057293,43.239747]]]]}},{"type":"Feature","properties":{"type":"Bâtiment"},"geometry":{"type":"MultiPolygon","coordinates":[[[[6.057218,43.239779],[6.057204,43.239749],[6.057284,43.239728],[6.057293,43.239747],[6.0573,43.239759],[6.057218,43.239779]]]]}},{"type":"Feature","properties":{"type":"Bâtiment"},"geometry":{"type":"MultiPolygon","coordinates":[[[[6.06285,43.247373],[6.062776,43.247356],[6.062792,43.247318],[6.062867,43.247336],[6.06285,43.247373]]]]}},{"type":"Feature","properties":{"type":"Bâtiment"},"geometry":{"type":"MultiPolygon","coordinates":[[[[6.061679,43.239943],[6.061611,43.239919],[6.061628,43.239892],[6.061696,43.239916],[6.061679,43.239943]]]]}},{"type":"Feature","properties":{"type":"Bâtiment"},"geometry":{"type":"MultiPolygon","coordinates":[[[[6.062107,43.241027],[6.061969,43.241006],[6.061992,43.240926],[6.06213,43.240946],[6.062107,43.241027]]]]}},{"type":"Feature","properties":{"type":"Bâtiment"},"geometry":{"type":"MultiPolygon","coordinates":[[[[6.045515,43.240985],[6.045503,43.240962],[6.045622,43.240926],[6.045634,43.24095],[6.045515,43.240985]]]]}},{"type":"Feature","properties":{"type":"Bâtiment"},"geometry":{"type":"MultiPolygon","coordinates":[[[[6.062223,43.252887],[6.062215,43.252855],[6.062312,43.252841],[6.062321,43.252873],[6.062223,43.252887]]]]}},{"type":"Feature","properties":{"type":"Bâtiment"},"geometry":{"type":"MultiPolygon","coordinates":[[[[6.063428,43.244638],[6.063368,43.24462],[6.063393,43.244577],[6.063452,43.244596],[6.063428,43.244638]]]]}},{"type":"Feature","properties":{"type":"Bâtiment"},"geometry":{"type":"MultiPolygon","coordinates":[[[[6.053262,43.253609],[6.053207,43.253567],[6.053238,43.253545],[6.053293,43.253587],[6.053262,43.253609]]]]}},{"type":"Feature","properties":{"type":"Bâtiment"},"geometry":{"type":"MultiPolygon","coordinates":[[[[6.064138,43.243763],[6.064076,43.243753],[6.06409,43.243705],[6.064151,43.243714],[6.064138,43.243763]]]]}},{"type":"Feature","properties":{"type":"Bâtiment"},"geometry":{"type":"MultiPolygon","coordinates":[[[[6.057262,43.247924],[6.057245,43.247817],[6.057404,43.247804],[6.057421,43.247911],[6.057262,43.247924]]]]}},{"type":"Feature","properties":{"type":"Bâtiment"},"geometry":{"type":"MultiPolygon","coordinates":[[[[6.066048,43.242872],[6.066026,43.242832],[6.066088,43.242813],[6.066111,43.242853],[6.066048,43.242872]]]]}},{"type":"Feature","properties":{"type":"Bâtiment"},"geometry":{"type":"MultiPolygon","coordinates":[[[[6.062041,43.241173],[6.061906,43.241153],[6.061929,43.241074],[6.062064,43.241094],[6.062041,43.241173]]]]}},{"type":"Feature","properties":{"type":"Bâtiment"},"geometry":{"type":"MultiPolygon","coordinates":[[[[6.066699,43.247616],[6.066696,43.247596],[6.066736,43.247592],[6.066741,43.247612],[6.066746,43.24764],[6.066719,43.247642],[6.066714,43.247615],[6.066699,43.247616]]]]}},{"type":"Feature","properties":{"type":"Bâtiment"},"geometry":{"type":"MultiPolygon","coordinates":[[[[6.066746,43.24764],[6.066741,43.247612],[6.066773,43.247609],[6.066778,43.247636],[6.066746,43.24764]]]]}},{"type":"Feature","properties":{"type":"Bâtiment"},"geometry":{"type":"MultiPolygon","coordinates":[[[[6.070427,43.241901],[6.070416,43.241862],[6.070452,43.241818],[6.070486,43.241834],[6.07046,43.241865],[6.070469,43.241893],[6.070427,43.241901]]]]}},{"type":"Feature","properties":{"type":"Bâtiment"},"geometry":{"type":"MultiPolygon","coordinates":[[[[6.057266,43.247675],[6.05707,43.247659],[6.057081,43.247584],[6.057277,43.247599],[6.057266,43.247675]]]]}},{"type":"Feature","properties":{"type":"Bâtiment"},"geometry":{"type":"MultiPolygon","coordinates":[[[[6.06645,43.238353],[6.066314,43.23833],[6.066318,43.238294],[6.066337,43.238297],[6.066339,43.238294],[6.066343,43.238275],[6.066448,43.238267],[6.066447,43.238309],[6.066453,43.238309],[6.06645,43.238353]]]]}},{"type":"Feature","properties":{"type":"Bâtiment"},"geometry":{"type":"MultiPolygon","coordinates":[[[[6.054522,43.242697],[6.054509,43.242676],[6.054526,43.24267],[6.054524,43.242669],[6.054573,43.242652],[6.054602,43.242702],[6.054566,43.242714],[6.054551,43.242709],[6.054539,43.242691],[6.054522,43.242697]]]]}},{"type":"Feature","properties":{"type":"Bâtiment"},"geometry":{"type":"MultiPolygon","coordinates":[[[[6.064767,43.243529],[6.06475,43.243493],[6.064822,43.243475],[6.064839,43.243512],[6.064803,43.243521],[6.064767,43.243529]]]]}},{"type":"Feature","properties":{"type":"Bâtiment"},"geometry":{"type":"MultiPolygon","coordinates":[[[[6.064771,43.243539],[6.064767,43.243529],[6.064803,43.243521],[6.064808,43.24353],[6.064771,43.243539]]]]}},{"type":"Feature","properties":{"type":"Bâtiment"},"geometry":{"type":"MultiPolygon","coordinates":[[[[6.061276,43.244064],[6.061229,43.244052],[6.061253,43.243999],[6.0613,43.24401],[6.061276,43.244064]]]]}},{"type":"Feature","properties":{"type":"Bâtiment"},"geometry":{"type":"MultiPolygon","coordinates":[[[[6.060785,43.244161],[6.060721,43.244147],[6.060742,43.244095],[6.060806,43.244109],[6.060785,43.244161]]]]}},{"type":"Feature","properties":{"type":"Bâtiment"},"geometry":{"type":"MultiPolygon","coordinates":[[[[6.056373,43.247156],[6.056357,43.247143],[6.056373,43.247131],[6.056364,43.247124],[6.056398,43.247097],[6.056456,43.247135],[6.056373,43.247156]]]]}},{"type":"Feature","properties":{"type":"Bâtiment"},"geometry":{"type":"MultiPolygon","coordinates":[[[[6.060767,43.246401],[6.0607,43.246391],[6.060711,43.246349],[6.060778,43.246359],[6.060767,43.246401]]]]}},{"type":"Feature","properties":{"type":"Bâtiment"},"geometry":{"type":"MultiPolygon","coordinates":[[[[6.06977,43.24016],[6.069764,43.24015],[6.069792,43.240148],[6.069811,43.240173],[6.069786,43.240182],[6.069784,43.240179],[6.06977,43.24016]]]]}},{"type":"Feature","properties":{"type":"Bâtiment"},"geometry":{"type":"MultiPolygon","coordinates":[[[[6.065364,43.243248],[6.065342,43.243216],[6.065369,43.243206],[6.065391,43.243239],[6.065364,43.243248]]]]}},{"type":"Feature","properties":{"type":"Bâtiment"},"geometry":{"type":"MultiPolygon","coordinates":[[[[6.065334,43.243259],[6.065311,43.243226],[6.065342,43.243216],[6.065364,43.243248],[6.065334,43.243259]]]]}},{"type":"Feature","properties":{"type":"Bâtiment"},"geometry":{"type":"MultiPolygon","coordinates":[[[[6.067558,43.241304],[6.06747,43.241263],[6.067527,43.241196],[6.067556,43.241209],[6.067529,43.24124],[6.06759,43.241269],[6.067558,43.241304]]]]}},{"type":"Feature","properties":{"type":"Bâtiment"},"geometry":{"type":"MultiPolygon","coordinates":[[[[6.060861,43.243685],[6.060854,43.243593],[6.061044,43.243587],[6.061047,43.243624],[6.061121,43.243621],[6.061124,43.243676],[6.060861,43.243685]]]]}},{"type":"Feature","properties":{"type":"Bâtiment"},"geometry":{"type":"MultiPolygon","coordinates":[[[[6.061047,43.243624],[6.061044,43.243587],[6.061117,43.243584],[6.061121,43.243621],[6.061047,43.243624]]]]}},{"type":"Feature","properties":{"type":"Bâtiment"},"geometry":{"type":"MultiPolygon","coordinates":[[[[6.060562,43.245486],[6.060495,43.245481],[6.060506,43.245402],[6.060587,43.245407],[6.06066,43.245413],[6.060664,43.24539],[6.060715,43.245394],[6.060699,43.245512],[6.060647,43.245508],[6.06065,43.245492],[6.060608,43.24549],[6.060562,43.245486]]]]}},{"type":"Feature","properties":{"type":"Bâtiment"},"geometry":{"type":"MultiPolygon","coordinates":[[[[6.06066,43.245413],[6.060587,43.245407],[6.06059,43.245385],[6.060664,43.24539],[6.06066,43.245413]]]]}},{"type":"Feature","properties":{"type":"Bâtiment"},"geometry":{"type":"MultiPolygon","coordinates":[[[[6.060607,43.245499],[6.060561,43.245495],[6.060562,43.245486],[6.060608,43.24549],[6.060607,43.245499]]]]}},{"type":"Feature","properties":{"type":"Bâtiment"},"geometry":{"type":"MultiPolygon","coordinates":[[[[6.045375,43.251604],[6.04532,43.251605],[6.045321,43.251546],[6.045412,43.251547],[6.045411,43.251605],[6.045375,43.251604]]]]}},{"type":"Feature","properties":{"type":"Bâtiment"},"geometry":{"type":"MultiPolygon","coordinates":[[[[6.066957,43.238658],[6.066885,43.238644],[6.066896,43.238618],[6.066923,43.238624],[6.066949,43.238554],[6.067095,43.238582],[6.06707,43.238652],[6.066967,43.238632],[6.066957,43.238658]]]]}},{"type":"Feature","properties":{"type":"Bâtiment"},"geometry":{"type":"MultiPolygon","coordinates":[[[[6.060699,43.245211],[6.060688,43.245196],[6.060725,43.245182],[6.060735,43.245197],[6.060699,43.245211]]]]}},{"type":"Feature","properties":{"type":"Bâtiment"},"geometry":{"type":"MultiPolygon","coordinates":[[[[6.060663,43.245223],[6.060565,43.245199],[6.060582,43.245164],[6.060628,43.245175],[6.060642,43.245141],[6.06068,43.245151],[6.060774,43.245117],[6.060785,43.245092],[6.06081,43.245099],[6.060823,43.245071],[6.060868,43.245083],[6.060831,43.245163],[6.060819,43.245167],[6.060848,43.245211],[6.060765,43.24524],[6.060735,43.245197],[6.060725,43.245182],[6.060688,43.245196],[6.060699,43.245211],[6.060663,43.245223]]]]}},{"type":"Feature","properties":{"type":"Bâtiment"},"geometry":{"type":"MultiPolygon","coordinates":[[[[6.059517,43.238321],[6.059502,43.238269],[6.059568,43.238259],[6.059583,43.238311],[6.059517,43.238321]]]]}},{"type":"Feature","properties":{"type":"Bâtiment"},"geometry":{"type":"MultiPolygon","coordinates":[[[[6.066723,43.238385],[6.066568,43.238361],[6.066586,43.2383],[6.066663,43.238312],[6.066667,43.238299],[6.066745,43.238312],[6.066723,43.238385]]]]}},{"type":"Feature","properties":{"type":"Bâtiment"},"geometry":{"type":"MultiPolygon","coordinates":[[[[6.06042,43.242856],[6.060406,43.24285],[6.060435,43.242813],[6.060449,43.242819],[6.06042,43.242856]]]]}},{"type":"Feature","properties":{"type":"Bâtiment"},"geometry":{"type":"MultiPolygon","coordinates":[[[[6.060406,43.24285],[6.060378,43.242837],[6.060417,43.242788],[6.060459,43.242807],[6.060449,43.242819],[6.060435,43.242813],[6.060406,43.24285]]]]}},{"type":"Feature","properties":{"type":"Bâtiment"},"geometry":{"type":"MultiPolygon","coordinates":[[[[6.050322,43.23873],[6.050375,43.238698],[6.050423,43.238746],[6.050375,43.238781],[6.050322,43.23873]]]]}},{"type":"Feature","properties":{"type":"Bâtiment"},"geometry":{"type":"MultiPolygon","coordinates":[[[[6.065592,43.250508],[6.065634,43.250432],[6.065712,43.250455],[6.065669,43.250528],[6.065654,43.250524],[6.065639,43.250551],[6.065577,43.250532],[6.065592,43.250508]]]]}},{"type":"Feature","properties":{"type":"Bâtiment"},"geometry":{"type":"MultiPolygon","coordinates":[[[[6.059105,43.239875],[6.059046,43.239885],[6.05904,43.239858],[6.058998,43.239866],[6.058981,43.239813],[6.059018,43.239806],[6.05901,43.239767],[6.059048,43.239762],[6.059046,43.239746],[6.059143,43.239736],[6.059153,43.239798],[6.059093,43.239804],[6.059104,43.239848],[6.059097,43.23985],[6.059105,43.239875]]]]}},{"type":"Feature","properties":{"type":"Bâtiment"},"geometry":{"type":"MultiPolygon","coordinates":[[[[6.047565,43.240538],[6.047455,43.240565],[6.047435,43.240514],[6.047544,43.240489],[6.047565,43.240538]]]]}},{"type":"Feature","properties":{"type":"Bâtiment"},"geometry":{"type":"MultiPolygon","coordinates":[[[[6.064731,43.243708],[6.064606,43.24374],[6.064583,43.243699],[6.064715,43.243666],[6.064731,43.243708]]]]}},{"type":"Feature","properties":{"type":"Bâtiment"},"geometry":{"type":"MultiPolygon","coordinates":[[[[6.055139,43.247704],[6.055045,43.247745],[6.054961,43.247644],[6.055055,43.2476],[6.055139,43.247704]]]]}},{"type":"Feature","properties":{"type":"Bâtiment"},"geometry":{"type":"MultiPolygon","coordinates":[[[[6.067297,43.254461],[6.067198,43.254474],[6.067182,43.254406],[6.067281,43.254391],[6.067297,43.254461]]]]}},{"type":"Feature","properties":{"type":"Bâtiment"},"geometry":{"type":"MultiPolygon","coordinates":[[[[6.049051,43.255134],[6.049107,43.254969],[6.049822,43.255097],[6.049766,43.255263],[6.049051,43.255134]]]]}},{"type":"Feature","properties":{"type":"Bâtiment"},"geometry":{"type":"MultiPolygon","coordinates":[[[[6.064811,43.244995],[6.064679,43.245003],[6.064672,43.244963],[6.064721,43.244959],[6.064719,43.244945],[6.064752,43.244944],[6.064754,43.244959],[6.064806,43.244955],[6.064811,43.244995]]]]}},{"type":"Feature","properties":{"type":"Bâtiment"},"geometry":{"type":"MultiPolygon","coordinates":[[[[6.064625,43.244176],[6.06459,43.244143],[6.064724,43.244062],[6.064772,43.244106],[6.064663,43.24417],[6.064653,43.244161],[6.064625,43.244176]]]]}},{"type":"Feature","properties":{"type":"Bâtiment"},"geometry":{"type":"MultiPolygon","coordinates":[[[[6.060175,43.238321],[6.060073,43.238335],[6.060051,43.238246],[6.060011,43.238252],[6.059996,43.238198],[6.060034,43.238194],[6.060031,43.238186],[6.060061,43.238179],[6.060052,43.238149],[6.060162,43.238131],[6.060177,43.238174],[6.060197,43.238171],[6.060208,43.238216],[6.060186,43.238217],[6.060173,43.2382],[6.060128,43.238205],[6.060134,43.238231],[6.060152,43.238228],[6.060175,43.238321]]]]}},{"type":"Feature","properties":{"type":"Bâtiment"},"geometry":{"type":"MultiPolygon","coordinates":[[[[6.064245,43.24321],[6.064294,43.243064],[6.064414,43.243081],[6.064394,43.243146],[6.064406,43.243157],[6.0644,43.243163],[6.064437,43.243202],[6.064322,43.24326],[6.064238,43.243305],[6.064152,43.243234],[6.064221,43.24319],[6.064245,43.24321]]]]}},{"type":"Feature","properties":{"type":"Bâtiment"},"geometry":{"type":"MultiPolygon","coordinates":[[[[6.065204,43.250515],[6.065162,43.2505],[6.06518,43.25047],[6.06521,43.250479],[6.065237,43.250431],[6.065301,43.250447],[6.065308,43.25044],[6.065414,43.250475],[6.065412,43.250483],[6.065496,43.250508],[6.065452,43.25058],[6.065363,43.250551],[6.065254,43.250517],[6.065252,43.250522],[6.065218,43.250514],[6.065221,43.250509],[6.06521,43.250506],[6.065204,43.250515]]]]}},{"type":"Feature","properties":{"type":"Bâtiment"},"geometry":{"type":"MultiPolygon","coordinates":[[[[6.068386,43.249105],[6.06839,43.249068],[6.06847,43.249073],[6.06848,43.249021],[6.068502,43.249022],[6.068491,43.24907],[6.068571,43.249074],[6.068558,43.249132],[6.068491,43.249117],[6.068386,43.249105]]]]}},{"type":"Feature","properties":{"type":"Bâtiment"},"geometry":{"type":"MultiPolygon","coordinates":[[[[6.06936,43.238621],[6.069337,43.238601],[6.069398,43.238566],[6.069418,43.238589],[6.069517,43.238686],[6.069535,43.238704],[6.069472,43.238738],[6.069456,43.23872],[6.069424,43.238736],[6.069324,43.23864],[6.06936,43.238621]]]]}},{"type":"Feature","properties":{"type":"Bâtiment"},"geometry":{"type":"MultiPolygon","coordinates":[[[[6.056886,43.246464],[6.056798,43.246476],[6.056786,43.246425],[6.056824,43.24642],[6.056813,43.246377],[6.056864,43.246371],[6.056886,43.246464]]]]}},{"type":"Feature","properties":{"type":"Bâtiment"},"geometry":{"type":"MultiPolygon","coordinates":[[[[6.064833,43.243749],[6.064848,43.243787],[6.064723,43.24382],[6.0647,43.243781],[6.064729,43.243774],[6.064718,43.24375],[6.064773,43.243738],[6.064784,43.243759],[6.064833,43.243749]]]]}},{"type":"Feature","properties":{"type":"Bâtiment"},"geometry":{"type":"MultiPolygon","coordinates":[[[[6.060157,43.238505],[6.060112,43.238515],[6.060051,43.238373],[6.060107,43.238362],[6.060141,43.238445],[6.060132,43.238448],[6.060157,43.238505]]]]}},{"type":"Feature","properties":{"type":"Bâtiment"},"geometry":{"type":"MultiPolygon","coordinates":[[[[6.059139,43.241183],[6.05923,43.241169],[6.059241,43.241216],[6.059287,43.241208],[6.059301,43.241257],[6.0592,43.241273],[6.059206,43.241325],[6.059177,43.241326],[6.059178,43.241339],[6.059121,43.24134],[6.05912,43.241326],[6.059119,43.24128],[6.059068,43.241284],[6.059051,43.241194],[6.059139,43.241183]]]]}},{"type":"Feature","properties":{"type":"Bâtiment"},"geometry":{"type":"MultiPolygon","coordinates":[[[[6.062759,43.246673],[6.062757,43.246721],[6.062689,43.24672],[6.062688,43.246702],[6.062562,43.246697],[6.062568,43.246625],[6.062637,43.246628],[6.062638,43.246633],[6.062697,43.246635],[6.062696,43.246661],[6.062759,43.246663],[6.062759,43.246673]]]]}},{"type":"Feature","properties":{"type":"Bâtiment"},"geometry":{"type":"MultiPolygon","coordinates":[[[[6.062851,43.25014],[6.062868,43.250113],[6.06293,43.250131],[6.062955,43.25009],[6.063013,43.250108],[6.063001,43.250124],[6.063027,43.250134],[6.062998,43.250184],[6.062976,43.250218],[6.062943,43.250207],[6.06292,43.250234],[6.062858,43.250212],[6.062809,43.250197],[6.062846,43.250139],[6.062851,43.25014]]]]}},{"type":"Feature","properties":{"type":"Bâtiment"},"geometry":{"type":"MultiPolygon","coordinates":[[[[6.048379,43.240132],[6.048333,43.240159],[6.048316,43.240141],[6.048268,43.240107],[6.04835,43.240059],[6.048348,43.240055],[6.048439,43.240004],[6.048482,43.240044],[6.048361,43.240116],[6.048379,43.240132]]]]}},{"type":"Feature","properties":{"type":"Bâtiment"},"geometry":{"type":"MultiPolygon","coordinates":[[[[6.060861,43.242994],[6.060786,43.242978],[6.060806,43.242927],[6.060885,43.242942],[6.060879,43.242958],[6.060967,43.242976],[6.060974,43.242961],[6.060983,43.242938],[6.061036,43.242948],[6.06101,43.243016],[6.060972,43.243009],[6.060955,43.243056],[6.06092,43.243048],[6.060906,43.243086],[6.060931,43.24309],[6.060908,43.243149],[6.06081,43.243129],[6.060861,43.242994]]]]}},{"type":"Feature","properties":{"type":"Bâtiment"},"geometry":{"type":"MultiPolygon","coordinates":[[[[6.060967,43.242976],[6.060879,43.242958],[6.060885,43.242942],[6.060974,43.242961],[6.060967,43.242976]]]]}},{"type":"Feature","properties":{"type":"Bâtiment"},"geometry":{"type":"MultiPolygon","coordinates":[[[[6.070929,43.241683],[6.070782,43.241614],[6.070864,43.241521],[6.070871,43.241525],[6.070927,43.241463],[6.07099,43.241491],[6.070926,43.241565],[6.071,43.241605],[6.070929,43.241683]]]]}},{"type":"Feature","properties":{"type":"Bâtiment"},"geometry":{"type":"MultiPolygon","coordinates":[[[[6.047818,43.240323],[6.047776,43.240286],[6.047833,43.240252],[6.047874,43.240288],[6.047818,43.240323]]]]}},{"type":"Feature","properties":{"type":"Bâtiment"},"geometry":{"type":"MultiPolygon","coordinates":[[[[6.064245,43.253874],[6.064179,43.253999],[6.064105,43.253976],[6.064175,43.253853],[6.064245,43.253874]]]]}},{"type":"Feature","properties":{"type":"Bâtiment"},"geometry":{"type":"MultiPolygon","coordinates":[[[[6.070938,43.242029],[6.070885,43.24209],[6.070798,43.242053],[6.070853,43.241991],[6.070938,43.242029]]]]}},{"type":"Feature","properties":{"type":"Bâtiment"},"geometry":{"type":"MultiPolygon","coordinates":[[[[6.045047,43.252424],[6.045046,43.252444],[6.044981,43.252447],[6.044977,43.252412],[6.044896,43.252416],[6.044891,43.252367],[6.044974,43.252361],[6.044967,43.252323],[6.045061,43.252317],[6.045071,43.252422],[6.045047,43.252424]]]]}},{"type":"Feature","properties":{"type":"Bâtiment"},"geometry":{"type":"MultiPolygon","coordinates":[[[[6.057852,43.254492],[6.057852,43.254555],[6.057787,43.254556],[6.057752,43.254555],[6.057754,43.254512],[6.057782,43.254512],[6.057784,43.254456],[6.057857,43.254456],[6.057877,43.254492],[6.057852,43.254492]]]]}},{"type":"Feature","properties":{"type":"Bâtiment"},"geometry":{"type":"MultiPolygon","coordinates":[[[[6.05542,43.253421],[6.055389,43.253463],[6.055296,43.253425],[6.055356,43.253343],[6.055395,43.253359],[6.055364,43.253402],[6.05542,43.253421]]]]}},{"type":"Feature","properties":{"type":"Bâtiment"},"geometry":{"type":"MultiPolygon","coordinates":[[[[6.067002,43.24114],[6.066959,43.241197],[6.06691,43.241182],[6.06694,43.241141],[6.066807,43.241088],[6.066863,43.241013],[6.067001,43.241067],[6.066958,43.241127],[6.067002,43.24114]]]]}},{"type":"Feature","properties":{"type":"Bâtiment"},"geometry":{"type":"MultiPolygon","coordinates":[[[[6.06495,43.254094],[6.064937,43.25418],[6.064875,43.254174],[6.064883,43.254133],[6.064892,43.254133],[6.064899,43.254087],[6.06495,43.254094]]]]}},{"type":"Feature","properties":{"type":"Bâtiment"},"geometry":{"type":"MultiPolygon","coordinates":[[[[6.05951,43.239597],[6.05946,43.239611],[6.059428,43.239547],[6.059532,43.239515],[6.059565,43.239576],[6.059579,43.239572],[6.059599,43.239608],[6.059527,43.239629],[6.05951,43.239597]]]]}},{"type":"Feature","properties":{"type":"Bâtiment"},"geometry":{"type":"MultiPolygon","coordinates":[[[[6.062223,43.249894],[6.062199,43.249894],[6.062203,43.249853],[6.062206,43.249799],[6.062317,43.249804],[6.062315,43.249827],[6.062284,43.249827],[6.062282,43.249846],[6.062227,43.249844],[6.062223,43.249894]]]]}},{"type":"Feature","properties":{"type":"Bâtiment"},"geometry":{"type":"MultiPolygon","coordinates":[[[[6.068114,43.240061],[6.067996,43.240002],[6.068206,43.239778],[6.068289,43.239781],[6.06832,43.23984],[6.068114,43.240061]]]]}},{"type":"Feature","properties":{"type":"Bâtiment"},"geometry":{"type":"MultiPolygon","coordinates":[[[[6.058716,43.254979],[6.0587,43.255],[6.058562,43.254959],[6.058586,43.254921],[6.058674,43.254949],[6.05869,43.254929],[6.058764,43.254955],[6.05874,43.254989],[6.058716,43.254979]]]]}},{"type":"Feature","properties":{"type":"Bâtiment"},"geometry":{"type":"MultiPolygon","coordinates":[[[[6.045374,43.254222],[6.045367,43.25423],[6.045246,43.254165],[6.045293,43.254125],[6.045314,43.254136],[6.045364,43.254087],[6.045403,43.25411],[6.045409,43.254134],[6.045374,43.254169],[6.045415,43.254189],[6.045445,43.254205],[6.045405,43.254242],[6.045374,43.254222]]]]}},{"type":"Feature","properties":{"type":"Bâtiment"},"geometry":{"type":"MultiPolygon","coordinates":[[[[6.05966,43.2487],[6.059583,43.248684],[6.059539,43.248652],[6.059588,43.248615],[6.0596,43.248623],[6.059637,43.248593],[6.059661,43.248609],[6.059722,43.248648],[6.05966,43.2487]]]]}},{"type":"Feature","properties":{"type":"Bâtiment"},"geometry":{"type":"MultiPolygon","coordinates":[[[[6.063931,43.253901],[6.063965,43.253848],[6.06404,43.25387],[6.064032,43.253883],[6.064078,43.253898],[6.064054,43.253939],[6.063931,43.253901]]]]}},{"type":"Feature","properties":{"type":"Bâtiment"},"geometry":{"type":"MultiPolygon","coordinates":[[[[6.060216,43.245107],[6.060088,43.245158],[6.060029,43.245078],[6.060162,43.245031],[6.060152,43.245018],[6.060269,43.244974],[6.060326,43.245054],[6.06021,43.245099],[6.060216,43.245107]]]]}},{"type":"Feature","properties":{"type":"Bâtiment"},"geometry":{"type":"MultiPolygon","coordinates":[[[[6.058346,43.238158],[6.058262,43.238166],[6.058249,43.238093],[6.058337,43.238087],[6.058346,43.238158]]]]}},{"type":"Feature","properties":{"type":"Bâtiment"},"geometry":{"type":"MultiPolygon","coordinates":[[[[6.062842,43.252633],[6.062905,43.252571],[6.062955,43.252596],[6.062886,43.252659],[6.062842,43.252633]]]]}},{"type":"Feature","properties":{"type":"Bâtiment"},"geometry":{"type":"MultiPolygon","coordinates":[[[[6.070794,43.241456],[6.070724,43.241527],[6.07059,43.24146],[6.070661,43.241386],[6.070794,43.241456]]]]}},{"type":"Feature","properties":{"type":"Bâtiment"},"geometry":{"type":"MultiPolygon","coordinates":[[[[6.061818,43.252139],[6.061877,43.252138],[6.061879,43.252216],[6.061821,43.252216],[6.061818,43.252139]]]]}},{"type":"Feature","properties":{"type":"Bâtiment"},"geometry":{"type":"MultiPolygon","coordinates":[[[[6.044694,43.255079],[6.044612,43.255118],[6.044563,43.255064],[6.044646,43.255025],[6.044694,43.255079]]]]}},{"type":"Feature","properties":{"type":"Bâtiment"},"geometry":{"type":"MultiPolygon","coordinates":[[[[6.062098,43.258627],[6.062062,43.258684],[6.062,43.258663],[6.062035,43.258607],[6.062098,43.258627]]]]}},{"type":"Feature","properties":{"type":"Bâtiment"},"geometry":{"type":"MultiPolygon","coordinates":[[[[6.067091,43.238493],[6.066972,43.238492],[6.066974,43.238426],[6.067094,43.238428],[6.067091,43.238493]]]]}},{"type":"Feature","properties":{"type":"Bâtiment"},"geometry":{"type":"MultiPolygon","coordinates":[[[[6.059906,43.24525],[6.059867,43.245359],[6.059764,43.245338],[6.059777,43.245297],[6.05974,43.24529],[6.059734,43.245311],[6.059598,43.245283],[6.059632,43.245194],[6.059767,43.245221],[6.059753,43.245262],[6.059787,43.245267],[6.0598,43.245229],[6.059906,43.24525]]]]}},{"type":"Feature","properties":{"type":"Bâtiment"},"geometry":{"type":"MultiPolygon","coordinates":[[[[6.059113,43.2496],[6.059075,43.24963],[6.05902,43.249593],[6.059063,43.249562],[6.059054,43.249557],[6.059125,43.249505],[6.059187,43.249556],[6.059121,43.249605],[6.059113,43.2496]]]]}},{"type":"Feature","properties":{"type":"Bâtiment"},"geometry":{"type":"MultiPolygon","coordinates":[[[[6.052787,43.253607],[6.052896,43.253522],[6.052964,43.253575],[6.052854,43.253657],[6.052842,43.253647],[6.05273,43.253729],[6.052687,43.253697],[6.052798,43.253615],[6.052787,43.253607]]]]}},{"type":"Feature","properties":{"type":"Bâtiment"},"geometry":{"type":"MultiPolygon","coordinates":[[[[6.068261,43.249743],[6.068249,43.249751],[6.0682,43.24972],[6.068219,43.249705],[6.068208,43.249697],[6.068233,43.249682],[6.068242,43.249689],[6.068307,43.249634],[6.068389,43.249692],[6.068293,43.249767],[6.068261,43.249743]]]]}},{"type":"Feature","properties":{"type":"Bâtiment"},"geometry":{"type":"MultiPolygon","coordinates":[[[[6.068078,43.23985],[6.067949,43.239983],[6.067873,43.239943],[6.06789,43.239927],[6.067881,43.23992],[6.06787,43.239908],[6.067861,43.23989],[6.067838,43.2398],[6.067991,43.239737],[6.068078,43.23985]]]]}},{"type":"Feature","properties":{"type":"Bâtiment"},"geometry":{"type":"MultiPolygon","coordinates":[[[[6.045006,43.25306],[6.044943,43.253058],[6.04494,43.253018],[6.04507,43.253012],[6.045077,43.25309],[6.045009,43.253093],[6.045006,43.25306]]]]}},{"type":"Feature","properties":{"type":"Bâtiment"},"geometry":{"type":"MultiPolygon","coordinates":[[[[6.064596,43.254043],[6.064571,43.254047],[6.06457,43.254007],[6.064609,43.254007],[6.064609,43.253977],[6.06469,43.253976],[6.064692,43.254052],[6.064663,43.254053],[6.064665,43.254083],[6.064612,43.254084],[6.064612,43.254051],[6.064597,43.254052],[6.064596,43.254043]]]]}},{"type":"Feature","properties":{"type":"Bâtiment"},"geometry":{"type":"MultiPolygon","coordinates":[[[[6.061861,43.258779],[6.061835,43.25878],[6.061771,43.258779],[6.061773,43.258717],[6.061867,43.258719],[6.061868,43.258709],[6.061869,43.258687],[6.061838,43.258685],[6.061829,43.258599],[6.061885,43.2586],[6.061886,43.258631],[6.061906,43.258654],[6.061907,43.258685],[6.06192,43.258686],[6.06192,43.258713],[6.061916,43.258751],[6.061863,43.258747],[6.061861,43.258779]]]]}},{"type":"Feature","properties":{"type":"Bâtiment"},"geometry":{"type":"MultiPolygon","coordinates":[[[[6.059088,43.239524],[6.059057,43.23953],[6.059033,43.239485],[6.059068,43.239479],[6.05906,43.239467],[6.059168,43.239441],[6.059189,43.239484],[6.05921,43.239477],[6.059223,43.239505],[6.059194,43.239512],[6.059212,43.239547],[6.059113,43.239575],[6.059094,43.239537],[6.059088,43.239524]]]]}},{"type":"Feature","properties":{"type":"Bâtiment"},"geometry":{"type":"MultiPolygon","coordinates":[[[[6.064437,43.254362],[6.064432,43.2544],[6.06433,43.254391],[6.064338,43.254356],[6.064317,43.254353],[6.064258,43.254347],[6.064262,43.254317],[6.064246,43.254314],[6.064248,43.254288],[6.064262,43.254289],[6.064271,43.254241],[6.064335,43.254246],[6.06433,43.254275],[6.064377,43.25428],[6.064381,43.254255],[6.064436,43.254262],[6.064425,43.254324],[6.064421,43.254358],[6.064437,43.254362]]]]}},{"type":"Feature","properties":{"type":"Bâtiment"},"geometry":{"type":"MultiPolygon","coordinates":[[[[6.060686,43.256682],[6.060585,43.256752],[6.06054,43.256715],[6.060644,43.256649],[6.060686,43.256682]]]]}},{"type":"Feature","properties":{"type":"Bâtiment"},"geometry":{"type":"MultiPolygon","coordinates":[[[[6.062265,43.240889],[6.062112,43.240867],[6.06213,43.240826],[6.062157,43.24083],[6.062167,43.24079],[6.062286,43.240807],[6.062265,43.240889]]]]}},{"type":"Feature","properties":{"type":"Bâtiment"},"geometry":{"type":"MultiPolygon","coordinates":[[[[6.067602,43.238289],[6.06755,43.238296],[6.067492,43.238038],[6.067544,43.238028],[6.067602,43.238289]]]]}},{"type":"Feature","properties":{"type":"Bâtiment"},"geometry":{"type":"MultiPolygon","coordinates":[[[[6.069615,43.240183],[6.069623,43.24018],[6.06962,43.240158],[6.069658,43.240169],[6.069688,43.240211],[6.069646,43.240227],[6.069615,43.240183]]]]}},{"type":"Feature","properties":{"type":"Bâtiment"},"geometry":{"type":"MultiPolygon","coordinates":[[[[6.062833,43.24405],[6.062919,43.244068],[6.062887,43.244149],[6.062802,43.244131],[6.062833,43.24405]]]]}},{"type":"Feature","properties":{"type":"Bâtiment"},"geometry":{"type":"MultiPolygon","coordinates":[[[[6.058446,43.239783],[6.058374,43.239813],[6.058334,43.239758],[6.058485,43.2397],[6.058537,43.239776],[6.058464,43.239808],[6.058446,43.239783]]]]}},{"type":"Feature","properties":{"type":"Bâtiment"},"geometry":{"type":"MultiPolygon","coordinates":[[[[6.061281,43.242345],[6.061169,43.242467],[6.061081,43.242423],[6.06119,43.242301],[6.061281,43.242345]]]]}},{"type":"Feature","properties":{"type":"Bâtiment"},"geometry":{"type":"MultiPolygon","coordinates":[[[[6.05773,43.239801],[6.05757,43.239868],[6.057532,43.239816],[6.057629,43.239779],[6.05759,43.239728],[6.057655,43.239699],[6.05773,43.239801]]]]}},{"type":"Feature","properties":{"type":"Bâtiment"},"geometry":{"type":"MultiPolygon","coordinates":[[[[6.06988,43.247933],[6.069752,43.247955],[6.069728,43.247885],[6.069823,43.247867],[6.069825,43.247878],[6.069863,43.247872],[6.06988,43.247933]]]]}},{"type":"Feature","properties":{"type":"Bâtiment"},"geometry":{"type":"MultiPolygon","coordinates":[[[[6.065536,43.243793],[6.065547,43.243826],[6.065428,43.243843],[6.065416,43.243812],[6.065536,43.243793]]]]}},{"type":"Feature","properties":{"type":"Bâtiment"},"geometry":{"type":"MultiPolygon","coordinates":[[[[6.060957,43.248405],[6.060862,43.24841],[6.06085,43.248267],[6.060906,43.248263],[6.060914,43.24838],[6.060956,43.248377],[6.060957,43.248405]]]]}},{"type":"Feature","properties":{"type":"Bâtiment"},"geometry":{"type":"MultiPolygon","coordinates":[[[[6.058798,43.239682],[6.058664,43.239763],[6.058592,43.239701],[6.058657,43.239661],[6.05867,43.239672],[6.058737,43.239629],[6.058798,43.239682]]]]}},{"type":"Feature","properties":{"type":"Bâtiment"},"geometry":{"type":"MultiPolygon","coordinates":[[[[6.070753,43.24744],[6.070572,43.247445],[6.070568,43.247363],[6.070748,43.247358],[6.070753,43.24744]]]]}},{"type":"Feature","properties":{"type":"Bâtiment"},"geometry":{"type":"MultiPolygon","coordinates":[[[[6.058307,43.239483],[6.05817,43.239545],[6.058114,43.239484],[6.058256,43.239427],[6.058307,43.239483]]]]}},{"type":"Feature","properties":{"type":"Bâtiment"},"geometry":{"type":"MultiPolygon","coordinates":[[[[6.05929,43.251782],[6.059067,43.251733],[6.059086,43.251688],[6.059308,43.251741],[6.05929,43.251782]]]]}},{"type":"Feature","properties":{"type":"Bâtiment"},"geometry":{"type":"MultiPolygon","coordinates":[[[[6.070065,43.247887],[6.070026,43.247892],[6.070014,43.247844],[6.070056,43.247838],[6.070059,43.247847],[6.070144,43.247837],[6.07016,43.247905],[6.07007,43.247915],[6.070065,43.247887]]]]}},{"type":"Feature","properties":{"type":"Bâtiment"},"geometry":{"type":"MultiPolygon","coordinates":[[[[6.070524,43.241385],[6.070474,43.24144],[6.070386,43.2414],[6.070417,43.241368],[6.070364,43.241344],[6.070371,43.241335],[6.070333,43.241317],[6.070398,43.241242],[6.070491,43.241283],[6.07052,43.24125],[6.07057,43.241272],[6.070522,43.241326],[6.070484,43.241369],[6.070524,43.241385]]]]}},{"type":"Feature","properties":{"type":"Bâtiment"},"geometry":{"type":"MultiPolygon","coordinates":[[[[6.070761,43.246627],[6.070746,43.246635],[6.070677,43.246567],[6.070755,43.246529],[6.070799,43.246575],[6.070835,43.246558],[6.070892,43.246616],[6.070799,43.246665],[6.070761,43.246627]]]]}},{"type":"Feature","properties":{"type":"Bâtiment"},"geometry":{"type":"MultiPolygon","coordinates":[[[[6.066958,43.242432],[6.066903,43.242456],[6.066865,43.242415],[6.066923,43.24239],[6.066936,43.242405],[6.067008,43.242372],[6.067059,43.242429],[6.066986,43.242464],[6.066958,43.242432]]]]}},{"type":"Feature","properties":{"type":"Bâtiment"},"geometry":{"type":"MultiPolygon","coordinates":[[[[6.070611,43.246389],[6.070686,43.246349],[6.070794,43.246461],[6.070703,43.246507],[6.070678,43.246479],[6.070691,43.246471],[6.070611,43.246389]]]]}},{"type":"Feature","properties":{"type":"Bâtiment"},"geometry":{"type":"MultiPolygon","coordinates":[[[[6.057959,43.239684],[6.057823,43.239746],[6.057769,43.239676],[6.057909,43.239616],[6.057959,43.239684]]]]}},{"type":"Feature","properties":{"type":"Bâtiment"},"geometry":{"type":"MultiPolygon","coordinates":[[[[6.067156,43.242377],[6.067096,43.242404],[6.067059,43.242358],[6.06712,43.242333],[6.067127,43.242339],[6.067198,43.242312],[6.067248,43.242373],[6.067176,43.242404],[6.067156,43.242377]]]]}},{"type":"Feature","properties":{"type":"Bâtiment"},"geometry":{"type":"MultiPolygon","coordinates":[[[[6.070611,43.247215],[6.070546,43.247217],[6.070544,43.247159],[6.070762,43.247152],[6.070767,43.247232],[6.070613,43.247237],[6.070611,43.247215]]]]}},{"type":"Feature","properties":{"type":"Bâtiment"},"geometry":{"type":"MultiPolygon","coordinates":[[[[6.061188,43.242589],[6.061137,43.242653],[6.06104,43.242611],[6.061011,43.242548],[6.061076,43.242468],[6.061149,43.242499],[6.061107,43.242551],[6.061188,43.242589]]]]}},{"type":"Feature","properties":{"type":"Bâtiment"},"geometry":{"type":"MultiPolygon","coordinates":[[[[6.060752,43.239837],[6.060803,43.239846],[6.060793,43.239878],[6.06065,43.239856],[6.060662,43.239824],[6.060616,43.239817],[6.060624,43.239786],[6.060675,43.239794],[6.060667,43.239821],[6.060752,43.239837]]]]}},{"type":"Feature","properties":{"type":"Bâtiment"},"geometry":{"type":"MultiPolygon","coordinates":[[[[6.070372,43.238805],[6.070309,43.238732],[6.070324,43.238717],[6.070378,43.238669],[6.070411,43.238645],[6.070497,43.2387],[6.07048,43.238716],[6.070501,43.238729],[6.070442,43.238778],[6.07042,43.238766],[6.070398,43.238787],[6.070418,43.238798],[6.070409,43.238806],[6.070392,43.238798],[6.07038,43.238809],[6.070372,43.238805]]]]}},{"type":"Feature","properties":{"type":"Bâtiment"},"geometry":{"type":"MultiPolygon","coordinates":[[[[6.070356,43.247485],[6.070148,43.247492],[6.070142,43.247423],[6.070269,43.247421],[6.070265,43.247398],[6.070353,43.247399],[6.070356,43.247485]]]]}},{"type":"Feature","properties":{"type":"Bâtiment"},"geometry":{"type":"MultiPolygon","coordinates":[[[[6.069407,43.240309],[6.069328,43.240314],[6.069324,43.24026],[6.069385,43.240256],[6.069388,43.240276],[6.069403,43.240274],[6.069407,43.240309]]]]}},{"type":"Feature","properties":{"type":"Bâtiment"},"geometry":{"type":"MultiPolygon","coordinates":[[[[6.058638,43.239361],[6.058497,43.239456],[6.058424,43.239398],[6.058563,43.239305],[6.058638,43.239361]]]]}},{"type":"Feature","properties":{"type":"Bâtiment"},"geometry":{"type":"MultiPolygon","coordinates":[[[[6.068899,43.247806],[6.068851,43.247873],[6.068735,43.247831],[6.068783,43.24776],[6.068899,43.247806]]]]}},{"type":"Feature","properties":{"type":"Bâtiment"},"geometry":{"type":"MultiPolygon","coordinates":[[[[6.064236,43.253999],[6.064179,43.253999],[6.064222,43.253919],[6.064245,43.253874],[6.064175,43.253853],[6.064189,43.253827],[6.064296,43.253858],[6.064236,43.253999]]]]}},{"type":"Feature","properties":{"type":"Bâtiment"},"geometry":{"type":"MultiPolygon","coordinates":[[[[6.058261,43.239918],[6.058217,43.23994],[6.058177,43.239897],[6.058221,43.239876],[6.058167,43.239825],[6.05823,43.239796],[6.058346,43.239913],[6.058287,43.239946],[6.058261,43.239918]]]]}},{"type":"Feature","properties":{"type":"Bâtiment"},"geometry":{"type":"MultiPolygon","coordinates":[[[[6.06021,43.239909],[6.060191,43.239931],[6.060085,43.239886],[6.060129,43.239828],[6.060278,43.239809],[6.060286,43.239835],[6.060364,43.239824],[6.060353,43.239787],[6.060465,43.23977],[6.060497,43.239894],[6.060347,43.239917],[6.060337,43.239877],[6.060294,43.239883],[6.060299,43.239896],[6.06021,43.239909]]]]}},{"type":"Feature","properties":{"type":"Bâtiment"},"geometry":{"type":"MultiPolygon","coordinates":[[[[6.069617,43.240452],[6.06946,43.24048],[6.069442,43.240425],[6.069489,43.240417],[6.069475,43.240378],[6.069532,43.240367],[6.069542,43.240397],[6.069643,43.240379],[6.069633,43.240349],[6.069691,43.240341],[6.06972,43.240429],[6.069615,43.240447],[6.069617,43.240452]]]]}},{"type":"Feature","properties":{"type":"Bâtiment"},"geometry":{"type":"MultiPolygon","coordinates":[[[[6.070418,43.247278],[6.070257,43.247284],[6.070249,43.247168],[6.070354,43.247164],[6.070351,43.247143],[6.07041,43.247141],[6.070418,43.247278]],[[6.070316,43.247211],[6.070317,43.247241],[6.070357,43.24724],[6.070354,43.247209],[6.070316,43.247211]]]]}},{"type":"Feature","properties":{"type":"Bâtiment"},"geometry":{"type":"MultiPolygon","coordinates":[[[[6.06263,43.256331],[6.062568,43.256344],[6.062559,43.256308],[6.062493,43.256318],[6.062486,43.256281],[6.062398,43.256292],[6.062376,43.256197],[6.06247,43.256185],[6.062476,43.256213],[6.062571,43.256199],[6.062599,43.256299],[6.062621,43.256295],[6.06263,43.256331]]]]}},{"type":"Feature","properties":{"type":"Bâtiment"},"geometry":{"type":"MultiPolygon","coordinates":[[[[6.070679,43.245587],[6.070609,43.245568],[6.070592,43.245488],[6.070699,43.245476],[6.070708,43.245511],[6.070744,43.245505],[6.070747,43.245514],[6.070798,43.245509],[6.07093,43.245492],[6.070947,43.245566],[6.070895,43.245573],[6.070898,43.245585],[6.070806,43.245599],[6.070678,43.245596],[6.070679,43.245587]]]]}},{"type":"Feature","properties":{"type":"Bâtiment"},"geometry":{"type":"MultiPolygon","coordinates":[[[[6.070432,43.247708],[6.070215,43.247709],[6.070214,43.24756],[6.070355,43.24756],[6.070355,43.247584],[6.070384,43.247585],[6.070382,43.247654],[6.070433,43.247656],[6.070433,43.247666],[6.070549,43.247662],[6.070547,43.247621],[6.070651,43.24762],[6.070653,43.247724],[6.070491,43.247725],[6.07049,43.247713],[6.070432,43.247714],[6.070432,43.247708]]]]}},{"type":"Feature","properties":{"type":"Bâtiment"},"geometry":{"type":"MultiPolygon","coordinates":[[[[6.070943,43.247411],[6.070862,43.24741],[6.070859,43.24738],[6.070841,43.247379],[6.070837,43.247318],[6.070939,43.247315],[6.070992,43.247316],[6.070996,43.247384],[6.070943,43.247386],[6.070943,43.247411]]]]}},{"type":"Feature","properties":{"type":"Bâtiment"},"geometry":{"type":"MultiPolygon","coordinates":[[[[6.060816,43.242314],[6.060744,43.242386],[6.060688,43.242358],[6.060758,43.242283],[6.060774,43.242289],[6.060789,43.242271],[6.06076,43.242255],[6.060819,43.242197],[6.060938,43.242261],[6.060963,43.242273],[6.060907,43.242333],[6.060878,43.242319],[6.060824,43.242291],[6.060805,43.242307],[6.060816,43.242314]]]]}},{"type":"Feature","properties":{"type":"Bâtiment"},"geometry":{"type":"MultiPolygon","coordinates":[[[[6.061789,43.259075],[6.061706,43.259061],[6.061717,43.258991],[6.061773,43.258991],[6.061781,43.258969],[6.061833,43.25897],[6.061831,43.259016],[6.061805,43.259018],[6.061789,43.259075]]]]}},{"type":"Feature","properties":{"type":"Bâtiment"},"geometry":{"type":"MultiPolygon","coordinates":[[[[6.062244,43.258263],[6.06213,43.25828],[6.062096,43.258184],[6.062211,43.258162],[6.062244,43.258263]]]]}},{"type":"Feature","properties":{"type":"Bâtiment"},"geometry":{"type":"MultiPolygon","coordinates":[[[[6.065627,43.255357],[6.065562,43.255367],[6.065556,43.255316],[6.065624,43.255311],[6.065627,43.255357]]]]}},{"type":"Feature","properties":{"type":"Bâtiment"},"geometry":{"type":"MultiPolygon","coordinates":[[[[6.062121,43.254804],[6.062043,43.254783],[6.062071,43.25471],[6.062157,43.254731],[6.062121,43.254804]]]]}},{"type":"Feature","properties":{"type":"Bâtiment"},"geometry":{"type":"MultiPolygon","coordinates":[[[[6.061654,43.257857],[6.061624,43.257845],[6.061655,43.257792],[6.061693,43.257802],[6.061654,43.257857]]]]}},{"type":"Feature","properties":{"type":"Bâtiment"},"geometry":{"type":"MultiPolygon","coordinates":[[[[6.070474,43.250541],[6.070454,43.250503],[6.070506,43.250487],[6.070534,43.250525],[6.070474,43.250541]]]]}},{"type":"Feature","properties":{"type":"Bâtiment"},"geometry":{"type":"MultiPolygon","coordinates":[[[[6.04647,43.252764],[6.046483,43.252781],[6.046492,43.252794],[6.046468,43.252797],[6.046476,43.252817],[6.046453,43.252822],[6.046431,43.252828],[6.046399,43.252775],[6.04647,43.252764]]]]}},{"type":"Feature","properties":{"type":"Bâtiment"},"geometry":{"type":"MultiPolygon","coordinates":[[[[6.045987,43.253261],[6.045932,43.253245],[6.045956,43.253201],[6.046026,43.25322],[6.045987,43.253261]]]]}},{"type":"Feature","properties":{"type":"Bâtiment"},"geometry":{"type":"MultiPolygon","coordinates":[[[[6.042558,43.254376],[6.042593,43.2543],[6.042717,43.254325],[6.042702,43.254351],[6.042795,43.25437],[6.042778,43.254403],[6.042881,43.254425],[6.04286,43.25446],[6.042811,43.25445],[6.042805,43.254478],[6.042639,43.254448],[6.042654,43.254416],[6.042597,43.254404],[6.042603,43.254385],[6.042558,43.254376]]]]}},{"type":"Feature","properties":{"type":"Bâtiment"},"geometry":{"type":"MultiPolygon","coordinates":[[[[6.069209,43.246718],[6.069234,43.246761],[6.069143,43.246798],[6.069111,43.246749],[6.069209,43.246718]]]]}},{"type":"Feature","properties":{"type":"Bâtiment"},"geometry":{"type":"MultiPolygon","coordinates":[[[[6.058789,43.247768],[6.058713,43.247701],[6.05879,43.247652],[6.058892,43.247733],[6.058851,43.247777],[6.058821,43.247749],[6.058789,43.247768]]]]}},{"type":"Feature","properties":{"type":"Bâtiment"},"geometry":{"type":"MultiPolygon","coordinates":[[[[6.064648,43.244951],[6.064634,43.244834],[6.064793,43.244824],[6.064807,43.244939],[6.064648,43.244951]]]]}},{"type":"Feature","properties":{"type":"Bâtiment"},"geometry":{"type":"MultiPolygon","coordinates":[[[[6.053517,43.246004],[6.053467,43.246019],[6.053454,43.245995],[6.053496,43.245974],[6.053517,43.246004]]]]}},{"type":"Feature","properties":{"type":"Bâtiment"},"geometry":{"type":"MultiPolygon","coordinates":[[[[6.061558,43.239707],[6.061425,43.239661],[6.06143,43.239631],[6.061579,43.239657],[6.061558,43.239707]]]]}},{"type":"Feature","properties":{"type":"Bâtiment"},"geometry":{"type":"MultiPolygon","coordinates":[[[[6.053372,43.241822],[6.053248,43.241839],[6.053238,43.24181],[6.053317,43.241799],[6.053311,43.241785],[6.053357,43.241778],[6.053372,43.241822]]]]}},{"type":"Feature","properties":{"type":"Bâtiment"},"geometry":{"type":"MultiPolygon","coordinates":[[[[6.055208,43.242405],[6.055227,43.242434],[6.055183,43.242453],[6.055166,43.242424],[6.055208,43.242405]]]]}},{"type":"Feature","properties":{"type":"Bâtiment"},"geometry":{"type":"MultiPolygon","coordinates":[[[[6.051603,43.241675],[6.0516,43.241606],[6.051663,43.241605],[6.051651,43.241628],[6.051687,43.241624],[6.05169,43.24167],[6.051603,43.241675]]]]}},{"type":"Feature","properties":{"type":"Bâtiment"},"geometry":{"type":"MultiPolygon","coordinates":[[[[6.052703,43.242322],[6.052793,43.242338],[6.052772,43.242397],[6.05269,43.24238],[6.052703,43.242322]]]]}},{"type":"Feature","properties":{"type":"Bâtiment"},"geometry":{"type":"MultiPolygon","coordinates":[[[[6.0509,43.241668],[6.051008,43.241658],[6.051026,43.241715],[6.050907,43.241718],[6.0509,43.241668]]]]}},{"type":"Feature","properties":{"type":"Bâtiment"},"geometry":{"type":"MultiPolygon","coordinates":[[[[6.050567,43.242046],[6.050705,43.242026],[6.050725,43.242106],[6.050591,43.242124],[6.050567,43.242046]]]]}},{"type":"Feature","properties":{"type":"Bâtiment"},"geometry":{"type":"MultiPolygon","coordinates":[[[[6.049198,43.242418],[6.049269,43.242415],[6.04927,43.242437],[6.049198,43.24244],[6.049198,43.242418]]]]}},{"type":"Feature","properties":{"type":"Bâtiment"},"geometry":{"type":"MultiPolygon","coordinates":[[[[6.045512,43.240807],[6.045506,43.240775],[6.045559,43.240758],[6.045595,43.240851],[6.045557,43.240865],[6.045566,43.240888],[6.04549,43.240906],[6.045474,43.240882],[6.04543,43.240887],[6.045414,43.24084],[6.045512,43.240807]]]]}},{"type":"Feature","properties":{"type":"Bâtiment"},"geometry":{"type":"MultiPolygon","coordinates":[[[[6.04545,43.240779],[6.045433,43.240755],[6.045473,43.240741],[6.045487,43.240766],[6.04545,43.240779]]]]}},{"type":"Feature","properties":{"type":"Bâtiment"},"geometry":{"type":"MultiPolygon","coordinates":[[[[6.049498,43.239682],[6.049469,43.239649],[6.049531,43.239611],[6.049562,43.239647],[6.049498,43.239682]]]]}},{"type":"Feature","properties":{"type":"Bâtiment"},"geometry":{"type":"MultiPolygon","coordinates":[[[[6.04856,43.238324],[6.048648,43.238356],[6.048606,43.238393],[6.048532,43.238362],[6.04856,43.238324]]]]}},{"type":"Feature","properties":{"type":"Bâtiment"},"geometry":{"type":"MultiPolygon","coordinates":[[[[6.045994,43.239036],[6.045941,43.239024],[6.045964,43.238984],[6.046013,43.238994],[6.045994,43.239036]]]]}},{"type":"Feature","properties":{"type":"Bâtiment"},"geometry":{"type":"MultiPolygon","coordinates":[[[[6.05415,43.241446],[6.054212,43.241406],[6.054284,43.241464],[6.054223,43.241507],[6.05415,43.241446]]]]}},{"type":"Feature","properties":{"type":"Bâtiment"},"geometry":{"type":"MultiPolygon","coordinates":[[[[6.054061,43.2418],[6.054026,43.241748],[6.054058,43.241731],[6.054075,43.241755],[6.05412,43.241739],[6.054209,43.241761],[6.054183,43.241832],[6.054094,43.241812],[6.054102,43.241789],[6.054061,43.2418]]]]}},{"type":"Feature","properties":{"type":"Bâtiment"},"geometry":{"type":"MultiPolygon","coordinates":[[[[6.052154,43.241793],[6.052158,43.241776],[6.052255,43.241764],[6.052267,43.241844],[6.052158,43.241854],[6.052126,43.241855],[6.052108,43.241798],[6.052154,43.241793]]]]}},{"type":"Feature","properties":{"type":"Bâtiment"},"geometry":{"type":"MultiPolygon","coordinates":[[[[6.068625,43.241781],[6.068609,43.241746],[6.068692,43.241721],[6.06873,43.241799],[6.06868,43.241815],[6.068659,43.241771],[6.068625,43.241781]]]]}},{"type":"Feature","properties":{"type":"Bâtiment"},"geometry":{"type":"MultiPolygon","coordinates":[[[[6.065838,43.242261],[6.065892,43.242194],[6.065962,43.242223],[6.065909,43.24229],[6.065838,43.242261]]]]}},{"type":"Feature","properties":{"type":"Bâtiment"},"geometry":{"type":"MultiPolygon","coordinates":[[[[6.067902,43.240871],[6.06786,43.240849],[6.067925,43.240784],[6.06796,43.240803],[6.067902,43.240871]]]]}},{"type":"Feature","properties":{"type":"Bâtiment"},"geometry":{"type":"MultiPolygon","coordinates":[[[[6.064727,43.243468],[6.064689,43.243368],[6.064769,43.243353],[6.064774,43.243365],[6.064891,43.243345],[6.064898,43.243312],[6.064955,43.243317],[6.064936,43.243415],[6.064879,43.243411],[6.0648,43.243433],[6.064806,43.24345],[6.064727,43.243468]]]]}},{"type":"Feature","properties":{"type":"Bâtiment"},"geometry":{"type":"MultiPolygon","coordinates":[[[[6.069396,43.241147],[6.069416,43.241096],[6.069545,43.241115],[6.069534,43.241152],[6.069616,43.241169],[6.069593,43.241229],[6.069505,43.24121],[6.069511,43.241203],[6.06942,43.241186],[6.069436,43.241156],[6.069396,43.241147]]]]}},{"type":"Feature","properties":{"type":"Bâtiment"},"geometry":{"type":"MultiPolygon","coordinates":[[[[6.065331,43.244618],[6.065308,43.244559],[6.065365,43.244544],[6.065368,43.244545],[6.065594,43.244493],[6.065619,43.244557],[6.065395,43.244612],[6.065393,43.244604],[6.065331,43.244618]]]]}},{"type":"Feature","properties":{"type":"Bâtiment"},"geometry":{"type":"MultiPolygon","coordinates":[[[[6.065573,43.245048],[6.065563,43.244975],[6.065634,43.244903],[6.06567,43.244898],[6.065696,43.244915],[6.065736,43.244914],[6.06574,43.244922],[6.065845,43.244914],[6.065851,43.244978],[6.065762,43.244989],[6.065764,43.245],[6.065702,43.245005],[6.065672,43.244991],[6.065681,43.245041],[6.065573,43.245048]]]]}},{"type":"Feature","properties":{"type":"Bâtiment"},"geometry":{"type":"MultiPolygon","coordinates":[[[[6.062411,43.24849],[6.062296,43.248391],[6.062334,43.248367],[6.062448,43.248466],[6.062411,43.24849]]]]}},{"type":"Feature","properties":{"type":"Bâtiment"},"geometry":{"type":"MultiPolygon","coordinates":[[[[6.062518,43.247415],[6.062344,43.247343],[6.062397,43.247268],[6.062571,43.247342],[6.062518,43.247415]]]]}},{"type":"Feature","properties":{"type":"Bâtiment"},"geometry":{"type":"MultiPolygon","coordinates":[[[[6.066169,43.243353],[6.065861,43.243394],[6.065849,43.24334],[6.066145,43.243293],[6.066144,43.243277],[6.066217,43.243267],[6.06625,43.24333],[6.066169,43.243353]]]]}},{"type":"Feature","properties":{"type":"Bâtiment"},"geometry":{"type":"MultiPolygon","coordinates":[[[[6.063272,43.245921],[6.063239,43.246036],[6.063039,43.246005],[6.063075,43.245898],[6.063272,43.245921]]]]}},{"type":"Feature","properties":{"type":"Bâtiment"},"geometry":{"type":"MultiPolygon","coordinates":[[[[6.063233,43.246196],[6.063156,43.246279],[6.063088,43.24625],[6.063161,43.246164],[6.063233,43.246196]]]]}},{"type":"Feature","properties":{"type":"Bâtiment"},"geometry":{"type":"MultiPolygon","coordinates":[[[[6.061646,43.241989],[6.061614,43.242057],[6.061482,43.242022],[6.061439,43.241934],[6.061511,43.241811],[6.061601,43.241834],[6.061549,43.241925],[6.061572,43.241969],[6.061646,43.241989]]]]}},{"type":"Feature","properties":{"type":"Bâtiment"},"geometry":{"type":"MultiPolygon","coordinates":[[[[6.069315,43.24106],[6.069286,43.241113],[6.069135,43.241056],[6.069147,43.241036],[6.069085,43.241018],[6.069116,43.240973],[6.069196,43.241],[6.069187,43.241015],[6.069315,43.24106]]]]}},{"type":"Feature","properties":{"type":"Bâtiment"},"geometry":{"type":"MultiPolygon","coordinates":[[[[6.04945,43.242368],[6.049345,43.242391],[6.049321,43.24233],[6.049429,43.242312],[6.04945,43.242368]]]]}},{"type":"Feature","properties":{"type":"Bâtiment"},"geometry":{"type":"MultiPolygon","coordinates":[[[[6.044089,43.240996],[6.044079,43.240956],[6.044128,43.240946],[6.044139,43.240988],[6.044089,43.240996]]]]}},{"type":"Feature","properties":{"type":"Bâtiment"},"geometry":{"type":"MultiPolygon","coordinates":[[[[6.046781,43.241024],[6.04671,43.241036],[6.0467,43.241],[6.046773,43.240988],[6.046781,43.241024]]]]}},{"type":"Feature","properties":{"type":"Bâtiment"},"geometry":{"type":"MultiPolygon","coordinates":[[[[6.043536,43.241001],[6.043568,43.24114],[6.043403,43.241159],[6.043398,43.241139],[6.04332,43.241148],[6.043309,43.241099],[6.043325,43.241097],[6.043305,43.240995],[6.043395,43.240986],[6.043408,43.241037],[6.043466,43.24103],[6.043463,43.241012],[6.043536,43.241001]]]]}},{"type":"Feature","properties":{"type":"Bâtiment"},"geometry":{"type":"MultiPolygon","coordinates":[[[[6.043158,43.240115],[6.043167,43.240073],[6.043239,43.240084],[6.043233,43.240121],[6.043158,43.240115]]]]}},{"type":"Feature","properties":{"type":"Bâtiment"},"geometry":{"type":"MultiPolygon","coordinates":[[[[6.043249,43.240032],[6.043239,43.240084],[6.043167,43.240073],[6.043178,43.240025],[6.043214,43.240027],[6.043231,43.239951],[6.043301,43.239961],[6.043284,43.240035],[6.043249,43.240032]]]]}},{"type":"Feature","properties":{"type":"Bâtiment"},"geometry":{"type":"MultiPolygon","coordinates":[[[[6.043999,43.239319],[6.044076,43.23933],[6.04407,43.239368],[6.043993,43.23936],[6.043999,43.239319]]]]}},{"type":"Feature","properties":{"type":"Bâtiment"},"geometry":{"type":"MultiPolygon","coordinates":[[[[6.043993,43.23936],[6.04407,43.239368],[6.044064,43.239401],[6.043953,43.239393],[6.043968,43.239315],[6.043999,43.239319],[6.043993,43.23936]]]]}},{"type":"Feature","properties":{"type":"Bâtiment"},"geometry":{"type":"MultiPolygon","coordinates":[[[[6.046737,43.239732],[6.046757,43.239754],[6.046717,43.239777],[6.046695,43.239755],[6.046737,43.239732]]]]}},{"type":"Feature","properties":{"type":"Bâtiment"},"geometry":{"type":"MultiPolygon","coordinates":[[[[6.044384,43.238855],[6.044372,43.238878],[6.044371,43.238878],[6.04429,43.238858],[6.0443,43.238836],[6.044384,43.238855]]]]}},{"type":"Feature","properties":{"type":"Bâtiment"},"geometry":{"type":"MultiPolygon","coordinates":[[[[6.044307,43.238916],[6.044269,43.238906],[6.04429,43.238858],[6.044371,43.238878],[6.044372,43.238878],[6.044452,43.238897],[6.044417,43.238973],[6.044449,43.23898],[6.044439,43.239004],[6.044371,43.238987],[6.044383,43.238959],[6.044297,43.238939],[6.044307,43.238916]]]]}},{"type":"Feature","properties":{"type":"Bâtiment"},"geometry":{"type":"MultiPolygon","coordinates":[[[[6.051818,43.24143],[6.051837,43.241458],[6.051832,43.241462],[6.051864,43.241523],[6.05181,43.241535],[6.051794,43.241504],[6.05173,43.24152],[6.05172,43.241496],[6.051786,43.241478],[6.051767,43.241451],[6.051762,43.241443],[6.051816,43.241427],[6.051818,43.24143]]]]}},{"type":"Feature","properties":{"type":"Bâtiment"},"geometry":{"type":"MultiPolygon","coordinates":[[[[6.050601,43.238714],[6.050585,43.238747],[6.050522,43.238729],[6.050539,43.238698],[6.050601,43.238714]]]]}},{"type":"Feature","properties":{"type":"Bâtiment"},"geometry":{"type":"MultiPolygon","coordinates":[[[[6.052264,43.241301],[6.052192,43.241319],[6.052134,43.241336],[6.052113,43.241276],[6.05224,43.241247],[6.052264,43.241301]]]]}},{"type":"Feature","properties":{"type":"Bâtiment"},"geometry":{"type":"MultiPolygon","coordinates":[[[[6.068448,43.241069],[6.06849,43.24105],[6.068473,43.241026],[6.068558,43.240993],[6.068635,43.241097],[6.068554,43.241132],[6.068565,43.241146],[6.068527,43.241164],[6.068448,43.241069]]]]}},{"type":"Feature","properties":{"type":"Bâtiment"},"geometry":{"type":"MultiPolygon","coordinates":[[[[6.068846,43.24151],[6.068898,43.241597],[6.068781,43.241631],[6.068716,43.241513],[6.068725,43.24151],[6.068712,43.241487],[6.068705,43.241489],[6.06867,43.24143],[6.068765,43.241403],[6.068829,43.241514],[6.068846,43.24151]]]]}},{"type":"Feature","properties":{"type":"Bâtiment"},"geometry":{"type":"MultiPolygon","coordinates":[[[[6.069389,43.241451],[6.069405,43.241463],[6.069377,43.241486],[6.069359,43.241475],[6.069389,43.241451]]]]}},{"type":"Feature","properties":{"type":"Bâtiment"},"geometry":{"type":"MultiPolygon","coordinates":[[[[6.069494,43.241521],[6.069432,43.241481],[6.069405,43.241463],[6.069437,43.241437],[6.06942,43.241427],[6.069466,43.241396],[6.069569,43.241463],[6.069494,43.241521]]]]}},{"type":"Feature","properties":{"type":"Bâtiment"},"geometry":{"type":"MultiPolygon","coordinates":[[[[6.069432,43.241481],[6.069402,43.241504],[6.069377,43.241486],[6.069405,43.241463],[6.069432,43.241481]]]]}},{"type":"Feature","properties":{"type":"Bâtiment"},"geometry":{"type":"MultiPolygon","coordinates":[[[[6.069494,43.241521],[6.069569,43.241463],[6.069634,43.241504],[6.069632,43.241506],[6.06959,43.241536],[6.069567,43.24152],[6.069563,43.241522],[6.069533,43.241546],[6.069494,43.241521]]]]}},{"type":"Feature","properties":{"type":"Bâtiment"},"geometry":{"type":"MultiPolygon","coordinates":[[[[6.069729,43.241727],[6.069618,43.24181],[6.069534,43.241874],[6.069494,43.241904],[6.069475,43.241918],[6.069469,43.241899],[6.069414,43.241913],[6.069394,43.241877],[6.069287,43.241904],[6.069138,43.241642],[6.069186,43.241627],[6.069144,43.241557],[6.069328,43.241501],[6.069368,43.241575],[6.069414,43.241567],[6.069458,43.241643],[6.06954,43.24162],[6.069597,43.241652],[6.069651,43.241747],[6.069692,43.241714],[6.069663,43.241697],[6.069674,43.241687],[6.069732,43.241726],[6.069729,43.241727]]]]}},{"type":"Feature","properties":{"type":"Bâtiment"},"geometry":{"type":"MultiPolygon","coordinates":[[[[6.069729,43.241727],[6.069732,43.241726],[6.069788,43.241684],[6.06984,43.241722],[6.069736,43.241803],[6.069715,43.241788],[6.069701,43.241799],[6.06968,43.241784],[6.069636,43.241821],[6.069618,43.24181],[6.069729,43.241727]]]]}},{"type":"Feature","properties":{"type":"Bâtiment"},"geometry":{"type":"MultiPolygon","coordinates":[[[[6.069579,43.241576],[6.069688,43.241497],[6.069773,43.24155],[6.069686,43.241618],[6.069664,43.241634],[6.069579,43.241576]]]]}},{"type":"Feature","properties":{"type":"Bâtiment"},"geometry":{"type":"MultiPolygon","coordinates":[[[[6.069613,43.240779],[6.069592,43.240766],[6.069652,43.240712],[6.069675,43.240725],[6.069716,43.240689],[6.069782,43.240725],[6.069768,43.240739],[6.0698,43.240763],[6.069756,43.240796],[6.069781,43.240812],[6.06975,43.240839],[6.069703,43.24081],[6.069691,43.24082],[6.069621,43.240772],[6.069613,43.240779]]]]}},{"type":"Feature","properties":{"type":"Bâtiment"},"geometry":{"type":"MultiPolygon","coordinates":[[[[6.068939,43.241932],[6.068807,43.241705],[6.068913,43.241672],[6.069002,43.24183],[6.068995,43.241832],[6.06903,43.241895],[6.06897,43.241915],[6.068974,43.241922],[6.068939,43.241932]]]]}},{"type":"Feature","properties":{"type":"Bâtiment"},"geometry":{"type":"MultiPolygon","coordinates":[[[[6.069317,43.241371],[6.069266,43.241412],[6.069236,43.241392],[6.069004,43.241238],[6.06906,43.241195],[6.069317,43.241371]]]]}},{"type":"Feature","properties":{"type":"Bâtiment"},"geometry":{"type":"MultiPolygon","coordinates":[[[[6.069674,43.241687],[6.069632,43.241659],[6.069664,43.241634],[6.069686,43.241618],[6.069753,43.24166],[6.069788,43.241684],[6.069732,43.241726],[6.069674,43.241687]]]]}},{"type":"Feature","properties":{"type":"Bâtiment"},"geometry":{"type":"MultiPolygon","coordinates":[[[[6.067603,43.242625],[6.067654,43.242599],[6.067696,43.242644],[6.067647,43.242669],[6.067603,43.242625]]]]}},{"type":"Feature","properties":{"type":"Bâtiment"},"geometry":{"type":"MultiPolygon","coordinates":[[[[6.064575,43.24413],[6.064642,43.244191],[6.0646,43.244214],[6.064562,43.244236],[6.064492,43.244166],[6.064464,43.244136],[6.064495,43.244116],[6.064533,43.244156],[6.064575,43.24413]]]]}},{"type":"Feature","properties":{"type":"Bâtiment"},"geometry":{"type":"MultiPolygon","coordinates":[[[[6.06452,43.242872],[6.064563,43.242795],[6.064669,43.242822],[6.064665,43.242835],[6.064717,43.242852],[6.064725,43.24284],[6.064777,43.242854],[6.064745,43.242917],[6.064699,43.242903],[6.064682,43.242931],[6.064595,43.242908],[6.064601,43.242895],[6.06452,43.242872]]]]}},{"type":"Feature","properties":{"type":"Bâtiment"},"geometry":{"type":"MultiPolygon","coordinates":[[[[6.06469,43.244373],[6.064734,43.244372],[6.064735,43.244383],[6.064808,43.244382],[6.064808,43.244448],[6.064745,43.244447],[6.064746,43.244464],[6.064704,43.244463],[6.064704,43.24448],[6.06465,43.244481],[6.064651,43.244457],[6.064599,43.244457],[6.064599,43.244402],[6.064691,43.244399],[6.06469,43.244373]]]]}},{"type":"Feature","properties":{"type":"Bâtiment"},"geometry":{"type":"MultiPolygon","coordinates":[[[[6.06946,43.242583],[6.069371,43.242609],[6.069326,43.242519],[6.069412,43.242495],[6.06946,43.242583]]]]}},{"type":"Feature","properties":{"type":"Bâtiment"},"geometry":{"type":"MultiPolygon","coordinates":[[[[6.070806,43.242596],[6.070697,43.242547],[6.070807,43.242423],[6.070912,43.242469],[6.070806,43.242596]]]]}},{"type":"Feature","properties":{"type":"Bâtiment"},"geometry":{"type":"MultiPolygon","coordinates":[[[[6.068547,43.242567],[6.068368,43.242657],[6.068316,43.242603],[6.068355,43.242584],[6.068341,43.24257],[6.06842,43.24253],[6.068423,43.242534],[6.06852,43.242487],[6.068566,43.242538],[6.068532,43.242553],[6.068547,43.242567]]]]}},{"type":"Feature","properties":{"type":"Bâtiment"},"geometry":{"type":"MultiPolygon","coordinates":[[[[6.070294,43.242596],[6.070279,43.24261],[6.070103,43.242513],[6.070147,43.242469],[6.070174,43.242483],[6.070233,43.242427],[6.070326,43.242478],[6.070289,43.242515],[6.070322,43.242532],[6.07029,43.242565],[6.07028,43.242558],[6.070257,43.242577],[6.070294,43.242596]]]]}},{"type":"Feature","properties":{"type":"Bâtiment"},"geometry":{"type":"MultiPolygon","coordinates":[[[[6.069249,43.242548],[6.069272,43.242576],[6.069308,43.24262],[6.069289,43.242629],[6.069307,43.242649],[6.069275,43.242666],[6.069266,43.24267],[6.069245,43.242646],[6.069261,43.24264],[6.069198,43.242571],[6.069219,43.242562],[6.069249,43.242548]]]]}},{"type":"Feature","properties":{"type":"Bâtiment"},"geometry":{"type":"MultiPolygon","coordinates":[[[[6.068095,43.24264],[6.06809,43.242635],[6.068018,43.242673],[6.06804,43.242697],[6.067996,43.242718],[6.067972,43.242691],[6.067946,43.242705],[6.067871,43.242628],[6.067926,43.242594],[6.067926,43.242595],[6.06794,43.242608],[6.068074,43.242546],[6.068123,43.2426],[6.068139,43.242619],[6.068095,43.24264]]]]}},{"type":"Feature","properties":{"type":"Bâtiment"},"geometry":{"type":"MultiPolygon","coordinates":[[[[6.066509,43.242546],[6.066629,43.242623],[6.066637,43.242615],[6.06669,43.242652],[6.066631,43.2427],[6.066574,43.242665],[6.066549,43.242685],[6.066431,43.24261],[6.066509,43.242546]]]]}},{"type":"Feature","properties":{"type":"Bâtiment"},"geometry":{"type":"MultiPolygon","coordinates":[[[[6.06717,43.242624],[6.067084,43.242661],[6.067013,43.242577],[6.067103,43.242538],[6.06717,43.242624]]]]}},{"type":"Feature","properties":{"type":"Bâtiment"},"geometry":{"type":"MultiPolygon","coordinates":[[[[6.066824,43.242574],[6.066862,43.242618],[6.066818,43.242639],[6.066781,43.242595],[6.066824,43.242574]]]]}},{"type":"Feature","properties":{"type":"Bâtiment"},"geometry":{"type":"MultiPolygon","coordinates":[[[[6.067656,43.251161],[6.067656,43.251179],[6.067657,43.251237],[6.067485,43.251236],[6.067483,43.251165],[6.067579,43.251162],[6.067656,43.251161]]]]}},{"type":"Feature","properties":{"type":"Bâtiment"},"geometry":{"type":"MultiPolygon","coordinates":[[[[6.067577,43.251134],[6.067579,43.251162],[6.067483,43.251165],[6.067481,43.251136],[6.067577,43.251134]]]]}},{"type":"Feature","properties":{"type":"Bâtiment"},"geometry":{"type":"MultiPolygon","coordinates":[[[[6.067657,43.251237],[6.067656,43.251179],[6.067705,43.251178],[6.067705,43.251182],[6.067705,43.251238],[6.067657,43.251237]]]]}},{"type":"Feature","properties":{"type":"Bâtiment"},"geometry":{"type":"MultiPolygon","coordinates":[[[[6.066635,43.251298],[6.06666,43.251302],[6.066649,43.251308],[6.066592,43.251299],[6.066569,43.251295],[6.066581,43.251254],[6.066648,43.251266],[6.066635,43.251298]]]]}},{"type":"Feature","properties":{"type":"Bâtiment"},"geometry":{"type":"MultiPolygon","coordinates":[[[[6.066592,43.251299],[6.066649,43.251308],[6.066634,43.251364],[6.066574,43.251354],[6.066592,43.251299]]]]}},{"type":"Feature","properties":{"type":"Bâtiment"},"geometry":{"type":"MultiPolygon","coordinates":[[[[6.068718,43.251379],[6.068686,43.251367],[6.068699,43.251352],[6.068729,43.251365],[6.068718,43.251379]]]]}},{"type":"Feature","properties":{"type":"Bâtiment"},"geometry":{"type":"MultiPolygon","coordinates":[[[[6.068772,43.251399],[6.068749,43.251435],[6.068731,43.251459],[6.068721,43.251455],[6.068703,43.251481],[6.068614,43.251449],[6.068631,43.251424],[6.068577,43.251405],[6.06859,43.251388],[6.068623,43.251344],[6.068686,43.251367],[6.068718,43.251379],[6.068772,43.251399]]]]}},{"type":"Feature","properties":{"type":"Bâtiment"},"geometry":{"type":"MultiPolygon","coordinates":[[[[6.068808,43.251426],[6.068859,43.251402],[6.068886,43.251436],[6.068836,43.251459],[6.068808,43.251426]]]]}},{"type":"Feature","properties":{"type":"Bâtiment"},"geometry":{"type":"MultiPolygon","coordinates":[[[[6.068852,43.251554],[6.06879,43.251481],[6.068836,43.251459],[6.068886,43.251436],[6.068948,43.251506],[6.068852,43.251554]]]]}},{"type":"Feature","properties":{"type":"Bâtiment"},"geometry":{"type":"MultiPolygon","coordinates":[[[[6.070456,43.249918],[6.07046,43.24985],[6.070602,43.249856],[6.070596,43.24992],[6.070456,43.249918]]]]}},{"type":"Feature","properties":{"type":"Bâtiment"},"geometry":{"type":"MultiPolygon","coordinates":[[[[6.070585,43.248877],[6.07062,43.248888],[6.070602,43.248917],[6.070567,43.248904],[6.070585,43.248877]]]]}},{"type":"Feature","properties":{"type":"Bâtiment"},"geometry":{"type":"MultiPolygon","coordinates":[[[[6.07062,43.248888],[6.070634,43.248867],[6.070664,43.248877],[6.07065,43.248898],[6.07062,43.248888]]]]}},{"type":"Feature","properties":{"type":"Bâtiment"},"geometry":{"type":"MultiPolygon","coordinates":[[[[6.070517,43.248887],[6.070567,43.248904],[6.070602,43.248917],[6.07062,43.248888],[6.07065,43.248898],[6.070664,43.248877],[6.070706,43.248891],[6.070669,43.248944],[6.070713,43.248961],[6.070671,43.249026],[6.070599,43.249002],[6.07062,43.248968],[6.070551,43.248945],[6.070528,43.248977],[6.070471,43.248958],[6.070517,43.248887]]]]}},{"type":"Feature","properties":{"type":"Bâtiment"},"geometry":{"type":"MultiPolygon","coordinates":[[[[6.070438,43.248904],[6.070448,43.248909],[6.070479,43.248924],[6.070442,43.24897],[6.070419,43.24896],[6.070401,43.248951],[6.070438,43.248904]]]]}},{"type":"Feature","properties":{"type":"Bâtiment"},"geometry":{"type":"MultiPolygon","coordinates":[[[[6.069515,43.248154],[6.069516,43.248107],[6.069687,43.248112],[6.069688,43.248136],[6.069583,43.248135],[6.069583,43.248155],[6.069515,43.248154]]]]}},{"type":"Feature","properties":{"type":"Bâtiment"},"geometry":{"type":"MultiPolygon","coordinates":[[[[6.069821,43.248147],[6.069847,43.248144],[6.069856,43.248183],[6.069829,43.248186],[6.069821,43.248147]]]]}},{"type":"Feature","properties":{"type":"Bâtiment"},"geometry":{"type":"MultiPolygon","coordinates":[[[[6.069829,43.248186],[6.069839,43.248229],[6.069757,43.24824],[6.069733,43.248118],[6.06978,43.248113],[6.069778,43.248101],[6.069836,43.248095],[6.069837,43.248107],[6.069845,43.248105],[6.06985,43.248144],[6.069847,43.248144],[6.069821,43.248147],[6.069829,43.248186]]]]}},{"type":"Feature","properties":{"type":"Bâtiment"},"geometry":{"type":"MultiPolygon","coordinates":[[[[6.068208,43.249657],[6.068233,43.249682],[6.068196,43.249702],[6.068171,43.249679],[6.068208,43.249657]]]]}},{"type":"Feature","properties":{"type":"Bâtiment"},"geometry":{"type":"MultiPolygon","coordinates":[[[[6.068171,43.249679],[6.068167,43.249675],[6.068131,43.249641],[6.068135,43.249639],[6.068098,43.249603],[6.068094,43.249597],[6.068106,43.24959],[6.068107,43.24959],[6.068143,43.24957],[6.068148,43.249574],[6.068184,43.249553],[6.068204,43.249542],[6.068241,43.24958],[6.068279,43.249617],[6.068208,43.249657],[6.068171,43.249679]]]]}},{"type":"Feature","properties":{"type":"Bâtiment"},"geometry":{"type":"MultiPolygon","coordinates":[[[[6.068204,43.249542],[6.068184,43.249553],[6.068178,43.249545],[6.068195,43.249534],[6.068204,43.249542]]]]}},{"type":"Feature","properties":{"type":"Bâtiment"},"geometry":{"type":"MultiPolygon","coordinates":[[[[6.068063,43.249619],[6.068098,43.249603],[6.068135,43.249639],[6.068131,43.249641],[6.068102,43.249656],[6.068063,43.249619]]]]}},{"type":"Feature","properties":{"type":"Bâtiment"},"geometry":{"type":"MultiPolygon","coordinates":[[[[6.068178,43.249545],[6.068184,43.249553],[6.068148,43.249574],[6.068143,43.24957],[6.068141,43.249567],[6.068178,43.249545]]]]}},{"type":"Feature","properties":{"type":"Bâtiment"},"geometry":{"type":"MultiPolygon","coordinates":[[[[6.068182,43.24952],[6.068195,43.249534],[6.068178,43.249545],[6.068141,43.249567],[6.068125,43.249552],[6.068182,43.24952]]]]}},{"type":"Feature","properties":{"type":"Bâtiment"},"geometry":{"type":"MultiPolygon","coordinates":[[[[6.069845,43.246923],[6.069853,43.246919],[6.06987,43.246909],[6.069857,43.246893],[6.069913,43.246866],[6.069972,43.246928],[6.070002,43.24696],[6.069947,43.246988],[6.069997,43.247038],[6.070031,43.247019],[6.070048,43.247037],[6.070049,43.247037],[6.070056,43.247044],[6.07002,43.247064],[6.069984,43.247083],[6.069972,43.247069],[6.06996,43.247058],[6.069837,43.246927],[6.069845,43.246923]]]]}},{"type":"Feature","properties":{"type":"Bâtiment"},"geometry":{"type":"MultiPolygon","coordinates":[[[[6.070016,43.247118],[6.069984,43.247083],[6.07002,43.247064],[6.070031,43.247076],[6.070055,43.247098],[6.070016,43.247118]]]]}},{"type":"Feature","properties":{"type":"Bâtiment"},"geometry":{"type":"MultiPolygon","coordinates":[[[[6.070675,43.250127],[6.0707,43.25011],[6.070821,43.250104],[6.07083,43.250244],[6.070708,43.250251],[6.070702,43.250139],[6.070675,43.250127]]]]}},{"type":"Feature","properties":{"type":"Bâtiment"},"geometry":{"type":"MultiPolygon","coordinates":[[[[6.068429,43.24899],[6.068358,43.24898],[6.068363,43.248951],[6.068432,43.248955],[6.068429,43.24899]]]]}},{"type":"Feature","properties":{"type":"Bâtiment"},"geometry":{"type":"MultiPolygon","coordinates":[[[[6.068308,43.248947],[6.068363,43.248951],[6.068358,43.24898],[6.068429,43.24899],[6.068429,43.24901],[6.068439,43.249012],[6.068447,43.248977],[6.068506,43.248985],[6.068502,43.249022],[6.06848,43.249021],[6.06847,43.249073],[6.06839,43.249068],[6.068391,43.249059],[6.068293,43.249051],[6.068308,43.248947]]]]}},{"type":"Feature","properties":{"type":"Bâtiment"},"geometry":{"type":"MultiPolygon","coordinates":[[[[6.068429,43.247209],[6.068287,43.247218],[6.068282,43.247164],[6.068227,43.247167],[6.068221,43.247094],[6.068277,43.247091],[6.06828,43.247127],[6.068348,43.247124],[6.068347,43.247098],[6.068501,43.247091],[6.068505,43.247144],[6.068426,43.247147],[6.068429,43.247209]]]]}},{"type":"Feature","properties":{"type":"Bâtiment"},"geometry":{"type":"MultiPolygon","coordinates":[[[[6.067034,43.247586],[6.06699,43.24759],[6.066986,43.247557],[6.067084,43.247546],[6.067095,43.247626],[6.067039,43.247632],[6.067034,43.247586]]]]}},{"type":"Feature","properties":{"type":"Bâtiment"},"geometry":{"type":"MultiPolygon","coordinates":[[[[6.066951,43.250151],[6.06693,43.250177],[6.066842,43.250131],[6.066865,43.250108],[6.066951,43.250151]]]]}},{"type":"Feature","properties":{"type":"Bâtiment"},"geometry":{"type":"MultiPolygon","coordinates":[[[[6.066842,43.25018],[6.066799,43.250225],[6.066763,43.250205],[6.066814,43.250157],[6.066831,43.250165],[6.066843,43.250152],[6.066861,43.250162],[6.066842,43.25018]]]]}},{"type":"Feature","properties":{"type":"Bâtiment"},"geometry":{"type":"MultiPolygon","coordinates":[[[[6.066846,43.250252],[6.066799,43.250225],[6.066842,43.25018],[6.066891,43.250209],[6.066846,43.250252]]]]}},{"type":"Feature","properties":{"type":"Bâtiment"},"geometry":{"type":"MultiPolygon","coordinates":[[[[6.066963,43.250344],[6.06699,43.250308],[6.067082,43.250347],[6.067055,43.250382],[6.066963,43.250344]]]]}},{"type":"Feature","properties":{"type":"Bâtiment"},"geometry":{"type":"MultiPolygon","coordinates":[[[[6.065923,43.248052],[6.065764,43.248011],[6.065797,43.24794],[6.06588,43.247962],[6.065958,43.247982],[6.065923,43.248052]]]]}},{"type":"Feature","properties":{"type":"Bâtiment"},"geometry":{"type":"MultiPolygon","coordinates":[[[[6.06588,43.247962],[6.065797,43.24794],[6.06581,43.247914],[6.065896,43.247937],[6.06588,43.247962]]]]}},{"type":"Feature","properties":{"type":"Bâtiment"},"geometry":{"type":"MultiPolygon","coordinates":[[[[6.067266,43.247637],[6.067182,43.24764],[6.06718,43.247617],[6.067264,43.247611],[6.067266,43.247637]]]]}},{"type":"Feature","properties":{"type":"Bâtiment"},"geometry":{"type":"MultiPolygon","coordinates":[[[[6.067184,43.247668],[6.067182,43.24764],[6.067266,43.247637],[6.067327,43.247635],[6.067329,43.247676],[6.06727,43.24768],[6.067274,43.247721],[6.067195,43.247726],[6.067195,43.247712],[6.067138,43.247713],[6.067135,43.247673],[6.067184,43.247668]]]]}},{"type":"Feature","properties":{"type":"Bâtiment"},"geometry":{"type":"MultiPolygon","coordinates":[[[[6.065155,43.249656],[6.065124,43.249717],[6.065012,43.249682],[6.065029,43.249646],[6.064919,43.249615],[6.064955,43.249548],[6.065022,43.249563],[6.065015,43.249583],[6.065128,43.249612],[6.065114,43.249645],[6.065155,43.249656]]]]}},{"type":"Feature","properties":{"type":"Bâtiment"},"geometry":{"type":"MultiPolygon","coordinates":[[[[6.066714,43.250493],[6.066733,43.250464],[6.066799,43.250484],[6.066786,43.250513],[6.066714,43.250493]]]]}},{"type":"Feature","properties":{"type":"Bâtiment"},"geometry":{"type":"MultiPolygon","coordinates":[[[[6.066752,43.250395],[6.066691,43.250377],[6.066665,43.25037],[6.06669,43.25032],[6.066843,43.250362],[6.066837,43.250371],[6.066806,43.250423],[6.066834,43.250431],[6.066803,43.250486],[6.066799,43.250484],[6.066733,43.250464],[6.066716,43.250459],[6.066752,43.250395]]]]}},{"type":"Feature","properties":{"type":"Bâtiment"},"geometry":{"type":"MultiPolygon","coordinates":[[[[6.066793,43.2474],[6.066799,43.247421],[6.066786,43.247423],[6.066787,43.247451],[6.066761,43.24745],[6.066758,43.247399],[6.066764,43.2474],[6.066793,43.2474]]]]}},{"type":"Feature","properties":{"type":"Bâtiment"},"geometry":{"type":"MultiPolygon","coordinates":[[[[6.06696,43.247522],[6.066947,43.247523],[6.066865,43.247529],[6.066851,43.24753],[6.066783,43.247535],[6.066773,43.247536],[6.066774,43.247458],[6.06678,43.247456],[6.066787,43.247455],[6.066787,43.247451],[6.066786,43.247423],[6.066799,43.247421],[6.066855,43.247418],[6.066859,43.247418],[6.066865,43.247418],[6.066875,43.247417],[6.066878,43.247416],[6.066879,43.247419],[6.066881,43.247442],[6.066882,43.247442],[6.066909,43.247441],[6.066931,43.24744],[6.066933,43.247443],[6.066937,43.247474],[6.066939,43.247484],[6.066939,43.247485],[6.066955,43.247484],[6.06696,43.247522]]]]}},{"type":"Feature","properties":{"type":"Bâtiment"},"geometry":{"type":"MultiPolygon","coordinates":[[[[6.067045,43.247516],[6.067005,43.247519],[6.06696,43.247522],[6.066955,43.247484],[6.066939,43.247485],[6.066939,43.247484],[6.066937,43.247474],[6.066933,43.247443],[6.066931,43.24744],[6.066909,43.247441],[6.066882,43.247442],[6.066881,43.247442],[6.066879,43.247419],[6.066878,43.247416],[6.066915,43.247414],[6.066915,43.247412],[6.066911,43.247385],[6.066916,43.247385],[6.06696,43.247383],[6.067001,43.247381],[6.067009,43.247379],[6.067016,43.247406],[6.067019,43.247419],[6.067031,43.247418],[6.067033,43.247426],[6.06704,43.247459],[6.067046,43.247487],[6.067051,43.247515],[6.067045,43.247516]]]]}},{"type":"Feature","properties":{"type":"Bâtiment"},"geometry":{"type":"MultiPolygon","coordinates":[[[[6.069192,43.244543],[6.069098,43.244518],[6.069107,43.244499],[6.069201,43.244526],[6.069192,43.244543]]]]}},{"type":"Feature","properties":{"type":"Bâtiment"},"geometry":{"type":"MultiPolygon","coordinates":[[[[6.070599,43.24427],[6.070576,43.244171],[6.07068,43.244159],[6.070684,43.244176],[6.070745,43.244168],[6.070748,43.244185],[6.070789,43.244181],[6.070803,43.244246],[6.070599,43.24427]]]]}},{"type":"Feature","properties":{"type":"Bâtiment"},"geometry":{"type":"MultiPolygon","coordinates":[[[[6.070599,43.244624],[6.070689,43.244617],[6.070693,43.244638],[6.070705,43.244688],[6.070609,43.244674],[6.070599,43.244624]]]]}},{"type":"Feature","properties":{"type":"Bâtiment"},"geometry":{"type":"MultiPolygon","coordinates":[[[[6.070741,43.244632],[6.070693,43.244638],[6.070689,43.244617],[6.070675,43.244556],[6.070726,43.244551],[6.070727,43.244556],[6.070796,43.244548],[6.070792,43.244526],[6.070842,43.244521],[6.070859,43.244605],[6.070788,43.244615],[6.070739,43.244623],[6.070741,43.244632]]]]}},{"type":"Feature","properties":{"type":"Bâtiment"},"geometry":{"type":"MultiPolygon","coordinates":[[[[6.070796,43.244646],[6.070788,43.244615],[6.070859,43.244605],[6.070866,43.244636],[6.070796,43.244646]]]]}},{"type":"Feature","properties":{"type":"Bâtiment"},"geometry":{"type":"MultiPolygon","coordinates":[[[[6.070792,43.244524],[6.070792,43.244526],[6.070796,43.244548],[6.070727,43.244556],[6.070726,43.244551],[6.070722,43.244531],[6.070792,43.244524]]]]}},{"type":"Feature","properties":{"type":"Bâtiment"},"geometry":{"type":"MultiPolygon","coordinates":[[[[6.069098,43.244518],[6.069192,43.244543],[6.069172,43.244583],[6.069162,43.244581],[6.069137,43.244636],[6.069025,43.244609],[6.069055,43.244552],[6.06908,43.244559],[6.069098,43.244518]]]]}},{"type":"Feature","properties":{"type":"Bâtiment"},"geometry":{"type":"MultiPolygon","coordinates":[[[[6.068825,43.242948],[6.068815,43.242932],[6.068924,43.242895],[6.068986,43.242921],[6.068982,43.242955],[6.06894,43.242975],[6.068947,43.242983],[6.068813,43.243038],[6.068757,43.242975],[6.068825,43.242948]]]]}},{"type":"Feature","properties":{"type":"Bâtiment"},"geometry":{"type":"MultiPolygon","coordinates":[[[[6.070353,43.244303],[6.070342,43.24425],[6.070485,43.244234],[6.070496,43.244284],[6.070481,43.244297],[6.070475,43.244299],[6.070481,43.244324],[6.070501,43.244322],[6.070509,43.244361],[6.070378,43.24438],[6.07037,43.244337],[6.070323,43.244342],[6.070319,43.244307],[6.070353,43.244303]]]]}},{"type":"Feature","properties":{"type":"Bâtiment"},"geometry":{"type":"MultiPolygon","coordinates":[[[[6.069885,43.243525],[6.069906,43.243535],[6.069925,43.243543],[6.069895,43.24358],[6.069853,43.243563],[6.069885,43.243525]]]]}},{"type":"Feature","properties":{"type":"Bâtiment"},"geometry":{"type":"MultiPolygon","coordinates":[[[[6.069847,43.243569],[6.069853,43.243563],[6.069895,43.24358],[6.069925,43.243543],[6.069906,43.243535],[6.069926,43.243508],[6.070028,43.243551],[6.069981,43.243612],[6.069954,43.243601],[6.069938,43.243623],[6.069955,43.243651],[6.069871,43.243669],[6.069849,43.243627],[6.069872,43.243622],[6.069847,43.243569]]]]}},{"type":"Feature","properties":{"type":"Bâtiment"},"geometry":{"type":"MultiPolygon","coordinates":[[[[6.070996,43.243304],[6.070984,43.243396],[6.070921,43.243392],[6.070915,43.243436],[6.070836,43.243431],[6.07084,43.243383],[6.070856,43.243383],[6.070864,43.243331],[6.070889,43.243331],[6.070892,43.243298],[6.070996,43.243304]]]]}},{"type":"Feature","properties":{"type":"Bâtiment"},"geometry":{"type":"MultiPolygon","coordinates":[[[[6.070758,43.242967],[6.070829,43.243001],[6.070738,43.243109],[6.070666,43.243076],[6.07069,43.243049],[6.070642,43.243026],[6.070687,43.242972],[6.070733,43.242997],[6.070758,43.242967]]]]}},{"type":"Feature","properties":{"type":"Bâtiment"},"geometry":{"type":"MultiPolygon","coordinates":[[[[6.070838,43.245775],[6.070945,43.245796],[6.07095,43.245777],[6.070993,43.245784],[6.070987,43.245803],[6.071043,43.245815],[6.071018,43.245874],[6.071,43.245914],[6.070797,43.245876],[6.070838,43.245775]]]]}},{"type":"Feature","properties":{"type":"Bâtiment"},"geometry":{"type":"MultiPolygon","coordinates":[[[[6.06894,43.244318],[6.068933,43.244331],[6.068851,43.244309],[6.068869,43.244277],[6.068886,43.244282],[6.06891,43.244236],[6.068993,43.244254],[6.068986,43.244272],[6.069049,43.244287],[6.069027,43.244339],[6.06894,43.244318]]]]}},{"type":"Feature","properties":{"type":"Bâtiment"},"geometry":{"type":"MultiPolygon","coordinates":[[[[6.069422,43.244228],[6.06947,43.244165],[6.069553,43.2442],[6.069482,43.244292],[6.069454,43.244281],[6.069437,43.244303],[6.069362,43.244272],[6.069403,43.244219],[6.069422,43.244228]]]]}},{"type":"Feature","properties":{"type":"Bâtiment"},"geometry":{"type":"MultiPolygon","coordinates":[[[[6.068914,43.24337],[6.069007,43.243392],[6.068997,43.243411],[6.068906,43.243391],[6.068914,43.24337]]]]}},{"type":"Feature","properties":{"type":"Bâtiment"},"geometry":{"type":"MultiPolygon","coordinates":[[[[6.068997,43.243411],[6.069007,43.243392],[6.069054,43.243404],[6.069025,43.243467],[6.068976,43.243456],[6.068967,43.243474],[6.068879,43.243452],[6.068906,43.243391],[6.068997,43.243411]]]]}},{"type":"Feature","properties":{"type":"Bâtiment"},"geometry":{"type":"MultiPolygon","coordinates":[[[[6.070747,43.244828],[6.070751,43.244822],[6.070769,43.244828],[6.070721,43.244921],[6.070654,43.244894],[6.070669,43.244873],[6.070644,43.244864],[6.070656,43.244841],[6.070621,43.244826],[6.070641,43.244791],[6.070747,43.244828]]]]}},{"type":"Feature","properties":{"type":"Bâtiment"},"geometry":{"type":"MultiPolygon","coordinates":[[[[6.070619,43.243581],[6.070644,43.24355],[6.070666,43.243559],[6.07064,43.243589],[6.070619,43.243581]]]]}},{"type":"Feature","properties":{"type":"Bâtiment"},"geometry":{"type":"MultiPolygon","coordinates":[[[[6.070573,43.243561],[6.070619,43.243581],[6.07064,43.243589],[6.070666,43.243559],[6.070722,43.243585],[6.070666,43.243653],[6.070628,43.243636],[6.070592,43.243679],[6.070509,43.243641],[6.070573,43.243561]]]]}},{"type":"Feature","properties":{"type":"Bâtiment"},"geometry":{"type":"MultiPolygon","coordinates":[[[[6.070533,43.244544],[6.070521,43.244491],[6.070601,43.244479],[6.070625,43.244593],[6.070467,43.244617],[6.070449,43.244557],[6.070533,43.244544]]]]}},{"type":"Feature","properties":{"type":"Bâtiment"},"geometry":{"type":"MultiPolygon","coordinates":[[[[6.069099,43.243995],[6.069005,43.24397],[6.069063,43.243867],[6.069237,43.243912],[6.069191,43.243997],[6.069109,43.243975],[6.069099,43.243995]]]]}},{"type":"Feature","properties":{"type":"Bâtiment"},"geometry":{"type":"MultiPolygon","coordinates":[[[[6.070295,43.245015],[6.070394,43.244979],[6.070451,43.245061],[6.070353,43.245099],[6.070295,43.245015]]]]}},{"type":"Feature","properties":{"type":"Bâtiment"},"geometry":{"type":"MultiPolygon","coordinates":[[[[6.070776,43.244013],[6.070657,43.24402],[6.070656,43.244002],[6.070677,43.244],[6.070672,43.243927],[6.07076,43.243923],[6.070759,43.243912],[6.070868,43.24391],[6.07087,43.243997],[6.070777,43.244003],[6.070776,43.244013]]]]}},{"type":"Feature","properties":{"type":"Bâtiment"},"geometry":{"type":"MultiPolygon","coordinates":[[[[6.06929,43.243595],[6.069206,43.24357],[6.06922,43.24354],[6.069304,43.243563],[6.06929,43.243595]]]]}},{"type":"Feature","properties":{"type":"Bâtiment"},"geometry":{"type":"MultiPolygon","coordinates":[[[[6.069317,43.243672],[6.069175,43.243632],[6.069206,43.24357],[6.06929,43.243595],[6.069348,43.243612],[6.069317,43.243672]]]]}},{"type":"Feature","properties":{"type":"Bâtiment"},"geometry":{"type":"MultiPolygon","coordinates":[[[[6.069686,43.244072],[6.069663,43.244065],[6.069652,43.244062],[6.069701,43.24397],[6.069734,43.24398],[6.069686,43.244072]]]]}},{"type":"Feature","properties":{"type":"Bâtiment"},"geometry":{"type":"MultiPolygon","coordinates":[[[[6.069645,43.244097],[6.069663,43.244065],[6.069686,43.244072],[6.069734,43.24398],[6.069812,43.244003],[6.069767,43.244091],[6.069799,43.244101],[6.069779,43.244136],[6.069645,43.244097]]]]}},{"type":"Feature","properties":{"type":"Bâtiment"},"geometry":{"type":"MultiPolygon","coordinates":[[[[6.070545,43.243107],[6.070445,43.243125],[6.07044,43.243108],[6.070542,43.243091],[6.070545,43.243107]]]]}},{"type":"Feature","properties":{"type":"Bâtiment"},"geometry":{"type":"MultiPolygon","coordinates":[[[[6.070442,43.243126],[6.070445,43.243125],[6.070545,43.243107],[6.07055,43.243106],[6.070574,43.243183],[6.070472,43.2432],[6.070473,43.24321],[6.07042,43.24322],[6.070403,43.243164],[6.070397,43.243143],[6.070443,43.243135],[6.070442,43.243126]]]]}},{"type":"Feature","properties":{"type":"Bâtiment"},"geometry":{"type":"MultiPolygon","coordinates":[[[[6.070565,43.243018],[6.070489,43.243019],[6.070491,43.24296],[6.07042,43.242931],[6.070476,43.242865],[6.070564,43.242907],[6.070535,43.242939],[6.070566,43.242953],[6.070565,43.243018]]]]}},{"type":"Feature","properties":{"type":"Bâtiment"},"geometry":{"type":"MultiPolygon","coordinates":[[[[6.070865,43.245137],[6.070833,43.245094],[6.070827,43.245086],[6.070909,43.245053],[6.070949,43.245105],[6.070865,43.245137]]]]}},{"type":"Feature","properties":{"type":"Bâtiment"},"geometry":{"type":"MultiPolygon","coordinates":[[[[6.0708,43.245107],[6.070833,43.245094],[6.070865,43.245137],[6.070833,43.245149],[6.0708,43.245107]]]]}},{"type":"Feature","properties":{"type":"Bâtiment"},"geometry":{"type":"MultiPolygon","coordinates":[[[[6.070235,43.244098],[6.070213,43.244127],[6.070198,43.244121],[6.07018,43.244113],[6.070202,43.244085],[6.070235,43.244098]]]]}},{"type":"Feature","properties":{"type":"Bâtiment"},"geometry":{"type":"MultiPolygon","coordinates":[[[[6.070147,43.244186],[6.070198,43.244121],[6.070213,43.244127],[6.070235,43.244098],[6.070319,43.244132],[6.07021,43.244269],[6.070149,43.244283],[6.070101,43.244196],[6.070147,43.244186]]]]}},{"type":"Feature","properties":{"type":"Bâtiment"},"geometry":{"type":"MultiPolygon","coordinates":[[[[6.070042,43.243783],[6.070087,43.243724],[6.070102,43.243732],[6.070058,43.243786],[6.070042,43.243783]]]]}},{"type":"Feature","properties":{"type":"Bâtiment"},"geometry":{"type":"MultiPolygon","coordinates":[[[[6.06997,43.243774],[6.070042,43.243783],[6.070058,43.243786],[6.070102,43.243732],[6.070177,43.243765],[6.070129,43.24382],[6.070114,43.243815],[6.070079,43.243857],[6.069958,43.24384],[6.06997,43.243774]]]]}},{"type":"Feature","properties":{"type":"Bâtiment"},"geometry":{"type":"MultiPolygon","coordinates":[[[[6.06826,43.243751],[6.068246,43.243784],[6.068187,43.243769],[6.068193,43.243755],[6.068117,43.243735],[6.068126,43.243716],[6.06826,43.243751]]]]}},{"type":"Feature","properties":{"type":"Bâtiment"},"geometry":{"type":"MultiPolygon","coordinates":[[[[6.068076,43.243742],[6.068111,43.24375],[6.068101,43.243772],[6.068066,43.243763],[6.068076,43.243742]]]]}},{"type":"Feature","properties":{"type":"Bâtiment"},"geometry":{"type":"MultiPolygon","coordinates":[[[[6.068101,43.243772],[6.068111,43.24375],[6.068117,43.243735],[6.068193,43.243755],[6.068187,43.243769],[6.068246,43.243784],[6.068213,43.243852],[6.068186,43.243846],[6.068177,43.243862],[6.068035,43.243828],[6.068066,43.243763],[6.068101,43.243772]]]]}},{"type":"Feature","properties":{"type":"Bâtiment"},"geometry":{"type":"MultiPolygon","coordinates":[[[[6.068221,43.244374],[6.068169,43.244477],[6.068039,43.244446],[6.068061,43.244397],[6.068038,43.244391],[6.068053,43.244359],[6.068097,43.244371],[6.068159,43.244387],[6.068175,43.244362],[6.068221,43.244374]]]]}},{"type":"Feature","properties":{"type":"Bâtiment"},"geometry":{"type":"MultiPolygon","coordinates":[[[[6.068016,43.24444],[6.068038,43.244391],[6.068061,43.244397],[6.068039,43.244446],[6.068016,43.24444]]]]}},{"type":"Feature","properties":{"type":"Bâtiment"},"geometry":{"type":"MultiPolygon","coordinates":[[[[6.068159,43.244387],[6.068097,43.244371],[6.06811,43.244344],[6.068175,43.244362],[6.068159,43.244387]]]]}},{"type":"Feature","properties":{"type":"Bâtiment"},"geometry":{"type":"MultiPolygon","coordinates":[[[[6.068249,43.243015],[6.068303,43.242939],[6.068339,43.242951],[6.068345,43.242942],[6.068494,43.242997],[6.068449,43.243065],[6.068366,43.243036],[6.068353,43.243053],[6.068249,43.243015]]]]}},{"type":"Feature","properties":{"type":"Bâtiment"},"geometry":{"type":"MultiPolygon","coordinates":[[[[6.068379,43.243325],[6.068388,43.243306],[6.06845,43.243321],[6.068442,43.24334],[6.068379,43.243325]]]]}},{"type":"Feature","properties":{"type":"Bâtiment"},"geometry":{"type":"MultiPolygon","coordinates":[[[[6.068379,43.243325],[6.068442,43.24334],[6.068402,43.243433],[6.068331,43.243417],[6.068346,43.243384],[6.068297,43.243371],[6.06834,43.243275],[6.068395,43.243288],[6.068388,43.243306],[6.068379,43.243325]]]]}},{"type":"Feature","properties":{"type":"Bâtiment"},"geometry":{"type":"MultiPolygon","coordinates":[[[[6.067928,43.243495],[6.067951,43.243454],[6.067959,43.24344],[6.068021,43.243456],[6.06803,43.24344],[6.068039,43.243423],[6.068117,43.243444],[6.068089,43.2435],[6.068049,43.24349],[6.06804,43.243507],[6.068029,43.243532],[6.067923,43.243503],[6.067928,43.243495]]]]}},{"type":"Feature","properties":{"type":"Bâtiment"},"geometry":{"type":"MultiPolygon","coordinates":[[[[6.067906,43.243443],[6.067951,43.243454],[6.067928,43.243495],[6.067886,43.243485],[6.067906,43.243443]]]]}},{"type":"Feature","properties":{"type":"Bâtiment"},"geometry":{"type":"MultiPolygon","coordinates":[[[[6.068021,43.243456],[6.067959,43.24344],[6.067968,43.243423],[6.06803,43.24344],[6.068021,43.243456]]]]}},{"type":"Feature","properties":{"type":"Bâtiment"},"geometry":{"type":"MultiPolygon","coordinates":[[[[6.068049,43.24349],[6.068089,43.2435],[6.06808,43.243518],[6.06804,43.243507],[6.068049,43.24349]]]]}},{"type":"Feature","properties":{"type":"Bâtiment"},"geometry":{"type":"MultiPolygon","coordinates":[[[[6.06815,43.243279],[6.068134,43.243308],[6.068092,43.243299],[6.068107,43.243268],[6.068124,43.243273],[6.06815,43.243279]]]]}},{"type":"Feature","properties":{"type":"Bâtiment"},"geometry":{"type":"MultiPolygon","coordinates":[[[[6.068185,43.243192],[6.068276,43.243218],[6.068246,43.243275],[6.068231,43.243271],[6.068205,43.243326],[6.068134,43.243308],[6.06815,43.243279],[6.068124,43.243273],[6.068134,43.243246],[6.068149,43.24325],[6.068185,43.243192]]]]}},{"type":"Feature","properties":{"type":"Bâtiment"},"geometry":{"type":"MultiPolygon","coordinates":[[[[6.068573,43.243165],[6.06863,43.243203],[6.06857,43.243249],[6.068526,43.243219],[6.068476,43.243253],[6.068424,43.243218],[6.06855,43.243119],[6.068593,43.243149],[6.068573,43.243165]]]]}},{"type":"Feature","properties":{"type":"Bâtiment"},"geometry":{"type":"MultiPolygon","coordinates":[[[[6.068611,43.243135],[6.068593,43.243149],[6.06855,43.243119],[6.068568,43.243106],[6.068611,43.243135]]]]}},{"type":"Feature","properties":{"type":"Bâtiment"},"geometry":{"type":"MultiPolygon","coordinates":[[[[6.068573,43.243165],[6.068593,43.243149],[6.068649,43.243189],[6.06863,43.243203],[6.068573,43.243165]]]]}},{"type":"Feature","properties":{"type":"Bâtiment"},"geometry":{"type":"MultiPolygon","coordinates":[[[[6.068072,43.243957],[6.068081,43.243937],[6.068181,43.243963],[6.06815,43.244026],[6.06812,43.24402],[6.068137,43.243974],[6.068072,43.243957]]]]}},{"type":"Feature","properties":{"type":"Bâtiment"},"geometry":{"type":"MultiPolygon","coordinates":[[[[6.06812,43.24402],[6.06815,43.244026],[6.068117,43.244095],[6.068081,43.244088],[6.068087,43.244077],[6.068025,43.244058],[6.06803,43.244048],[6.067962,43.244028],[6.068014,43.24392],[6.068081,43.243937],[6.068072,43.243957],[6.068137,43.243974],[6.06812,43.24402]]]]}},{"type":"Feature","properties":{"type":"Bâtiment"},"geometry":{"type":"MultiPolygon","coordinates":[[[[6.068374,43.244044],[6.068395,43.24405],[6.068351,43.244146],[6.068297,43.244133],[6.068304,43.244119],[6.068253,43.244108],[6.068267,43.244077],[6.068241,43.24407],[6.068286,43.243984],[6.068389,43.244011],[6.068374,43.244044]]]]}},{"type":"Feature","properties":{"type":"Bâtiment"},"geometry":{"type":"MultiPolygon","coordinates":[[[[6.070263,43.244048],[6.070279,43.244029],[6.070263,43.244021],[6.070345,43.243917],[6.070442,43.243957],[6.070346,43.244083],[6.070263,43.244048]]]]}},{"type":"Feature","properties":{"type":"Bâtiment"},"geometry":{"type":"MultiPolygon","coordinates":[[[[6.070111,43.243067],[6.070094,43.243087],[6.070168,43.243119],[6.070117,43.24318],[6.069956,43.243107],[6.070022,43.243027],[6.070111,43.243067]]]]}},{"type":"Feature","properties":{"type":"Bâtiment"},"geometry":{"type":"MultiPolygon","coordinates":[[[[6.069298,43.243224],[6.069236,43.243241],[6.069225,43.243218],[6.069333,43.24319],[6.069348,43.243219],[6.069302,43.243232],[6.069298,43.243224]]]]}},{"type":"Feature","properties":{"type":"Bâtiment"},"geometry":{"type":"MultiPolygon","coordinates":[[[[6.069264,43.243298],[6.069236,43.243241],[6.069298,43.243224],[6.069302,43.243232],[6.069348,43.243219],[6.069333,43.24319],[6.069401,43.243171],[6.069449,43.243261],[6.069334,43.243293],[6.069329,43.243295],[6.069321,43.24328],[6.06927,43.243295],[6.069264,43.243298]]]]}},{"type":"Feature","properties":{"type":"Bâtiment"},"geometry":{"type":"MultiPolygon","coordinates":[[[[6.069329,43.243295],[6.069334,43.243293],[6.069349,43.24332],[6.069292,43.243337],[6.06927,43.243295],[6.069321,43.24328],[6.069329,43.243295]]]]}},{"type":"Feature","properties":{"type":"Bâtiment"},"geometry":{"type":"MultiPolygon","coordinates":[[[[6.069303,43.243758],[6.069264,43.243841],[6.06917,43.243818],[6.069165,43.24383],[6.069092,43.243811],[6.069142,43.243707],[6.06921,43.243726],[6.069206,43.243734],[6.069303,43.243758]]]]}},{"type":"Feature","properties":{"type":"Bâtiment"},"geometry":{"type":"MultiPolygon","coordinates":[[[[6.06839,43.244423],[6.068308,43.244402],[6.06832,43.24438],[6.068403,43.2444],[6.06839,43.244423]]]]}},{"type":"Feature","properties":{"type":"Bâtiment"},"geometry":{"type":"MultiPolygon","coordinates":[[[[6.068418,43.244489],[6.068367,43.244476],[6.068355,43.2445],[6.068269,43.244476],[6.068308,43.244402],[6.06839,43.244423],[6.068403,43.2444],[6.068455,43.244414],[6.068418,43.244489]]]]}},{"type":"Feature","properties":{"type":"Bâtiment"},"geometry":{"type":"MultiPolygon","coordinates":[[[[6.068368,43.243535],[6.068331,43.243612],[6.068184,43.243574],[6.068231,43.24348],[6.068322,43.243503],[6.068313,43.243521],[6.068368,43.243535]]]]}},{"type":"Feature","properties":{"type":"Bâtiment"},"geometry":{"type":"MultiPolygon","coordinates":[[[[6.070231,43.243213],[6.070226,43.243136],[6.070261,43.243137],[6.070261,43.243131],[6.070369,43.243129],[6.070374,43.243198],[6.070266,43.243202],[6.070267,43.243213],[6.070231,43.243213]]]]}},{"type":"Feature","properties":{"type":"Bâtiment"},"geometry":{"type":"MultiPolygon","coordinates":[[[[6.070269,43.24358],[6.070226,43.243633],[6.070125,43.24359],[6.070169,43.243535],[6.070186,43.243542],[6.070222,43.243499],[6.070327,43.243544],[6.07029,43.243589],[6.070269,43.24358]]]]}},{"type":"Feature","properties":{"type":"Bâtiment"},"geometry":{"type":"MultiPolygon","coordinates":[[[[6.070848,43.246032],[6.070856,43.24601],[6.070949,43.246031],[6.070941,43.246052],[6.070848,43.246032]]]]}},{"type":"Feature","properties":{"type":"Bâtiment"},"geometry":{"type":"MultiPolygon","coordinates":[[[[6.0708,43.246021],[6.070848,43.246032],[6.070941,43.246052],[6.070915,43.246122],[6.070895,43.246174],[6.070893,43.246182],[6.070798,43.246168],[6.070806,43.246148],[6.07074,43.246135],[6.070771,43.246035],[6.0708,43.246021]]]]}},{"type":"Feature","properties":{"type":"Bâtiment"},"geometry":{"type":"MultiPolygon","coordinates":[[[[6.069482,43.244475],[6.069451,43.244502],[6.069337,43.244427],[6.069331,43.244417],[6.069398,43.244363],[6.069518,43.244444],[6.069482,43.244475]]]]}},{"type":"Feature","properties":{"type":"Bâtiment"},"geometry":{"type":"MultiPolygon","coordinates":[[[[6.069566,43.24453],[6.069539,43.244556],[6.069451,43.244502],[6.069482,43.244475],[6.069566,43.24453]]]]}},{"type":"Feature","properties":{"type":"Bâtiment"},"geometry":{"type":"MultiPolygon","coordinates":[[[[6.069374,43.244348],[6.069398,43.244322],[6.069422,43.244334],[6.069393,43.244361],[6.069374,43.244348]]]]}},{"type":"Feature","properties":{"type":"Bâtiment"},"geometry":{"type":"MultiPolygon","coordinates":[[[[6.068861,43.244513],[6.068846,43.244537],[6.068836,43.244555],[6.068781,43.24454],[6.068804,43.244497],[6.068861,43.244513]]]]}},{"type":"Feature","properties":{"type":"Bâtiment"},"geometry":{"type":"MultiPolygon","coordinates":[[[[6.069007,43.24448],[6.068965,43.244568],[6.068846,43.244537],[6.068861,43.244513],[6.068804,43.244497],[6.068829,43.244452],[6.068945,43.244484],[6.068955,43.244465],[6.069007,43.24448]]]]}},{"type":"Feature","properties":{"type":"Bâtiment"},"geometry":{"type":"MultiPolygon","coordinates":[[[[6.068839,43.244433],[6.068955,43.244465],[6.068945,43.244484],[6.068829,43.244452],[6.068839,43.244433]]]]}},{"type":"Feature","properties":{"type":"Bâtiment"},"geometry":{"type":"MultiPolygon","coordinates":[[[[6.067928,43.243675],[6.067915,43.2437],[6.067822,43.243674],[6.067837,43.243649],[6.067928,43.243675]]]]}},{"type":"Feature","properties":{"type":"Bâtiment"},"geometry":{"type":"MultiPolygon","coordinates":[[[[6.067815,43.24373],[6.067794,43.243725],[6.067822,43.243674],[6.067915,43.2437],[6.067977,43.243718],[6.067953,43.243769],[6.06793,43.243763],[6.067905,43.243813],[6.06784,43.243797],[6.067854,43.243771],[6.067801,43.243757],[6.067815,43.24373]]]]}},{"type":"Feature","properties":{"type":"Bâtiment"},"geometry":{"type":"MultiPolygon","coordinates":[[[[6.066846,43.243905],[6.06683,43.243999],[6.066773,43.243994],[6.066788,43.243901],[6.066846,43.243905]]]]}},{"type":"Feature","properties":{"type":"Bâtiment"},"geometry":{"type":"MultiPolygon","coordinates":[[[[6.066773,43.243994],[6.06683,43.243999],[6.066857,43.244001],[6.066859,43.243984],[6.066875,43.243985],[6.06687,43.244031],[6.066905,43.244033],[6.066897,43.244086],[6.066745,43.244073],[6.066752,43.244026],[6.066735,43.244025],[6.066727,43.244065],[6.066531,43.244051],[6.066546,43.24395],[6.066596,43.243951],[6.066594,43.243973],[6.066688,43.243979],[6.066703,43.243905],[6.066758,43.243907],[6.066743,43.243992],[6.066773,43.243994]]]]}},{"type":"Feature","properties":{"type":"Bâtiment"},"geometry":{"type":"MultiPolygon","coordinates":[[[[6.068404,43.243823],[6.068414,43.243803],[6.068514,43.243829],[6.068504,43.243849],[6.068404,43.243823]]]]}},{"type":"Feature","properties":{"type":"Bâtiment"},"geometry":{"type":"MultiPolygon","coordinates":[[[[6.068458,43.243941],[6.06836,43.243914],[6.068378,43.243876],[6.068335,43.243865],[6.06837,43.243791],[6.068414,43.243803],[6.068404,43.243823],[6.068504,43.243849],[6.068458,43.243941]]]]}},{"type":"Feature","properties":{"type":"Bâtiment"},"geometry":{"type":"MultiPolygon","coordinates":[[[[6.068964,43.244049],[6.069043,43.24407],[6.06903,43.244092],[6.068953,43.24407],[6.068964,43.244049]]]]}},{"type":"Feature","properties":{"type":"Bâtiment"},"geometry":{"type":"MultiPolygon","coordinates":[[[[6.06903,43.244092],[6.069043,43.24407],[6.069125,43.244093],[6.069087,43.24417],[6.069041,43.244158],[6.069033,43.244175],[6.068915,43.244144],[6.068953,43.24407],[6.06903,43.244092]]]]}},{"type":"Feature","properties":{"type":"Bâtiment"},"geometry":{"type":"MultiPolygon","coordinates":[[[[6.070194,43.244701],[6.070214,43.244691],[6.070245,43.244725],[6.070228,43.244733],[6.070194,43.244701]]]]}},{"type":"Feature","properties":{"type":"Bâtiment"},"geometry":{"type":"MultiPolygon","coordinates":[[[[6.070132,43.244707],[6.070177,43.244683],[6.070194,43.244701],[6.070228,43.244733],[6.070138,43.244781],[6.070132,43.244774],[6.070099,43.24479],[6.070067,43.244757],[6.070099,43.244741],[6.070089,43.244729],[6.070132,43.244707]]]]}},{"type":"Feature","properties":{"type":"Bâtiment"},"geometry":{"type":"MultiPolygon","coordinates":[[[[6.070114,43.244688],[6.070158,43.244665],[6.070177,43.244683],[6.070132,43.244707],[6.070114,43.244688]]]]}},{"type":"Feature","properties":{"type":"Bâtiment"},"geometry":{"type":"MultiPolygon","coordinates":[[[[6.069602,43.24451],[6.069673,43.244452],[6.06972,43.244484],[6.069649,43.244541],[6.069602,43.24451]]]]}},{"type":"Feature","properties":{"type":"Bâtiment"},"geometry":{"type":"MultiPolygon","coordinates":[[[[6.070435,43.243832],[6.070514,43.243735],[6.070591,43.24377],[6.070515,43.243869],[6.070489,43.243859],[6.07047,43.243885],[6.070398,43.243851],[6.070419,43.243826],[6.070435,43.243832]]]]}},{"type":"Feature","properties":{"type":"Bâtiment"},"geometry":{"type":"MultiPolygon","coordinates":[[[[6.069085,43.243086],[6.069262,43.243037],[6.069283,43.243087],[6.069265,43.243091],[6.069282,43.243129],[6.069128,43.243173],[6.069085,43.243086]]]]}},{"type":"Feature","properties":{"type":"Bâtiment"},"geometry":{"type":"MultiPolygon","coordinates":[[[[6.069283,43.243087],[6.069262,43.243037],[6.0693,43.243027],[6.069343,43.243111],[6.069282,43.243129],[6.069265,43.243091],[6.069283,43.243087]]]]}},{"type":"Feature","properties":{"type":"Bâtiment"},"geometry":{"type":"MultiPolygon","coordinates":[[[[6.070123,43.244372],[6.06994,43.244425],[6.069892,43.244341],[6.069951,43.244323],[6.069958,43.244335],[6.070044,43.244312],[6.070056,43.244331],[6.070093,43.244321],[6.070123,43.244372]]]]}},{"type":"Feature","properties":{"type":"Bâtiment"},"geometry":{"type":"MultiPolygon","coordinates":[[[[6.068651,43.244446],[6.068563,43.244421],[6.068576,43.244396],[6.068666,43.24442],[6.068651,43.244446]]]]}},{"type":"Feature","properties":{"type":"Bâtiment"},"geometry":{"type":"MultiPolygon","coordinates":[[[[6.068666,43.244555],[6.068513,43.244514],[6.068563,43.244421],[6.068651,43.244446],[6.068666,43.24442],[6.068728,43.244437],[6.068666,43.244555]]]]}},{"type":"Feature","properties":{"type":"Bâtiment"},"geometry":{"type":"MultiPolygon","coordinates":[[[[6.070339,43.244912],[6.070237,43.244954],[6.07018,43.244879],[6.070247,43.244851],[6.070282,43.244895],[6.070316,43.244883],[6.070339,43.244912]]]]}},{"type":"Feature","properties":{"type":"Bâtiment"},"geometry":{"type":"MultiPolygon","coordinates":[[[[6.070237,43.244954],[6.070204,43.244968],[6.070137,43.244897],[6.07018,43.244879],[6.070237,43.244954]]]]}},{"type":"Feature","properties":{"type":"Bâtiment"},"geometry":{"type":"MultiPolygon","coordinates":[[[[6.070972,43.244874],[6.070965,43.244887],[6.070943,43.244932],[6.07093,43.24496],[6.070847,43.244938],[6.070889,43.244851],[6.070972,43.244874]]]]}},{"type":"Feature","properties":{"type":"Bâtiment"},"geometry":{"type":"MultiPolygon","coordinates":[[[[6.068724,43.243342],[6.068797,43.243361],[6.068761,43.243434],[6.068594,43.24339],[6.06863,43.243322],[6.068659,43.243309],[6.068732,43.243327],[6.068724,43.243342]]]]}},{"type":"Feature","properties":{"type":"Bâtiment"},"geometry":{"type":"MultiPolygon","coordinates":[[[[6.065412,43.243323],[6.065387,43.243321],[6.065402,43.243261],[6.065606,43.243287],[6.065589,43.243358],[6.065625,43.243362],[6.06561,43.243428],[6.065553,43.24342],[6.06556,43.24339],[6.065451,43.243376],[6.06545,43.243381],[6.065416,43.243376],[6.065421,43.243348],[6.06541,43.243347],[6.065412,43.243323]]]]}},{"type":"Feature","properties":{"type":"Bâtiment"},"geometry":{"type":"MultiPolygon","coordinates":[[[[6.067307,43.24378],[6.067315,43.243765],[6.067382,43.243783],[6.067374,43.243799],[6.067307,43.24378]]]]}},{"type":"Feature","properties":{"type":"Bâtiment"},"geometry":{"type":"MultiPolygon","coordinates":[[[[6.067315,43.243765],[6.067307,43.24378],[6.067374,43.243799],[6.067343,43.24386],[6.067188,43.243819],[6.067226,43.243743],[6.067315,43.243765]]]]}},{"type":"Feature","properties":{"type":"Bâtiment"},"geometry":{"type":"MultiPolygon","coordinates":[[[[6.067747,43.243341],[6.06774,43.243356],[6.067677,43.243342],[6.067683,43.243326],[6.067747,43.243341]]]]}},{"type":"Feature","properties":{"type":"Bâtiment"},"geometry":{"type":"MultiPolygon","coordinates":[[[[6.067613,43.243335],[6.067673,43.243347],[6.067677,43.243342],[6.06774,43.243356],[6.067721,43.243399],[6.06774,43.243402],[6.067725,43.243438],[6.067644,43.243418],[6.067651,43.243401],[6.067522,43.24337],[6.067559,43.243294],[6.067624,43.243309],[6.067613,43.243335]]]]}},{"type":"Feature","properties":{"type":"Bâtiment"},"geometry":{"type":"MultiPolygon","coordinates":[[[[6.06794,43.244399],[6.067805,43.244365],[6.067819,43.244334],[6.067954,43.244367],[6.06794,43.244399]]]]}},{"type":"Feature","properties":{"type":"Bâtiment"},"geometry":{"type":"MultiPolygon","coordinates":[[[[6.067916,43.244447],[6.067784,43.244411],[6.067805,43.244365],[6.06794,43.244399],[6.067916,43.244447]]]]}},{"type":"Feature","properties":{"type":"Bâtiment"},"geometry":{"type":"MultiPolygon","coordinates":[[[[6.067936,43.244146],[6.067929,43.244159],[6.067922,43.244175],[6.067779,43.244137],[6.067794,43.244107],[6.067936,43.244146]]]]}},{"type":"Feature","properties":{"type":"Bâtiment"},"geometry":{"type":"MultiPolygon","coordinates":[[[[6.067929,43.244159],[6.067982,43.244172],[6.067941,43.244254],[6.067822,43.244221],[6.067765,43.24417],[6.067779,43.244137],[6.067922,43.244175],[6.067929,43.244159]]]]}},{"type":"Feature","properties":{"type":"Bâtiment"},"geometry":{"type":"MultiPolygon","coordinates":[[[[6.065995,43.243238],[6.065923,43.243249],[6.065914,43.243214],[6.065829,43.243226],[6.065799,43.24312],[6.065885,43.243107],[6.065897,43.243148],[6.066038,43.243127],[6.066059,43.243193],[6.065988,43.243204],[6.065995,43.243238]]]]}},{"type":"Feature","properties":{"type":"Bâtiment"},"geometry":{"type":"MultiPolygon","coordinates":[[[[6.066191,43.244167],[6.066112,43.244181],[6.066105,43.244157],[6.066182,43.244144],[6.066191,43.244167]]]]}},{"type":"Feature","properties":{"type":"Bâtiment"},"geometry":{"type":"MultiPolygon","coordinates":[[[[6.066112,43.244181],[6.066191,43.244167],[6.066182,43.244144],[6.066258,43.244131],[6.066276,43.244185],[6.066296,43.244181],[6.066349,43.244328],[6.066247,43.244345],[6.066219,43.244268],[6.066162,43.244277],[6.066176,43.244319],[6.06609,43.244336],[6.066049,43.244212],[6.066118,43.244198],[6.066112,43.244181]]]]}},{"type":"Feature","properties":{"type":"Bâtiment"},"geometry":{"type":"MultiPolygon","coordinates":[[[[6.067617,43.243636],[6.067563,43.24375],[6.067467,43.243726],[6.06748,43.243699],[6.067474,43.243696],[6.067498,43.243645],[6.067506,43.243647],[6.067522,43.243611],[6.067617,43.243636]]]]}},{"type":"Feature","properties":{"type":"Bâtiment"},"geometry":{"type":"MultiPolygon","coordinates":[[[[6.068043,43.243052],[6.067985,43.243121],[6.067928,43.243094],[6.067937,43.243083],[6.067867,43.243052],[6.067843,43.243076],[6.067813,43.243061],[6.067824,43.243051],[6.067791,43.243033],[6.067858,43.242959],[6.06792,43.24299],[6.067908,43.243003],[6.067978,43.243037],[6.067988,43.243025],[6.068043,43.243052]]]]}},{"type":"Feature","properties":{"type":"Bâtiment"},"geometry":{"type":"MultiPolygon","coordinates":[[[[6.067171,43.243281],[6.067174,43.243264],[6.067269,43.243277],[6.067268,43.243294],[6.067171,43.243281]]]]}},{"type":"Feature","properties":{"type":"Bâtiment"},"geometry":{"type":"MultiPolygon","coordinates":[[[[6.067324,43.243382],[6.067247,43.243375],[6.06725,43.243361],[6.067105,43.243346],[6.067123,43.243258],[6.067174,43.243264],[6.067171,43.243281],[6.067268,43.243294],[6.06734,43.243304],[6.067324,43.243382]]]]}},{"type":"Feature","properties":{"type":"Bâtiment"},"geometry":{"type":"MultiPolygon","coordinates":[[[[6.066401,43.243368],[6.06661,43.243361],[6.066613,43.243405],[6.066405,43.243416],[6.066401,43.243368]]]]}},{"type":"Feature","properties":{"type":"Bâtiment"},"geometry":{"type":"MultiPolygon","coordinates":[[[[6.066911,43.24323],[6.066911,43.243243],[6.066851,43.243247],[6.066851,43.243238],[6.066851,43.243232],[6.066911,43.24323]]]]}},{"type":"Feature","properties":{"type":"Bâtiment"},"geometry":{"type":"MultiPolygon","coordinates":[[[[6.066792,43.243241],[6.066851,43.243238],[6.066851,43.243247],[6.066911,43.243243],[6.066999,43.243237],[6.067006,43.243316],[6.066862,43.243325],[6.066862,43.243331],[6.066797,43.243334],[6.066792,43.243241]]]]}},{"type":"Feature","properties":{"type":"Bâtiment"},"geometry":{"type":"MultiPolygon","coordinates":[[[[6.067307,43.2432],[6.067278,43.243182],[6.067338,43.243129],[6.067366,43.243147],[6.067307,43.2432]]]]}},{"type":"Feature","properties":{"type":"Bâtiment"},"geometry":{"type":"MultiPolygon","coordinates":[[[[6.06734,43.24326],[6.067251,43.243207],[6.067278,43.243182],[6.067307,43.2432],[6.067366,43.243147],[6.067369,43.243144],[6.067464,43.243198],[6.067402,43.243256],[6.067367,43.243235],[6.06734,43.24326]]]]}},{"type":"Feature","properties":{"type":"Bâtiment"},"geometry":{"type":"MultiPolygon","coordinates":[[[[6.065158,43.24362],[6.065176,43.243613],[6.06519,43.243628],[6.065085,43.243676],[6.065059,43.243647],[6.065147,43.243607],[6.065158,43.24362]]]]}},{"type":"Feature","properties":{"type":"Bâtiment"},"geometry":{"type":"MultiPolygon","coordinates":[[[[6.067931,43.243891],[6.067883,43.243986],[6.067909,43.243992],[6.067894,43.244029],[6.067765,43.243997],[6.067781,43.243961],[6.067772,43.243959],[6.067819,43.243859],[6.067931,43.243891]]]]}},{"type":"Feature","properties":{"type":"Bâtiment"},"geometry":{"type":"MultiPolygon","coordinates":[[[[6.067396,43.244187],[6.067362,43.244244],[6.067153,43.244171],[6.067197,43.244105],[6.067274,43.244129],[6.067283,43.244115],[6.067337,43.244134],[6.067319,43.24416],[6.067396,43.244187]]]]}},{"type":"Feature","properties":{"type":"Bâtiment"},"geometry":{"type":"MultiPolygon","coordinates":[[[[6.066258,43.243045],[6.066351,43.243023],[6.066397,43.243113],[6.066371,43.24312],[6.066388,43.243151],[6.06631,43.243172],[6.066264,43.243083],[6.066276,43.24308],[6.06626,43.243048],[6.066258,43.243045]]]]}},{"type":"Feature","properties":{"type":"Bâtiment"},"geometry":{"type":"MultiPolygon","coordinates":[[[[6.066552,43.243159],[6.066689,43.243203],[6.066642,43.243276],[6.066465,43.243221],[6.066502,43.243159],[6.066543,43.243172],[6.066552,43.243159]]]]}},{"type":"Feature","properties":{"type":"Bâtiment"},"geometry":{"type":"MultiPolygon","coordinates":[[[[6.067392,43.243579],[6.067417,43.243535],[6.06745,43.243544],[6.067426,43.243588],[6.067392,43.243579]]]]}},{"type":"Feature","properties":{"type":"Bâtiment"},"geometry":{"type":"MultiPolygon","coordinates":[[[[6.067426,43.243588],[6.067396,43.243647],[6.06728,43.243617],[6.06733,43.243512],[6.067417,43.243535],[6.067392,43.243579],[6.067426,43.243588]]]]}},{"type":"Feature","properties":{"type":"Bâtiment"},"geometry":{"type":"MultiPolygon","coordinates":[[[[6.067169,43.244001],[6.067189,43.243967],[6.067178,43.243966],[6.067177,43.243914],[6.067239,43.243914],[6.067236,43.243955],[6.067294,43.24397],[6.067299,43.243959],[6.067369,43.243974],[6.067332,43.24404],[6.067169,43.244001]]]]}},{"type":"Feature","properties":{"type":"Bâtiment"},"geometry":{"type":"MultiPolygon","coordinates":[[[[6.067795,43.243248],[6.06778,43.243278],[6.067662,43.243247],[6.067698,43.243168],[6.067782,43.243188],[6.067755,43.243238],[6.067795,43.243248]]]]}},{"type":"Feature","properties":{"type":"Bâtiment"},"geometry":{"type":"MultiPolygon","coordinates":[[[[6.06921,43.242884],[6.069235,43.242942],[6.069106,43.242972],[6.069088,43.242931],[6.069122,43.242924],[6.069087,43.242848],[6.069185,43.242826],[6.06921,43.242884]]]]}},{"type":"Feature","properties":{"type":"Bâtiment"},"geometry":{"type":"MultiPolygon","coordinates":[[[[6.06921,43.242884],[6.069255,43.242874],[6.06928,43.242932],[6.069235,43.242942],[6.06921,43.242884]]]]}},{"type":"Feature","properties":{"type":"Bâtiment"},"geometry":{"type":"MultiPolygon","coordinates":[[[[6.068671,43.242753],[6.06861,43.242725],[6.068677,43.242658],[6.068727,43.242682],[6.068781,43.242627],[6.068884,43.242676],[6.068842,43.242724],[6.068885,43.242744],[6.068896,43.242733],[6.068934,43.242752],[6.068869,43.242821],[6.068687,43.242735],[6.068671,43.242753]]]]}},{"type":"Feature","properties":{"type":"Bâtiment"},"geometry":{"type":"MultiPolygon","coordinates":[[[[6.070691,43.242889],[6.070717,43.242858],[6.070718,43.242856],[6.070768,43.242795],[6.070809,43.242814],[6.07082,43.242802],[6.070988,43.24288],[6.070923,43.242956],[6.070856,43.242925],[6.070829,43.242954],[6.070691,43.242889]]]]}},{"type":"Feature","properties":{"type":"Bâtiment"},"geometry":{"type":"MultiPolygon","coordinates":[[[[6.07077,43.242791],[6.070768,43.242795],[6.070718,43.242856],[6.070717,43.242858],[6.070525,43.242769],[6.070582,43.2427],[6.07077,43.242791]]]]}},{"type":"Feature","properties":{"type":"Bâtiment"},"geometry":{"type":"MultiPolygon","coordinates":[[[[6.069541,43.24279],[6.069553,43.242814],[6.069542,43.242817],[6.069433,43.242848],[6.06939,43.242756],[6.069485,43.24273],[6.069514,43.242797],[6.069541,43.24279]]]]}},{"type":"Feature","properties":{"type":"Bâtiment"},"geometry":{"type":"MultiPolygon","coordinates":[[[[6.069478,43.242949],[6.069425,43.24285],[6.069433,43.242848],[6.069542,43.242817],[6.069556,43.242842],[6.069545,43.242845],[6.06957,43.242898],[6.06956,43.2429],[6.069584,43.242947],[6.069513,43.242967],[6.069502,43.242943],[6.069478,43.242949]]]]}},{"type":"Feature","properties":{"type":"Bâtiment"},"geometry":{"type":"MultiPolygon","coordinates":[[[[6.070297,43.242633],[6.070332,43.242607],[6.070349,43.242593],[6.070411,43.242544],[6.07048,43.242587],[6.070369,43.242676],[6.070297,43.242633]]]]}},{"type":"Feature","properties":{"type":"Bâtiment"},"geometry":{"type":"MultiPolygon","coordinates":[[[[6.070349,43.242593],[6.070332,43.242607],[6.070301,43.242587],[6.070315,43.242572],[6.070349,43.242593]]]]}},{"type":"Feature","properties":{"type":"Bâtiment"},"geometry":{"type":"MultiPolygon","coordinates":[[[[6.070495,43.242687],[6.070445,43.24273],[6.070389,43.242698],[6.070382,43.242693],[6.070435,43.242647],[6.070495,43.242687]]]]}},{"type":"Feature","properties":{"type":"Bâtiment"},"geometry":{"type":"MultiPolygon","coordinates":[[[[6.070207,43.242708],[6.070185,43.24273],[6.070071,43.242682],[6.0701,43.242652],[6.070096,43.242649],[6.070156,43.242577],[6.070235,43.242613],[6.070172,43.242685],[6.070207,43.242708]]]]}},{"type":"Feature","properties":{"type":"Bâtiment"},"geometry":{"type":"MultiPolygon","coordinates":[[[[6.070346,43.242856],[6.070389,43.242874],[6.070342,43.242934],[6.070293,43.242913],[6.070301,43.242903],[6.070205,43.24286],[6.07029,43.242764],[6.070387,43.242808],[6.070346,43.242856]]]]}},{"type":"Feature","properties":{"type":"Bâtiment"},"geometry":{"type":"MultiPolygon","coordinates":[[[[6.068194,43.242631],[6.068206,43.242653],[6.06818,43.242661],[6.068167,43.24264],[6.068194,43.242631]]]]}},{"type":"Feature","properties":{"type":"Bâtiment"},"geometry":{"type":"MultiPolygon","coordinates":[[[[6.068108,43.24266],[6.068167,43.24264],[6.06818,43.242661],[6.068206,43.242653],[6.068256,43.242637],[6.068247,43.242623],[6.068276,43.242613],[6.068309,43.242665],[6.068277,43.242677],[6.068285,43.24269],[6.068159,43.24273],[6.068108,43.24266]]]]}},{"type":"Feature","properties":{"type":"Bâtiment"},"geometry":{"type":"MultiPolygon","coordinates":[[[[6.066795,43.242947],[6.066784,43.242953],[6.066765,43.242965],[6.066713,43.242915],[6.066742,43.242899],[6.066795,43.242947]]]]}},{"type":"Feature","properties":{"type":"Bâtiment"},"geometry":{"type":"MultiPolygon","coordinates":[[[[6.066674,43.243018],[6.066617,43.242969],[6.066713,43.242915],[6.066765,43.242965],[6.066784,43.242953],[6.066901,43.243062],[6.066799,43.243117],[6.06672,43.24305],[6.066738,43.243039],[6.066698,43.243006],[6.066674,43.243018]]]]}},{"type":"Feature","properties":{"type":"Bâtiment"},"geometry":{"type":"MultiPolygon","coordinates":[[[[6.065881,43.24281],[6.065878,43.242828],[6.065827,43.242825],[6.065827,43.242808],[6.065881,43.24281]]]]}},{"type":"Feature","properties":{"type":"Bâtiment"},"geometry":{"type":"MultiPolygon","coordinates":[[[[6.065878,43.242828],[6.065954,43.242831],[6.065946,43.242895],[6.065816,43.242889],[6.065816,43.242898],[6.06577,43.242897],[6.065777,43.242833],[6.065826,43.242836],[6.065827,43.242825],[6.065878,43.242828]]]]}},{"type":"Feature","properties":{"type":"Bâtiment"},"geometry":{"type":"MultiPolygon","coordinates":[[[[6.067162,43.242822],[6.067193,43.242734],[6.067272,43.242749],[6.067268,43.242762],[6.06734,43.242775],[6.067313,43.242853],[6.067162,43.242822]]]]}},{"type":"Feature","properties":{"type":"Bâtiment"},"geometry":{"type":"MultiPolygon","coordinates":[[[[6.06629,43.242739],[6.066321,43.242766],[6.066287,43.242784],[6.06622,43.24282],[6.066191,43.242794],[6.06629,43.242739]]]]}},{"type":"Feature","properties":{"type":"Bâtiment"},"geometry":{"type":"MultiPolygon","coordinates":[[[[6.066363,43.242847],[6.066231,43.242876],[6.066192,43.242839],[6.066174,43.242847],[6.066144,43.24282],[6.066191,43.242794],[6.06622,43.24282],[6.066287,43.242784],[6.066363,43.242847]]]]}},{"type":"Feature","properties":{"type":"Bâtiment"},"geometry":{"type":"MultiPolygon","coordinates":[[[[6.06622,43.243016],[6.066182,43.242951],[6.066172,43.242953],[6.066153,43.242921],[6.066216,43.242901],[6.066238,43.242936],[6.066314,43.242912],[6.066352,43.242974],[6.06622,43.243016]]]]}},{"type":"Feature","properties":{"type":"Bâtiment"},"geometry":{"type":"MultiPolygon","coordinates":[[[[6.067491,43.243005],[6.06757,43.242913],[6.067652,43.242953],[6.067569,43.243042],[6.067491,43.243005]]]]}},{"type":"Feature","properties":{"type":"Bâtiment"},"geometry":{"type":"MultiPolygon","coordinates":[[[[6.069726,43.243843],[6.069818,43.243816],[6.069847,43.243868],[6.06987,43.243907],[6.069825,43.243921],[6.069805,43.243887],[6.069708,43.243914],[6.06969,43.243882],[6.06965,43.243893],[6.069613,43.243827],[6.069702,43.2438],[6.069726,43.243843]]]]}},{"type":"Feature","properties":{"type":"Bâtiment"},"geometry":{"type":"MultiPolygon","coordinates":[[[[6.068097,43.242793],[6.068144,43.24277],[6.068185,43.242811],[6.068106,43.24285],[6.068078,43.242864],[6.068043,43.242827],[6.067955,43.242875],[6.067876,43.242795],[6.067922,43.242774],[6.067946,43.242797],[6.067996,43.24277],[6.068009,43.242785],[6.068064,43.242757],[6.068097,43.242793]]]]}},{"type":"Feature","properties":{"type":"Bâtiment"},"geometry":{"type":"MultiPolygon","coordinates":[[[[6.067655,43.244336],[6.067595,43.244315],[6.06758,43.244336],[6.067488,43.244307],[6.067519,43.244256],[6.067485,43.244242],[6.067525,43.244175],[6.067566,43.244189],[6.06755,43.244212],[6.067703,43.244262],[6.067655,43.244336]]]]}},{"type":"Feature","properties":{"type":"Bâtiment"},"geometry":{"type":"MultiPolygon","coordinates":[[[[6.069715,43.244389],[6.069657,43.244364],[6.069684,43.244328],[6.069712,43.244339],[6.069744,43.244353],[6.069715,43.244389]]]]}},{"type":"Feature","properties":{"type":"Bâtiment"},"geometry":{"type":"MultiPolygon","coordinates":[[[[6.069712,43.244339],[6.069684,43.244328],[6.069657,43.244364],[6.069591,43.244334],[6.069624,43.244297],[6.069605,43.244288],[6.069661,43.244221],[6.069766,43.244269],[6.069712,43.244339]]]]}},{"type":"Feature","properties":{"type":"Bâtiment"},"geometry":{"type":"MultiPolygon","coordinates":[[[[6.065687,43.244069],[6.065714,43.24416],[6.065653,43.244168],[6.06566,43.244192],[6.065558,43.244208],[6.065535,43.244127],[6.065612,43.244116],[6.065604,43.244083],[6.065687,43.244069]]]]}},{"type":"Feature","properties":{"type":"Bâtiment"},"geometry":{"type":"MultiPolygon","coordinates":[[[[6.065458,43.243457],[6.065438,43.243461],[6.065445,43.243425],[6.065521,43.243427],[6.065515,43.243457],[6.065458,43.243457]]]]}},{"type":"Feature","properties":{"type":"Bâtiment"},"geometry":{"type":"MultiPolygon","coordinates":[[[[6.068347,43.243144],[6.068384,43.243171],[6.068358,43.24319],[6.068321,43.243163],[6.068347,43.243144]]]]}},{"type":"Feature","properties":{"type":"Bâtiment"},"geometry":{"type":"MultiPolygon","coordinates":[[[[6.067477,43.243114],[6.067448,43.243096],[6.067464,43.243082],[6.067494,43.2431],[6.067477,43.243114]]]]}},{"type":"Feature","properties":{"type":"Bâtiment"},"geometry":{"type":"MultiPolygon","coordinates":[[[[6.067427,43.243051],[6.067406,43.24307],[6.067369,43.243047],[6.06739,43.243029],[6.067427,43.243051]]]]}},{"type":"Feature","properties":{"type":"Bâtiment"},"geometry":{"type":"MultiPolygon","coordinates":[[[[6.067464,43.243082],[6.067448,43.243096],[6.067406,43.24307],[6.067427,43.243051],[6.067432,43.243048],[6.067474,43.243075],[6.067464,43.243082]]]]}},{"type":"Feature","properties":{"type":"Bâtiment"},"geometry":{"type":"MultiPolygon","coordinates":[[[[6.068318,43.243115],[6.068354,43.243137],[6.068347,43.243144],[6.068321,43.243163],[6.068285,43.243139],[6.068286,43.243138],[6.068318,43.243115]]]]}},{"type":"Feature","properties":{"type":"Bâtiment"},"geometry":{"type":"MultiPolygon","coordinates":[[[[6.068422,43.243144],[6.068384,43.243171],[6.068347,43.243144],[6.068354,43.243137],[6.068382,43.243116],[6.068422,43.243144]]]]}},{"type":"Feature","properties":{"type":"Bâtiment"},"geometry":{"type":"MultiPolygon","coordinates":[[[[6.067743,43.242885],[6.067777,43.242854],[6.067822,43.242883],[6.06779,43.242913],[6.067743,43.242885]]]]}},{"type":"Feature","properties":{"type":"Bâtiment"},"geometry":{"type":"MultiPolygon","coordinates":[[[[6.066362,43.243409],[6.0663,43.243413],[6.066286,43.243388],[6.066274,43.243365],[6.066344,43.243361],[6.06637,43.243409],[6.066362,43.243409]]]]}},{"type":"Feature","properties":{"type":"Bâtiment"},"geometry":{"type":"MultiPolygon","coordinates":[[[[6.070831,43.242637],[6.070792,43.242682],[6.070702,43.242639],[6.070737,43.242594],[6.070831,43.242637]]]]}},{"type":"Feature","properties":{"type":"Bâtiment"},"geometry":{"type":"MultiPolygon","coordinates":[[[[6.067407,43.243871],[6.067491,43.243891],[6.067478,43.243917],[6.067394,43.243896],[6.067407,43.243871]]]]}},{"type":"Feature","properties":{"type":"Bâtiment"},"geometry":{"type":"MultiPolygon","coordinates":[[[[6.067394,43.243896],[6.067478,43.243917],[6.067465,43.243943],[6.067382,43.243924],[6.067394,43.243896]]]]}},{"type":"Feature","properties":{"type":"Bâtiment"},"geometry":{"type":"MultiPolygon","coordinates":[[[[6.068036,43.244305],[6.067992,43.244296],[6.068026,43.244225],[6.06807,43.244237],[6.068036,43.244305]]]]}},{"type":"Feature","properties":{"type":"Bâtiment"},"geometry":{"type":"MultiPolygon","coordinates":[[[[6.069701,43.243719],[6.069746,43.243707],[6.069767,43.243743],[6.069723,43.243755],[6.069701,43.243719]]]]}},{"type":"Feature","properties":{"type":"Bâtiment"},"geometry":{"type":"MultiPolygon","coordinates":[[[[6.069537,43.243414],[6.069563,43.243384],[6.069604,43.243401],[6.069579,43.243432],[6.069537,43.243414]]]]}},{"type":"Feature","properties":{"type":"Bâtiment"},"geometry":{"type":"MultiPolygon","coordinates":[[[[6.069723,43.243755],[6.069767,43.243743],[6.069787,43.243778],[6.069744,43.243791],[6.069723,43.243755]]]]}},{"type":"Feature","properties":{"type":"Bâtiment"},"geometry":{"type":"MultiPolygon","coordinates":[[[[6.069302,43.244307],[6.069312,43.244274],[6.069344,43.244289],[6.069334,43.244307],[6.069338,43.24436],[6.069314,43.244361],[6.069302,43.244307]]]]}},{"type":"Feature","properties":{"type":"Bâtiment"},"geometry":{"type":"MultiPolygon","coordinates":[[[[6.069973,43.246836],[6.06995,43.246814],[6.069994,43.246791],[6.070016,43.246812],[6.069973,43.246836]]]]}},{"type":"Feature","properties":{"type":"Bâtiment"},"geometry":{"type":"MultiPolygon","coordinates":[[[[6.070529,43.248628],[6.070587,43.248647],[6.070544,43.248712],[6.070491,43.248696],[6.070529,43.248628]]]]}},{"type":"Feature","properties":{"type":"Bâtiment"},"geometry":{"type":"MultiPolygon","coordinates":[[[[6.069309,43.244952],[6.069211,43.244895],[6.06925,43.244852],[6.069359,43.244918],[6.069388,43.244935],[6.069351,43.244974],[6.069309,43.244952]]]]}},{"type":"Feature","properties":{"type":"Bâtiment"},"geometry":{"type":"MultiPolygon","coordinates":[[[[6.064372,43.239711],[6.064338,43.239701],[6.064372,43.239636],[6.064407,43.239645],[6.064372,43.239711]]]]}},{"type":"Feature","properties":{"type":"Bâtiment"},"geometry":{"type":"MultiPolygon","coordinates":[[[[6.070338,43.241885],[6.070377,43.241908],[6.07033,43.241954],[6.070282,43.241927],[6.070255,43.241953],[6.070176,43.241912],[6.070208,43.24188],[6.070221,43.241888],[6.070306,43.241801],[6.070357,43.24183],[6.070336,43.241849],[6.070361,43.241862],[6.070338,43.241885]]]]}},{"type":"Feature","properties":{"type":"Bâtiment"},"geometry":{"type":"MultiPolygon","coordinates":[[[[6.06996,43.241216],[6.069995,43.241241],[6.070023,43.241218],[6.070097,43.241267],[6.070069,43.241288],[6.070137,43.241332],[6.070049,43.241396],[6.070016,43.241374],[6.069993,43.241394],[6.069929,43.241351],[6.069951,43.241334],[6.069913,43.241309],[6.069929,43.241295],[6.069894,43.241272],[6.06996,43.241216]]]]}},{"type":"Feature","properties":{"type":"Bâtiment"},"geometry":{"type":"MultiPolygon","coordinates":[[[[6.069861,43.239774],[6.069831,43.23973],[6.069807,43.239694],[6.069812,43.239691],[6.069897,43.23966],[6.069954,43.239739],[6.069927,43.239749],[6.069861,43.239774]]]]}},{"type":"Feature","properties":{"type":"Bâtiment"},"geometry":{"type":"MultiPolygon","coordinates":[[[[6.069799,43.239672],[6.069812,43.239691],[6.069807,43.239694],[6.069831,43.23973],[6.069799,43.239743],[6.069787,43.239748],[6.069754,43.23976],[6.06974,43.23974],[6.069726,43.239722],[6.069721,43.239723],[6.069708,43.239706],[6.069799,43.239672]]]]}},{"type":"Feature","properties":{"type":"Bâtiment"},"geometry":{"type":"MultiPolygon","coordinates":[[[[6.069799,43.239743],[6.069831,43.23973],[6.069861,43.239774],[6.069827,43.239786],[6.069799,43.239743]]]]}},{"type":"Feature","properties":{"type":"Bâtiment"},"geometry":{"type":"MultiPolygon","coordinates":[[[[6.069645,43.239754],[6.069721,43.239723],[6.069726,43.239722],[6.06974,43.23974],[6.069754,43.23976],[6.069766,43.239776],[6.069761,43.239778],[6.069735,43.23979],[6.069685,43.239809],[6.069645,43.239754]]]]}},{"type":"Feature","properties":{"type":"Bâtiment"},"geometry":{"type":"MultiPolygon","coordinates":[[[[6.069761,43.239778],[6.069782,43.239806],[6.069797,43.239826],[6.069768,43.239837],[6.069735,43.23979],[6.069761,43.239778]]]]}},{"type":"Feature","properties":{"type":"Bâtiment"},"geometry":{"type":"MultiPolygon","coordinates":[[[[6.069645,43.239754],[6.069685,43.239809],[6.069688,43.239813],[6.069712,43.239843],[6.069673,43.239858],[6.069636,43.239804],[6.069625,43.239807],[6.06962,43.239809],[6.069595,43.239818],[6.069589,43.23982],[6.069558,43.239779],[6.069552,43.239781],[6.069542,43.239767],[6.069632,43.239734],[6.069639,43.239745],[6.069645,43.239754]]]]}},{"type":"Feature","properties":{"type":"Bâtiment"},"geometry":{"type":"MultiPolygon","coordinates":[[[[6.069558,43.239779],[6.069589,43.23982],[6.069595,43.239818],[6.069621,43.239856],[6.069549,43.239884],[6.069521,43.239895],[6.069461,43.239811],[6.069552,43.239781],[6.069558,43.239779]]]]}},{"type":"Feature","properties":{"type":"Bâtiment"},"geometry":{"type":"MultiPolygon","coordinates":[[[[6.069461,43.239811],[6.069521,43.239895],[6.069483,43.239902],[6.069461,43.239811]]]]}},{"type":"Feature","properties":{"type":"Bâtiment"},"geometry":{"type":"MultiPolygon","coordinates":[[[[6.069439,43.239897],[6.069338,43.239883],[6.06935,43.239844],[6.069365,43.239798],[6.069374,43.239798],[6.069461,43.239811],[6.069483,43.239902],[6.069442,43.239895],[6.069439,43.239897]]]]}},{"type":"Feature","properties":{"type":"Bâtiment"},"geometry":{"type":"MultiPolygon","coordinates":[[[[6.069303,43.239837],[6.069262,43.239831],[6.069275,43.239787],[6.069283,43.239759],[6.069381,43.239775],[6.069374,43.239798],[6.069365,43.239798],[6.06935,43.239844],[6.069303,43.239837]]]]}},{"type":"Feature","properties":{"type":"Bâtiment"},"geometry":{"type":"MultiPolygon","coordinates":[[[[6.06929,43.239876],[6.06925,43.23987],[6.069258,43.239846],[6.069262,43.239831],[6.069303,43.239837],[6.06929,43.239876]]]]}},{"type":"Feature","properties":{"type":"Bâtiment"},"geometry":{"type":"MultiPolygon","coordinates":[[[[6.069188,43.239773],[6.069275,43.239787],[6.069262,43.239831],[6.069258,43.239846],[6.069169,43.239834],[6.069188,43.239773]]]]}},{"type":"Feature","properties":{"type":"Bâtiment"},"geometry":{"type":"MultiPolygon","coordinates":[[[[6.069163,43.239856],[6.069064,43.23984],[6.069077,43.239799],[6.069088,43.239761],[6.06909,43.239757],[6.069188,43.239773],[6.069169,43.239834],[6.069163,43.239856]]]]}},{"type":"Feature","properties":{"type":"Bâtiment"},"geometry":{"type":"MultiPolygon","coordinates":[[[[6.069077,43.239799],[6.069038,43.239792],[6.069023,43.23979],[6.069032,43.239754],[6.069041,43.239755],[6.069088,43.239761],[6.069077,43.239799]]]]}},{"type":"Feature","properties":{"type":"Bâtiment"},"geometry":{"type":"MultiPolygon","coordinates":[[[[6.069027,43.239834],[6.068988,43.239828],[6.068993,43.23981],[6.069002,43.239786],[6.069023,43.23979],[6.069038,43.239792],[6.069027,43.239834]]]]}},{"type":"Feature","properties":{"type":"Bâtiment"},"geometry":{"type":"MultiPolygon","coordinates":[[[[6.069038,43.239792],[6.069077,43.239799],[6.069064,43.23984],[6.069027,43.239834],[6.069038,43.239792]]]]}},{"type":"Feature","properties":{"type":"Bâtiment"},"geometry":{"type":"MultiPolygon","coordinates":[[[[6.070547,43.242471],[6.070467,43.242437],[6.070515,43.242377],[6.070586,43.242408],[6.070629,43.242358],[6.070704,43.242389],[6.070637,43.242471],[6.07057,43.242443],[6.070547,43.242471]]]]}},{"type":"Feature","properties":{"type":"Bâtiment"},"geometry":{"type":"MultiPolygon","coordinates":[[[[6.070165,43.239895],[6.070102,43.239882],[6.070181,43.239712],[6.070246,43.239728],[6.070165,43.239895]]]]}},{"type":"Feature","properties":{"type":"Bâtiment"},"geometry":{"type":"MultiPolygon","coordinates":[[[[6.069077,43.24223],[6.069024,43.242128],[6.069142,43.242096],[6.069197,43.242198],[6.069077,43.24223]]]]}},{"type":"Feature","properties":{"type":"Bâtiment"},"geometry":{"type":"MultiPolygon","coordinates":[[[[6.069158,43.242091],[6.069142,43.242096],[6.069024,43.242128],[6.068993,43.242066],[6.069034,43.242054],[6.069023,43.242034],[6.069115,43.242007],[6.069158,43.242091]]]]}},{"type":"Feature","properties":{"type":"Bâtiment"},"geometry":{"type":"MultiPolygon","coordinates":[[[[6.069034,43.242054],[6.068993,43.242066],[6.068982,43.242045],[6.069023,43.242034],[6.069034,43.242054]]]]}},{"type":"Feature","properties":{"type":"Bâtiment"},"geometry":{"type":"MultiPolygon","coordinates":[[[[6.070465,43.242299],[6.070374,43.242251],[6.070402,43.242222],[6.070414,43.242228],[6.070492,43.24215],[6.070568,43.24219],[6.070465,43.242299]]]]}},{"type":"Feature","properties":{"type":"Bâtiment"},"geometry":{"type":"MultiPolygon","coordinates":[[[[6.070826,43.242364],[6.070833,43.242356],[6.070871,43.242314],[6.070908,43.24233],[6.070924,43.242312],[6.070996,43.242342],[6.070986,43.242353],[6.071078,43.242394],[6.071022,43.242455],[6.070826,43.242364]]]]}},{"type":"Feature","properties":{"type":"Bâtiment"},"geometry":{"type":"MultiPolygon","coordinates":[[[[6.070882,43.242302],[6.070871,43.242314],[6.070833,43.242356],[6.070789,43.242337],[6.070784,43.242343],[6.0707,43.242306],[6.07076,43.242237],[6.070842,43.242275],[6.070838,43.24228],[6.070882,43.242302]]]]}},{"type":"Feature","properties":{"type":"Bâtiment"},"geometry":{"type":"MultiPolygon","coordinates":[[[[6.069251,43.242455],[6.069208,43.242368],[6.069248,43.242357],[6.069353,43.242328],[6.069394,43.242416],[6.069251,43.242455]]]]}},{"type":"Feature","properties":{"type":"Bâtiment"},"geometry":{"type":"MultiPolygon","coordinates":[[[[6.069248,43.242357],[6.069208,43.242368],[6.069193,43.242373],[6.069152,43.242304],[6.069218,43.242289],[6.069248,43.242357]]]]}},{"type":"Feature","properties":{"type":"Bâtiment"},"geometry":{"type":"MultiPolygon","coordinates":[[[[6.069353,43.242328],[6.069248,43.242357],[6.069218,43.242289],[6.069311,43.242267],[6.069327,43.242304],[6.06934,43.2423],[6.069353,43.242328]]]]}},{"type":"Feature","properties":{"type":"Bâtiment"},"geometry":{"type":"MultiPolygon","coordinates":[[[[6.070246,43.241602],[6.070302,43.241542],[6.070496,43.241645],[6.070454,43.241684],[6.070407,43.241661],[6.070384,43.241686],[6.070311,43.241648],[6.070321,43.24164],[6.070246,43.241602]]]]}},{"type":"Feature","properties":{"type":"Bâtiment"},"geometry":{"type":"MultiPolygon","coordinates":[[[[6.070352,43.240838],[6.070515,43.240795],[6.070555,43.240879],[6.070503,43.240891],[6.070497,43.240876],[6.070383,43.240906],[6.070352,43.240838]]]]}},{"type":"Feature","properties":{"type":"Bâtiment"},"geometry":{"type":"MultiPolygon","coordinates":[[[[6.070281,43.239669],[6.070302,43.239636],[6.070331,43.23964],[6.07031,43.239676],[6.070281,43.239669]]]]}},{"type":"Feature","properties":{"type":"Bâtiment"},"geometry":{"type":"MultiPolygon","coordinates":[[[[6.070281,43.239669],[6.070263,43.239701],[6.070246,43.239728],[6.070181,43.239712],[6.070223,43.239621],[6.070302,43.239636],[6.070281,43.239669]]]]}},{"type":"Feature","properties":{"type":"Bâtiment"},"geometry":{"type":"MultiPolygon","coordinates":[[[[6.069394,43.240529],[6.069295,43.2406],[6.069097,43.24043],[6.069095,43.240428],[6.069175,43.240375],[6.069329,43.240499],[6.069345,43.240488],[6.069394,43.240529]]]]}},{"type":"Feature","properties":{"type":"Bâtiment"},"geometry":{"type":"MultiPolygon","coordinates":[[[[6.069397,43.240705],[6.069345,43.240661],[6.069374,43.240641],[6.069428,43.240683],[6.069397,43.240705]]]]}},{"type":"Feature","properties":{"type":"Bâtiment"},"geometry":{"type":"MultiPolygon","coordinates":[[[[6.069447,43.240683],[6.069527,43.240612],[6.06961,43.240661],[6.069594,43.240678],[6.069633,43.240701],[6.069652,43.240712],[6.069592,43.240766],[6.069531,43.240725],[6.06952,43.240733],[6.069447,43.240683]]]]}},{"type":"Feature","properties":{"type":"Bâtiment"},"geometry":{"type":"MultiPolygon","coordinates":[[[[6.06961,43.240661],[6.069527,43.240612],[6.06955,43.240593],[6.069632,43.24064],[6.06961,43.240661]]]]}},{"type":"Feature","properties":{"type":"Bâtiment"},"geometry":{"type":"MultiPolygon","coordinates":[[[[6.070675,43.241932],[6.070668,43.241938],[6.070712,43.241959],[6.070666,43.242009],[6.070524,43.241944],[6.070575,43.241886],[6.070675,43.241932]]]]}},{"type":"Feature","properties":{"type":"Bâtiment"},"geometry":{"type":"MultiPolygon","coordinates":[[[[6.069462,43.23966],[6.069403,43.239682],[6.069385,43.239657],[6.06942,43.239644],[6.069446,43.239635],[6.069462,43.23966]]]]}},{"type":"Feature","properties":{"type":"Bâtiment"},"geometry":{"type":"MultiPolygon","coordinates":[[[[6.069417,43.239702],[6.069403,43.239682],[6.069462,43.23966],[6.069478,43.239683],[6.069417,43.239704],[6.069417,43.239702]]]]}},{"type":"Feature","properties":{"type":"Bâtiment"},"geometry":{"type":"MultiPolygon","coordinates":[[[[6.069313,43.239685],[6.069263,43.239616],[6.069295,43.239603],[6.069322,43.239594],[6.069372,43.239575],[6.06942,43.239644],[6.069385,43.239657],[6.069319,43.239682],[6.069313,43.239685]]]]}},{"type":"Feature","properties":{"type":"Bâtiment"},"geometry":{"type":"MultiPolygon","coordinates":[[[[6.069277,43.239535],[6.06933,43.239516],[6.069358,43.239505],[6.069401,43.239563],[6.069372,43.239575],[6.069322,43.239594],[6.069302,43.239568],[6.069277,43.239535]]]]}},{"type":"Feature","properties":{"type":"Bâtiment"},"geometry":{"type":"MultiPolygon","coordinates":[[[[6.06933,43.239516],[6.069277,43.239535],[6.069219,43.239557],[6.069199,43.239528],[6.069172,43.239492],[6.069276,43.239451],[6.069281,43.239449],[6.06933,43.239516]]]]}},{"type":"Feature","properties":{"type":"Bâtiment"},"geometry":{"type":"MultiPolygon","coordinates":[[[[6.069302,43.239568],[6.069245,43.239589],[6.069219,43.239557],[6.069277,43.239535],[6.069302,43.239568]]]]}},{"type":"Feature","properties":{"type":"Bâtiment"},"geometry":{"type":"MultiPolygon","coordinates":[[[[6.069315,43.239404],[6.069335,43.239428],[6.069281,43.239449],[6.069276,43.239451],[6.06926,43.239426],[6.069315,43.239404]]]]}},{"type":"Feature","properties":{"type":"Bâtiment"},"geometry":{"type":"MultiPolygon","coordinates":[[[[6.069167,43.239493],[6.069172,43.239492],[6.069199,43.239528],[6.069151,43.239547],[6.069128,43.239531],[6.069167,43.239493]]]]}},{"type":"Feature","properties":{"type":"Bâtiment"},"geometry":{"type":"MultiPolygon","coordinates":[[[[6.068738,43.240148],[6.068753,43.240151],[6.068811,43.240162],[6.068804,43.24019],[6.068728,43.240176],[6.068738,43.240148]]]]}},{"type":"Feature","properties":{"type":"Bâtiment"},"geometry":{"type":"MultiPolygon","coordinates":[[[[6.068846,43.240103],[6.068861,43.240105],[6.068839,43.240167],[6.068811,43.240162],[6.068753,43.240151],[6.068772,43.240088],[6.068804,43.240094],[6.068846,43.240103]]]]}},{"type":"Feature","properties":{"type":"Bâtiment"},"geometry":{"type":"MultiPolygon","coordinates":[[[[6.068824,43.240029],[6.068804,43.240094],[6.068772,43.240088],[6.068752,43.240084],[6.068723,43.240079],[6.068712,43.240076],[6.068732,43.240013],[6.068754,43.240017],[6.068779,43.240021],[6.068824,43.240029]]]]}},{"type":"Feature","properties":{"type":"Bâtiment"},"geometry":{"type":"MultiPolygon","coordinates":[[[[6.068842,43.240019],[6.068838,43.240032],[6.068824,43.240029],[6.068779,43.240021],[6.068754,43.240017],[6.068765,43.239985],[6.068777,43.239948],[6.06886,43.239963],[6.068842,43.240019]]]]}},{"type":"Feature","properties":{"type":"Bâtiment"},"geometry":{"type":"MultiPolygon","coordinates":[[[[6.068895,43.239969],[6.068903,43.239971],[6.068948,43.23998],[6.068925,43.240048],[6.068882,43.24004],[6.068856,43.240035],[6.068838,43.240032],[6.068842,43.240019],[6.06886,43.239963],[6.068895,43.239969]]]]}},{"type":"Feature","properties":{"type":"Bâtiment"},"geometry":{"type":"MultiPolygon","coordinates":[[[[6.068765,43.239985],[6.068754,43.240017],[6.068732,43.240013],[6.068691,43.240005],[6.0687,43.239974],[6.068765,43.239985]]]]}},{"type":"Feature","properties":{"type":"Bâtiment"},"geometry":{"type":"MultiPolygon","coordinates":[[[[6.069044,43.239997],[6.06903,43.240039],[6.069022,43.240066],[6.068925,43.240048],[6.068948,43.23998],[6.069044,43.239997]]]]}},{"type":"Feature","properties":{"type":"Bâtiment"},"geometry":{"type":"MultiPolygon","coordinates":[[[[6.069068,43.240046],[6.06903,43.240039],[6.069044,43.239997],[6.069059,43.24],[6.069081,43.240005],[6.069068,43.240046]]]]}},{"type":"Feature","properties":{"type":"Bâtiment"},"geometry":{"type":"MultiPolygon","coordinates":[[[[6.069949,43.239967],[6.06992,43.239978],[6.06989,43.239936],[6.069917,43.239925],[6.069949,43.239967]]]]}},{"type":"Feature","properties":{"type":"Bâtiment"},"geometry":{"type":"MultiPolygon","coordinates":[[[[6.06989,43.239936],[6.06992,43.239978],[6.069888,43.23999],[6.069858,43.239947],[6.06989,43.239936]]]]}},{"type":"Feature","properties":{"type":"Bâtiment"},"geometry":{"type":"MultiPolygon","coordinates":[[[[6.069771,43.239982],[6.069858,43.239947],[6.069888,43.23999],[6.069916,43.24003],[6.069832,43.24006],[6.069829,43.240055],[6.069807,43.240022],[6.069799,43.240025],[6.069771,43.239982]]]]}},{"type":"Feature","properties":{"type":"Bâtiment"},"geometry":{"type":"MultiPolygon","coordinates":[[[[6.069829,43.240055],[6.069832,43.24006],[6.069861,43.240103],[6.069768,43.240138],[6.069753,43.240114],[6.06974,43.240097],[6.069724,43.240075],[6.06971,43.240058],[6.069718,43.240054],[6.069799,43.240025],[6.069807,43.240022],[6.069829,43.240055]]]]}},{"type":"Feature","properties":{"type":"Bâtiment"},"geometry":{"type":"MultiPolygon","coordinates":[[[[6.069655,43.240128],[6.069625,43.240086],[6.069597,43.240047],[6.069689,43.240013],[6.069718,43.240054],[6.06971,43.240058],[6.069724,43.240075],[6.06974,43.240097],[6.069655,43.240128]]]]}},{"type":"Feature","properties":{"type":"Bâtiment"},"geometry":{"type":"MultiPolygon","coordinates":[[[[6.069564,43.240058],[6.069597,43.240047],[6.069625,43.240086],[6.069591,43.240098],[6.069564,43.240058]]]]}},{"type":"Feature","properties":{"type":"Bâtiment"},"geometry":{"type":"MultiPolygon","coordinates":[[[[6.069561,43.240109],[6.069532,43.24007],[6.069564,43.240058],[6.069591,43.240098],[6.069561,43.240109]]]]}},{"type":"Feature","properties":{"type":"Bâtiment"},"geometry":{"type":"MultiPolygon","coordinates":[[[[6.070984,43.24089],[6.07096,43.240921],[6.070912,43.240978],[6.070836,43.240946],[6.070851,43.240929],[6.07081,43.24091],[6.070852,43.24086],[6.070892,43.24088],[6.070913,43.240856],[6.070984,43.24089]]]]}},{"type":"Feature","properties":{"type":"Bâtiment"},"geometry":{"type":"MultiPolygon","coordinates":[[[[6.07075,43.241262],[6.070769,43.24124],[6.070817,43.241263],[6.070798,43.241283],[6.07075,43.241262]]]]}},{"type":"Feature","properties":{"type":"Bâtiment"},"geometry":{"type":"MultiPolygon","coordinates":[[[[6.070861,43.241374],[6.070755,43.24133],[6.070775,43.241308],[6.070798,43.241283],[6.070817,43.241263],[6.070863,43.241284],[6.070869,43.241277],[6.070922,43.241303],[6.070861,43.241374]]]]}},{"type":"Feature","properties":{"type":"Bâtiment"},"geometry":{"type":"MultiPolygon","coordinates":[[[[6.070775,43.241308],[6.070755,43.24133],[6.070684,43.241298],[6.070703,43.241276],[6.070775,43.241308]]]]}},{"type":"Feature","properties":{"type":"Bâtiment"},"geometry":{"type":"MultiPolygon","coordinates":[[[[6.069889,43.240603],[6.069921,43.240588],[6.06984,43.240509],[6.069913,43.240471],[6.069954,43.240513],[6.069977,43.240501],[6.07004,43.240566],[6.070014,43.240578],[6.070038,43.240601],[6.069925,43.240663],[6.069898,43.240633],[6.069915,43.240625],[6.069889,43.240603]]]]}},{"type":"Feature","properties":{"type":"Bâtiment"},"geometry":{"type":"MultiPolygon","coordinates":[[[[6.069805,43.242358],[6.069709,43.242308],[6.06974,43.242277],[6.069763,43.242289],[6.069814,43.242233],[6.069978,43.242316],[6.069929,43.242369],[6.069886,43.242346],[6.069879,43.242354],[6.069834,43.242329],[6.069805,43.242358]]]]}},{"type":"Feature","properties":{"type":"Bâtiment"},"geometry":{"type":"MultiPolygon","coordinates":[[[[6.070379,43.242416],[6.070348,43.242448],[6.070285,43.242415],[6.070314,43.242387],[6.070215,43.242335],[6.070281,43.242274],[6.070424,43.242352],[6.070365,43.242408],[6.070379,43.242416]]]]}},{"type":"Feature","properties":{"type":"Bâtiment"},"geometry":{"type":"MultiPolygon","coordinates":[[[[6.070625,43.240885],[6.070578,43.240782],[6.070725,43.240745],[6.070776,43.240846],[6.070724,43.240907],[6.070625,43.240885]]]]}},{"type":"Feature","properties":{"type":"Bâtiment"},"geometry":{"type":"MultiPolygon","coordinates":[[[[6.067942,43.239369],[6.067949,43.239412],[6.067912,43.239416],[6.067905,43.239373],[6.067942,43.239369]]]]}},{"type":"Feature","properties":{"type":"Bâtiment"},"geometry":{"type":"MultiPolygon","coordinates":[[[[6.069261,43.240112],[6.069364,43.240072],[6.069375,43.240085],[6.069386,43.240082],[6.069433,43.24014],[6.069241,43.240215],[6.06921,43.240175],[6.069111,43.240213],[6.069078,43.240171],[6.069177,43.240132],[6.069194,43.240154],[6.069271,43.240124],[6.069261,43.240112]]]]}},{"type":"Feature","properties":{"type":"Bâtiment"},"geometry":{"type":"MultiPolygon","coordinates":[[[[6.068224,43.241359],[6.068253,43.241377],[6.068231,43.241398],[6.068297,43.241443],[6.068323,43.241461],[6.068305,43.241474],[6.06827,43.241452],[6.068181,43.241395],[6.068224,43.241359]]]]}},{"type":"Feature","properties":{"type":"Bâtiment"},"geometry":{"type":"MultiPolygon","coordinates":[[[[6.068231,43.241398],[6.068253,43.241377],[6.068336,43.241429],[6.068351,43.241439],[6.068323,43.241461],[6.068297,43.241443],[6.068231,43.241398]]]]}},{"type":"Feature","properties":{"type":"Bâtiment"},"geometry":{"type":"MultiPolygon","coordinates":[[[[6.068224,43.241359],[6.068181,43.241395],[6.068044,43.241309],[6.068085,43.24127],[6.068224,43.241359]]]]}},{"type":"Feature","properties":{"type":"Bâtiment"},"geometry":{"type":"MultiPolygon","coordinates":[[[[6.06806,43.239571],[6.068112,43.239557],[6.068159,43.239634],[6.068196,43.239627],[6.068211,43.239639],[6.068226,43.239665],[6.068128,43.239694],[6.06806,43.239571]]]]}},{"type":"Feature","properties":{"type":"Bâtiment"},"geometry":{"type":"MultiPolygon","coordinates":[[[[6.0682,43.23962],[6.068211,43.239639],[6.068196,43.239627],[6.068159,43.239634],[6.068112,43.239557],[6.068181,43.239537],[6.0682,43.23957],[6.068271,43.239549],[6.068295,43.239592],[6.0682,43.23962]]]]}},{"type":"Feature","properties":{"type":"Bâtiment"},"geometry":{"type":"MultiPolygon","coordinates":[[[[6.068019,43.241501],[6.068089,43.241472],[6.068119,43.241505],[6.06802,43.24155],[6.067939,43.24145],[6.067969,43.241435],[6.068019,43.241501]]]]}},{"type":"Feature","properties":{"type":"Bâtiment"},"geometry":{"type":"MultiPolygon","coordinates":[[[[6.068061,43.241374],[6.068029,43.241395],[6.067994,43.241417],[6.067977,43.241403],[6.06797,43.241397],[6.068035,43.241353],[6.068061,43.241374]]]]}},{"type":"Feature","properties":{"type":"Bâtiment"},"geometry":{"type":"MultiPolygon","coordinates":[[[[6.068322,43.241764],[6.068272,43.24178],[6.068251,43.241786],[6.068177,43.241667],[6.068297,43.241631],[6.068323,43.241672],[6.068277,43.241686],[6.068322,43.241764]]]]}},{"type":"Feature","properties":{"type":"Bâtiment"},"geometry":{"type":"MultiPolygon","coordinates":[[[[6.068272,43.24178],[6.068322,43.241764],[6.068341,43.241758],[6.068355,43.241782],[6.068287,43.241805],[6.068272,43.24178]]]]}},{"type":"Feature","properties":{"type":"Bâtiment"},"geometry":{"type":"MultiPolygon","coordinates":[[[[6.068356,43.24021],[6.068298,43.240159],[6.068323,43.240141],[6.068307,43.240127],[6.068347,43.240104],[6.068322,43.240083],[6.068366,43.240055],[6.068418,43.240102],[6.068437,43.240089],[6.068485,43.240131],[6.068356,43.24021]]]]}},{"type":"Feature","properties":{"type":"Bâtiment"},"geometry":{"type":"MultiPolygon","coordinates":[[[[6.067956,43.239459],[6.06792,43.239462],[6.067912,43.239416],[6.067949,43.239412],[6.067956,43.239459]]]]}},{"type":"Feature","properties":{"type":"Bâtiment"},"geometry":{"type":"MultiPolygon","coordinates":[[[[6.067711,43.239362],[6.067705,43.239334],[6.067739,43.239332],[6.067765,43.239329],[6.067775,43.239385],[6.067905,43.239373],[6.067912,43.239416],[6.06792,43.239462],[6.067779,43.239475],[6.067774,43.239448],[6.067733,43.239451],[6.06772,43.239397],[6.067711,43.239362]]]]}},{"type":"Feature","properties":{"type":"Bâtiment"},"geometry":{"type":"MultiPolygon","coordinates":[[[[6.067739,43.239332],[6.067705,43.239334],[6.067688,43.239268],[6.067727,43.239258],[6.067739,43.239332]]]]}},{"type":"Feature","properties":{"type":"Bâtiment"},"geometry":{"type":"MultiPolygon","coordinates":[[[[6.067822,43.239174],[6.067832,43.239219],[6.067741,43.239244],[6.067731,43.239195],[6.067707,43.239197],[6.067701,43.239164],[6.067719,43.239162],[6.067703,43.23909],[6.067789,43.23908],[6.067795,43.239114],[6.067902,43.239102],[6.067915,43.239164],[6.067822,43.239174]]]]}},{"type":"Feature","properties":{"type":"Bâtiment"},"geometry":{"type":"MultiPolygon","coordinates":[[[[6.068186,43.240296],[6.068059,43.240385],[6.068008,43.240273],[6.068071,43.24021],[6.068186,43.240296]]]]}},{"type":"Feature","properties":{"type":"Bâtiment"},"geometry":{"type":"MultiPolygon","coordinates":[[[[6.06812,43.240433],[6.068089,43.240452],[6.06808,43.240459],[6.068048,43.240408],[6.068064,43.240395],[6.068071,43.240392],[6.06812,43.240433]]]]}},{"type":"Feature","properties":{"type":"Bâtiment"},"geometry":{"type":"MultiPolygon","coordinates":[[[[6.068205,43.240292],[6.068192,43.240302],[6.068186,43.240296],[6.068071,43.24021],[6.068115,43.240165],[6.068166,43.240196],[6.068202,43.240165],[6.068241,43.240194],[6.068198,43.240229],[6.068293,43.240303],[6.068253,43.240331],[6.068205,43.240292]]]]}},{"type":"Feature","properties":{"type":"Bâtiment"},"geometry":{"type":"MultiPolygon","coordinates":[[[[6.06825,43.240188],[6.068241,43.240194],[6.068202,43.240165],[6.068212,43.240158],[6.06825,43.240188]]]]}},{"type":"Feature","properties":{"type":"Bâtiment"},"geometry":{"type":"MultiPolygon","coordinates":[[[[6.068324,43.240311],[6.068321,43.240295],[6.068364,43.24029],[6.06837,43.240307],[6.068324,43.240311]]]]}},{"type":"Feature","properties":{"type":"Bâtiment"},"geometry":{"type":"MultiPolygon","coordinates":[[[[6.070133,43.242461],[6.070195,43.2424],[6.070238,43.242423],[6.070233,43.242427],[6.070174,43.242483],[6.070147,43.242469],[6.070133,43.242461]]]]}},{"type":"Feature","properties":{"type":"Bâtiment"},"geometry":{"type":"MultiPolygon","coordinates":[[[[6.068523,43.242119],[6.068421,43.242152],[6.068367,43.242066],[6.068414,43.242049],[6.068406,43.242033],[6.068462,43.242013],[6.068452,43.242],[6.068515,43.24198],[6.068508,43.241967],[6.068586,43.241941],[6.068641,43.242026],[6.068497,43.242075],[6.068523,43.242119]]]]}},{"type":"Feature","properties":{"type":"Bâtiment"},"geometry":{"type":"MultiPolygon","coordinates":[[[[6.069461,43.239528],[6.069538,43.239494],[6.069565,43.239483],[6.069568,43.239487],[6.069602,43.239535],[6.069595,43.239538],[6.069668,43.239639],[6.06957,43.239678],[6.069461,43.239528]]]]}},{"type":"Feature","properties":{"type":"Bâtiment"},"geometry":{"type":"MultiPolygon","coordinates":[[[[6.068724,43.239678],[6.068796,43.239621],[6.068886,43.239684],[6.068814,43.239739],[6.068762,43.239704],[6.068724,43.239678]]]]}},{"type":"Feature","properties":{"type":"Bâtiment"},"geometry":{"type":"MultiPolygon","coordinates":[[[[6.068886,43.239684],[6.068796,43.239621],[6.068867,43.239565],[6.068958,43.239629],[6.068886,43.239684]]]]}},{"type":"Feature","properties":{"type":"Bâtiment"},"geometry":{"type":"MultiPolygon","coordinates":[[[[6.068814,43.239739],[6.068786,43.23976],[6.068735,43.239726],[6.068762,43.239704],[6.068814,43.239739]]]]}},{"type":"Feature","properties":{"type":"Bâtiment"},"geometry":{"type":"MultiPolygon","coordinates":[[[[6.068924,43.239522],[6.069002,43.239577],[6.068985,43.23959],[6.068953,43.239615],[6.068874,43.23956],[6.068924,43.239522]]]]}},{"type":"Feature","properties":{"type":"Bâtiment"},"geometry":{"type":"MultiPolygon","coordinates":[[[[6.068759,43.239781],[6.068709,43.239748],[6.068735,43.239726],[6.068786,43.23976],[6.068759,43.239781]]]]}},{"type":"Feature","properties":{"type":"Bâtiment"},"geometry":{"type":"MultiPolygon","coordinates":[[[[6.068998,43.239465],[6.069082,43.239517],[6.06903,43.239556],[6.069002,43.239577],[6.068924,43.239522],[6.068998,43.239465]]]]}},{"type":"Feature","properties":{"type":"Bâtiment"},"geometry":{"type":"MultiPolygon","coordinates":[[[[6.069082,43.239517],[6.068998,43.239465],[6.069058,43.239419],[6.069135,43.239477],[6.069082,43.239517]]]]}},{"type":"Feature","properties":{"type":"Bâtiment"},"geometry":{"type":"MultiPolygon","coordinates":[[[[6.069123,43.239369],[6.069183,43.23944],[6.069157,43.23946],[6.069135,43.239477],[6.069058,43.239419],[6.069123,43.239369]]]]}},{"type":"Feature","properties":{"type":"Bâtiment"},"geometry":{"type":"MultiPolygon","coordinates":[[[[6.069183,43.23944],[6.069123,43.239369],[6.069195,43.239313],[6.069253,43.239387],[6.069183,43.23944]]]]}},{"type":"Feature","properties":{"type":"Bâtiment"},"geometry":{"type":"MultiPolygon","coordinates":[[[[6.069253,43.239387],[6.069195,43.239313],[6.069265,43.239259],[6.069322,43.239335],[6.069253,43.239387]]]]}},{"type":"Feature","properties":{"type":"Bâtiment"},"geometry":{"type":"MultiPolygon","coordinates":[[[[6.069401,43.23924],[6.069425,43.239268],[6.069379,43.239298],[6.069367,43.239306],[6.069322,43.239335],[6.069265,43.239259],[6.069357,43.239187],[6.069401,43.23924]]]]}},{"type":"Feature","properties":{"type":"Bâtiment"},"geometry":{"type":"MultiPolygon","coordinates":[[[[6.069538,43.239446],[6.069565,43.239483],[6.069538,43.239494],[6.069509,43.239459],[6.069538,43.239446]]]]}},{"type":"Feature","properties":{"type":"Bâtiment"},"geometry":{"type":"MultiPolygon","coordinates":[[[[6.069401,43.23924],[6.069357,43.239187],[6.069406,43.239148],[6.069474,43.239237],[6.069442,43.239257],[6.069425,43.239268],[6.069401,43.23924]]]]}},{"type":"Feature","properties":{"type":"Bâtiment"},"geometry":{"type":"MultiPolygon","coordinates":[[[[6.069571,43.239254],[6.069477,43.239302],[6.069442,43.239257],[6.069474,43.239237],[6.069501,43.239219],[6.069514,43.239232],[6.069544,43.239217],[6.069571,43.239254]]]]}},{"type":"Feature","properties":{"type":"Bâtiment"},"geometry":{"type":"MultiPolygon","coordinates":[[[[6.069425,43.239268],[6.069442,43.239257],[6.069477,43.239302],[6.069462,43.23931],[6.069425,43.239268]]]]}},{"type":"Feature","properties":{"type":"Bâtiment"},"geometry":{"type":"MultiPolygon","coordinates":[[[[6.069463,43.239104],[6.069544,43.239217],[6.069514,43.239232],[6.069501,43.239219],[6.069474,43.239237],[6.069406,43.239148],[6.069463,43.239104]]]]}},{"type":"Feature","properties":{"type":"Bâtiment"},"geometry":{"type":"MultiPolygon","coordinates":[[[[6.069506,43.239405],[6.069476,43.239418],[6.069466,43.239405],[6.069494,43.239391],[6.069506,43.239405]]]]}},{"type":"Feature","properties":{"type":"Bâtiment"},"geometry":{"type":"MultiPolygon","coordinates":[[[[6.069477,43.239363],[6.069501,43.239352],[6.069514,43.239368],[6.069458,43.239394],[6.069444,43.239378],[6.069477,43.239363]]]]}},{"type":"Feature","properties":{"type":"Bâtiment"},"geometry":{"type":"MultiPolygon","coordinates":[[[[6.069477,43.23942],[6.069476,43.239418],[6.069506,43.239405],[6.069534,43.239392],[6.069637,43.239345],[6.069669,43.239389],[6.069538,43.239446],[6.069509,43.239459],[6.069477,43.23942]]]]}},{"type":"Feature","properties":{"type":"Bâtiment"},"geometry":{"type":"MultiPolygon","coordinates":[[[[6.0695,43.239331],[6.069512,43.239347],[6.069501,43.239352],[6.069477,43.239363],[6.069466,43.239347],[6.0695,43.239331]]]]}},{"type":"Feature","properties":{"type":"Bâtiment"},"geometry":{"type":"MultiPolygon","coordinates":[[[[6.069571,43.239254],[6.069605,43.239303],[6.069512,43.239347],[6.0695,43.239331],[6.069477,43.239302],[6.069571,43.239254]]]]}},{"type":"Feature","properties":{"type":"Bâtiment"},"geometry":{"type":"MultiPolygon","coordinates":[[[[6.069514,43.239368],[6.069501,43.239352],[6.069512,43.239347],[6.069605,43.239303],[6.069637,43.239345],[6.069534,43.239392],[6.069514,43.239368]]]]}},{"type":"Feature","properties":{"type":"Bâtiment"},"geometry":{"type":"MultiPolygon","coordinates":[[[[6.069538,43.239446],[6.069669,43.239389],[6.069701,43.239432],[6.069568,43.239487],[6.069565,43.239483],[6.069538,43.239446]]]]}},{"type":"Feature","properties":{"type":"Bâtiment"},"geometry":{"type":"MultiPolygon","coordinates":[[[[6.069842,43.242207],[6.069946,43.242111],[6.069994,43.242136],[6.07006,43.242172],[6.06996,43.24227],[6.069842,43.242207]]]]}},{"type":"Feature","properties":{"type":"Bâtiment"},"geometry":{"type":"MultiPolygon","coordinates":[[[[6.070012,43.242121],[6.069994,43.242136],[6.069946,43.242111],[6.069962,43.242094],[6.070012,43.242121]]]]}},{"type":"Feature","properties":{"type":"Bâtiment"},"geometry":{"type":"MultiPolygon","coordinates":[[[[6.070008,43.242069],[6.070106,43.241973],[6.070222,43.242034],[6.070119,43.242135],[6.070008,43.242069]]]]}},{"type":"Feature","properties":{"type":"Bâtiment"},"geometry":{"type":"MultiPolygon","coordinates":[[[[6.068605,43.242412],[6.068695,43.242377],[6.068705,43.242392],[6.068735,43.242381],[6.068724,43.242366],[6.06872,43.242359],[6.068753,43.242345],[6.06879,43.242401],[6.068761,43.242411],[6.068794,43.242452],[6.068669,43.2425],[6.068605,43.242412]]]]}},{"type":"Feature","properties":{"type":"Bâtiment"},"geometry":{"type":"MultiPolygon","coordinates":[[[[6.068724,43.242366],[6.068735,43.242381],[6.068705,43.242392],[6.068695,43.242377],[6.068724,43.242366]]]]}},{"type":"Feature","properties":{"type":"Bâtiment"},"geometry":{"type":"MultiPolygon","coordinates":[[[[6.069558,43.242086],[6.069618,43.242036],[6.069734,43.242113],[6.069673,43.242163],[6.069558,43.242086]]]]}},{"type":"Feature","properties":{"type":"Bâtiment"},"geometry":{"type":"MultiPolygon","coordinates":[[[[6.069502,43.24196],[6.069575,43.242008],[6.069618,43.242036],[6.069558,43.242086],[6.069443,43.242008],[6.069502,43.24196]]]]}},{"type":"Feature","properties":{"type":"Bâtiment"},"geometry":{"type":"MultiPolygon","coordinates":[[[[6.069575,43.242008],[6.069502,43.24196],[6.069519,43.241946],[6.069591,43.241992],[6.069575,43.242008]]]]}},{"type":"Feature","properties":{"type":"Bâtiment"},"geometry":{"type":"MultiPolygon","coordinates":[[[[6.0647,43.242298],[6.064692,43.242296],[6.064689,43.242295],[6.064685,43.242294],[6.064696,43.242271],[6.064708,43.242273],[6.064722,43.242241],[6.064756,43.242249],[6.064774,43.242209],[6.06487,43.242232],[6.06488,43.242211],[6.064936,43.242223],[6.06489,43.242322],[6.064829,43.242307],[6.064834,43.242294],[6.064789,43.242283],[6.064775,43.242315],[6.064703,43.242298],[6.0647,43.242298]]]]}},{"type":"Feature","properties":{"type":"Bâtiment"},"geometry":{"type":"MultiPolygon","coordinates":[[[[6.064655,43.242287],[6.064685,43.242294],[6.064689,43.242295],[6.064692,43.242296],[6.0647,43.242298],[6.064703,43.242298],[6.064671,43.24237],[6.064625,43.24236],[6.064655,43.242287]]]]}},{"type":"Feature","properties":{"type":"Bâtiment"},"geometry":{"type":"MultiPolygon","coordinates":[[[[6.067677,43.242538],[6.067605,43.242502],[6.067574,43.242522],[6.067516,43.242483],[6.067592,43.242422],[6.067677,43.242469],[6.067774,43.242434],[6.067795,43.242459],[6.067842,43.242443],[6.067883,43.242509],[6.067705,43.242572],[6.067677,43.242538]]]]}},{"type":"Feature","properties":{"type":"Bâtiment"},"geometry":{"type":"MultiPolygon","coordinates":[[[[6.067026,43.242185],[6.067043,43.242267],[6.06694,43.242277],[6.066942,43.242293],[6.066849,43.242304],[6.066839,43.242264],[6.066879,43.24226],[6.066862,43.242177],[6.066917,43.242172],[6.066919,43.242179],[6.066984,43.242173],[6.066986,43.242189],[6.067026,43.242185]]]]}},{"type":"Feature","properties":{"type":"Bâtiment"},"geometry":{"type":"MultiPolygon","coordinates":[[[[6.067944,43.240429],[6.067968,43.240448],[6.067994,43.240468],[6.06798,43.240478],[6.067967,43.240487],[6.067812,43.240377],[6.067877,43.240335],[6.067911,43.240361],[6.067943,43.240411],[6.067953,43.240419],[6.067944,43.240429]]]]}},{"type":"Feature","properties":{"type":"Bâtiment"},"geometry":{"type":"MultiPolygon","coordinates":[[[[6.068316,43.24001],[6.068362,43.239883],[6.068434,43.239899],[6.068411,43.239954],[6.068384,43.240026],[6.068316,43.24001]]]]}},{"type":"Feature","properties":{"type":"Bâtiment"},"geometry":{"type":"MultiPolygon","coordinates":[[[[6.066189,43.240951],[6.066143,43.240977],[6.06608,43.240923],[6.066128,43.240893],[6.066189,43.240951]]]]}},{"type":"Feature","properties":{"type":"Bâtiment"},"geometry":{"type":"MultiPolygon","coordinates":[[[[6.066085,43.240853],[6.066167,43.240773],[6.06621,43.240802],[6.066162,43.240849],[6.0662,43.240878],[6.06622,43.240867],[6.066314,43.240949],[6.06623,43.24099],[6.066189,43.240951],[6.066128,43.240893],[6.066085,43.240853]]]]}},{"type":"Feature","properties":{"type":"Bâtiment"},"geometry":{"type":"MultiPolygon","coordinates":[[[[6.067249,43.239741],[6.06727,43.239769],[6.067248,43.239781],[6.067257,43.239788],[6.067219,43.239793],[6.0672,43.239777],[6.067206,43.23975],[6.067234,43.239738],[6.067249,43.239741]]]]}},{"type":"Feature","properties":{"type":"Bâtiment"},"geometry":{"type":"MultiPolygon","coordinates":[[[[6.067248,43.239781],[6.06727,43.239769],[6.067316,43.239742],[6.067333,43.239756],[6.067351,43.239745],[6.067432,43.239812],[6.067454,43.239797],[6.067447,43.239789],[6.067442,43.239779],[6.067442,43.239768],[6.067445,43.239758],[6.067453,43.239749],[6.067464,43.239743],[6.067476,43.239738],[6.067491,43.239736],[6.067505,43.239738],[6.067518,43.239743],[6.067633,43.239844],[6.067626,43.239863],[6.067662,43.239899],[6.067694,43.239893],[6.067744,43.239942],[6.067723,43.239978],[6.067574,43.240068],[6.067416,43.239929],[6.067406,43.239935],[6.067328,43.239865],[6.067337,43.23986],[6.067257,43.239788],[6.067248,43.239781]]]]}},{"type":"Feature","properties":{"type":"Bâtiment"},"geometry":{"type":"MultiPolygon","coordinates":[[[[6.065883,43.242386],[6.065902,43.242412],[6.065846,43.242434],[6.065827,43.242409],[6.065883,43.242386]]]]}},{"type":"Feature","properties":{"type":"Bâtiment"},"geometry":{"type":"MultiPolygon","coordinates":[[[[6.065846,43.242434],[6.065902,43.242412],[6.065955,43.242482],[6.065807,43.24254],[6.065756,43.242471],[6.065846,43.242434]]]]}},{"type":"Feature","properties":{"type":"Bâtiment"},"geometry":{"type":"MultiPolygon","coordinates":[[[[6.067668,43.242215],[6.067632,43.242219],[6.067633,43.24224],[6.067328,43.242277],[6.067306,43.242191],[6.067392,43.242179],[6.067398,43.242206],[6.067526,43.242188],[6.067525,43.242179],[6.067623,43.242167],[6.067687,43.242159],[6.067694,43.242213],[6.067668,43.242215]]]]}},{"type":"Feature","properties":{"type":"Bâtiment"},"geometry":{"type":"MultiPolygon","coordinates":[[[[6.065249,43.2395],[6.065241,43.239456],[6.065414,43.239438],[6.065429,43.239543],[6.065292,43.239554],[6.065288,43.239499],[6.065249,43.2395]]]]}},{"type":"Feature","properties":{"type":"Bâtiment"},"geometry":{"type":"MultiPolygon","coordinates":[[[[6.067377,43.239615],[6.067353,43.239618],[6.067344,43.239571],[6.067332,43.239573],[6.067329,43.239555],[6.067349,43.239552],[6.067341,43.239508],[6.067374,43.239505],[6.067382,43.239549],[6.067365,43.239551],[6.067377,43.239615]]]]}},{"type":"Feature","properties":{"type":"Bâtiment"},"geometry":{"type":"MultiPolygon","coordinates":[[[[6.067352,43.239647],[6.06729,43.239653],[6.067284,43.239625],[6.067347,43.239619],[6.067352,43.239647]]]]}},{"type":"Feature","properties":{"type":"Bâtiment"},"geometry":{"type":"MultiPolygon","coordinates":[[[[6.067353,43.239618],[6.067347,43.239619],[6.067284,43.239625],[6.06729,43.239653],[6.067226,43.239659],[6.067216,43.239606],[6.067254,43.239602],[6.067238,43.239518],[6.067341,43.239508],[6.067349,43.239552],[6.067329,43.239555],[6.067332,43.239573],[6.067344,43.239571],[6.067353,43.239618]]]]}},{"type":"Feature","properties":{"type":"Bâtiment"},"geometry":{"type":"MultiPolygon","coordinates":[[[[6.065615,43.242103],[6.065557,43.242062],[6.065625,43.242011],[6.065611,43.242003],[6.065685,43.241945],[6.065736,43.241981],[6.06589,43.241983],[6.065885,43.242053],[6.065689,43.242047],[6.065615,43.242103]]]]}},{"type":"Feature","properties":{"type":"Bâtiment"},"geometry":{"type":"MultiPolygon","coordinates":[[[[6.065634,43.240313],[6.06551,43.240277],[6.065542,43.240224],[6.065592,43.240238],[6.065688,43.240195],[6.065763,43.240265],[6.065729,43.240283],[6.065709,43.240264],[6.065643,43.240298],[6.065634,43.240313]]]]}},{"type":"Feature","properties":{"type":"Bâtiment"},"geometry":{"type":"MultiPolygon","coordinates":[[[[6.067231,43.242057],[6.067247,43.242102],[6.067198,43.242107],[6.067182,43.242056],[6.067209,43.242004],[6.067256,43.242019],[6.067231,43.242057]]]]}},{"type":"Feature","properties":{"type":"Bâtiment"},"geometry":{"type":"MultiPolygon","coordinates":[[[[6.064763,43.241548],[6.064843,43.241617],[6.064809,43.241637],[6.064803,43.241631],[6.064768,43.241651],[6.064796,43.241675],[6.064709,43.241729],[6.064631,43.241663],[6.064748,43.24159],[6.064723,43.24157],[6.064763,43.241548]]]]}},{"type":"Feature","properties":{"type":"Bâtiment"},"geometry":{"type":"MultiPolygon","coordinates":[[[[6.065152,43.239884],[6.065189,43.239881],[6.065198,43.23994],[6.065161,43.239944],[6.065152,43.239884]]]]}},{"type":"Feature","properties":{"type":"Bâtiment"},"geometry":{"type":"MultiPolygon","coordinates":[[[[6.065353,43.239922],[6.065198,43.23994],[6.065189,43.239881],[6.065186,43.23986],[6.065336,43.239844],[6.065353,43.239922]]]]}},{"type":"Feature","properties":{"type":"Bâtiment"},"geometry":{"type":"MultiPolygon","coordinates":[[[[6.065445,43.239956],[6.065413,43.239957],[6.06541,43.239935],[6.065374,43.23994],[6.065365,43.239901],[6.065431,43.239893],[6.065445,43.239956]]]]}},{"type":"Feature","properties":{"type":"Bâtiment"},"geometry":{"type":"MultiPolygon","coordinates":[[[[6.065116,43.239842],[6.065111,43.239803],[6.065141,43.239799],[6.065146,43.23984],[6.065116,43.239842]]]]}},{"type":"Feature","properties":{"type":"Bâtiment"},"geometry":{"type":"MultiPolygon","coordinates":[[[[6.065053,43.242123],[6.065042,43.242131],[6.064952,43.24217],[6.064922,43.242132],[6.065012,43.242093],[6.065025,43.242065],[6.065071,43.242075],[6.065053,43.242123]]]]}},{"type":"Feature","properties":{"type":"Bâtiment"},"geometry":{"type":"MultiPolygon","coordinates":[[[[6.066982,43.241903],[6.06695,43.241915],[6.066902,43.24182],[6.066977,43.241806],[6.067009,43.241864],[6.067073,43.24185],[6.067127,43.241919],[6.067062,43.241955],[6.066982,43.241903]]]]}},{"type":"Feature","properties":{"type":"Bâtiment"},"geometry":{"type":"MultiPolygon","coordinates":[[[[6.067806,43.241952],[6.067754,43.241875],[6.067853,43.241839],[6.067905,43.241917],[6.067806,43.241952]]]]}},{"type":"Feature","properties":{"type":"Bâtiment"},"geometry":{"type":"MultiPolygon","coordinates":[[[[6.066741,43.241411],[6.066771,43.241367],[6.066867,43.241401],[6.066849,43.241425],[6.066836,43.241445],[6.066741,43.241411]]]]}},{"type":"Feature","properties":{"type":"Bâtiment"},"geometry":{"type":"MultiPolygon","coordinates":[[[[6.066867,43.241401],[6.066873,43.241391],[6.066901,43.241402],[6.066892,43.241414],[6.06695,43.241438],[6.066934,43.241457],[6.066849,43.241425],[6.066867,43.241401]]]]}},{"type":"Feature","properties":{"type":"Bâtiment"},"geometry":{"type":"MultiPolygon","coordinates":[[[[6.066867,43.241401],[6.066771,43.241367],[6.066808,43.24132],[6.066974,43.241379],[6.066945,43.241419],[6.066901,43.241402],[6.066873,43.241391],[6.066867,43.241401]]]]}},{"type":"Feature","properties":{"type":"Bâtiment"},"geometry":{"type":"MultiPolygon","coordinates":[[[[6.067415,43.2415],[6.067482,43.241406],[6.067717,43.241488],[6.067659,43.241582],[6.067415,43.2415]]]]}},{"type":"Feature","properties":{"type":"Bâtiment"},"geometry":{"type":"MultiPolygon","coordinates":[[[[6.065844,43.241098],[6.065904,43.24109],[6.065784,43.241185],[6.065747,43.241219],[6.065724,43.241222],[6.065717,43.241205],[6.065677,43.24121],[6.065658,43.241129],[6.065672,43.241117],[6.065701,43.241113],[6.065844,43.241098]]]]}},{"type":"Feature","properties":{"type":"Bâtiment"},"geometry":{"type":"MultiPolygon","coordinates":[[[[6.065898,43.241055],[6.065904,43.24109],[6.065844,43.241098],[6.065837,43.24106],[6.065898,43.241055]]]]}},{"type":"Feature","properties":{"type":"Bâtiment"},"geometry":{"type":"MultiPolygon","coordinates":[[[[6.065717,43.241205],[6.065724,43.241222],[6.065747,43.241219],[6.065698,43.241266],[6.065545,43.241355],[6.065513,43.241322],[6.065519,43.241318],[6.06568,43.241225],[6.065677,43.24121],[6.065717,43.241205]]]]}},{"type":"Feature","properties":{"type":"Bâtiment"},"geometry":{"type":"MultiPolygon","coordinates":[[[[6.066672,43.241037],[6.066617,43.240999],[6.066674,43.240955],[6.066729,43.240992],[6.066672,43.241037]]]]}},{"type":"Feature","properties":{"type":"Bâtiment"},"geometry":{"type":"MultiPolygon","coordinates":[[[[6.066608,43.241006],[6.06652,43.240944],[6.066594,43.240899],[6.066674,43.240955],[6.066617,43.240999],[6.066608,43.241006]]]]}},{"type":"Feature","properties":{"type":"Bâtiment"},"geometry":{"type":"MultiPolygon","coordinates":[[[[6.066577,43.241175],[6.066334,43.241108],[6.066281,43.241093],[6.066306,43.241041],[6.066312,43.241028],[6.066371,43.241004],[6.066389,43.241009],[6.06638,43.241028],[6.0664,43.241033],[6.06641,43.241016],[6.06643,43.241021],[6.066421,43.24104],[6.066524,43.241072],[6.066533,43.241075],[6.066569,43.241086],[6.066617,43.241101],[6.066664,43.241115],[6.066654,43.241133],[6.066624,43.241188],[6.066581,43.241177],[6.066577,43.241175]]]]}},{"type":"Feature","properties":{"type":"Bâtiment"},"geometry":{"type":"MultiPolygon","coordinates":[[[[6.065409,43.242211],[6.065335,43.242213],[6.065335,43.242185],[6.065321,43.242184],[6.065317,43.24211],[6.065374,43.242109],[6.065376,43.242135],[6.065405,43.242137],[6.065409,43.242211]]]]}},{"type":"Feature","properties":{"type":"Bâtiment"},"geometry":{"type":"MultiPolygon","coordinates":[[[[6.065304,43.242379],[6.065338,43.242439],[6.06523,43.242474],[6.065197,43.242416],[6.065304,43.242379]]]]}},{"type":"Feature","properties":{"type":"Bâtiment"},"geometry":{"type":"MultiPolygon","coordinates":[[[[6.065203,43.239771],[6.065073,43.239786],[6.065065,43.239751],[6.065106,43.239747],[6.0651,43.239715],[6.065175,43.239707],[6.065181,43.239737],[6.065197,43.239736],[6.065203,43.239771]]]]}},{"type":"Feature","properties":{"type":"Bâtiment"},"geometry":{"type":"MultiPolygon","coordinates":[[[[6.064791,43.239923],[6.064635,43.239872],[6.064682,43.239794],[6.064764,43.239818],[6.064777,43.239796],[6.064855,43.239819],[6.064791,43.239923]]]]}},{"type":"Feature","properties":{"type":"Bâtiment"},"geometry":{"type":"MultiPolygon","coordinates":[[[[6.064791,43.239923],[6.064855,43.239819],[6.064882,43.239827],[6.064813,43.239948],[6.064628,43.239886],[6.064635,43.239872],[6.064791,43.239923]]]]}},{"type":"Feature","properties":{"type":"Bâtiment"},"geometry":{"type":"MultiPolygon","coordinates":[[[[6.064675,43.239745],[6.064702,43.239698],[6.064752,43.239722],[6.064737,43.23975],[6.064729,43.239765],[6.064675,43.239745]]]]}},{"type":"Feature","properties":{"type":"Bâtiment"},"geometry":{"type":"MultiPolygon","coordinates":[[[[6.064737,43.23975],[6.064752,43.239722],[6.064812,43.239737],[6.064791,43.239769],[6.064737,43.23975]]]]}},{"type":"Feature","properties":{"type":"Bâtiment"},"geometry":{"type":"MultiPolygon","coordinates":[[[[6.066721,43.23955],[6.066632,43.239514],[6.066639,43.239475],[6.066631,43.239475],[6.066645,43.239397],[6.066633,43.239395],[6.066643,43.239346],[6.066741,43.239356],[6.066732,43.239404],[6.066747,43.239406],[6.066721,43.23955]]]]}},{"type":"Feature","properties":{"type":"Bâtiment"},"geometry":{"type":"MultiPolygon","coordinates":[[[[6.065865,43.239653],[6.065756,43.239595],[6.065827,43.239522],[6.065836,43.239526],[6.065852,43.23951],[6.065951,43.239562],[6.065936,43.239581],[6.065865,43.239653]]]]}},{"type":"Feature","properties":{"type":"Bâtiment"},"geometry":{"type":"MultiPolygon","coordinates":[[[[6.069306,43.238113],[6.069266,43.238086],[6.069274,43.23801],[6.069377,43.238015],[6.069365,43.238093],[6.069317,43.238117],[6.069306,43.238113]]]]}},{"type":"Feature","properties":{"type":"Bâtiment"},"geometry":{"type":"MultiPolygon","coordinates":[[[[6.06903,43.238656],[6.068967,43.238576],[6.069002,43.238561],[6.068995,43.238552],[6.069035,43.238536],[6.069104,43.238625],[6.06903,43.238656]]]]}},{"type":"Feature","properties":{"type":"Bâtiment"},"geometry":{"type":"MultiPolygon","coordinates":[[[[6.070503,43.238026],[6.07061,43.237953],[6.070628,43.238014],[6.070456,43.238145],[6.070411,43.238089],[6.070503,43.238026]]]]}},{"type":"Feature","properties":{"type":"Bâtiment"},"geometry":{"type":"MultiPolygon","coordinates":[[[[6.070649,43.238083],[6.070546,43.238163],[6.070499,43.238201],[6.070456,43.238145],[6.070628,43.238014],[6.070649,43.238083]]]]}},{"type":"Feature","properties":{"type":"Bâtiment"},"geometry":{"type":"MultiPolygon","coordinates":[[[[6.070664,43.238135],[6.070581,43.2382],[6.070546,43.238163],[6.070649,43.238083],[6.070664,43.238135]]]]}},{"type":"Feature","properties":{"type":"Bâtiment"},"geometry":{"type":"MultiPolygon","coordinates":[[[[6.07053,43.238241],[6.070499,43.238201],[6.070546,43.238163],[6.070581,43.2382],[6.07053,43.238241]]]]}},{"type":"Feature","properties":{"type":"Bâtiment"},"geometry":{"type":"MultiPolygon","coordinates":[[[[6.070196,43.238052],[6.070253,43.238091],[6.070212,43.238119],[6.070156,43.238078],[6.070196,43.238052]]]]}},{"type":"Feature","properties":{"type":"Bâtiment"},"geometry":{"type":"MultiPolygon","coordinates":[[[[6.070129,43.238192],[6.070097,43.238173],[6.070046,43.238142],[6.070102,43.23811],[6.070114,43.238104],[6.070174,43.238145],[6.070178,43.238148],[6.070157,43.238172],[6.070129,43.238192]]]]}},{"type":"Feature","properties":{"type":"Bâtiment"},"geometry":{"type":"MultiPolygon","coordinates":[[[[6.070174,43.238145],[6.070114,43.238104],[6.070156,43.238078],[6.070212,43.238119],[6.070174,43.238145]]]]}},{"type":"Feature","properties":{"type":"Bâtiment"},"geometry":{"type":"MultiPolygon","coordinates":[[[[6.070157,43.238172],[6.070178,43.238148],[6.070223,43.238178],[6.07018,43.238223],[6.070129,43.238192],[6.070157,43.238172]]]]}},{"type":"Feature","properties":{"type":"Bâtiment"},"geometry":{"type":"MultiPolygon","coordinates":[[[[6.070097,43.238173],[6.070129,43.238192],[6.07018,43.238223],[6.070156,43.238243],[6.070072,43.238194],[6.070097,43.238173]]]]}},{"type":"Feature","properties":{"type":"Bâtiment"},"geometry":{"type":"MultiPolygon","coordinates":[[[[6.070261,43.23813],[6.070329,43.238181],[6.070277,43.238217],[6.070252,43.2382],[6.070265,43.238184],[6.070234,43.238164],[6.070256,43.238134],[6.070261,43.23813]]]]}},{"type":"Feature","properties":{"type":"Bâtiment"},"geometry":{"type":"MultiPolygon","coordinates":[[[[6.070339,43.238073],[6.070388,43.238141],[6.070329,43.238181],[6.070261,43.23813],[6.070339,43.238073]]]]}},{"type":"Feature","properties":{"type":"Bâtiment"},"geometry":{"type":"MultiPolygon","coordinates":[[[[6.070329,43.238181],[6.070388,43.238141],[6.070423,43.238186],[6.070331,43.238252],[6.070277,43.238217],[6.070329,43.238181]]]]}},{"type":"Feature","properties":{"type":"Bâtiment"},"geometry":{"type":"MultiPolygon","coordinates":[[[[6.070277,43.238217],[6.070331,43.238252],[6.07037,43.238278],[6.070434,43.238321],[6.070384,43.238362],[6.070226,43.238252],[6.070277,43.238217]]]]}},{"type":"Feature","properties":{"type":"Bâtiment"},"geometry":{"type":"MultiPolygon","coordinates":[[[[6.070492,43.238271],[6.070434,43.238321],[6.07037,43.238278],[6.07045,43.238222],[6.070492,43.238271]]]]}},{"type":"Feature","properties":{"type":"Bâtiment"},"geometry":{"type":"MultiPolygon","coordinates":[[[[6.070226,43.238252],[6.070384,43.238362],[6.070333,43.238403],[6.070178,43.238287],[6.070226,43.238252]]]]}},{"type":"Feature","properties":{"type":"Bâtiment"},"geometry":{"type":"MultiPolygon","coordinates":[[[[6.07045,43.238222],[6.07037,43.238278],[6.070331,43.238252],[6.070423,43.238186],[6.07045,43.238222]]]]}},{"type":"Feature","properties":{"type":"Bâtiment"},"geometry":{"type":"MultiPolygon","coordinates":[[[[6.070284,43.238444],[6.07012,43.238329],[6.070178,43.238287],[6.070333,43.238403],[6.070284,43.238444]]]]}},{"type":"Feature","properties":{"type":"Bâtiment"},"geometry":{"type":"MultiPolygon","coordinates":[[[[6.070178,43.238531],[6.070029,43.238427],[6.070022,43.238422],[6.070018,43.23842],[6.070008,43.238413],[6.07012,43.238329],[6.070284,43.238444],[6.070178,43.238531]]]]}},{"type":"Feature","properties":{"type":"Bâtiment"},"geometry":{"type":"MultiPolygon","coordinates":[[[[6.070029,43.238427],[6.070178,43.238531],[6.070119,43.23858],[6.069965,43.238463],[6.070029,43.238427]]]]}},{"type":"Feature","properties":{"type":"Bâtiment"},"geometry":{"type":"MultiPolygon","coordinates":[[[[6.069965,43.238463],[6.070119,43.23858],[6.070069,43.238621],[6.069993,43.238559],[6.069964,43.238535],[6.069915,43.238495],[6.069913,43.238494],[6.069965,43.238463]]]]}},{"type":"Feature","properties":{"type":"Bâtiment"},"geometry":{"type":"MultiPolygon","coordinates":[[[[6.06949,43.238896],[6.069564,43.238965],[6.069499,43.238999],[6.069425,43.238926],[6.06949,43.238896]]]]}},{"type":"Feature","properties":{"type":"Bâtiment"},"geometry":{"type":"MultiPolygon","coordinates":[[[[6.070069,43.238621],[6.070006,43.238668],[6.069923,43.238602],[6.069976,43.238568],[6.069993,43.238559],[6.070069,43.238621]]]]}},{"type":"Feature","properties":{"type":"Bâtiment"},"geometry":{"type":"MultiPolygon","coordinates":[[[[6.069871,43.238617],[6.06991,43.238591],[6.069923,43.238602],[6.070006,43.238668],[6.069967,43.238699],[6.069871,43.238617]]]]}},{"type":"Feature","properties":{"type":"Bâtiment"},"geometry":{"type":"MultiPolygon","coordinates":[[[[6.069844,43.238539],[6.069893,43.238577],[6.06991,43.238591],[6.069871,43.238617],[6.069967,43.238699],[6.069953,43.23871],[6.069862,43.238636],[6.069785,43.238572],[6.069839,43.238535],[6.069844,43.238539]]]]}},{"type":"Feature","properties":{"type":"Bâtiment"},"geometry":{"type":"MultiPolygon","coordinates":[[[[6.069874,43.238729],[6.069823,43.238686],[6.069763,43.238638],[6.069791,43.238621],[6.069757,43.23859],[6.069785,43.238572],[6.069862,43.238636],[6.069953,43.23871],[6.069901,43.238752],[6.069874,43.238729]]]]}},{"type":"Feature","properties":{"type":"Bâtiment"},"geometry":{"type":"MultiPolygon","coordinates":[[[[6.069805,43.238698],[6.069767,43.238724],[6.069683,43.238652],[6.069723,43.238626],[6.069712,43.238617],[6.069727,43.238607],[6.069763,43.238638],[6.069823,43.238686],[6.069805,43.238698]]]]}},{"type":"Feature","properties":{"type":"Bâtiment"},"geometry":{"type":"MultiPolygon","coordinates":[[[[6.069923,43.238602],[6.06991,43.238591],[6.069893,43.238577],[6.069947,43.238545],[6.069976,43.238568],[6.069923,43.238602]]]]}},{"type":"Feature","properties":{"type":"Bâtiment"},"geometry":{"type":"MultiPolygon","coordinates":[[[[6.069777,43.238565],[6.069754,43.238578],[6.069733,43.238561],[6.069755,43.238548],[6.069777,43.238565]]]]}},{"type":"Feature","properties":{"type":"Bâtiment"},"geometry":{"type":"MultiPolygon","coordinates":[[[[6.069964,43.238535],[6.069947,43.238545],[6.069893,43.238577],[6.069844,43.238539],[6.069915,43.238495],[6.069964,43.238535]]]]}},{"type":"Feature","properties":{"type":"Bâtiment"},"geometry":{"type":"MultiPolygon","coordinates":[[[[6.069816,43.23851],[6.069884,43.238469],[6.069907,43.238489],[6.069842,43.238533],[6.069816,43.23851]]]]}},{"type":"Feature","properties":{"type":"Bâtiment"},"geometry":{"type":"MultiPolygon","coordinates":[[[[6.069874,43.238729],[6.069901,43.238752],[6.069847,43.238793],[6.069767,43.238724],[6.069805,43.238698],[6.069823,43.238686],[6.069874,43.238729]]]]}},{"type":"Feature","properties":{"type":"Bâtiment"},"geometry":{"type":"MultiPolygon","coordinates":[[[[6.069717,43.238599],[6.069727,43.238607],[6.069712,43.238617],[6.069709,43.238614],[6.069702,43.238609],[6.069717,43.238599]]]]}},{"type":"Feature","properties":{"type":"Bâtiment"},"geometry":{"type":"MultiPolygon","coordinates":[[[[6.06979,43.238838],[6.06971,43.238766],[6.069617,43.238684],[6.069633,43.238635],[6.069655,43.238633],[6.069662,43.238633],[6.069683,43.238652],[6.069767,43.238724],[6.069847,43.238793],[6.06979,43.238838]]]]}},{"type":"Feature","properties":{"type":"Bâtiment"},"geometry":{"type":"MultiPolygon","coordinates":[[[[6.069674,43.238787],[6.06971,43.238766],[6.06979,43.238838],[6.069755,43.238859],[6.069674,43.238787]]]]}},{"type":"Feature","properties":{"type":"Bâtiment"},"geometry":{"type":"MultiPolygon","coordinates":[[[[6.069755,43.238859],[6.069696,43.238892],[6.069583,43.238795],[6.069639,43.238762],[6.069644,43.238761],[6.069674,43.238787],[6.069755,43.238859]]]]}},{"type":"Feature","properties":{"type":"Bâtiment"},"geometry":{"type":"MultiPolygon","coordinates":[[[[6.069589,43.238782],[6.069549,43.238745],[6.069599,43.238715],[6.069618,43.238733],[6.069615,43.238738],[6.069639,43.238762],[6.069583,43.238795],[6.069696,43.238892],[6.069625,43.238931],[6.069523,43.238834],[6.069514,43.238826],[6.069589,43.238782]]]]}},{"type":"Feature","properties":{"type":"Bâtiment"},"geometry":{"type":"MultiPolygon","coordinates":[[[[6.069564,43.238965],[6.06949,43.238896],[6.069466,43.238873],[6.069523,43.238834],[6.069625,43.238931],[6.069564,43.238965]]]]}},{"type":"Feature","properties":{"type":"Bâtiment"},"geometry":{"type":"MultiPolygon","coordinates":[[[[6.069389,43.23889],[6.069382,43.238884],[6.069376,43.238877],[6.069436,43.238845],[6.069444,43.238852],[6.069459,43.238868],[6.069397,43.238898],[6.069389,43.23889]]]]}},{"type":"Feature","properties":{"type":"Bâtiment"},"geometry":{"type":"MultiPolygon","coordinates":[[[[6.069313,43.238917],[6.069382,43.238884],[6.069389,43.23889],[6.069397,43.238898],[6.069425,43.238926],[6.069499,43.238999],[6.069432,43.239035],[6.069336,43.238939],[6.069313,43.238917]]]]}},{"type":"Feature","properties":{"type":"Bâtiment"},"geometry":{"type":"MultiPolygon","coordinates":[[[[6.069292,43.238963],[6.069336,43.238939],[6.069432,43.239035],[6.069373,43.239068],[6.069273,43.238973],[6.069292,43.238963]]]]}},{"type":"Feature","properties":{"type":"Bâtiment"},"geometry":{"type":"MultiPolygon","coordinates":[[[[6.069216,43.238964],[6.069242,43.23899],[6.069273,43.238973],[6.069373,43.239068],[6.069289,43.239114],[6.069187,43.238979],[6.069202,43.23897],[6.069216,43.238964]]]]}},{"type":"Feature","properties":{"type":"Bâtiment"},"geometry":{"type":"MultiPolygon","coordinates":[[[[6.069273,43.238973],[6.069245,43.238947],[6.069265,43.238937],[6.069292,43.238963],[6.069273,43.238973]]]]}},{"type":"Feature","properties":{"type":"Bâtiment"},"geometry":{"type":"MultiPolygon","coordinates":[[[[6.069265,43.238937],[6.069245,43.238947],[6.069238,43.238951],[6.069229,43.238939],[6.069272,43.238919],[6.06928,43.238929],[6.069265,43.238937]]]]}},{"type":"Feature","properties":{"type":"Bâtiment"},"geometry":{"type":"MultiPolygon","coordinates":[[[[6.069202,43.23897],[6.069187,43.238979],[6.069175,43.238964],[6.069189,43.238956],[6.069202,43.23897]]]]}},{"type":"Feature","properties":{"type":"Bâtiment"},"geometry":{"type":"MultiPolygon","coordinates":[[[[6.069099,43.238997],[6.069159,43.238971],[6.069175,43.238993],[6.069115,43.239018],[6.069099,43.238997]]]]}},{"type":"Feature","properties":{"type":"Bâtiment"},"geometry":{"type":"MultiPolygon","coordinates":[[[[6.069255,43.239099],[6.069273,43.239122],[6.06913,43.239204],[6.069068,43.239134],[6.069127,43.239104],[6.06916,43.23915],[6.069255,43.239099]]]]}},{"type":"Feature","properties":{"type":"Bâtiment"},"geometry":{"type":"MultiPolygon","coordinates":[[[[6.069115,43.239018],[6.069175,43.238993],[6.069195,43.239018],[6.069138,43.239048],[6.069115,43.239018]]]]}},{"type":"Feature","properties":{"type":"Bâtiment"},"geometry":{"type":"MultiPolygon","coordinates":[[[[6.069158,43.238969],[6.069159,43.238971],[6.069099,43.238997],[6.069082,43.238975],[6.069142,43.238949],[6.069158,43.238969]]]]}},{"type":"Feature","properties":{"type":"Bâtiment"},"geometry":{"type":"MultiPolygon","coordinates":[[[[6.069032,43.239261],[6.06897,43.239186],[6.068994,43.239172],[6.069068,43.239134],[6.06913,43.239204],[6.069032,43.239261]]]]}},{"type":"Feature","properties":{"type":"Bâtiment"},"geometry":{"type":"MultiPolygon","coordinates":[[[[6.068904,43.239173],[6.068941,43.239152],[6.06897,43.239186],[6.06894,43.239205],[6.068904,43.239173]]]]}},{"type":"Feature","properties":{"type":"Bâtiment"},"geometry":{"type":"MultiPolygon","coordinates":[[[[6.068969,43.239306],[6.068896,43.239238],[6.06894,43.239205],[6.06897,43.239186],[6.069032,43.239261],[6.068969,43.239306]]]]}},{"type":"Feature","properties":{"type":"Bâtiment"},"geometry":{"type":"MultiPolygon","coordinates":[[[[6.068914,43.239344],[6.068843,43.23928],[6.068896,43.239238],[6.068969,43.239306],[6.068914,43.239344]]]]}},{"type":"Feature","properties":{"type":"Bâtiment"},"geometry":{"type":"MultiPolygon","coordinates":[[[[6.068843,43.23928],[6.068914,43.239344],[6.068857,43.239391],[6.068785,43.239326],[6.068843,43.23928]]]]}},{"type":"Feature","properties":{"type":"Bâtiment"},"geometry":{"type":"MultiPolygon","coordinates":[[[[6.068785,43.239326],[6.068857,43.239391],[6.068801,43.239435],[6.068731,43.239369],[6.068785,43.239326]]]]}},{"type":"Feature","properties":{"type":"Bâtiment"},"geometry":{"type":"MultiPolygon","coordinates":[[[[6.068731,43.239369],[6.068801,43.239435],[6.068737,43.23949],[6.068664,43.239421],[6.068731,43.239369]]]]}},{"type":"Feature","properties":{"type":"Bâtiment"},"geometry":{"type":"MultiPolygon","coordinates":[[[[6.068664,43.239421],[6.068737,43.23949],[6.068695,43.239527],[6.068621,43.239456],[6.068664,43.239421]]]]}},{"type":"Feature","properties":{"type":"Bâtiment"},"geometry":{"type":"MultiPolygon","coordinates":[[[[6.068621,43.239456],[6.068695,43.239527],[6.068656,43.239561],[6.068577,43.23949],[6.068621,43.239456]]]]}},{"type":"Feature","properties":{"type":"Bâtiment"},"geometry":{"type":"MultiPolygon","coordinates":[[[[6.068552,43.239469],[6.068561,43.239474],[6.068577,43.23949],[6.068656,43.239561],[6.068573,43.239633],[6.068458,43.239505],[6.068494,43.23948],[6.068552,43.239469]]]]}},{"type":"Feature","properties":{"type":"Bâtiment"},"geometry":{"type":"MultiPolygon","coordinates":[[[[6.069065,43.238951],[6.069125,43.238927],[6.069142,43.238949],[6.069082,43.238975],[6.069065,43.238951]]]]}},{"type":"Feature","properties":{"type":"Bâtiment"},"geometry":{"type":"MultiPolygon","coordinates":[[[[6.068437,43.239483],[6.068458,43.239505],[6.068573,43.239633],[6.068488,43.239677],[6.068348,43.239526],[6.068405,43.239498],[6.068437,43.239483]]]]}},{"type":"Feature","properties":{"type":"Bâtiment"},"geometry":{"type":"MultiPolygon","coordinates":[[[[6.06897,43.239186],[6.068941,43.239152],[6.068964,43.239139],[6.068994,43.239172],[6.06897,43.239186]]]]}},{"type":"Feature","properties":{"type":"Bâtiment"},"geometry":{"type":"MultiPolygon","coordinates":[[[[6.069297,43.238859],[6.069245,43.238806],[6.069227,43.238816],[6.069161,43.238747],[6.069251,43.238698],[6.069301,43.238751],[6.069321,43.238741],[6.06939,43.238813],[6.069297,43.238859]]]]}},{"type":"Feature","properties":{"type":"Bâtiment"},"geometry":{"type":"MultiPolygon","coordinates":[[[[6.068377,43.23839],[6.068408,43.238379],[6.068422,43.238398],[6.068389,43.23841],[6.068377,43.23839]]]]}},{"type":"Feature","properties":{"type":"Bâtiment"},"geometry":{"type":"MultiPolygon","coordinates":[[[[6.068422,43.238398],[6.06843,43.238409],[6.068431,43.23841],[6.06847,43.238459],[6.068395,43.238487],[6.068346,43.238426],[6.068389,43.23841],[6.068422,43.238398]]]]}},{"type":"Feature","properties":{"type":"Bâtiment"},"geometry":{"type":"MultiPolygon","coordinates":[[[[6.068498,43.238382],[6.068544,43.238441],[6.068491,43.238463],[6.068478,43.23847],[6.06847,43.238459],[6.068431,43.23841],[6.06843,43.238409],[6.068464,43.238395],[6.068498,43.238382]]]]}},{"type":"Feature","properties":{"type":"Bâtiment"},"geometry":{"type":"MultiPolygon","coordinates":[[[[6.068569,43.238358],[6.068611,43.238413],[6.068593,43.238421],[6.068544,43.238441],[6.068498,43.238382],[6.068535,43.238367],[6.068566,43.238355],[6.068569,43.238358]]]]}},{"type":"Feature","properties":{"type":"Bâtiment"},"geometry":{"type":"MultiPolygon","coordinates":[[[[6.068482,43.238362],[6.068498,43.238382],[6.068464,43.238395],[6.068449,43.238373],[6.068482,43.238362]]]]}},{"type":"Feature","properties":{"type":"Bâtiment"},"geometry":{"type":"MultiPolygon","coordinates":[[[[6.068519,43.238345],[6.068549,43.238333],[6.068566,43.238355],[6.068535,43.238367],[6.068519,43.238345]]]]}},{"type":"Feature","properties":{"type":"Bâtiment"},"geometry":{"type":"MultiPolygon","coordinates":[[[[6.068647,43.238324],[6.068704,43.238394],[6.068688,43.238401],[6.068626,43.238427],[6.068611,43.238413],[6.068569,43.238358],[6.068611,43.238341],[6.068579,43.238296],[6.068614,43.238282],[6.068647,43.238324]]]]}},{"type":"Feature","properties":{"type":"Bâtiment"},"geometry":{"type":"MultiPolygon","coordinates":[[[[6.068771,43.238354],[6.068779,43.238363],[6.068704,43.238394],[6.068647,43.238324],[6.068614,43.238282],[6.068656,43.238266],[6.068679,43.238294],[6.068696,43.238316],[6.068731,43.238303],[6.068735,43.238308],[6.06875,43.238328],[6.068757,43.238338],[6.068771,43.238354]]]]}},{"type":"Feature","properties":{"type":"Bâtiment"},"geometry":{"type":"MultiPolygon","coordinates":[[[[6.068735,43.238308],[6.068767,43.238294],[6.068781,43.238311],[6.068782,43.238313],[6.06875,43.238328],[6.068735,43.238308]]]]}},{"type":"Feature","properties":{"type":"Bâtiment"},"geometry":{"type":"MultiPolygon","coordinates":[[[[6.068713,43.238279],[6.068731,43.238303],[6.068696,43.238316],[6.068679,43.238294],[6.068713,43.238279]]]]}},{"type":"Feature","properties":{"type":"Bâtiment"},"geometry":{"type":"MultiPolygon","coordinates":[[[[6.068727,43.238242],[6.068801,43.238212],[6.068844,43.238266],[6.068855,43.238281],[6.068782,43.238313],[6.068781,43.238311],[6.068767,43.238294],[6.068729,43.238247],[6.068727,43.238242]]]]}},{"type":"Feature","properties":{"type":"Bâtiment"},"geometry":{"type":"MultiPolygon","coordinates":[[[[6.068844,43.238266],[6.068801,43.238212],[6.068785,43.238192],[6.068861,43.23816],[6.068869,43.238171],[6.068919,43.238234],[6.068844,43.238266]]]]}},{"type":"Feature","properties":{"type":"Bâtiment"},"geometry":{"type":"MultiPolygon","coordinates":[[[[6.068869,43.238171],[6.068897,43.238159],[6.068892,43.238153],[6.068944,43.238132],[6.069025,43.238152],[6.06901,43.238176],[6.069021,43.238185],[6.06899,43.238199],[6.069009,43.23823],[6.068975,43.238245],[6.068939,43.238259],[6.068919,43.238234],[6.068869,43.238171]]]]}},{"type":"Feature","properties":{"type":"Bâtiment"},"geometry":{"type":"MultiPolygon","coordinates":[[[[6.069076,43.238201],[6.06912,43.238256],[6.069101,43.238264],[6.069021,43.238298],[6.068975,43.238245],[6.069009,43.23823],[6.06899,43.238199],[6.069021,43.238185],[6.069054,43.238171],[6.069076,43.238201]]]]}},{"type":"Feature","properties":{"type":"Bâtiment"},"geometry":{"type":"MultiPolygon","coordinates":[[[[6.069076,43.238201],[6.069054,43.238171],[6.069078,43.23816],[6.069102,43.238191],[6.069076,43.238201]]]]}},{"type":"Feature","properties":{"type":"Bâtiment"},"geometry":{"type":"MultiPolygon","coordinates":[[[[6.069002,43.238306],[6.069021,43.238298],[6.069101,43.238264],[6.06912,43.238286],[6.069106,43.238293],[6.069131,43.238324],[6.069086,43.238343],[6.069046,43.238361],[6.069002,43.238306]]]]}},{"type":"Feature","properties":{"type":"Bâtiment"},"geometry":{"type":"MultiPolygon","coordinates":[[[[6.069086,43.238343],[6.06913,43.238398],[6.069027,43.238442],[6.068983,43.238388],[6.069,43.23838],[6.069011,43.238376],[6.069046,43.238361],[6.069086,43.238343]]]]}},{"type":"Feature","properties":{"type":"Bâtiment"},"geometry":{"type":"MultiPolygon","coordinates":[[[[6.069131,43.238324],[6.069106,43.238293],[6.06912,43.238286],[6.069145,43.238318],[6.069131,43.238324]]]]}},{"type":"Feature","properties":{"type":"Bâtiment"},"geometry":{"type":"MultiPolygon","coordinates":[[[[6.069172,43.238452],[6.069069,43.238495],[6.069032,43.23845],[6.069027,43.238442],[6.06913,43.238398],[6.069172,43.238452]]]]}},{"type":"Feature","properties":{"type":"Bâtiment"},"geometry":{"type":"MultiPolygon","coordinates":[[[[6.069129,43.23854],[6.069111,43.238548],[6.069091,43.238523],[6.069069,43.238495],[6.069172,43.238452],[6.069212,43.238503],[6.069129,43.23854]]]]}},{"type":"Feature","properties":{"type":"Bâtiment"},"geometry":{"type":"MultiPolygon","coordinates":[[[[6.069212,43.238503],[6.069223,43.238517],[6.06922,43.23852],[6.069161,43.23858],[6.069129,43.23854],[6.069212,43.238503]]]]}},{"type":"Feature","properties":{"type":"Bâtiment"},"geometry":{"type":"MultiPolygon","coordinates":[[[[6.068079,43.238126],[6.068154,43.238095],[6.068225,43.238184],[6.068192,43.238198],[6.068179,43.238184],[6.068138,43.238201],[6.068079,43.238126]]]]}},{"type":"Feature","properties":{"type":"Bâtiment"},"geometry":{"type":"MultiPolygon","coordinates":[[[[6.068302,43.238152],[6.068225,43.238184],[6.068154,43.238095],[6.068147,43.238088],[6.068187,43.238071],[6.068196,43.238082],[6.068212,43.238102],[6.068249,43.238086],[6.06829,43.238136],[6.068302,43.238152]]]]}},{"type":"Feature","properties":{"type":"Bâtiment"},"geometry":{"type":"MultiPolygon","coordinates":[[[[6.06829,43.238136],[6.068249,43.238086],[6.068235,43.238067],[6.068231,43.238063],[6.068308,43.238031],[6.068366,43.238102],[6.06838,43.23812],[6.06834,43.238136],[6.068327,43.238119],[6.06829,43.238136]]]]}},{"type":"Feature","properties":{"type":"Bâtiment"},"geometry":{"type":"MultiPolygon","coordinates":[[[[6.069481,43.238439],[6.069483,43.238441],[6.069412,43.238485],[6.069402,43.238464],[6.069386,43.238393],[6.069406,43.238379],[6.069422,43.238392],[6.069457,43.238369],[6.069471,43.23838],[6.069513,43.238417],[6.069481,43.238439]]]]}},{"type":"Feature","properties":{"type":"Bâtiment"},"geometry":{"type":"MultiPolygon","coordinates":[[[[6.069537,43.238486],[6.069554,43.238499],[6.069497,43.238529],[6.069462,43.238547],[6.06942,43.238504],[6.069412,43.238485],[6.069483,43.238441],[6.069537,43.238486]]]]}},{"type":"Feature","properties":{"type":"Bâtiment"},"geometry":{"type":"MultiPolygon","coordinates":[[[[6.06944,43.238354],[6.069461,43.23834],[6.069493,43.238365],[6.069471,43.23838],[6.069457,43.238369],[6.06944,43.238354]]]]}},{"type":"Feature","properties":{"type":"Bâtiment"},"geometry":{"type":"MultiPolygon","coordinates":[[[[6.069613,43.238467],[6.069578,43.238485],[6.069554,43.238499],[6.069537,43.238486],[6.069596,43.238452],[6.069613,43.238467]]]]}},{"type":"Feature","properties":{"type":"Bâtiment"},"geometry":{"type":"MultiPolygon","coordinates":[[[[6.069497,43.238529],[6.069554,43.238499],[6.069578,43.238485],[6.069612,43.238517],[6.069591,43.238528],[6.069535,43.238559],[6.069532,43.238561],[6.069497,43.238529]]]]}},{"type":"Feature","properties":{"type":"Bâtiment"},"geometry":{"type":"MultiPolygon","coordinates":[[[[6.069535,43.238559],[6.069591,43.238528],[6.069629,43.238559],[6.06957,43.238593],[6.069535,43.238559]]]]}},{"type":"Feature","properties":{"type":"Bâtiment"},"geometry":{"type":"MultiPolygon","coordinates":[[[[6.068589,43.238484],[6.068633,43.238536],[6.068511,43.238587],[6.06847,43.238535],[6.068588,43.238484],[6.068589,43.238484]]]]}},{"type":"Feature","properties":{"type":"Bâtiment"},"geometry":{"type":"MultiPolygon","coordinates":[[[[6.066503,43.238563],[6.066525,43.238569],[6.066504,43.238603],[6.066482,43.238596],[6.066503,43.238563]]]]}},{"type":"Feature","properties":{"type":"Bâtiment"},"geometry":{"type":"MultiPolygon","coordinates":[[[[6.066358,43.238552],[6.066431,43.238441],[6.066512,43.238468],[6.066573,43.238489],[6.06657,43.238492],[6.066552,43.238522],[6.066542,43.23854],[6.066563,43.238548],[6.066545,43.238576],[6.066525,43.238569],[6.066503,43.238563],[6.066482,43.238596],[6.066435,43.23858],[6.066358,43.238552]]]]}},{"type":"Feature","properties":{"type":"Bâtiment"},"geometry":{"type":"MultiPolygon","coordinates":[[[[6.066483,43.238446],[6.066528,43.238375],[6.06667,43.23842],[6.066684,43.238424],[6.066631,43.238512],[6.06657,43.238492],[6.066573,43.238489],[6.066512,43.238468],[6.066522,43.238457],[6.066483,43.238446]]]]}},{"type":"Feature","properties":{"type":"Bâtiment"},"geometry":{"type":"MultiPolygon","coordinates":[[[[6.068811,43.238972],[6.068757,43.238997],[6.068746,43.238984],[6.0688,43.238959],[6.068811,43.238972]]]]}},{"type":"Feature","properties":{"type":"Bâtiment"},"geometry":{"type":"MultiPolygon","coordinates":[[[[6.066398,43.238193],[6.066386,43.238112],[6.066504,43.238103],[6.066516,43.238185],[6.066538,43.238183],[6.066544,43.238229],[6.066399,43.23824],[6.066377,43.238241],[6.066371,43.238196],[6.066398,43.238193]]]]}},{"type":"Feature","properties":{"type":"Bâtiment"},"geometry":{"type":"MultiPolygon","coordinates":[[[[6.066567,43.239162],[6.066592,43.239054],[6.066647,43.23906],[6.066642,43.239083],[6.066744,43.239095],[6.066724,43.239181],[6.066567,43.239162]]]]}},{"type":"Feature","properties":{"type":"Bâtiment"},"geometry":{"type":"MultiPolygon","coordinates":[[[[6.067285,43.238925],[6.067332,43.238932],[6.067333,43.238914],[6.067472,43.238931],[6.067455,43.239006],[6.067365,43.238994],[6.067361,43.239008],[6.067267,43.238997],[6.06727,43.23898],[6.067235,43.238976],[6.067252,43.238903],[6.067289,43.238909],[6.067285,43.238925]]]]}},{"type":"Feature","properties":{"type":"Bâtiment"},"geometry":{"type":"MultiPolygon","coordinates":[[[[6.06561,43.238276],[6.065643,43.238285],[6.065634,43.238302],[6.065685,43.238315],[6.065674,43.238339],[6.06559,43.238318],[6.06561,43.238276]]]]}},{"type":"Feature","properties":{"type":"Bâtiment"},"geometry":{"type":"MultiPolygon","coordinates":[[[[6.06561,43.238276],[6.06559,43.238318],[6.065674,43.238339],[6.065636,43.238423],[6.065596,43.238411],[6.065605,43.238397],[6.065542,43.238379],[6.06555,43.238361],[6.06548,43.238347],[6.065517,43.238265],[6.06554,43.238271],[6.06556,43.238228],[6.065593,43.238236],[6.065598,43.238223],[6.065663,43.238239],[6.065643,43.238285],[6.06561,43.238276]]]]}},{"type":"Feature","properties":{"type":"Bâtiment"},"geometry":{"type":"MultiPolygon","coordinates":[[[[6.065905,43.238371],[6.065915,43.238341],[6.06601,43.23836],[6.065998,43.238396],[6.066011,43.238399],[6.06598,43.238481],[6.066036,43.238565],[6.06595,43.238596],[6.065924,43.238554],[6.065943,43.238547],[6.065899,43.238481],[6.065883,43.238479],[6.065902,43.238412],[6.06588,43.238408],[6.065893,43.238369],[6.065905,43.238371]]]]}},{"type":"Feature","properties":{"type":"Bâtiment"},"geometry":{"type":"MultiPolygon","coordinates":[[[[6.066101,43.238378],[6.06601,43.23836],[6.066022,43.238323],[6.066115,43.238339],[6.066101,43.238378]]]]}},{"type":"Feature","properties":{"type":"Bâtiment"},"geometry":{"type":"MultiPolygon","coordinates":[[[[6.066875,43.239276],[6.066864,43.239195],[6.066995,43.239187],[6.067005,43.239259],[6.067085,43.239252],[6.067096,43.239333],[6.067004,43.23934],[6.067001,43.239312],[6.066965,43.239314],[6.066959,43.239269],[6.066875,43.239276]]]]}},{"type":"Feature","properties":{"type":"Bâtiment"},"geometry":{"type":"MultiPolygon","coordinates":[[[[6.067411,43.239164],[6.067398,43.239113],[6.067427,43.239109],[6.067438,43.239159],[6.067431,43.23916],[6.067411,43.239164]]]]}},{"type":"Feature","properties":{"type":"Bâtiment"},"geometry":{"type":"MultiPolygon","coordinates":[[[[6.067411,43.239164],[6.067431,43.23916],[6.067441,43.239209],[6.067292,43.239229],[6.067283,43.23919],[6.067243,43.239194],[6.06723,43.239138],[6.067398,43.239113],[6.067411,43.239164]]]]}},{"type":"Feature","properties":{"type":"Bâtiment"},"geometry":{"type":"MultiPolygon","coordinates":[[[[6.065824,43.238954],[6.065726,43.238916],[6.065785,43.238839],[6.065809,43.238848],[6.065836,43.238809],[6.065878,43.238825],[6.065895,43.238801],[6.06602,43.238849],[6.065971,43.238912],[6.065886,43.238876],[6.065824,43.238954]]]]}},{"type":"Feature","properties":{"type":"Bâtiment"},"geometry":{"type":"MultiPolygon","coordinates":[[[[6.06622,43.238985],[6.0662,43.239008],[6.066279,43.239044],[6.066229,43.239115],[6.066092,43.239058],[6.066173,43.238948],[6.066231,43.238969],[6.06622,43.238985]]]]}},{"type":"Feature","properties":{"type":"Bâtiment"},"geometry":{"type":"MultiPolygon","coordinates":[[[[6.0662,43.239008],[6.06622,43.238985],[6.066299,43.239015],[6.066291,43.239028],[6.066279,43.239044],[6.0662,43.239008]]]]}},{"type":"Feature","properties":{"type":"Bâtiment"},"geometry":{"type":"MultiPolygon","coordinates":[[[[6.066328,43.239044],[6.066291,43.239028],[6.066299,43.239015],[6.066317,43.238993],[6.066355,43.239009],[6.066328,43.239044]]]]}},{"type":"Feature","properties":{"type":"Bâtiment"},"geometry":{"type":"MultiPolygon","coordinates":[[[[6.067021,43.238808],[6.066868,43.238795],[6.066881,43.238731],[6.066866,43.23873],[6.066871,43.238701],[6.067037,43.238716],[6.067021,43.238808]]]]}},{"type":"Feature","properties":{"type":"Bâtiment"},"geometry":{"type":"MultiPolygon","coordinates":[[[[6.066481,43.239381],[6.06639,43.239346],[6.066458,43.239251],[6.06655,43.239287],[6.066481,43.239381]]]]}},{"type":"Feature","properties":{"type":"Bâtiment"},"geometry":{"type":"MultiPolygon","coordinates":[[[[6.065882,43.238495],[6.065853,43.238586],[6.065829,43.238577],[6.065782,43.238562],[6.065808,43.238483],[6.065882,43.238495]]]]}},{"type":"Feature","properties":{"type":"Bâtiment"},"geometry":{"type":"MultiPolygon","coordinates":[[[[6.068645,43.239123],[6.068701,43.2391],[6.068711,43.239113],[6.068653,43.239136],[6.068645,43.239123]]]]}},{"type":"Feature","properties":{"type":"Bâtiment"},"geometry":{"type":"MultiPolygon","coordinates":[[[[6.070588,43.23856],[6.070566,43.238581],[6.070541,43.238602],[6.070322,43.238509],[6.070368,43.238471],[6.070522,43.238534],[6.07054,43.238541],[6.070588,43.23856]]]]}},{"type":"Feature","properties":{"type":"Bâtiment"},"geometry":{"type":"MultiPolygon","coordinates":[[[[6.06797,43.239197],[6.068007,43.239187],[6.068029,43.23922],[6.068045,43.239245],[6.067967,43.239272],[6.067949,43.239244],[6.067927,43.239209],[6.06797,43.239197]]]]}},{"type":"Feature","properties":{"type":"Bâtiment"},"geometry":{"type":"MultiPolygon","coordinates":[[[[6.066077,43.242583],[6.066012,43.242611],[6.065983,43.242576],[6.066047,43.242547],[6.066077,43.242583]]]]}},{"type":"Feature","properties":{"type":"Bâtiment"},"geometry":{"type":"MultiPolygon","coordinates":[[[[6.068322,43.242461],[6.068271,43.242409],[6.068352,43.242366],[6.068346,43.242357],[6.068432,43.242315],[6.06849,43.242375],[6.068322,43.242461]]]]}},{"type":"Feature","properties":{"type":"Bâtiment"},"geometry":{"type":"MultiPolygon","coordinates":[[[[6.067908,43.238266],[6.067976,43.238348],[6.067942,43.238362],[6.067898,43.238381],[6.067877,43.23839],[6.067863,43.238395],[6.067838,43.238406],[6.067768,43.23832],[6.067661,43.237795],[6.067624,43.237798],[6.067618,43.237778],[6.067771,43.23776],[6.067776,43.237781],[6.067803,43.23778],[6.067888,43.238164],[6.067881,43.238164],[6.067908,43.238266]]]]}},{"type":"Feature","properties":{"type":"Bâtiment"},"geometry":{"type":"MultiPolygon","coordinates":[[[[6.067939,43.238489],[6.067863,43.238395],[6.067877,43.23839],[6.067898,43.238381],[6.067942,43.238362],[6.068018,43.238456],[6.067939,43.238489]]]]}},{"type":"Feature","properties":{"type":"Bâtiment"},"geometry":{"type":"MultiPolygon","coordinates":[[[[6.069861,43.240423],[6.069861,43.240406],[6.069853,43.240408],[6.069837,43.240314],[6.069814,43.240314],[6.0698,43.240247],[6.069919,43.240235],[6.069934,43.240325],[6.070018,43.240318],[6.070035,43.240402],[6.069861,43.240423]]]]}},{"type":"Feature","properties":{"type":"Bâtiment"},"geometry":{"type":"MultiPolygon","coordinates":[[[[6.069991,43.240153],[6.069975,43.240192],[6.069973,43.240191],[6.06987,43.240227],[6.069839,43.240184],[6.069914,43.240156],[6.069975,43.240143],[6.069991,43.240153]]]]}},{"type":"Feature","properties":{"type":"Bâtiment"},"geometry":{"type":"MultiPolygon","coordinates":[[[[6.070086,43.240219],[6.070084,43.240221],[6.07015,43.240265],[6.070122,43.240285],[6.070058,43.240244],[6.070055,43.240247],[6.069975,43.240192],[6.069991,43.240153],[6.070086,43.240219]]]]}},{"type":"Feature","properties":{"type":"Bâtiment"},"geometry":{"type":"MultiPolygon","coordinates":[[[[6.07066,43.238327],[6.070584,43.238293],[6.070705,43.238193],[6.070771,43.238224],[6.07066,43.238327]]]]}},{"type":"Feature","properties":{"type":"Bâtiment"},"geometry":{"type":"MultiPolygon","coordinates":[[[[6.070584,43.238293],[6.07066,43.238327],[6.070713,43.238351],[6.070663,43.238397],[6.070532,43.238336],[6.070584,43.238293]]]]}},{"type":"Feature","properties":{"type":"Bâtiment"},"geometry":{"type":"MultiPolygon","coordinates":[[[[6.070834,43.238253],[6.070726,43.238356],[6.070713,43.238351],[6.07066,43.238327],[6.070771,43.238224],[6.070834,43.238253]]]]}},{"type":"Feature","properties":{"type":"Bâtiment"},"geometry":{"type":"MultiPolygon","coordinates":[[[[6.07054,43.238541],[6.070522,43.238534],[6.070542,43.238515],[6.070604,43.238543],[6.070642,43.238509],[6.070649,43.238503],[6.070689,43.238466],[6.070697,43.23846],[6.070725,43.238434],[6.070729,43.23843],[6.070731,43.238429],[6.07071,43.238418],[6.07075,43.238383],[6.070761,43.238372],[6.070726,43.238356],[6.070834,43.238253],[6.070958,43.238313],[6.070859,43.238401],[6.07083,43.238386],[6.070809,43.238404],[6.070837,43.238421],[6.070834,43.238423],[6.070828,43.238428],[6.070826,43.23843],[6.070818,43.238437],[6.070822,43.238449],[6.070819,43.238452],[6.07081,43.238446],[6.07076,43.238491],[6.070707,43.23854],[6.070777,43.238583],[6.070457,43.238856],[6.07045,43.238852],[6.07038,43.238809],[6.070392,43.238798],[6.070409,43.238806],[6.070418,43.238798],[6.070398,43.238787],[6.07042,43.238766],[6.070442,43.238778],[6.070501,43.238729],[6.07048,43.238716],[6.070497,43.2387],[6.070512,43.238686],[6.070485,43.238669],[6.07058,43.238588],[6.070566,43.238581],[6.070588,43.23856],[6.07054,43.238541]]]]}},{"type":"Feature","properties":{"type":"Bâtiment"},"geometry":{"type":"MultiPolygon","coordinates":[[[[6.070834,43.238423],[6.070837,43.238421],[6.07084,43.238418],[6.070905,43.238453],[6.070888,43.238468],[6.070851,43.238455],[6.070836,43.23844],[6.070826,43.23843],[6.070828,43.238428],[6.070834,43.238423]]]]}},{"type":"Feature","properties":{"type":"Bâtiment"},"geometry":{"type":"MultiPolygon","coordinates":[[[[6.070426,43.238611],[6.070278,43.238545],[6.070322,43.238509],[6.070541,43.238602],[6.070523,43.238618],[6.070473,43.238661],[6.070428,43.238631],[6.070414,43.238622],[6.070426,43.238611]]]]}},{"type":"Feature","properties":{"type":"Bâtiment"},"geometry":{"type":"MultiPolygon","coordinates":[[[[6.070673,43.238401],[6.070627,43.23844],[6.070593,43.23847],[6.070635,43.238489],[6.07067,43.238459],[6.070689,43.238466],[6.070649,43.238503],[6.070642,43.238509],[6.070575,43.238483],[6.070573,43.238482],[6.070424,43.238425],[6.070481,43.238378],[6.070532,43.238336],[6.070663,43.238397],[6.070673,43.238401]]]]}},{"type":"Feature","properties":{"type":"Bâtiment"},"geometry":{"type":"MultiPolygon","coordinates":[[[[6.070657,43.238453],[6.0707,43.238414],[6.07071,43.238418],[6.070731,43.238429],[6.070729,43.23843],[6.070725,43.238434],[6.070697,43.23846],[6.070689,43.238466],[6.07067,43.238459],[6.070657,43.238453]]]]}},{"type":"Feature","properties":{"type":"Bâtiment"},"geometry":{"type":"MultiPolygon","coordinates":[[[[6.070575,43.238483],[6.070567,43.23849],[6.070552,43.238506],[6.070542,43.238515],[6.070522,43.238534],[6.070368,43.238471],[6.070424,43.238425],[6.070573,43.238482],[6.070575,43.238483]]]]}},{"type":"Feature","properties":{"type":"Bâtiment"},"geometry":{"type":"MultiPolygon","coordinates":[[[[6.070564,43.238512],[6.070552,43.238506],[6.070567,43.23849],[6.070581,43.238497],[6.070564,43.238512]]]]}},{"type":"Feature","properties":{"type":"Bâtiment"},"geometry":{"type":"MultiPolygon","coordinates":[[[[6.070372,43.238805],[6.07038,43.238809],[6.07045,43.238852],[6.070407,43.238889],[6.070398,43.238883],[6.070347,43.238828],[6.070372,43.238805]]]]}},{"type":"Feature","properties":{"type":"Bâtiment"},"geometry":{"type":"MultiPolygon","coordinates":[[[[6.070428,43.238631],[6.070473,43.238661],[6.070485,43.238669],[6.070512,43.238686],[6.070497,43.2387],[6.070411,43.238645],[6.070428,43.238631]]]]}},{"type":"Feature","properties":{"type":"Bâtiment"},"geometry":{"type":"MultiPolygon","coordinates":[[[[6.07081,43.238446],[6.070819,43.238452],[6.070959,43.238541],[6.070912,43.238581],[6.07076,43.238491],[6.07081,43.238446]]]]}},{"type":"Feature","properties":{"type":"Bâtiment"},"geometry":{"type":"MultiPolygon","coordinates":[[[[6.070278,43.238545],[6.070426,43.238611],[6.070414,43.238622],[6.070369,43.238664],[6.070221,43.238593],[6.070278,43.238545]]]]}},{"type":"Feature","properties":{"type":"Bâtiment"},"geometry":{"type":"MultiPolygon","coordinates":[[[[6.070296,43.238703],[6.070279,43.238717],[6.070164,43.238642],[6.070221,43.238593],[6.070369,43.238664],[6.070378,43.238669],[6.070324,43.238717],[6.070296,43.238703]]]]}},{"type":"Feature","properties":{"type":"Bâtiment"},"geometry":{"type":"MultiPolygon","coordinates":[[[[6.070164,43.238642],[6.070279,43.238717],[6.070285,43.23872],[6.070227,43.238767],[6.070219,43.238773],[6.070182,43.23875],[6.070104,43.2387],[6.0701,43.238697],[6.070164,43.238642]]]]}},{"type":"Feature","properties":{"type":"Bâtiment"},"geometry":{"type":"MultiPolygon","coordinates":[[[[6.070187,43.238799],[6.070162,43.23882],[6.070135,43.238802],[6.070078,43.238816],[6.070059,43.23877],[6.070069,43.23876],[6.070044,43.238745],[6.0701,43.238697],[6.070104,43.2387],[6.070182,43.23875],[6.070219,43.238773],[6.070187,43.238799]]]]}},{"type":"Feature","properties":{"type":"Bâtiment"},"geometry":{"type":"MultiPolygon","coordinates":[[[[6.070162,43.23882],[6.070178,43.238831],[6.070205,43.23881],[6.070207,43.238808],[6.070254,43.238838],[6.070156,43.238922],[6.070126,43.238948],[6.070078,43.238816],[6.070135,43.238802],[6.070162,43.23882]]]]}},{"type":"Feature","properties":{"type":"Bâtiment"},"geometry":{"type":"MultiPolygon","coordinates":[[[[6.070205,43.23881],[6.070178,43.238831],[6.070162,43.23882],[6.070187,43.238799],[6.070205,43.23881]]]]}},{"type":"Feature","properties":{"type":"Bâtiment"},"geometry":{"type":"MultiPolygon","coordinates":[[[[6.070245,43.239021],[6.070224,43.239039],[6.070181,43.239051],[6.070153,43.239041],[6.070126,43.238948],[6.070156,43.238922],[6.070245,43.239021]]]]}},{"type":"Feature","properties":{"type":"Bâtiment"},"geometry":{"type":"MultiPolygon","coordinates":[[[[6.06741,43.240525],[6.067373,43.240489],[6.067439,43.240455],[6.067473,43.24049],[6.06741,43.240525]]]]}},{"type":"Feature","properties":{"type":"Bâtiment"},"geometry":{"type":"MultiPolygon","coordinates":[[[[6.068713,43.238797],[6.068669,43.238742],[6.068733,43.238715],[6.068777,43.238769],[6.068767,43.238774],[6.068713,43.238797]]]]}},{"type":"Feature","properties":{"type":"Bâtiment"},"geometry":{"type":"MultiPolygon","coordinates":[[[[6.06869,43.23866],[6.068733,43.238715],[6.068669,43.238742],[6.068625,43.238687],[6.06869,43.23866]]]]}},{"type":"Feature","properties":{"type":"Bâtiment"},"geometry":{"type":"MultiPolygon","coordinates":[[[[6.068965,43.239001],[6.068897,43.239031],[6.068832,43.238955],[6.068901,43.238924],[6.068965,43.239001]]]]}},{"type":"Feature","properties":{"type":"Bâtiment"},"geometry":{"type":"MultiPolygon","coordinates":[[[[6.068901,43.238924],[6.068961,43.238897],[6.069015,43.238961],[6.069025,43.238974],[6.068965,43.239001],[6.068901,43.238924]]]]}},{"type":"Feature","properties":{"type":"Bâtiment"},"geometry":{"type":"MultiPolygon","coordinates":[[[[6.068826,43.238947],[6.068832,43.238955],[6.068897,43.239031],[6.068845,43.239054],[6.068854,43.239068],[6.068796,43.239094],[6.068726,43.239011],[6.068757,43.238997],[6.068811,43.238972],[6.0688,43.238959],[6.068826,43.238947]]]]}},{"type":"Feature","properties":{"type":"Bâtiment"},"geometry":{"type":"MultiPolygon","coordinates":[[[[6.068897,43.239031],[6.068908,43.239044],[6.068854,43.239068],[6.068845,43.239054],[6.068897,43.239031]]]]}},{"type":"Feature","properties":{"type":"Bâtiment"},"geometry":{"type":"MultiPolygon","coordinates":[[[[6.069075,43.238935],[6.069015,43.238961],[6.068961,43.238897],[6.068944,43.238878],[6.069005,43.238851],[6.069075,43.238935]]]]}},{"type":"Feature","properties":{"type":"Bâtiment"},"geometry":{"type":"MultiPolygon","coordinates":[[[[6.068711,43.239113],[6.068701,43.2391],[6.068677,43.239073],[6.068651,43.239044],[6.068726,43.239011],[6.068796,43.239094],[6.068724,43.239127],[6.068711,43.239113]]]]}},{"type":"Feature","properties":{"type":"Bâtiment"},"geometry":{"type":"MultiPolygon","coordinates":[[[[6.068677,43.239073],[6.068701,43.2391],[6.068645,43.239123],[6.068625,43.239095],[6.068677,43.239073]]]]}},{"type":"Feature","properties":{"type":"Bâtiment"},"geometry":{"type":"MultiPolygon","coordinates":[[[[6.068789,43.242234],[6.06857,43.242343],[6.068518,43.242289],[6.068651,43.242224],[6.068641,43.242214],[6.06873,43.242171],[6.068789,43.242234]]]]}},{"type":"Feature","properties":{"type":"Bâtiment"},"geometry":{"type":"MultiPolygon","coordinates":[[[[6.065512,43.238525],[6.065563,43.23854],[6.065523,43.238614],[6.065484,43.238603],[6.065439,43.238589],[6.065479,43.238515],[6.065512,43.238525]]]]}},{"type":"Feature","properties":{"type":"Bâtiment"},"geometry":{"type":"MultiPolygon","coordinates":[[[[6.06563,43.242414],[6.065575,43.242415],[6.065575,43.24236],[6.06563,43.24236],[6.06563,43.242414]]]]}},{"type":"Feature","properties":{"type":"Bâtiment"},"geometry":{"type":"MultiPolygon","coordinates":[[[[6.069713,43.239083],[6.069724,43.239077],[6.069741,43.239098],[6.069729,43.239103],[6.069713,43.239083]]]]}},{"type":"Feature","properties":{"type":"Bâtiment"},"geometry":{"type":"MultiPolygon","coordinates":[[[[6.069806,43.239031],[6.069822,43.239023],[6.0699,43.239106],[6.069822,43.239137],[6.069801,43.239115],[6.069769,43.23913],[6.06975,43.23911],[6.069741,43.239098],[6.069724,43.239077],[6.069809,43.239034],[6.069806,43.239031]]]]}},{"type":"Feature","properties":{"type":"Bâtiment"},"geometry":{"type":"MultiPolygon","coordinates":[[[[6.070049,43.239532],[6.070067,43.239559],[6.070039,43.239569],[6.070022,43.239542],[6.070049,43.239532]]]]}},{"type":"Feature","properties":{"type":"Bâtiment"},"geometry":{"type":"MultiPolygon","coordinates":[[[[6.069618,43.239199],[6.069576,43.239142],[6.06963,43.239119],[6.06967,43.239175],[6.069618,43.239199]]]]}},{"type":"Feature","properties":{"type":"Bâtiment"},"geometry":{"type":"MultiPolygon","coordinates":[[[[6.069769,43.23913],[6.069755,43.239136],[6.069738,43.239114],[6.06975,43.23911],[6.069769,43.23913]]]]}},{"type":"Feature","properties":{"type":"Bâtiment"},"geometry":{"type":"MultiPolygon","coordinates":[[[[6.070049,43.239532],[6.070022,43.239542],[6.069993,43.239552],[6.069957,43.239564],[6.069941,43.239543],[6.069928,43.239547],[6.069882,43.239482],[6.069893,43.239478],[6.069987,43.239444],[6.069999,43.239461],[6.070049,43.239532]]]]}},{"type":"Feature","properties":{"type":"Bâtiment"},"geometry":{"type":"MultiPolygon","coordinates":[[[[6.069895,43.239561],[6.069845,43.239496],[6.069882,43.239482],[6.069928,43.239547],[6.069895,43.239561]]]]}},{"type":"Feature","properties":{"type":"Bâtiment"},"geometry":{"type":"MultiPolygon","coordinates":[[[[6.069852,43.239417],[6.069943,43.239381],[6.069951,43.239393],[6.069987,43.239444],[6.069893,43.239478],[6.069852,43.239417]]]]}},{"type":"Feature","properties":{"type":"Bâtiment"},"geometry":{"type":"MultiPolygon","coordinates":[[[[6.069852,43.239417],[6.069893,43.239478],[6.069882,43.239482],[6.069845,43.239496],[6.069818,43.239461],[6.0698,43.239438],[6.069852,43.239417]]]]}},{"type":"Feature","properties":{"type":"Bâtiment"},"geometry":{"type":"MultiPolygon","coordinates":[[[[6.069713,43.239083],[6.069729,43.239103],[6.069738,43.239114],[6.069755,43.239136],[6.06967,43.239175],[6.06963,43.239119],[6.069576,43.239045],[6.069739,43.23896],[6.069806,43.239031],[6.069809,43.239034],[6.069724,43.239077],[6.069713,43.239083]]]]}},{"type":"Feature","properties":{"type":"Bâtiment"},"geometry":{"type":"MultiPolygon","coordinates":[[[[6.069964,43.239077],[6.0699,43.239106],[6.069822,43.239023],[6.069887,43.238991],[6.069964,43.239077]]]]}},{"type":"Feature","properties":{"type":"Bâtiment"},"geometry":{"type":"MultiPolygon","coordinates":[[[[6.069528,43.239071],[6.069576,43.239045],[6.06963,43.239119],[6.069576,43.239142],[6.069528,43.239071]]]]}},{"type":"Feature","properties":{"type":"Bâtiment"},"geometry":{"type":"MultiPolygon","coordinates":[[[[6.069964,43.239077],[6.069887,43.238991],[6.069953,43.238959],[6.07003,43.239046],[6.070024,43.239048],[6.069964,43.239077]]]]}},{"type":"Feature","properties":{"type":"Bâtiment"},"geometry":{"type":"MultiPolygon","coordinates":[[[[6.070052,43.23891],[6.07007,43.238937],[6.070101,43.239028],[6.07003,43.239046],[6.069953,43.238959],[6.070052,43.23891]]]]}},{"type":"Feature","properties":{"type":"Bâtiment"},"geometry":{"type":"MultiPolygon","coordinates":[[[[6.070036,43.239181],[6.069994,43.239101],[6.070048,43.239083],[6.070024,43.239048],[6.07003,43.239046],[6.070101,43.239028],[6.070114,43.23907],[6.070123,43.239176],[6.070141,43.239262],[6.07003,43.23928],[6.069997,43.239233],[6.070097,43.239217],[6.070079,43.23917],[6.070036,43.239181]]]]}},{"type":"Feature","properties":{"type":"Bâtiment"},"geometry":{"type":"MultiPolygon","coordinates":[[[[6.066744,43.241964],[6.066741,43.241958],[6.066623,43.241994],[6.066617,43.241981],[6.066566,43.241997],[6.066528,43.241931],[6.066583,43.241914],[6.066601,43.241945],[6.066712,43.241908],[6.066703,43.241891],[6.066767,43.241872],[6.06681,43.241942],[6.066744,43.241964]]]]}},{"type":"Feature","properties":{"type":"Bâtiment"},"geometry":{"type":"MultiPolygon","coordinates":[[[[6.067205,43.240845],[6.067142,43.240866],[6.067081,43.240781],[6.06715,43.240762],[6.067186,43.240816],[6.067205,43.240845]]]]}},{"type":"Feature","properties":{"type":"Bâtiment"},"geometry":{"type":"MultiPolygon","coordinates":[[[[6.067232,43.240928],[6.067196,43.240942],[6.067142,43.240866],[6.067205,43.240845],[6.067255,43.24092],[6.067232,43.240928]]]]}},{"type":"Feature","properties":{"type":"Bâtiment"},"geometry":{"type":"MultiPolygon","coordinates":[[[[6.067011,43.240799],[6.067081,43.240781],[6.067142,43.240866],[6.067075,43.24089],[6.067068,43.240879],[6.067022,43.240896],[6.066968,43.240869],[6.066924,43.240814],[6.067011,43.240799]]]]}},{"type":"Feature","properties":{"type":"Bâtiment"},"geometry":{"type":"MultiPolygon","coordinates":[[[[6.067265,43.240977],[6.067229,43.24099],[6.067196,43.240942],[6.067232,43.240928],[6.067242,43.240943],[6.067265,43.240977]]]]}},{"type":"Feature","properties":{"type":"Bâtiment"},"geometry":{"type":"MultiPolygon","coordinates":[[[[6.067485,43.239409],[6.067443,43.239414],[6.067425,43.239334],[6.067468,43.239329],[6.067485,43.239409]]]]}},{"type":"Feature","properties":{"type":"Bâtiment"},"geometry":{"type":"MultiPolygon","coordinates":[[[[6.067311,43.239428],[6.067321,43.239472],[6.067234,43.239483],[6.067226,43.239414],[6.067246,43.239412],[6.067226,43.239321],[6.067289,43.239314],[6.067292,43.239335],[6.067372,43.239326],[6.067375,43.23934],[6.067425,43.239334],[6.067443,43.239414],[6.067311,43.239428]]]]}},{"type":"Feature","properties":{"type":"Bâtiment"},"geometry":{"type":"MultiPolygon","coordinates":[[[[6.065619,43.241],[6.065609,43.240955],[6.06565,43.240953],[6.065654,43.240969],[6.065662,43.241005],[6.06567,43.241035],[6.065681,43.241085],[6.065659,43.241088],[6.065656,43.241076],[6.065602,43.241083],[6.065587,43.241004],[6.065619,43.241]]]]}},{"type":"Feature","properties":{"type":"Bâtiment"},"geometry":{"type":"MultiPolygon","coordinates":[[[[6.065702,43.241031],[6.06567,43.241035],[6.065662,43.241005],[6.065694,43.241001],[6.065702,43.241031]]]]}},{"type":"Feature","properties":{"type":"Bâtiment"},"geometry":{"type":"MultiPolygon","coordinates":[[[[6.065702,43.241031],[6.065714,43.241081],[6.065681,43.241085],[6.06567,43.241035],[6.065702,43.241031]]]]}},{"type":"Feature","properties":{"type":"Bâtiment"},"geometry":{"type":"MultiPolygon","coordinates":[[[[6.065606,43.241106],[6.065602,43.241083],[6.065656,43.241076],[6.065659,43.241088],[6.065662,43.2411],[6.065606,43.241106]]]]}},{"type":"Feature","properties":{"type":"Bâtiment"},"geometry":{"type":"MultiPolygon","coordinates":[[[[6.065604,43.240932],[6.065601,43.240918],[6.065625,43.240916],[6.06564,43.240913],[6.065643,43.240925],[6.065679,43.24092],[6.065687,43.240963],[6.065654,43.240969],[6.06565,43.240953],[6.065609,43.240955],[6.065604,43.240932]]]]}},{"type":"Feature","properties":{"type":"Bâtiment"},"geometry":{"type":"MultiPolygon","coordinates":[[[[6.068391,43.238811],[6.068339,43.238833],[6.068285,43.238764],[6.068398,43.238717],[6.068409,43.238731],[6.068349,43.238757],[6.068391,43.238811]]]]}},{"type":"Feature","properties":{"type":"Bâtiment"},"geometry":{"type":"MultiPolygon","coordinates":[[[[6.068504,43.238913],[6.068551,43.238974],[6.068472,43.239009],[6.068478,43.239017],[6.068346,43.239074],[6.068362,43.239095],[6.068208,43.239161],[6.068123,43.239034],[6.068152,43.239022],[6.06806,43.238907],[6.068085,43.238896],[6.068033,43.238831],[6.068059,43.23882],[6.068008,43.238754],[6.068099,43.238715],[6.068176,43.238811],[6.068285,43.238764],[6.068339,43.238833],[6.068391,43.238811],[6.068349,43.238757],[6.068409,43.238731],[6.068456,43.238711],[6.068498,43.238765],[6.068442,43.238789],[6.068452,43.238804],[6.068464,43.238799],[6.068542,43.238897],[6.068504,43.238913]]]]}},{"type":"Feature","properties":{"type":"Bâtiment"},"geometry":{"type":"MultiPolygon","coordinates":[[[[6.065649,43.239766],[6.065605,43.239746],[6.065655,43.239693],[6.065696,43.239712],[6.065649,43.239766]]]]}},{"type":"Feature","properties":{"type":"Bâtiment"},"geometry":{"type":"MultiPolygon","coordinates":[[[[6.066263,43.23925],[6.066221,43.239242],[6.066231,43.239213],[6.066273,43.23922],[6.066263,43.23925]]]]}},{"type":"Feature","properties":{"type":"Bâtiment"},"geometry":{"type":"MultiPolygon","coordinates":[[[[6.068359,43.239683],[6.068393,43.239664],[6.068429,43.239716],[6.068408,43.239731],[6.068392,43.239711],[6.068384,43.239715],[6.068359,43.239683]]]]}},{"type":"Feature","properties":{"type":"Bâtiment"},"geometry":{"type":"MultiPolygon","coordinates":[[[[6.068229,43.23947],[6.068259,43.239458],[6.068308,43.239523],[6.068273,43.239536],[6.068229,43.23947]]]]}},{"type":"Feature","properties":{"type":"Bâtiment"},"geometry":{"type":"MultiPolygon","coordinates":[[[[6.066766,43.238791],[6.06673,43.238781],[6.066723,43.238778],[6.066745,43.238738],[6.066752,43.238739],[6.066788,43.238747],[6.066766,43.238791]]]]}},{"type":"Feature","properties":{"type":"Bâtiment"},"geometry":{"type":"MultiPolygon","coordinates":[[[[6.068178,43.238419],[6.068157,43.23839],[6.068198,43.238374],[6.06822,43.238401],[6.068178,43.238419]]]]}},{"type":"Feature","properties":{"type":"Bâtiment"},"geometry":{"type":"MultiPolygon","coordinates":[[[[6.06824,43.238448],[6.068215,43.238414],[6.068251,43.238399],[6.068276,43.238432],[6.06824,43.238448]]]]}},{"type":"Feature","properties":{"type":"Bâtiment"},"geometry":{"type":"MultiPolygon","coordinates":[[[[6.068355,43.238347],[6.068321,43.238303],[6.068354,43.23829],[6.068363,43.238301],[6.068388,43.238334],[6.068355,43.238347]]]]}},{"type":"Feature","properties":{"type":"Bâtiment"},"geometry":{"type":"MultiPolygon","coordinates":[[[[6.068416,43.238322],[6.068388,43.238334],[6.068363,43.238301],[6.068354,43.23829],[6.068361,43.238287],[6.068382,43.238278],[6.068416,43.238322]]]]}},{"type":"Feature","properties":{"type":"Bâtiment"},"geometry":{"type":"MultiPolygon","coordinates":[[[[6.068496,43.238281],[6.068463,43.238239],[6.068465,43.238238],[6.068491,43.238227],[6.068524,43.23827],[6.068496,43.238281]]]]}},{"type":"Feature","properties":{"type":"Bâtiment"},"geometry":{"type":"MultiPolygon","coordinates":[[[[6.068554,43.238258],[6.068524,43.23827],[6.068491,43.238227],[6.068522,43.238215],[6.068554,43.238258]]]]}},{"type":"Feature","properties":{"type":"Bâtiment"},"geometry":{"type":"MultiPolygon","coordinates":[[[[6.068645,43.238183],[6.068663,43.238208],[6.068631,43.238221],[6.068596,43.238178],[6.068629,43.238165],[6.068645,43.238183]]]]}},{"type":"Feature","properties":{"type":"Bâtiment"},"geometry":{"type":"MultiPolygon","coordinates":[[[[6.07025,43.238779],[6.070276,43.238757],[6.070288,43.238773],[6.070266,43.238789],[6.07025,43.238779]]]]}},{"type":"Feature","properties":{"type":"Bâtiment"},"geometry":{"type":"MultiPolygon","coordinates":[[[[6.069845,43.238236],[6.069865,43.238225],[6.069874,43.238237],[6.069856,43.238247],[6.069845,43.238236]]]]}},{"type":"Feature","properties":{"type":"Bâtiment"},"geometry":{"type":"MultiPolygon","coordinates":[[[[6.065372,43.240048],[6.06544,43.240041],[6.065448,43.240073],[6.065378,43.240079],[6.065372,43.240048]]]]}},{"type":"Feature","properties":{"type":"Bâtiment"},"geometry":{"type":"MultiPolygon","coordinates":[[[[6.067511,43.240397],[6.067469,43.240419],[6.067436,43.240384],[6.067475,43.240362],[6.067511,43.240397]]]]}},{"type":"Feature","properties":{"type":"Bâtiment"},"geometry":{"type":"MultiPolygon","coordinates":[[[[6.0678,43.241028],[6.067722,43.240987],[6.067773,43.240937],[6.067846,43.240979],[6.0678,43.241028]]]]}},{"type":"Feature","properties":{"type":"Bâtiment"},"geometry":{"type":"MultiPolygon","coordinates":[[[[6.067284,43.240522],[6.067259,43.2405],[6.067294,43.240482],[6.067317,43.240503],[6.067284,43.240522]]]]}},{"type":"Feature","properties":{"type":"Bâtiment"},"geometry":{"type":"MultiPolygon","coordinates":[[[[6.067703,43.240219],[6.067803,43.240297],[6.067758,43.240332],[6.067722,43.240302],[6.067669,43.240257],[6.067703,43.240219]]]]}},{"type":"Feature","properties":{"type":"Bâtiment"},"geometry":{"type":"MultiPolygon","coordinates":[[[[6.069733,43.240304],[6.069707,43.240234],[6.06974,43.240226],[6.069767,43.240297],[6.069733,43.240304]]]]}},{"type":"Feature","properties":{"type":"Bâtiment"},"geometry":{"type":"MultiPolygon","coordinates":[[[[6.069976,43.241552],[6.069969,43.241547],[6.069975,43.241543],[6.070024,43.241503],[6.070077,43.241533],[6.070022,43.241577],[6.069976,43.241552]]]]}},{"type":"Feature","properties":{"type":"Bâtiment"},"geometry":{"type":"MultiPolygon","coordinates":[[[[6.066034,43.241868],[6.066071,43.24189],[6.066016,43.241958],[6.065966,43.241933],[6.066034,43.241868]]]]}},{"type":"Feature","properties":{"type":"Bâtiment"},"geometry":{"type":"MultiPolygon","coordinates":[[[[6.067159,43.242248],[6.067141,43.242214],[6.067191,43.2422],[6.067208,43.242234],[6.067193,43.242237],[6.067194,43.24224],[6.067159,43.242248]]]]}},{"type":"Feature","properties":{"type":"Bâtiment"},"geometry":{"type":"MultiPolygon","coordinates":[[[[6.066365,43.241649],[6.066396,43.241629],[6.066418,43.241645],[6.066387,43.241667],[6.066365,43.241649]]]]}},{"type":"Feature","properties":{"type":"Bâtiment"},"geometry":{"type":"MultiPolygon","coordinates":[[[[6.070467,43.241727],[6.070384,43.241686],[6.070407,43.241661],[6.070454,43.241684],[6.070554,43.241735],[6.070505,43.241786],[6.070447,43.241758],[6.070467,43.241727]]]]}},{"type":"Feature","properties":{"type":"Bâtiment"},"geometry":{"type":"MultiPolygon","coordinates":[[[[6.06789,43.241495],[6.067801,43.241424],[6.067841,43.241387],[6.067863,43.241404],[6.067922,43.241362],[6.067921,43.241364],[6.06797,43.241397],[6.067977,43.241403],[6.067921,43.241442],[6.067932,43.24146],[6.06789,43.241495]]]]}},{"type":"Feature","properties":{"type":"Bâtiment"},"geometry":{"type":"MultiPolygon","coordinates":[[[[6.067255,43.24092],[6.067205,43.240845],[6.067186,43.240816],[6.067237,43.240799],[6.067258,43.240834],[6.067279,43.240842],[6.067325,43.240913],[6.067242,43.240943],[6.067232,43.240928],[6.067255,43.24092]]]]}},{"type":"Feature","properties":{"type":"Bâtiment"},"geometry":{"type":"MultiPolygon","coordinates":[[[[6.06869,43.23866],[6.068625,43.238687],[6.06859,43.238637],[6.068678,43.238598],[6.0687,43.238591],[6.068747,43.238654],[6.068894,43.238595],[6.068963,43.238688],[6.068777,43.238769],[6.068733,43.238715],[6.06869,43.23866]]]]}},{"type":"Feature","properties":{"type":"Bâtiment"},"geometry":{"type":"MultiPolygon","coordinates":[[[[6.049884,43.251906],[6.050786,43.251843],[6.050816,43.252039],[6.050737,43.252046],[6.050763,43.252242],[6.050688,43.252248],[6.050714,43.25245],[6.049964,43.252506],[6.049884,43.251906]]]]}},{"type":"Feature","properties":{"type":"Bâtiment"},"geometry":{"type":"MultiPolygon","coordinates":[[[[6.047338,43.252198],[6.047382,43.252262],[6.047281,43.252271],[6.047246,43.252212],[6.047338,43.252198]]]]}},{"type":"Feature","properties":{"type":"Bâtiment"},"geometry":{"type":"MultiPolygon","coordinates":[[[[6.045038,43.252825],[6.045052,43.252937],[6.044953,43.252941],[6.044945,43.25285],[6.044984,43.252848],[6.044983,43.252828],[6.045038,43.252825]]]]}},{"type":"Feature","properties":{"type":"Bâtiment"},"geometry":{"type":"MultiPolygon","coordinates":[[[[6.047131,43.254299],[6.047146,43.254304],[6.047128,43.254334],[6.047169,43.254345],[6.047104,43.254462],[6.046946,43.254418],[6.046962,43.254391],[6.046906,43.254374],[6.046966,43.254267],[6.046924,43.254254],[6.04695,43.254206],[6.047007,43.254222],[6.046985,43.254257],[6.047055,43.254277],[6.047131,43.254299]]]]}},{"type":"Feature","properties":{"type":"Bâtiment"},"geometry":{"type":"MultiPolygon","coordinates":[[[[6.049107,43.254444],[6.049185,43.254437],[6.049191,43.254485],[6.049114,43.254492],[6.049107,43.254444]]]]}},{"type":"Feature","properties":{"type":"Bâtiment"},"geometry":{"type":"MultiPolygon","coordinates":[[[[6.049225,43.254487],[6.049192,43.254491],[6.049191,43.254485],[6.049185,43.254437],[6.049351,43.254423],[6.049357,43.254474],[6.049317,43.254478],[6.049225,43.254487]]]]}},{"type":"Feature","properties":{"type":"Bâtiment"},"geometry":{"type":"MultiPolygon","coordinates":[[[[6.04437,43.253324],[6.04438,43.253354],[6.044389,43.253352],[6.044402,43.253416],[6.044425,43.253502],[6.044321,43.25351],[6.044279,43.253333],[6.044276,43.253275],[6.044326,43.253274],[6.044328,43.253328],[6.04437,43.253324]]]]}},{"type":"Feature","properties":{"type":"Bâtiment"},"geometry":{"type":"MultiPolygon","coordinates":[[[[6.044394,43.253351],[6.044441,43.253344],[6.044461,43.253407],[6.044402,43.253416],[6.044389,43.253352],[6.044394,43.253351]]]]}},{"type":"Feature","properties":{"type":"Bâtiment"},"geometry":{"type":"MultiPolygon","coordinates":[[[[6.045202,43.254132],[6.045105,43.254073],[6.04514,43.254045],[6.045248,43.254114],[6.045217,43.254141],[6.045202,43.254132]]]]}},{"type":"Feature","properties":{"type":"Bâtiment"},"geometry":{"type":"MultiPolygon","coordinates":[[[[6.051784,43.255179],[6.051845,43.255188],[6.051832,43.25523],[6.051827,43.255244],[6.051768,43.255235],[6.051784,43.255179]]]]}},{"type":"Feature","properties":{"type":"Bâtiment"},"geometry":{"type":"MultiPolygon","coordinates":[[[[6.051809,43.255301],[6.051827,43.255244],[6.051832,43.25523],[6.051906,43.255239],[6.05191,43.255222],[6.051962,43.255228],[6.051978,43.255176],[6.052053,43.255187],[6.052017,43.255306],[6.051951,43.255299],[6.051946,43.255317],[6.051809,43.255301]]]]}},{"type":"Feature","properties":{"type":"Bâtiment"},"geometry":{"type":"MultiPolygon","coordinates":[[[[6.051856,43.253992],[6.051697,43.253966],[6.05165,43.253951],[6.051565,43.253926],[6.051581,43.253889],[6.05155,43.253881],[6.051582,43.253819],[6.051726,43.253854],[6.051721,43.253869],[6.051882,43.253902],[6.051856,43.253992]]]]}},{"type":"Feature","properties":{"type":"Bâtiment"},"geometry":{"type":"MultiPolygon","coordinates":[[[[6.051668,43.254039],[6.051597,43.254016],[6.051618,43.253979],[6.051632,43.253984],[6.05165,43.253951],[6.051697,43.253966],[6.051682,43.253992],[6.051695,43.253997],[6.051668,43.254039]]]]}},{"type":"Feature","properties":{"type":"Bâtiment"},"geometry":{"type":"MultiPolygon","coordinates":[[[[6.049233,43.254521],[6.049231,43.254507],[6.049225,43.254487],[6.049317,43.254478],[6.04932,43.254512],[6.049233,43.254521]]]]}},{"type":"Feature","properties":{"type":"Bâtiment"},"geometry":{"type":"MultiPolygon","coordinates":[[[[6.049231,43.254507],[6.049194,43.254511],[6.049192,43.254491],[6.049225,43.254487],[6.049231,43.254507]]]]}},{"type":"Feature","properties":{"type":"Bâtiment"},"geometry":{"type":"MultiPolygon","coordinates":[[[[6.045858,43.251691],[6.045828,43.251694],[6.045823,43.251668],[6.04582,43.251648],[6.045848,43.251644],[6.045858,43.251691]]]]}},{"type":"Feature","properties":{"type":"Bâtiment"},"geometry":{"type":"MultiPolygon","coordinates":[[[[6.04582,43.251648],[6.045823,43.251668],[6.045828,43.251694],[6.045832,43.251713],[6.045733,43.251724],[6.045738,43.25176],[6.04565,43.25177],[6.045631,43.251684],[6.045606,43.251685],[6.045601,43.251638],[6.045684,43.251628],[6.045693,43.251675],[6.04577,43.251667],[6.045765,43.251645],[6.045818,43.25164],[6.04582,43.251648]]]]}},{"type":"Feature","properties":{"type":"Bâtiment"},"geometry":{"type":"MultiPolygon","coordinates":[[[[6.043836,43.251865],[6.043967,43.251866],[6.043965,43.25192],[6.043834,43.251913],[6.043836,43.251865]]]]}},{"type":"Feature","properties":{"type":"Bâtiment"},"geometry":{"type":"MultiPolygon","coordinates":[[[[6.043994,43.251921],[6.043965,43.25192],[6.043967,43.251866],[6.044102,43.251869],[6.044095,43.251944],[6.043993,43.251939],[6.043994,43.251921]]]]}},{"type":"Feature","properties":{"type":"Bâtiment"},"geometry":{"type":"MultiPolygon","coordinates":[[[[6.047205,43.252171],[6.047167,43.252108],[6.047175,43.252028],[6.047232,43.252031],[6.047219,43.252103],[6.047254,43.252155],[6.047205,43.252171]]]]}},{"type":"Feature","properties":{"type":"Bâtiment"},"geometry":{"type":"MultiPolygon","coordinates":[[[[6.046507,43.251525],[6.046454,43.251505],[6.046515,43.251418],[6.046569,43.251438],[6.046507,43.251525]]]]}},{"type":"Feature","properties":{"type":"Bâtiment"},"geometry":{"type":"MultiPolygon","coordinates":[[[[6.048619,43.252029],[6.048657,43.251897],[6.049255,43.251974],[6.049215,43.252114],[6.048619,43.252029]]]]}},{"type":"Feature","properties":{"type":"Bâtiment"},"geometry":{"type":"MultiPolygon","coordinates":[[[[6.049314,43.248371],[6.049426,43.24839],[6.049402,43.24847],[6.04929,43.248452],[6.049314,43.248371]]]]}},{"type":"Feature","properties":{"type":"Bâtiment"},"geometry":{"type":"MultiPolygon","coordinates":[[[[6.048938,43.248476],[6.048934,43.248521],[6.048854,43.248517],[6.048859,43.248472],[6.048938,43.248476]]]]}},{"type":"Feature","properties":{"type":"Bâtiment"},"geometry":{"type":"MultiPolygon","coordinates":[[[[6.044861,43.251573],[6.044956,43.251574],[6.044959,43.251633],[6.044931,43.251634],[6.044861,43.251635],[6.044861,43.251597],[6.044861,43.251573]]]]}},{"type":"Feature","properties":{"type":"Bâtiment"},"geometry":{"type":"MultiPolygon","coordinates":[[[[6.051601,43.251718],[6.051591,43.251749],[6.051508,43.251738],[6.051515,43.251707],[6.051601,43.251718]]]]}},{"type":"Feature","properties":{"type":"Bâtiment"},"geometry":{"type":"MultiPolygon","coordinates":[[[[6.051638,43.251755],[6.051591,43.251749],[6.051601,43.251718],[6.051624,43.251646],[6.051816,43.251675],[6.0518,43.251764],[6.051641,43.251744],[6.051638,43.251755]]]]}},{"type":"Feature","properties":{"type":"Bâtiment"},"geometry":{"type":"MultiPolygon","coordinates":[[[[6.051918,43.251781],[6.051827,43.251768],[6.051852,43.251665],[6.051943,43.251676],[6.051918,43.251781]]]]}},{"type":"Feature","properties":{"type":"Bâtiment"},"geometry":{"type":"MultiPolygon","coordinates":[[[[6.052493,43.251797],[6.052404,43.251795],[6.052404,43.251771],[6.052435,43.251771],[6.052494,43.251772],[6.052493,43.251797]]]]}},{"type":"Feature","properties":{"type":"Bâtiment"},"geometry":{"type":"MultiPolygon","coordinates":[[[[6.052516,43.251773],[6.052494,43.251772],[6.052435,43.251771],[6.052404,43.251771],[6.052405,43.25176],[6.052361,43.251759],[6.052365,43.251668],[6.052523,43.251674],[6.052521,43.251773],[6.052516,43.251773]]]]}},{"type":"Feature","properties":{"type":"Bâtiment"},"geometry":{"type":"MultiPolygon","coordinates":[[[[6.052141,43.251611],[6.052118,43.25161],[6.052116,43.251626],[6.052086,43.251625],[6.052104,43.251479],[6.052415,43.251493],[6.052411,43.251609],[6.052262,43.251603],[6.052262,43.251575],[6.052146,43.251571],[6.052141,43.251611]]]]}},{"type":"Feature","properties":{"type":"Bâtiment"},"geometry":{"type":"MultiPolygon","coordinates":[[[[6.052537,43.247463],[6.052626,43.247478],[6.052607,43.247535],[6.052593,43.247576],[6.0525,43.247556],[6.052504,43.247537],[6.052505,43.247534],[6.052447,43.247514],[6.052495,43.247455],[6.052528,43.247473],[6.052537,43.247463]]]]}},{"type":"Feature","properties":{"type":"Bâtiment"},"geometry":{"type":"MultiPolygon","coordinates":[[[[6.063783,43.239612],[6.06379,43.239594],[6.063803,43.239597],[6.063842,43.239514],[6.063988,43.239551],[6.063956,43.23963],[6.063887,43.239615],[6.063879,43.239633],[6.063783,43.239612]]]]}},{"type":"Feature","properties":{"type":"Bâtiment"},"geometry":{"type":"MultiPolygon","coordinates":[[[[6.062209,43.240371],[6.062206,43.240456],[6.062148,43.240455],[6.062155,43.240369],[6.062209,43.240371]]]]}},{"type":"Feature","properties":{"type":"Bâtiment"},"geometry":{"type":"MultiPolygon","coordinates":[[[[6.062324,43.240303],[6.06235,43.240305],[6.062344,43.240359],[6.062182,43.240352],[6.06218,43.24029],[6.062218,43.240291],[6.062227,43.240193],[6.06236,43.2402],[6.062351,43.240283],[6.062325,43.240282],[6.062324,43.240303]]]]}},{"type":"Feature","properties":{"type":"Bâtiment"},"geometry":{"type":"MultiPolygon","coordinates":[[[[6.061894,43.240344],[6.061778,43.240375],[6.061712,43.240244],[6.061765,43.240232],[6.061747,43.240196],[6.061816,43.240179],[6.061848,43.24025],[6.061825,43.240257],[6.061838,43.240285],[6.061863,43.24028],[6.061894,43.240344]]]]}},{"type":"Feature","properties":{"type":"Bâtiment"},"geometry":{"type":"MultiPolygon","coordinates":[[[[6.060964,43.240432],[6.060985,43.240437],[6.060968,43.240482],[6.060891,43.240468],[6.060884,43.240481],[6.060786,43.240462],[6.06082,43.240384],[6.060772,43.240374],[6.060796,43.240314],[6.060849,43.240328],[6.060844,43.24034],[6.060937,43.24036],[6.060926,43.240387],[6.060977,43.240398],[6.060964,43.240432]]]]}},{"type":"Feature","properties":{"type":"Bâtiment"},"geometry":{"type":"MultiPolygon","coordinates":[[[[6.061501,43.240932],[6.061575,43.240949],[6.061557,43.240984],[6.061577,43.240988],[6.061558,43.241032],[6.061697,43.241065],[6.061672,43.241127],[6.061606,43.241112],[6.061611,43.241096],[6.061556,43.241083],[6.061544,43.241112],[6.061468,43.241094],[6.061484,43.241055],[6.061472,43.241054],[6.06149,43.241014],[6.061465,43.241009],[6.061501,43.240932]]]]}},{"type":"Feature","properties":{"type":"Bâtiment"},"geometry":{"type":"MultiPolygon","coordinates":[[[[6.061552,43.242914],[6.061432,43.242867],[6.061472,43.242813],[6.061381,43.242776],[6.061433,43.242708],[6.061507,43.242737],[6.061504,43.242744],[6.061675,43.242816],[6.061646,43.242854],[6.061607,43.242839],[6.061552,43.242914]]]]}},{"type":"Feature","properties":{"type":"Bâtiment"},"geometry":{"type":"MultiPolygon","coordinates":[[[[6.064259,43.239609],[6.064372,43.239636],[6.064338,43.239701],[6.064327,43.239722],[6.064218,43.239691],[6.064259,43.239609]]]]}},{"type":"Feature","properties":{"type":"Bâtiment"},"geometry":{"type":"MultiPolygon","coordinates":[[[[6.05391,43.240975],[6.053851,43.24099],[6.053766,43.241012],[6.053733,43.241021],[6.053713,43.240978],[6.053763,43.240966],[6.053752,43.240942],[6.053768,43.240938],[6.053774,43.240936],[6.053758,43.240899],[6.053786,43.240893],[6.053784,43.240888],[6.053756,43.240824],[6.053739,43.240828],[6.053718,43.240785],[6.053738,43.240779],[6.053781,43.240769],[6.053803,43.240814],[6.053821,43.240851],[6.053835,43.240877],[6.053883,43.240866],[6.053901,43.240901],[6.053924,43.240895],[6.053924,43.240898],[6.053934,43.240918],[6.053935,43.240919],[6.053956,43.240913],[6.053977,43.240957],[6.053955,43.240963],[6.05391,43.240975]]]]}},{"type":"Feature","properties":{"type":"Bâtiment"},"geometry":{"type":"MultiPolygon","coordinates":[[[[6.053935,43.240919],[6.053934,43.240918],[6.053924,43.240898],[6.053924,43.240895],[6.053945,43.24089],[6.053945,43.240892],[6.053947,43.240896],[6.053956,43.240913],[6.053935,43.240919]]]]}},{"type":"Feature","properties":{"type":"Bâtiment"},"geometry":{"type":"MultiPolygon","coordinates":[[[[6.053857,43.240997],[6.053851,43.24099],[6.05391,43.240975],[6.053911,43.240978],[6.053911,43.240987],[6.053906,43.240994],[6.053899,43.241],[6.053888,43.241004],[6.053877,43.241005],[6.053866,43.241002],[6.053857,43.240997]]]]}},{"type":"Feature","properties":{"type":"Bâtiment"},"geometry":{"type":"MultiPolygon","coordinates":[[[[6.061414,43.239829],[6.06143,43.239805],[6.061471,43.239822],[6.061456,43.239843],[6.061414,43.239829]]]]}},{"type":"Feature","properties":{"type":"Bâtiment"},"geometry":{"type":"MultiPolygon","coordinates":[[[[6.061456,43.239843],[6.061471,43.239822],[6.061539,43.239849],[6.061457,43.239961],[6.061396,43.239937],[6.061406,43.239924],[6.06131,43.239888],[6.061365,43.23981],[6.061414,43.239829],[6.061456,43.239843]]]]}},{"type":"Feature","properties":{"type":"Bâtiment"},"geometry":{"type":"MultiPolygon","coordinates":[[[[6.060389,43.240636],[6.060326,43.240565],[6.060417,43.240514],[6.060423,43.240501],[6.060362,43.240487],[6.060403,43.240395],[6.060473,43.24041],[6.060465,43.24043],[6.06061,43.240462],[6.060577,43.240537],[6.060495,43.240517],[6.060485,43.240548],[6.06046,43.240543],[6.060458,43.24056],[6.060483,43.240588],[6.060389,43.240636]]]]}},{"type":"Feature","properties":{"type":"Bâtiment"},"geometry":{"type":"MultiPolygon","coordinates":[[[[6.060463,43.240722],[6.060414,43.240666],[6.060413,43.240665],[6.060464,43.240642],[6.060514,43.240698],[6.060463,43.240722]]]]}},{"type":"Feature","properties":{"type":"Bâtiment"},"geometry":{"type":"MultiPolygon","coordinates":[[[[6.060624,43.239786],[6.060646,43.239717],[6.06074,43.239733],[6.060747,43.239713],[6.060848,43.239731],[6.060832,43.239778],[6.060827,43.239777],[6.060803,43.239846],[6.060667,43.239821],[6.060675,43.239794],[6.060624,43.239786]]]]}},{"type":"Feature","properties":{"type":"Bâtiment"},"geometry":{"type":"MultiPolygon","coordinates":[[[[6.060654,43.239696],[6.060747,43.239713],[6.06074,43.239733],[6.060646,43.239717],[6.060654,43.239696]]]]}},{"type":"Feature","properties":{"type":"Bâtiment"},"geometry":{"type":"MultiPolygon","coordinates":[[[[6.060519,43.242628],[6.060465,43.242571],[6.060469,43.242554],[6.060566,43.242505],[6.060602,43.242544],[6.060583,43.242555],[6.060606,43.242585],[6.060626,43.24258],[6.060656,43.242642],[6.06056,43.242666],[6.060552,43.242645],[6.060531,43.242651],[6.060519,43.242628]]]]}},{"type":"Feature","properties":{"type":"Bâtiment"},"geometry":{"type":"MultiPolygon","coordinates":[[[[6.060873,43.240919],[6.060871,43.240914],[6.060849,43.240793],[6.060958,43.240783],[6.060972,43.240858],[6.061021,43.240854],[6.061038,43.240955],[6.060882,43.24097],[6.060873,43.240919]]]]}},{"type":"Feature","properties":{"type":"Bâtiment"},"geometry":{"type":"MultiPolygon","coordinates":[[[[6.060873,43.240919],[6.060882,43.24097],[6.06085,43.240974],[6.060841,43.240923],[6.060873,43.240919]]]]}},{"type":"Feature","properties":{"type":"Bâtiment"},"geometry":{"type":"MultiPolygon","coordinates":[[[[6.059102,43.240381],[6.059104,43.240397],[6.059113,43.240452],[6.058914,43.240469],[6.058903,43.240399],[6.059102,43.240381]]]]}},{"type":"Feature","properties":{"type":"Bâtiment"},"geometry":{"type":"MultiPolygon","coordinates":[[[[6.059147,43.240449],[6.059113,43.240452],[6.059104,43.240397],[6.059139,43.240394],[6.059147,43.240449]]]]}},{"type":"Feature","properties":{"type":"Bâtiment"},"geometry":{"type":"MultiPolygon","coordinates":[[[[6.059756,43.240224],[6.059777,43.240263],[6.059716,43.240279],[6.059695,43.240241],[6.059756,43.240224]]]]}},{"type":"Feature","properties":{"type":"Bâtiment"},"geometry":{"type":"MultiPolygon","coordinates":[[[[6.060151,43.240263],[6.060146,43.240226],[6.060129,43.240162],[6.060214,43.240153],[6.060217,43.240166],[6.060256,43.240159],[6.060254,43.240145],[6.060315,43.240138],[6.060331,43.240209],[6.0602,43.240224],[6.060212,43.24025],[6.060151,43.240263]]]]}},{"type":"Feature","properties":{"type":"Bâtiment"},"geometry":{"type":"MultiPolygon","coordinates":[[[[6.061872,43.239495],[6.061855,43.239664],[6.061828,43.239663],[6.061839,43.239493],[6.061872,43.239495]]]]}},{"type":"Feature","properties":{"type":"Bâtiment"},"geometry":{"type":"MultiPolygon","coordinates":[[[[6.061872,43.239495],[6.061912,43.239496],[6.06193,43.239496],[6.06192,43.239566],[6.06191,43.239633],[6.061985,43.239637],[6.061983,43.239669],[6.061889,43.239666],[6.061855,43.239664],[6.061872,43.239495]]]]}},{"type":"Feature","properties":{"type":"Bâtiment"},"geometry":{"type":"MultiPolygon","coordinates":[[[[6.06192,43.239566],[6.061993,43.239569],[6.061985,43.239637],[6.06191,43.239633],[6.06192,43.239566]]]]}},{"type":"Feature","properties":{"type":"Bâtiment"},"geometry":{"type":"MultiPolygon","coordinates":[[[[6.062,43.2395],[6.061993,43.239569],[6.06192,43.239566],[6.06193,43.239496],[6.062,43.2395]]]]}},{"type":"Feature","properties":{"type":"Bâtiment"},"geometry":{"type":"MultiPolygon","coordinates":[[[[6.062397,43.239546],[6.062399,43.23965],[6.062229,43.239652],[6.062227,43.239531],[6.062335,43.239532],[6.062335,43.239545],[6.062397,43.239546]]]]}},{"type":"Feature","properties":{"type":"Bâtiment"},"geometry":{"type":"MultiPolygon","coordinates":[[[[6.055415,43.24154],[6.055429,43.241566],[6.055355,43.241586],[6.055334,43.241543],[6.055356,43.241537],[6.055335,43.241497],[6.055425,43.241473],[6.055453,43.24153],[6.055415,43.24154]]]]}},{"type":"Feature","properties":{"type":"Bâtiment"},"geometry":{"type":"MultiPolygon","coordinates":[[[[6.055416,43.241589],[6.055431,43.241621],[6.055384,43.241633],[6.055369,43.2416],[6.055416,43.241589]]]]}},{"type":"Feature","properties":{"type":"Bâtiment"},"geometry":{"type":"MultiPolygon","coordinates":[[[[6.055584,43.240994],[6.055603,43.241025],[6.055668,43.241005],[6.055693,43.24105],[6.05559,43.241082],[6.055546,43.241006],[6.055584,43.240994]]]]}},{"type":"Feature","properties":{"type":"Bâtiment"},"geometry":{"type":"MultiPolygon","coordinates":[[[[6.053254,43.2424],[6.053173,43.242404],[6.05317,43.242348],[6.053251,43.242346],[6.053323,43.242344],[6.053325,43.242384],[6.053253,43.242386],[6.053254,43.2424]]]]}},{"type":"Feature","properties":{"type":"Bâtiment"},"geometry":{"type":"MultiPolygon","coordinates":[[[[6.054928,43.241895],[6.054926,43.241925],[6.05489,43.241924],[6.054844,43.241923],[6.054847,43.241856],[6.054893,43.241857],[6.054891,43.241894],[6.054928,43.241895]]]]}},{"type":"Feature","properties":{"type":"Bâtiment"},"geometry":{"type":"MultiPolygon","coordinates":[[[[6.053544,43.241154],[6.053548,43.241162],[6.053569,43.241209],[6.053547,43.241214],[6.05349,43.241227],[6.053465,43.241172],[6.053522,43.241159],[6.053544,43.241154]]]]}},{"type":"Feature","properties":{"type":"Bâtiment"},"geometry":{"type":"MultiPolygon","coordinates":[[[[6.053579,43.241072],[6.053583,43.24108],[6.053604,43.241127],[6.053582,43.241132],[6.053525,43.241145],[6.0535,43.24109],[6.053557,43.241077],[6.053579,43.241072]]]]}},{"type":"Feature","properties":{"type":"Bâtiment"},"geometry":{"type":"MultiPolygon","coordinates":[[[[6.055409,43.240706],[6.055441,43.240764],[6.055353,43.24079],[6.055322,43.240731],[6.055409,43.240706]]]]}},{"type":"Feature","properties":{"type":"Bâtiment"},"geometry":{"type":"MultiPolygon","coordinates":[[[[6.057116,43.239772],[6.057142,43.239812],[6.057066,43.239841],[6.057017,43.239776],[6.057126,43.239734],[6.057146,43.239761],[6.057116,43.239772]]]]}},{"type":"Feature","properties":{"type":"Bâtiment"},"geometry":{"type":"MultiPolygon","coordinates":[[[[6.060383,43.238347],[6.060447,43.238321],[6.060477,43.238361],[6.060459,43.238369],[6.060532,43.238466],[6.060483,43.238485],[6.060383,43.238347]]]]}},{"type":"Feature","properties":{"type":"Bâtiment"},"geometry":{"type":"MultiPolygon","coordinates":[[[[6.059835,43.238711],[6.05983,43.238696],[6.059777,43.238702],[6.059748,43.238611],[6.059836,43.238596],[6.059848,43.238634],[6.059925,43.238621],[6.059914,43.238589],[6.059973,43.238579],[6.060001,43.238664],[6.059878,43.238687],[6.059883,43.238703],[6.059835,43.238711]]]]}},{"type":"Feature","properties":{"type":"Bâtiment"},"geometry":{"type":"MultiPolygon","coordinates":[[[[6.060116,43.239054],[6.060132,43.239139],[6.059915,43.23916],[6.059914,43.239144],[6.059815,43.239154],[6.059804,43.239088],[6.059903,43.239078],[6.059907,43.239103],[6.059959,43.239099],[6.059955,43.23907],[6.060116,43.239054]]]]}},{"type":"Feature","properties":{"type":"Bâtiment"},"geometry":{"type":"MultiPolygon","coordinates":[[[[6.060381,43.238813],[6.060407,43.238807],[6.060425,43.238855],[6.060398,43.23886],[6.060381,43.238813]]]]}},{"type":"Feature","properties":{"type":"Bâtiment"},"geometry":{"type":"MultiPolygon","coordinates":[[[[6.060425,43.238855],[6.060407,43.238807],[6.06048,43.238793],[6.060527,43.238921],[6.060452,43.238934],[6.060425,43.238855]]]]}},{"type":"Feature","properties":{"type":"Bâtiment"},"geometry":{"type":"MultiPolygon","coordinates":[[[[6.059439,43.238593],[6.059564,43.238617],[6.059542,43.238678],[6.059449,43.238661],[6.059463,43.238619],[6.059433,43.238613],[6.059439,43.238593]]]]}},{"type":"Feature","properties":{"type":"Bâtiment"},"geometry":{"type":"MultiPolygon","coordinates":[[[[6.059591,43.238306],[6.059581,43.238262],[6.059653,43.238253],[6.059661,43.238297],[6.059591,43.238306]]]]}},{"type":"Feature","properties":{"type":"Bâtiment"},"geometry":{"type":"MultiPolygon","coordinates":[[[[6.059604,43.238362],[6.059591,43.238306],[6.059661,43.238297],[6.059682,43.238294],[6.059695,43.238351],[6.059604,43.238362]]]]}},{"type":"Feature","properties":{"type":"Bâtiment"},"geometry":{"type":"MultiPolygon","coordinates":[[[[6.059665,43.238252],[6.059653,43.238253],[6.059581,43.238262],[6.059567,43.238193],[6.05958,43.238192],[6.059566,43.238127],[6.059672,43.238113],[6.059683,43.238178],[6.059702,43.238176],[6.05972,43.238253],[6.059667,43.238259],[6.059665,43.238252]]]]}},{"type":"Feature","properties":{"type":"Bâtiment"},"geometry":{"type":"MultiPolygon","coordinates":[[[[6.059455,43.239287],[6.059431,43.239336],[6.059289,43.239298],[6.059312,43.239253],[6.059337,43.239258],[6.059351,43.239229],[6.059329,43.239224],[6.059367,43.239144],[6.059425,43.23916],[6.059415,43.23918],[6.059504,43.239203],[6.059475,43.23926],[6.059448,43.239254],[6.059435,43.23928],[6.059455,43.239287]]]]}},{"type":"Feature","properties":{"type":"Bâtiment"},"geometry":{"type":"MultiPolygon","coordinates":[[[[6.062351,43.23938],[6.062448,43.239405],[6.062417,43.239479],[6.06234,43.239465],[6.062353,43.239421],[6.06234,43.239418],[6.062351,43.23938]]]]}},{"type":"Feature","properties":{"type":"Bâtiment"},"geometry":{"type":"MultiPolygon","coordinates":[[[[6.061324,43.238233],[6.061287,43.238213],[6.061317,43.238194],[6.061345,43.238219],[6.061324,43.238233]]]]}},{"type":"Feature","properties":{"type":"Bâtiment"},"geometry":{"type":"MultiPolygon","coordinates":[[[[6.061324,43.238233],[6.06125,43.238276],[6.061214,43.238246],[6.06123,43.238234],[6.06124,43.238243],[6.061287,43.238213],[6.061324,43.238233]]]]}},{"type":"Feature","properties":{"type":"Bâtiment"},"geometry":{"type":"MultiPolygon","coordinates":[[[[6.059534,43.238507],[6.059581,43.238502],[6.059586,43.238531],[6.059538,43.238535],[6.059534,43.238507]]]]}},{"type":"Feature","properties":{"type":"Bâtiment"},"geometry":{"type":"MultiPolygon","coordinates":[[[[6.05961,43.238532],[6.059599,43.2385],[6.059657,43.238495],[6.059737,43.238488],[6.059742,43.23852],[6.05961,43.238532]]]]}},{"type":"Feature","properties":{"type":"Bâtiment"},"geometry":{"type":"MultiPolygon","coordinates":[[[[6.059644,43.238432],[6.059657,43.238495],[6.059599,43.2385],[6.059586,43.238438],[6.059644,43.238432]]]]}},{"type":"Feature","properties":{"type":"Bâtiment"},"geometry":{"type":"MultiPolygon","coordinates":[[[[6.059696,43.238579],[6.059647,43.238589],[6.059633,43.238548],[6.059681,43.238538],[6.059696,43.238579]]]]}},{"type":"Feature","properties":{"type":"Bâtiment"},"geometry":{"type":"MultiPolygon","coordinates":[[[[6.059394,43.238304],[6.059406,43.238355],[6.05936,43.23836],[6.059283,43.23837],[6.059272,43.238318],[6.059394,43.238304]]]]}},{"type":"Feature","properties":{"type":"Bâtiment"},"geometry":{"type":"MultiPolygon","coordinates":[[[[6.05936,43.23836],[6.059406,43.238355],[6.059417,43.238413],[6.059373,43.23842],[6.05936,43.23836]]]]}},{"type":"Feature","properties":{"type":"Bâtiment"},"geometry":{"type":"MultiPolygon","coordinates":[[[[6.061087,43.238395],[6.061063,43.238399],[6.061023,43.238284],[6.061076,43.238275],[6.061107,43.238372],[6.061081,43.238376],[6.061087,43.238395]]]]}},{"type":"Feature","properties":{"type":"Bâtiment"},"geometry":{"type":"MultiPolygon","coordinates":[[[[6.060169,43.239395],[6.060117,43.239412],[6.060105,43.239393],[6.060157,43.239376],[6.060169,43.239395]]]]}},{"type":"Feature","properties":{"type":"Bâtiment"},"geometry":{"type":"MultiPolygon","coordinates":[[[[6.060088,43.239375],[6.060117,43.239412],[6.060036,43.239444],[6.060004,43.239403],[6.05994,43.239429],[6.059898,43.239372],[6.059937,43.239357],[6.059904,43.239314],[6.05997,43.239287],[6.059996,43.239322],[6.060034,43.239323],[6.060036,43.239304],[6.06009,43.239306],[6.060088,43.239375]]]]}},{"type":"Feature","properties":{"type":"Bâtiment"},"geometry":{"type":"MultiPolygon","coordinates":[[[[6.060137,43.239444],[6.060117,43.239412],[6.060169,43.239395],[6.06018,43.239391],[6.0602,43.239423],[6.060137,43.239444]]]]}},{"type":"Feature","properties":{"type":"Bâtiment"},"geometry":{"type":"MultiPolygon","coordinates":[[[[6.061214,43.238578],[6.061209,43.23854],[6.061331,43.238525],[6.061339,43.238563],[6.061214,43.238578]]]]}},{"type":"Feature","properties":{"type":"Bâtiment"},"geometry":{"type":"MultiPolygon","coordinates":[[[[6.05933,43.241346],[6.059387,43.241348],[6.059383,43.241409],[6.059326,43.241407],[6.05933,43.241346]]]]}},{"type":"Feature","properties":{"type":"Bâtiment"},"geometry":{"type":"MultiPolygon","coordinates":[[[[6.059383,43.241409],[6.059387,43.241348],[6.059429,43.241349],[6.059461,43.241411],[6.059383,43.241409]]]]}},{"type":"Feature","properties":{"type":"Bâtiment"},"geometry":{"type":"MultiPolygon","coordinates":[[[[6.061473,43.240519],[6.061465,43.240505],[6.061475,43.240502],[6.061483,43.240516],[6.061473,43.240519]]]]}},{"type":"Feature","properties":{"type":"Bâtiment"},"geometry":{"type":"MultiPolygon","coordinates":[[[[6.061462,43.240522],[6.061473,43.240519],[6.061483,43.240516],[6.061475,43.240502],[6.061465,43.240505],[6.061435,43.240453],[6.061501,43.240433],[6.061538,43.240421],[6.06156,43.240459],[6.061549,43.240463],[6.061586,43.240528],[6.061484,43.240559],[6.061462,43.240522]]]]}},{"type":"Feature","properties":{"type":"Bâtiment"},"geometry":{"type":"MultiPolygon","coordinates":[[[[6.061609,43.240521],[6.061586,43.240528],[6.061549,43.240463],[6.06156,43.240459],[6.061538,43.240421],[6.06155,43.240418],[6.061609,43.240521]]]]}},{"type":"Feature","properties":{"type":"Bâtiment"},"geometry":{"type":"MultiPolygon","coordinates":[[[[6.061483,43.240403],[6.061501,43.240433],[6.061435,43.240453],[6.061418,43.240423],[6.061483,43.240403]]]]}},{"type":"Feature","properties":{"type":"Bâtiment"},"geometry":{"type":"MultiPolygon","coordinates":[[[[6.061046,43.240255],[6.061039,43.240272],[6.060929,43.240239],[6.060951,43.240198],[6.061033,43.240222],[6.061072,43.240204],[6.061094,43.24024],[6.061046,43.240255]]]]}},{"type":"Feature","properties":{"type":"Bâtiment"},"geometry":{"type":"MultiPolygon","coordinates":[[[[6.058815,43.240495],[6.058816,43.240523],[6.058702,43.240527],[6.058699,43.240502],[6.058815,43.240495]]]]}},{"type":"Feature","properties":{"type":"Bâtiment"},"geometry":{"type":"MultiPolygon","coordinates":[[[[6.058641,43.240592],[6.05865,43.240615],[6.058557,43.240622],[6.058546,43.240555],[6.058553,43.240554],[6.058548,43.240532],[6.058591,43.240524],[6.058584,43.240458],[6.058694,43.240451],[6.058699,43.240502],[6.058702,43.240527],[6.058816,43.240523],[6.058824,43.240591],[6.058766,43.240598],[6.058759,43.240582],[6.058641,43.240592]]]]}},{"type":"Feature","properties":{"type":"Bâtiment"},"geometry":{"type":"MultiPolygon","coordinates":[[[[6.058633,43.238928],[6.058784,43.238976],[6.058693,43.239118],[6.058552,43.239074],[6.058592,43.239007],[6.058626,43.239018],[6.058656,43.238968],[6.058616,43.238956],[6.058633,43.238928]]]]}},{"type":"Feature","properties":{"type":"Bâtiment"},"geometry":{"type":"MultiPolygon","coordinates":[[[[6.052606,43.24121],[6.052583,43.241184],[6.05258,43.241184],[6.052569,43.241187],[6.052558,43.241186],[6.052548,43.241183],[6.05254,43.241177],[6.052482,43.241203],[6.05244,43.241155],[6.05251,43.241122],[6.052533,43.241111],[6.052553,43.241133],[6.052613,43.241105],[6.052639,43.241135],[6.052676,43.241177],[6.05267,43.241181],[6.05264,43.241194],[6.052606,43.24121]]]]}},{"type":"Feature","properties":{"type":"Bâtiment"},"geometry":{"type":"MultiPolygon","coordinates":[[[[6.05263,43.241236],[6.052606,43.24121],[6.05264,43.241194],[6.05267,43.241181],[6.052692,43.241207],[6.05263,43.241236]]]]}},{"type":"Feature","properties":{"type":"Bâtiment"},"geometry":{"type":"MultiPolygon","coordinates":[[[[6.05933,43.238142],[6.059325,43.238114],[6.059369,43.238111],[6.059373,43.238138],[6.05933,43.238142]]]]}},{"type":"Feature","properties":{"type":"Bâtiment"},"geometry":{"type":"MultiPolygon","coordinates":[[[[6.059665,43.238904],[6.059703,43.238901],[6.059707,43.238927],[6.059671,43.238931],[6.059665,43.238904]]]]}},{"type":"Feature","properties":{"type":"Bâtiment"},"geometry":{"type":"MultiPolygon","coordinates":[[[[6.059665,43.238904],[6.059655,43.238854],[6.059695,43.23885],[6.059703,43.238901],[6.059665,43.238904]]]]}},{"type":"Feature","properties":{"type":"Bâtiment"},"geometry":{"type":"MultiPolygon","coordinates":[[[[6.062496,43.23919],[6.062523,43.239192],[6.062518,43.239213],[6.062491,43.23921],[6.062496,43.23919]]]]}},{"type":"Feature","properties":{"type":"Bâtiment"},"geometry":{"type":"MultiPolygon","coordinates":[[[[6.061636,43.239358],[6.061627,43.239357],[6.061648,43.239281],[6.061696,43.239289],[6.061661,43.239409],[6.061597,43.239399],[6.061606,43.239372],[6.061633,43.239376],[6.061636,43.239358]]]]}},{"type":"Feature","properties":{"type":"Bâtiment"},"geometry":{"type":"MultiPolygon","coordinates":[[[[6.056452,43.240286],[6.056468,43.240307],[6.05638,43.240343],[6.056364,43.240323],[6.056452,43.240286]]]]}},{"type":"Feature","properties":{"type":"Bâtiment"},"geometry":{"type":"MultiPolygon","coordinates":[[[[6.06047,43.240065],[6.060444,43.240125],[6.060378,43.240109],[6.060404,43.24005],[6.06047,43.240065]]]]}},{"type":"Feature","properties":{"type":"Bâtiment"},"geometry":{"type":"MultiPolygon","coordinates":[[[[6.061294,43.240513],[6.061252,43.240454],[6.061309,43.240432],[6.061351,43.240491],[6.061294,43.240513]]]]}},{"type":"Feature","properties":{"type":"Bâtiment"},"geometry":{"type":"MultiPolygon","coordinates":[[[[6.061861,43.24049],[6.061809,43.240507],[6.06179,43.240474],[6.061841,43.240458],[6.061861,43.24049]]]]}},{"type":"Feature","properties":{"type":"Bâtiment"},"geometry":{"type":"MultiPolygon","coordinates":[[[[6.061659,43.240846],[6.061728,43.240863],[6.061703,43.240921],[6.061633,43.240903],[6.061659,43.240846]]]]}},{"type":"Feature","properties":{"type":"Bâtiment"},"geometry":{"type":"MultiPolygon","coordinates":[[[[6.064096,43.253883],[6.064109,43.253863],[6.064137,43.253873],[6.064125,43.253892],[6.064096,43.253883]]]]}},{"type":"Feature","properties":{"type":"Bâtiment"},"geometry":{"type":"MultiPolygon","coordinates":[[[[6.06329,43.251776],[6.063215,43.251759],[6.06327,43.251635],[6.063344,43.251652],[6.06329,43.251776]]]]}},{"type":"Feature","properties":{"type":"Bâtiment"},"geometry":{"type":"MultiPolygon","coordinates":[[[[6.061165,43.25233],[6.061162,43.252292],[6.061226,43.252287],[6.061232,43.252324],[6.061165,43.25233]]]]}},{"type":"Feature","properties":{"type":"Bâtiment"},"geometry":{"type":"MultiPolygon","coordinates":[[[[6.061267,43.252313],[6.061262,43.252287],[6.061292,43.252284],[6.061297,43.25231],[6.061267,43.252313]]]]}},{"type":"Feature","properties":{"type":"Bâtiment"},"geometry":{"type":"MultiPolygon","coordinates":[[[[6.062435,43.253461],[6.062527,43.253499],[6.06252,43.25359],[6.062428,43.253589],[6.062435,43.253461]]]]}},{"type":"Feature","properties":{"type":"Bâtiment"},"geometry":{"type":"MultiPolygon","coordinates":[[[[6.062301,43.257654],[6.06228,43.257623],[6.062334,43.257603],[6.062356,43.257633],[6.062301,43.257654]]]]}},{"type":"Feature","properties":{"type":"Bâtiment"},"geometry":{"type":"MultiPolygon","coordinates":[[[[6.064485,43.255369],[6.064468,43.255321],[6.064537,43.255308],[6.064507,43.255221],[6.064672,43.255187],[6.064711,43.255302],[6.064705,43.255323],[6.064485,43.255369]]]]}},{"type":"Feature","properties":{"type":"Bâtiment"},"geometry":{"type":"MultiPolygon","coordinates":[[[[6.061677,43.256771],[6.061934,43.256738],[6.061943,43.256774],[6.061948,43.256793],[6.061664,43.256828],[6.061662,43.25682],[6.061633,43.256824],[6.061631,43.256811],[6.061629,43.256806],[6.061613,43.256807],[6.061594,43.256807],[6.061593,43.256801],[6.061591,43.256786],[6.061583,43.256787],[6.061578,43.256771],[6.061555,43.256773],[6.061547,43.25673],[6.061571,43.256728],[6.061608,43.256723],[6.061616,43.256761],[6.061672,43.256754],[6.061677,43.256771]]]]}},{"type":"Feature","properties":{"type":"Bâtiment"},"geometry":{"type":"MultiPolygon","coordinates":[[[[6.061595,43.256924],[6.061565,43.256876],[6.061631,43.256855],[6.061662,43.256901],[6.061595,43.256924]]]]}},{"type":"Feature","properties":{"type":"Bâtiment"},"geometry":{"type":"MultiPolygon","coordinates":[[[[6.059617,43.253185],[6.059582,43.253167],[6.059575,43.253137],[6.059687,43.253132],[6.059697,43.253182],[6.059617,43.253185]]]]}},{"type":"Feature","properties":{"type":"Bâtiment"},"geometry":{"type":"MultiPolygon","coordinates":[[[[6.061699,43.255199],[6.061734,43.255158],[6.061764,43.255171],[6.06173,43.255212],[6.061699,43.255199]]]]}},{"type":"Feature","properties":{"type":"Bâtiment"},"geometry":{"type":"MultiPolygon","coordinates":[[[[6.061875,43.255189],[6.061823,43.255251],[6.061777,43.255232],[6.06173,43.255212],[6.061764,43.255171],[6.061805,43.255188],[6.061823,43.255166],[6.061875,43.255189]]]]}},{"type":"Feature","properties":{"type":"Bâtiment"},"geometry":{"type":"MultiPolygon","coordinates":[[[[6.057221,43.254932],[6.0574,43.254979],[6.057393,43.254993],[6.05744,43.255005],[6.057404,43.255078],[6.057389,43.255108],[6.057341,43.255096],[6.057352,43.255071],[6.057349,43.255071],[6.057174,43.255026],[6.057221,43.254932]]]]}},{"type":"Feature","properties":{"type":"Bâtiment"},"geometry":{"type":"MultiPolygon","coordinates":[[[[6.056826,43.252049],[6.056786,43.252034],[6.056811,43.251997],[6.056852,43.252012],[6.056826,43.252049]]]]}},{"type":"Feature","properties":{"type":"Bâtiment"},"geometry":{"type":"MultiPolygon","coordinates":[[[[6.056874,43.252066],[6.05685,43.252105],[6.05676,43.252073],[6.056786,43.252034],[6.056826,43.252049],[6.056852,43.252012],[6.056923,43.252038],[6.056898,43.252075],[6.056874,43.252066]]]]}},{"type":"Feature","properties":{"type":"Bâtiment"},"geometry":{"type":"MultiPolygon","coordinates":[[[[6.061682,43.257951],[6.06165,43.257916],[6.061723,43.257879],[6.061688,43.257843],[6.06176,43.257804],[6.06184,43.25788],[6.061769,43.257917],[6.061788,43.257939],[6.061736,43.257962],[6.06171,43.257935],[6.061682,43.257951]]]]}},{"type":"Feature","properties":{"type":"Bâtiment"},"geometry":{"type":"MultiPolygon","coordinates":[[[[6.060376,43.25307],[6.060488,43.253094],[6.060481,43.253109],[6.060472,43.253123],[6.060362,43.253106],[6.060373,43.253069],[6.060376,43.25307]]]]}},{"type":"Feature","properties":{"type":"Bâtiment"},"geometry":{"type":"MultiPolygon","coordinates":[[[[6.06039,43.253016],[6.060511,43.253037],[6.060488,43.253094],[6.060376,43.25307],[6.060373,43.253069],[6.06039,43.253016]]]]}},{"type":"Feature","properties":{"type":"Bâtiment"},"geometry":{"type":"MultiPolygon","coordinates":[[[[6.06508,43.25491],[6.065187,43.254897],[6.065197,43.254947],[6.065088,43.25496],[6.06508,43.25491]]]]}},{"type":"Feature","properties":{"type":"Bâtiment"},"geometry":{"type":"MultiPolygon","coordinates":[[[[6.063949,43.254846],[6.063943,43.254845],[6.063902,43.254833],[6.063904,43.254828],[6.063901,43.254827],[6.063927,43.254772],[6.063983,43.254787],[6.063965,43.254819],[6.063949,43.254846]]]]}},{"type":"Feature","properties":{"type":"Bâtiment"},"geometry":{"type":"MultiPolygon","coordinates":[[[[6.063951,43.254724],[6.063927,43.254772],[6.063901,43.254827],[6.063787,43.254797],[6.063812,43.254741],[6.063873,43.254757],[6.063901,43.254708],[6.063951,43.254724]]]]}},{"type":"Feature","properties":{"type":"Bâtiment"},"geometry":{"type":"MultiPolygon","coordinates":[[[[6.063725,43.256441],[6.063789,43.256459],[6.063776,43.256482],[6.063895,43.256519],[6.06385,43.2566],[6.063723,43.256561],[6.063729,43.25655],[6.063674,43.256533],[6.063663,43.256553],[6.063617,43.256539],[6.063665,43.256454],[6.06371,43.256468],[6.063725,43.256441]]]]}},{"type":"Feature","properties":{"type":"Bâtiment"},"geometry":{"type":"MultiPolygon","coordinates":[[[[6.058562,43.254361],[6.058686,43.254393],[6.058658,43.254442],[6.058505,43.2544],[6.05852,43.254374],[6.058551,43.254384],[6.058562,43.254361]]]]}},{"type":"Feature","properties":{"type":"Bâtiment"},"geometry":{"type":"MultiPolygon","coordinates":[[[[6.062885,43.256539],[6.062867,43.256496],[6.062828,43.256504],[6.062795,43.256417],[6.062894,43.256398],[6.062932,43.256519],[6.06291,43.256524],[6.062913,43.256534],[6.062885,43.256539]]]]}},{"type":"Feature","properties":{"type":"Bâtiment"},"geometry":{"type":"MultiPolygon","coordinates":[[[[6.062008,43.255023],[6.06204,43.25503],[6.062016,43.255094],[6.062012,43.255106],[6.061971,43.255098],[6.061984,43.255066],[6.061874,43.255041],[6.061901,43.254977],[6.062015,43.255005],[6.062008,43.255023]]]]}},{"type":"Feature","properties":{"type":"Bâtiment"},"geometry":{"type":"MultiPolygon","coordinates":[[[[6.062016,43.255094],[6.06204,43.25503],[6.062093,43.255041],[6.062072,43.255103],[6.062016,43.255094]]]]}},{"type":"Feature","properties":{"type":"Bâtiment"},"geometry":{"type":"MultiPolygon","coordinates":[[[[6.061836,43.254947],[6.061866,43.254953],[6.061849,43.254995],[6.061817,43.254988],[6.061836,43.254947]]]]}},{"type":"Feature","properties":{"type":"Bâtiment"},"geometry":{"type":"MultiPolygon","coordinates":[[[[6.062045,43.258297],[6.061982,43.25831],[6.061967,43.25826],[6.062026,43.258247],[6.062045,43.258297]]]]}},{"type":"Feature","properties":{"type":"Bâtiment"},"geometry":{"type":"MultiPolygon","coordinates":[[[[6.055364,43.253402],[6.055406,43.253343],[6.055466,43.253366],[6.055428,43.253414],[6.05553,43.253455],[6.055528,43.253462],[6.055511,43.253457],[6.055483,43.253498],[6.055389,43.253463],[6.05542,43.253421],[6.055364,43.253402]]]]}},{"type":"Feature","properties":{"type":"Bâtiment"},"geometry":{"type":"MultiPolygon","coordinates":[[[[6.055568,43.253404],[6.05553,43.253455],[6.055428,43.253414],[6.055466,43.253366],[6.055568,43.253404]]]]}},{"type":"Feature","properties":{"type":"Bâtiment"},"geometry":{"type":"MultiPolygon","coordinates":[[[[6.062626,43.253917],[6.062603,43.253941],[6.062906,43.254096],[6.062841,43.254161],[6.062829,43.254175],[6.062806,43.254163],[6.062531,43.254019],[6.062581,43.253963],[6.062542,43.253945],[6.062586,43.253894],[6.062626,43.253917]]]]}},{"type":"Feature","properties":{"type":"Bâtiment"},"geometry":{"type":"MultiPolygon","coordinates":[[[[6.060545,43.25639],[6.06051,43.256416],[6.060473,43.256391],[6.060506,43.256365],[6.060545,43.25639]]]]}},{"type":"Feature","properties":{"type":"Bâtiment"},"geometry":{"type":"MultiPolygon","coordinates":[[[[6.060432,43.256426],[6.060473,43.256391],[6.06051,43.256416],[6.060545,43.25639],[6.06059,43.256421],[6.060621,43.256396],[6.060701,43.256446],[6.060679,43.256463],[6.060726,43.256496],[6.060672,43.256539],[6.060569,43.256472],[6.060538,43.256496],[6.060432,43.256426]]]]}},{"type":"Feature","properties":{"type":"Bâtiment"},"geometry":{"type":"MultiPolygon","coordinates":[[[[6.061534,43.256616],[6.061567,43.256612],[6.061589,43.256701],[6.061556,43.256706],[6.061544,43.256708],[6.061543,43.2567],[6.061527,43.256642],[6.061521,43.256618],[6.061534,43.256616]]]]}},{"type":"Feature","properties":{"type":"Bâtiment"},"geometry":{"type":"MultiPolygon","coordinates":[[[[6.062368,43.258055],[6.062282,43.258069],[6.06227,43.25804],[6.062357,43.258025],[6.062368,43.258055]]]]}},{"type":"Feature","properties":{"type":"Bâtiment"},"geometry":{"type":"MultiPolygon","coordinates":[[[[6.06227,43.25804],[6.062265,43.25803],[6.062238,43.257989],[6.06239,43.257963],[6.062406,43.258016],[6.062357,43.258025],[6.06227,43.25804]]]]}},{"type":"Feature","properties":{"type":"Bâtiment"},"geometry":{"type":"MultiPolygon","coordinates":[[[[6.063312,43.253626],[6.063332,43.253589],[6.063417,43.253614],[6.063398,43.25365],[6.063312,43.253626]]]]}},{"type":"Feature","properties":{"type":"Bâtiment"},"geometry":{"type":"MultiPolygon","coordinates":[[[[6.062696,43.253883],[6.062801,43.253932],[6.062772,43.253965],[6.062668,43.253915],[6.062696,43.253883]]]]}},{"type":"Feature","properties":{"type":"Bâtiment"},"geometry":{"type":"MultiPolygon","coordinates":[[[[6.058678,43.255259],[6.058493,43.255205],[6.058498,43.255193],[6.058418,43.25517],[6.058451,43.255117],[6.058525,43.255138],[6.058517,43.255153],[6.058641,43.255192],[6.058631,43.255209],[6.058697,43.255227],[6.058678,43.255259]]]]}},{"type":"Feature","properties":{"type":"Bâtiment"},"geometry":{"type":"MultiPolygon","coordinates":[[[[6.061681,43.255813],[6.061868,43.255827],[6.061864,43.25587],[6.061676,43.255855],[6.061681,43.255813]]]]}},{"type":"Feature","properties":{"type":"Bâtiment"},"geometry":{"type":"MultiPolygon","coordinates":[[[[6.061864,43.25587],[6.061868,43.255827],[6.061872,43.255783],[6.062098,43.2558],[6.062091,43.255863],[6.061974,43.255856],[6.061971,43.25588],[6.061864,43.25587]]]]}},{"type":"Feature","properties":{"type":"Bâtiment"},"geometry":{"type":"MultiPolygon","coordinates":[[[[6.062338,43.2577],[6.062347,43.257654],[6.062408,43.25766],[6.062399,43.257706],[6.062338,43.2577]]]]}},{"type":"Feature","properties":{"type":"Bâtiment"},"geometry":{"type":"MultiPolygon","coordinates":[[[[6.064288,43.252127],[6.064275,43.252119],[6.064322,43.252078],[6.064365,43.252104],[6.064351,43.252116],[6.064377,43.252133],[6.064373,43.252135],[6.064404,43.252156],[6.064265,43.252277],[6.064212,43.252248],[6.064217,43.252243],[6.064179,43.252221],[6.064213,43.252191],[6.064255,43.252216],[6.064294,43.252183],[6.064252,43.252158],[6.064288,43.252127]]]]}},{"type":"Feature","properties":{"type":"Bâtiment"},"geometry":{"type":"MultiPolygon","coordinates":[[[[6.064325,43.252303],[6.064316,43.252299],[6.064346,43.252269],[6.064407,43.252303],[6.064378,43.25233],[6.064389,43.252334],[6.064348,43.252376],[6.064287,43.252342],[6.064325,43.252303]]]]}},{"type":"Feature","properties":{"type":"Bâtiment"},"geometry":{"type":"MultiPolygon","coordinates":[[[[6.064202,43.252388],[6.064224,43.252366],[6.064289,43.252402],[6.064266,43.252424],[6.064202,43.252388]]]]}},{"type":"Feature","properties":{"type":"Bâtiment"},"geometry":{"type":"MultiPolygon","coordinates":[[[[6.057067,43.254397],[6.057078,43.254384],[6.057008,43.254357],[6.05705,43.254298],[6.057126,43.254326],[6.057105,43.254356],[6.057212,43.254397],[6.057189,43.25443],[6.057067,43.254397]]]]}},{"type":"Feature","properties":{"type":"Bâtiment"},"geometry":{"type":"MultiPolygon","coordinates":[[[[6.063388,43.252485],[6.063378,43.252512],[6.063343,43.252507],[6.063356,43.252473],[6.063374,43.252475],[6.063372,43.252482],[6.063388,43.252485]]]]}},{"type":"Feature","properties":{"type":"Bâtiment"},"geometry":{"type":"MultiPolygon","coordinates":[[[[6.063378,43.252512],[6.063388,43.252485],[6.063425,43.252491],[6.063421,43.252504],[6.063399,43.252516],[6.063378,43.252512]]]]}},{"type":"Feature","properties":{"type":"Bâtiment"},"geometry":{"type":"MultiPolygon","coordinates":[[[[6.06339,43.252438],[6.063408,43.252441],[6.063443,43.252447],[6.063425,43.252491],[6.063388,43.252485],[6.063372,43.252482],[6.063374,43.252475],[6.06339,43.252438]]]]}},{"type":"Feature","properties":{"type":"Bâtiment"},"geometry":{"type":"MultiPolygon","coordinates":[[[[6.060219,43.255728],[6.060284,43.255655],[6.060486,43.255732],[6.060413,43.255832],[6.060389,43.255865],[6.060382,43.255863],[6.060365,43.255858],[6.060374,43.255846],[6.060211,43.255788],[6.060196,43.255804],[6.060065,43.255739],[6.060069,43.255732],[6.060056,43.255729],[6.060046,43.255745],[6.060031,43.255738],[6.059975,43.255711],[6.060066,43.255614],[6.060095,43.255628],[6.060136,43.255648],[6.060109,43.25568],[6.060219,43.255728]]]]}},{"type":"Feature","properties":{"type":"Bâtiment"},"geometry":{"type":"MultiPolygon","coordinates":[[[[6.056313,43.253103],[6.056348,43.253103],[6.056346,43.25314],[6.056346,43.253145],[6.056203,43.253151],[6.056194,43.253043],[6.05631,43.253036],[6.056313,43.253103]]]]}},{"type":"Feature","properties":{"type":"Bâtiment"},"geometry":{"type":"MultiPolygon","coordinates":[[[[6.05638,43.253103],[6.056348,43.253103],[6.056313,43.253103],[6.05631,43.253036],[6.056377,43.253032],[6.056379,43.253096],[6.05638,43.253103]]]]}},{"type":"Feature","properties":{"type":"Bâtiment"},"geometry":{"type":"MultiPolygon","coordinates":[[[[6.056451,43.253096],[6.056508,43.253059],[6.056574,43.253111],[6.056469,43.253177],[6.056426,43.25314],[6.056373,43.25314],[6.056346,43.25314],[6.056348,43.253103],[6.05638,43.253103],[6.056379,43.253096],[6.056423,43.253096],[6.056451,43.253096]]]]}},{"type":"Feature","properties":{"type":"Bâtiment"},"geometry":{"type":"MultiPolygon","coordinates":[[[[6.053119,43.253351],[6.05318,43.253306],[6.053196,43.253318],[6.053103,43.253385],[6.053075,43.253365],[6.053103,43.253341],[6.053119,43.253351]]]]}},{"type":"Feature","properties":{"type":"Bâtiment"},"geometry":{"type":"MultiPolygon","coordinates":[[[[6.053092,43.253419],[6.053073,43.253407],[6.053103,43.253385],[6.053196,43.253318],[6.053305,43.253395],[6.053236,43.253443],[6.053184,43.253407],[6.053154,43.253426],[6.053177,43.253445],[6.053111,43.253487],[6.053126,43.253496],[6.053107,43.25351],[6.053075,43.253483],[6.053091,43.25347],[6.053058,43.253445],[6.053092,43.253419]]]]}},{"type":"Feature","properties":{"type":"Bâtiment"},"geometry":{"type":"MultiPolygon","coordinates":[[[[6.062628,43.25341],[6.062597,43.253447],[6.06235,43.253333],[6.062405,43.253275],[6.062441,43.253291],[6.062473,43.253255],[6.06244,43.253238],[6.062494,43.253181],[6.06273,43.253287],[6.0627,43.253328],[6.062547,43.253257],[6.062476,43.25334],[6.062628,43.25341]]]]}},{"type":"Feature","properties":{"type":"Bâtiment"},"geometry":{"type":"MultiPolygon","coordinates":[[[[6.064151,43.252717],[6.06412,43.252711],[6.064102,43.252707],[6.064118,43.252668],[6.064157,43.252677],[6.064167,43.25268],[6.064151,43.252717]]]]}},{"type":"Feature","properties":{"type":"Bâtiment"},"geometry":{"type":"MultiPolygon","coordinates":[[[[6.064151,43.252717],[6.064167,43.25268],[6.064214,43.252691],[6.0642,43.252727],[6.064151,43.252717]]]]}},{"type":"Feature","properties":{"type":"Bâtiment"},"geometry":{"type":"MultiPolygon","coordinates":[[[[6.064337,43.252484],[6.064364,43.252455],[6.064411,43.25248],[6.064383,43.252508],[6.064337,43.252484]]]]}},{"type":"Feature","properties":{"type":"Bâtiment"},"geometry":{"type":"MultiPolygon","coordinates":[[[[6.057279,43.254411],[6.057311,43.25436],[6.0574,43.254391],[6.057364,43.254441],[6.057279,43.254411]]]]}},{"type":"Feature","properties":{"type":"Bâtiment"},"geometry":{"type":"MultiPolygon","coordinates":[[[[6.060074,43.253577],[6.060031,43.253554],[6.060061,43.253523],[6.060105,43.253546],[6.060074,43.253577]]]]}},{"type":"Feature","properties":{"type":"Bâtiment"},"geometry":{"type":"MultiPolygon","coordinates":[[[[6.060088,43.252946],[6.060096,43.252913],[6.060145,43.25292],[6.060137,43.252952],[6.060088,43.252946]]]]}},{"type":"Feature","properties":{"type":"Bâtiment"},"geometry":{"type":"MultiPolygon","coordinates":[[[[6.062069,43.253168],[6.062101,43.253132],[6.062275,43.253207],[6.062246,43.253243],[6.062069,43.253168]]]]}},{"type":"Feature","properties":{"type":"Bâtiment"},"geometry":{"type":"MultiPolygon","coordinates":[[[[6.063674,43.254736],[6.063702,43.25471],[6.063751,43.254739],[6.063723,43.254765],[6.063674,43.254736]]]]}},{"type":"Feature","properties":{"type":"Bâtiment"},"geometry":{"type":"MultiPolygon","coordinates":[[[[6.065774,43.252317],[6.065728,43.252397],[6.065678,43.252383],[6.065724,43.252303],[6.065774,43.252317]]]]}},{"type":"Feature","properties":{"type":"Bâtiment"},"geometry":{"type":"MultiPolygon","coordinates":[[[[6.065728,43.252397],[6.065774,43.252317],[6.065822,43.25233],[6.065776,43.25241],[6.065728,43.252397]]]]}},{"type":"Feature","properties":{"type":"Bâtiment"},"geometry":{"type":"MultiPolygon","coordinates":[[[[6.06541,43.254824],[6.065426,43.254861],[6.065522,43.254838],[6.065521,43.25483],[6.065583,43.254816],[6.065608,43.254884],[6.065546,43.254898],[6.065539,43.254882],[6.065424,43.254909],[6.06543,43.254938],[6.065393,43.254941],[6.065389,43.254896],[6.065361,43.254834],[6.06541,43.254824]]]]}},{"type":"Feature","properties":{"type":"Bâtiment"},"geometry":{"type":"MultiPolygon","coordinates":[[[[6.068559,43.255194],[6.068583,43.255263],[6.068442,43.255288],[6.068415,43.255207],[6.068489,43.255194],[6.068493,43.255206],[6.068559,43.255194]]]]}},{"type":"Feature","properties":{"type":"Bâtiment"},"geometry":{"type":"MultiPolygon","coordinates":[[[[6.069619,43.252082],[6.069603,43.252058],[6.069673,43.252036],[6.069688,43.252061],[6.069619,43.252082]]]]}},{"type":"Feature","properties":{"type":"Bâtiment"},"geometry":{"type":"MultiPolygon","coordinates":[[[[6.070456,43.253779],[6.070496,43.253795],[6.070438,43.25387],[6.070397,43.253853],[6.070422,43.253822],[6.070456,43.253779]]]]}},{"type":"Feature","properties":{"type":"Bâtiment"},"geometry":{"type":"MultiPolygon","coordinates":[[[[6.070534,43.253908],[6.070438,43.25387],[6.070496,43.253795],[6.070511,43.253776],[6.070526,43.253783],[6.070554,43.253746],[6.070639,43.25378],[6.070566,43.25388],[6.07056,43.253877],[6.070534,43.253908]]]]}},{"type":"Feature","properties":{"type":"Bâtiment"},"geometry":{"type":"MultiPolygon","coordinates":[[[[6.066407,43.255269],[6.066433,43.255321],[6.06639,43.255333],[6.06636,43.255341],[6.066248,43.255371],[6.066244,43.255373],[6.066212,43.25531],[6.066297,43.255286],[6.066304,43.255298],[6.066407,43.255269]]]]}},{"type":"Feature","properties":{"type":"Bâtiment"},"geometry":{"type":"MultiPolygon","coordinates":[[[[6.066267,43.255421],[6.066244,43.255373],[6.066248,43.255371],[6.06636,43.255341],[6.066383,43.255388],[6.066267,43.255421]]]]}},{"type":"Feature","properties":{"type":"Bâtiment"},"geometry":{"type":"MultiPolygon","coordinates":[[[[6.068445,43.254661],[6.0685,43.254746],[6.068209,43.254845],[6.068165,43.254779],[6.068252,43.254749],[6.068239,43.254731],[6.068286,43.254715],[6.068281,43.254709],[6.068326,43.254693],[6.06833,43.254699],[6.068445,43.254661]]]]}},{"type":"Feature","properties":{"type":"Bâtiment"},"geometry":{"type":"MultiPolygon","coordinates":[[[[6.06909,43.254498],[6.069032,43.254496],[6.069035,43.254452],[6.069091,43.254455],[6.06909,43.254498]]]]}},{"type":"Feature","properties":{"type":"Bâtiment"},"geometry":{"type":"MultiPolygon","coordinates":[[[[6.069033,43.254505],[6.069032,43.254496],[6.06909,43.254498],[6.069091,43.254455],[6.069096,43.254455],[6.069097,43.254449],[6.06915,43.254452],[6.069143,43.254507],[6.069112,43.254509],[6.069113,43.254522],[6.06909,43.254529],[6.069049,43.254531],[6.06905,43.254504],[6.069033,43.254505]]]]}},{"type":"Feature","properties":{"type":"Bâtiment"},"geometry":{"type":"MultiPolygon","coordinates":[[[[6.070183,43.255045],[6.07024,43.255041],[6.070245,43.255077],[6.07019,43.255081],[6.070183,43.255045]]]]}},{"type":"Feature","properties":{"type":"Bâtiment"},"geometry":{"type":"MultiPolygon","coordinates":[[[[6.068739,43.252984],[6.068761,43.25302],[6.068699,43.253042],[6.068676,43.253006],[6.068685,43.253002],[6.068739,43.252984]]]]}},{"type":"Feature","properties":{"type":"Bâtiment"},"geometry":{"type":"MultiPolygon","coordinates":[[[[6.066798,43.252105],[6.066829,43.252113],[6.066794,43.252179],[6.066745,43.252166],[6.066769,43.252118],[6.066788,43.252124],[6.066798,43.252105]]]]}},{"type":"Feature","properties":{"type":"Bâtiment"},"geometry":{"type":"MultiPolygon","coordinates":[[[[6.068597,43.253339],[6.068591,43.253295],[6.068693,43.253286],[6.0687,43.25333],[6.068597,43.253339]]]]}},{"type":"Feature","properties":{"type":"Bâtiment"},"geometry":{"type":"MultiPolygon","coordinates":[[[[6.065734,43.253641],[6.065794,43.253622],[6.065848,43.253722],[6.06579,43.253739],[6.065734,43.253641]]]]}},{"type":"Feature","properties":{"type":"Bâtiment"},"geometry":{"type":"MultiPolygon","coordinates":[[[[6.065848,43.253722],[6.065862,43.253748],[6.065824,43.253761],[6.065807,43.253767],[6.06579,43.253739],[6.065848,43.253722]]]]}},{"type":"Feature","properties":{"type":"Bâtiment"},"geometry":{"type":"MultiPolygon","coordinates":[[[[6.070051,43.254198],[6.070039,43.254147],[6.070096,43.25414],[6.07012,43.254188],[6.070051,43.254198]]]]}},{"type":"Feature","properties":{"type":"Bâtiment"},"geometry":{"type":"MultiPolygon","coordinates":[[[[6.069868,43.254169],[6.070039,43.254147],[6.070051,43.254198],[6.070054,43.254212],[6.069946,43.254224],[6.069957,43.254273],[6.069868,43.254286],[6.069856,43.254234],[6.069884,43.254229],[6.069868,43.254169]]]]}},{"type":"Feature","properties":{"type":"Bâtiment"},"geometry":{"type":"MultiPolygon","coordinates":[[[[6.065958,43.252786],[6.06598,43.252796],[6.066016,43.252752],[6.066034,43.252729],[6.066101,43.252757],[6.066169,43.252786],[6.066177,43.252775],[6.066223,43.252795],[6.066181,43.252846],[6.066136,43.252827],[6.066116,43.252854],[6.066044,43.252823],[6.066017,43.252856],[6.065929,43.252819],[6.065958,43.252786]]]]}},{"type":"Feature","properties":{"type":"Bâtiment"},"geometry":{"type":"MultiPolygon","coordinates":[[[[6.066112,43.252743],[6.066101,43.252757],[6.066034,43.252729],[6.066047,43.252714],[6.066112,43.252743]]]]}},{"type":"Feature","properties":{"type":"Bâtiment"},"geometry":{"type":"MultiPolygon","coordinates":[[[[6.065993,43.252743],[6.066016,43.252752],[6.06598,43.252796],[6.065958,43.252786],[6.065993,43.252743]]]]}},{"type":"Feature","properties":{"type":"Bâtiment"},"geometry":{"type":"MultiPolygon","coordinates":[[[[6.0686,43.25468],[6.068669,43.254657],[6.068705,43.254714],[6.068631,43.254737],[6.0686,43.25468]]]]}},{"type":"Feature","properties":{"type":"Bâtiment"},"geometry":{"type":"MultiPolygon","coordinates":[[[[6.070404,43.25407],[6.070469,43.254036],[6.070496,43.254063],[6.070428,43.254097],[6.070404,43.25407]]]]}},{"type":"Feature","properties":{"type":"Bâtiment"},"geometry":{"type":"MultiPolygon","coordinates":[[[[6.070343,43.254115],[6.070404,43.254086],[6.070426,43.254113],[6.07037,43.254142],[6.070343,43.254115]]]]}},{"type":"Feature","properties":{"type":"Bâtiment"},"geometry":{"type":"MultiPolygon","coordinates":[[[[6.065597,43.254725],[6.06553,43.25474],[6.065507,43.254681],[6.065574,43.254667],[6.065597,43.254725]]]]}},{"type":"Feature","properties":{"type":"Bâtiment"},"geometry":{"type":"MultiPolygon","coordinates":[[[[6.067985,43.254798],[6.068066,43.254773],[6.068091,43.254821],[6.068011,43.254845],[6.067985,43.254798]]]]}},{"type":"Feature","properties":{"type":"Bâtiment"},"geometry":{"type":"MultiPolygon","coordinates":[[[[6.057165,43.246686],[6.057161,43.246622],[6.057228,43.24662],[6.057233,43.246684],[6.057165,43.246686]]]]}},{"type":"Feature","properties":{"type":"Bâtiment"},"geometry":{"type":"MultiPolygon","coordinates":[[[[6.063488,43.251583],[6.063446,43.25164],[6.063347,43.251606],[6.063312,43.251596],[6.063344,43.251551],[6.063355,43.251537],[6.063488,43.251583]]]]}},{"type":"Feature","properties":{"type":"Bâtiment"},"geometry":{"type":"MultiPolygon","coordinates":[[[[6.060584,43.250615],[6.060649,43.250632],[6.060675,43.25064],[6.060703,43.250646],[6.060671,43.250704],[6.060655,43.250701],[6.060536,43.250681],[6.060584,43.250615]]]]}},{"type":"Feature","properties":{"type":"Bâtiment"},"geometry":{"type":"MultiPolygon","coordinates":[[[[6.060664,43.250606],[6.060649,43.250632],[6.060584,43.250615],[6.060604,43.250589],[6.060664,43.250606]]]]}},{"type":"Feature","properties":{"type":"Bâtiment"},"geometry":{"type":"MultiPolygon","coordinates":[[[[6.053773,43.251715],[6.053634,43.25162],[6.053707,43.251563],[6.053744,43.251589],[6.053765,43.251573],[6.053834,43.251621],[6.053812,43.251638],[6.053843,43.25166],[6.053773,43.251715]]]]}},{"type":"Feature","properties":{"type":"Bâtiment"},"geometry":{"type":"MultiPolygon","coordinates":[[[[6.060502,43.251385],[6.060499,43.251431],[6.060498,43.251444],[6.060447,43.251441],[6.060452,43.251382],[6.060502,43.251385]]]]}},{"type":"Feature","properties":{"type":"Bâtiment"},"geometry":{"type":"MultiPolygon","coordinates":[[[[6.060573,43.251434],[6.060499,43.251431],[6.060502,43.251385],[6.060577,43.251388],[6.060573,43.251434]]]]}},{"type":"Feature","properties":{"type":"Bâtiment"},"geometry":{"type":"MultiPolygon","coordinates":[[[[6.061615,43.251732],[6.061636,43.251634],[6.06171,43.251643],[6.061688,43.251753],[6.061643,43.251748],[6.061615,43.251732]]]]}},{"type":"Feature","properties":{"type":"Bâtiment"},"geometry":{"type":"MultiPolygon","coordinates":[[[[6.06171,43.251643],[6.061636,43.251634],[6.061668,43.251492],[6.061767,43.251504],[6.061734,43.251645],[6.06171,43.251643]]]]}},{"type":"Feature","properties":{"type":"Bâtiment"},"geometry":{"type":"MultiPolygon","coordinates":[[[[6.061668,43.251492],[6.061636,43.251634],[6.06158,43.251628],[6.061613,43.251484],[6.061668,43.251492]]]]}},{"type":"Feature","properties":{"type":"Bâtiment"},"geometry":{"type":"MultiPolygon","coordinates":[[[[6.058703,43.251556],[6.058681,43.25161],[6.05847,43.251565],[6.058512,43.25146],[6.058614,43.251481],[6.058595,43.251533],[6.058703,43.251556]]]]}},{"type":"Feature","properties":{"type":"Bâtiment"},"geometry":{"type":"MultiPolygon","coordinates":[[[[6.061924,43.251639],[6.061926,43.251588],[6.061905,43.251578],[6.061961,43.251525],[6.062089,43.251542],[6.062055,43.251667],[6.06202,43.251665],[6.062009,43.251737],[6.061986,43.251752],[6.06194,43.251748],[6.061948,43.251641],[6.061938,43.25164],[6.061924,43.251639]]]]}},{"type":"Feature","properties":{"type":"Bâtiment"},"geometry":{"type":"MultiPolygon","coordinates":[[[[6.058505,43.251113],[6.058449,43.251105],[6.058444,43.251126],[6.058331,43.251115],[6.058343,43.251087],[6.058384,43.251095],[6.058389,43.251065],[6.05832,43.251053],[6.058336,43.251006],[6.058595,43.251045],[6.058577,43.25111],[6.058544,43.251105],[6.058536,43.251116],[6.058513,43.251116],[6.058505,43.251113]]]]}},{"type":"Feature","properties":{"type":"Bâtiment"},"geometry":{"type":"MultiPolygon","coordinates":[[[[6.063332,43.251424],[6.063362,43.251355],[6.063443,43.251371],[6.063482,43.25138],[6.063496,43.251351],[6.063552,43.251362],[6.063524,43.251428],[6.06347,43.251417],[6.063455,43.25145],[6.063332,43.251424]]]]}},{"type":"Feature","properties":{"type":"Bâtiment"},"geometry":{"type":"MultiPolygon","coordinates":[[[[6.063443,43.251371],[6.063362,43.251355],[6.06337,43.251337],[6.063451,43.251354],[6.063443,43.251371]]]]}},{"type":"Feature","properties":{"type":"Bâtiment"},"geometry":{"type":"MultiPolygon","coordinates":[[[[6.056548,43.251509],[6.056579,43.251546],[6.056551,43.25156],[6.056495,43.251491],[6.056546,43.251466],[6.056573,43.251497],[6.056548,43.251509]]]]}},{"type":"Feature","properties":{"type":"Bâtiment"},"geometry":{"type":"MultiPolygon","coordinates":[[[[6.056555,43.251461],[6.056546,43.251466],[6.056495,43.251491],[6.056466,43.251455],[6.056529,43.251428],[6.056555,43.251461]]]]}},{"type":"Feature","properties":{"type":"Bâtiment"},"geometry":{"type":"MultiPolygon","coordinates":[[[[6.05688,43.251684],[6.056911,43.251644],[6.057019,43.251682],[6.05699,43.251724],[6.05688,43.251684]]]]}},{"type":"Feature","properties":{"type":"Bâtiment"},"geometry":{"type":"MultiPolygon","coordinates":[[[[6.063106,43.251466],[6.063078,43.25151],[6.063025,43.251494],[6.06295,43.251469],[6.062966,43.251444],[6.063024,43.251462],[6.063052,43.251418],[6.063123,43.25144],[6.063106,43.251466]]]]}},{"type":"Feature","properties":{"type":"Bâtiment"},"geometry":{"type":"MultiPolygon","coordinates":[[[[6.055638,43.250965],[6.055673,43.250976],[6.055806,43.251013],[6.05577,43.251069],[6.055647,43.251033],[6.055608,43.251022],[6.055638,43.250965]]]]}},{"type":"Feature","properties":{"type":"Bâtiment"},"geometry":{"type":"MultiPolygon","coordinates":[[[[6.055753,43.251097],[6.055682,43.251074],[6.055695,43.251053],[6.055766,43.251074],[6.055753,43.251097]]]]}},{"type":"Feature","properties":{"type":"Bâtiment"},"geometry":{"type":"MultiPolygon","coordinates":[[[[6.058851,43.251764],[6.058722,43.251736],[6.05875,43.251666],[6.058879,43.251692],[6.058851,43.251764]]]]}},{"type":"Feature","properties":{"type":"Bâtiment"},"geometry":{"type":"MultiPolygon","coordinates":[[[[6.059509,43.250591],[6.059629,43.250597],[6.059622,43.250629],[6.059658,43.250632],[6.059663,43.250599],[6.05975,43.250605],[6.059743,43.250661],[6.059726,43.250661],[6.059719,43.250698],[6.059621,43.250711],[6.059621,43.250706],[6.059593,43.250706],[6.059573,43.250732],[6.059473,43.250719],[6.059484,43.250681],[6.059511,43.250683],[6.059521,43.250646],[6.059496,43.250643],[6.059509,43.250591]]]]}},{"type":"Feature","properties":{"type":"Bâtiment"},"geometry":{"type":"MultiPolygon","coordinates":[[[[6.055057,43.251286],[6.054973,43.251329],[6.054901,43.251263],[6.054946,43.251239],[6.054906,43.251198],[6.054945,43.25118],[6.054913,43.251144],[6.054987,43.251107],[6.055022,43.251139],[6.055032,43.251134],[6.055119,43.251224],[6.055037,43.251265],[6.055057,43.251286]]]]}},{"type":"Feature","properties":{"type":"Bâtiment"},"geometry":{"type":"MultiPolygon","coordinates":[[[[6.055163,43.2512],[6.05522,43.251177],[6.055283,43.25126],[6.055229,43.251285],[6.055163,43.2512]]]]}},{"type":"Feature","properties":{"type":"Bâtiment"},"geometry":{"type":"MultiPolygon","coordinates":[[[[6.060936,43.248093],[6.060945,43.24808],[6.060951,43.248077],[6.060958,43.248071],[6.060961,43.248063],[6.06097,43.248066],[6.061067,43.248088],[6.061049,43.248125],[6.060936,43.248093]]]]}},{"type":"Feature","properties":{"type":"Bâtiment"},"geometry":{"type":"MultiPolygon","coordinates":[[[[6.060984,43.247988],[6.060979,43.248002],[6.061214,43.248053],[6.061194,43.248133],[6.061175,43.24813],[6.061116,43.24812],[6.061122,43.248101],[6.061067,43.248088],[6.06097,43.248066],[6.060961,43.248063],[6.060958,43.248071],[6.060951,43.248077],[6.060945,43.24808],[6.060933,43.248082],[6.06092,43.248082],[6.060908,43.248079],[6.060899,43.248073],[6.060892,43.248065],[6.060889,43.24806],[6.060894,43.248048],[6.060864,43.248043],[6.060895,43.247969],[6.060984,43.247988]]]]}},{"type":"Feature","properties":{"type":"Bâtiment"},"geometry":{"type":"MultiPolygon","coordinates":[[[[6.062962,43.247849],[6.063008,43.247851],[6.063069,43.247853],[6.06305,43.24787],[6.062986,43.247869],[6.062968,43.247869],[6.062968,43.247879],[6.062968,43.247907],[6.062917,43.247909],[6.062736,43.247882],[6.062551,43.247865],[6.062527,43.247866],[6.062533,43.247842],[6.06254,43.247804],[6.062962,43.247849]]]]}},{"type":"Feature","properties":{"type":"Bâtiment"},"geometry":{"type":"MultiPolygon","coordinates":[[[[6.063069,43.247853],[6.063008,43.247851],[6.063008,43.247809],[6.063009,43.247598],[6.062854,43.247587],[6.062888,43.247496],[6.062953,43.247498],[6.062952,43.247515],[6.063023,43.247521],[6.063018,43.247553],[6.063045,43.247555],[6.063044,43.24784],[6.063069,43.24784],[6.063069,43.247853]]]]}},{"type":"Feature","properties":{"type":"Bâtiment"},"geometry":{"type":"MultiPolygon","coordinates":[[[[6.056197,43.247055],[6.056173,43.24707],[6.056111,43.247024],[6.056133,43.247007],[6.056197,43.247055]]]]}},{"type":"Feature","properties":{"type":"Bâtiment"},"geometry":{"type":"MultiPolygon","coordinates":[[[[6.056108,43.247121],[6.056044,43.247075],[6.056111,43.247024],[6.056173,43.24707],[6.056203,43.247092],[6.056214,43.247084],[6.056297,43.247143],[6.05622,43.247196],[6.056115,43.24712],[6.056108,43.247121]]]]}},{"type":"Feature","properties":{"type":"Bâtiment"},"geometry":{"type":"MultiPolygon","coordinates":[[[[6.064072,43.247933],[6.06407,43.247953],[6.064122,43.247958],[6.06411,43.248032],[6.064054,43.248026],[6.064055,43.248017],[6.064009,43.24801],[6.064001,43.24809],[6.063865,43.24808],[6.063869,43.248046],[6.0639,43.248048],[6.063917,43.24794],[6.064015,43.247949],[6.064017,43.247927],[6.064072,43.247933]]]]}},{"type":"Feature","properties":{"type":"Bâtiment"},"geometry":{"type":"MultiPolygon","coordinates":[[[[6.059435,43.248782],[6.05941,43.248767],[6.059355,43.248737],[6.05942,43.248661],[6.059466,43.248682],[6.05944,43.24871],[6.059451,43.248715],[6.059434,43.248732],[6.059463,43.24875],[6.059435,43.248782]]]]}},{"type":"Feature","properties":{"type":"Bâtiment"},"geometry":{"type":"MultiPolygon","coordinates":[[[[6.059325,43.248773],[6.059355,43.248737],[6.05941,43.248767],[6.059377,43.2488],[6.059325,43.248773]]]]}},{"type":"Feature","properties":{"type":"Bâtiment"},"geometry":{"type":"MultiPolygon","coordinates":[[[[6.063289,43.247345],[6.063293,43.24738],[6.063166,43.247383],[6.063167,43.24735],[6.063289,43.247345]]]]}},{"type":"Feature","properties":{"type":"Bâtiment"},"geometry":{"type":"MultiPolygon","coordinates":[[[[6.063291,43.247465],[6.063228,43.247438],[6.063167,43.247439],[6.063166,43.247383],[6.063293,43.24738],[6.063362,43.247379],[6.063361,43.247407],[6.0634,43.247406],[6.063406,43.247463],[6.063291,43.247465]]]]}},{"type":"Feature","properties":{"type":"Bâtiment"},"geometry":{"type":"MultiPolygon","coordinates":[[[[6.06392,43.247622],[6.064022,43.247633],[6.064059,43.247637],[6.064116,43.247606],[6.064157,43.247644],[6.064105,43.247672],[6.064077,43.24767],[6.064059,43.247739],[6.063944,43.247726],[6.063948,43.247708],[6.063896,43.247702],[6.0639,43.247678],[6.063807,43.247667],[6.063823,43.247591],[6.063897,43.247599],[6.063892,43.247625],[6.063911,43.247627],[6.063912,43.24762],[6.06392,43.247622]]]]}},{"type":"Feature","properties":{"type":"Bâtiment"},"geometry":{"type":"MultiPolygon","coordinates":[[[[6.06403,43.247601],[6.064022,43.247633],[6.06392,43.247622],[6.063926,43.24759],[6.06403,43.247601]]]]}},{"type":"Feature","properties":{"type":"Bâtiment"},"geometry":{"type":"MultiPolygon","coordinates":[[[[6.063696,43.247622],[6.063768,43.247632],[6.063753,43.247701],[6.063679,43.247693],[6.063696,43.247622]]]]}},{"type":"Feature","properties":{"type":"Bâtiment"},"geometry":{"type":"MultiPolygon","coordinates":[[[[6.063361,43.247901],[6.063302,43.247867],[6.063326,43.247844],[6.063311,43.247835],[6.063318,43.247829],[6.063282,43.247809],[6.063274,43.247815],[6.063231,43.247791],[6.063278,43.247748],[6.063316,43.247771],[6.063325,43.247777],[6.063356,43.247796],[6.063379,43.247774],[6.06342,43.247801],[6.063502,43.247809],[6.063488,43.247877],[6.063401,43.247866],[6.063361,43.247901]]]]}},{"type":"Feature","properties":{"type":"Bâtiment"},"geometry":{"type":"MultiPolygon","coordinates":[[[[6.063342,43.24775],[6.063379,43.247774],[6.063356,43.247796],[6.063325,43.247777],[6.063316,43.247771],[6.063342,43.24775]]]]}},{"type":"Feature","properties":{"type":"Bâtiment"},"geometry":{"type":"MultiPolygon","coordinates":[[[[6.060003,43.247601],[6.059986,43.247678],[6.059856,43.247662],[6.059891,43.247511],[6.059993,43.247524],[6.059976,43.247598],[6.060003,43.247601]]]]}},{"type":"Feature","properties":{"type":"Bâtiment"},"geometry":{"type":"MultiPolygon","coordinates":[[[[6.058925,43.247057],[6.058971,43.247142],[6.05891,43.24716],[6.058863,43.247075],[6.058925,43.247057]]]]}},{"type":"Feature","properties":{"type":"Bâtiment"},"geometry":{"type":"MultiPolygon","coordinates":[[[[6.060358,43.24745],[6.06014,43.247402],[6.060147,43.247385],[6.06008,43.247371],[6.0601,43.247322],[6.060164,43.247335],[6.060167,43.247325],[6.060257,43.247345],[6.060236,43.247395],[6.060317,43.247413],[6.060328,43.247388],[6.060379,43.247399],[6.060358,43.24745]]]]}},{"type":"Feature","properties":{"type":"Bâtiment"},"geometry":{"type":"MultiPolygon","coordinates":[[[[6.061408,43.247208],[6.061462,43.247156],[6.061517,43.247186],[6.06146,43.247239],[6.061452,43.247246],[6.061401,43.247215],[6.061408,43.247208]]]]}},{"type":"Feature","properties":{"type":"Bâtiment"},"geometry":{"type":"MultiPolygon","coordinates":[[[[6.059564,43.24721],[6.059586,43.247253],[6.059554,43.247262],[6.059551,43.247257],[6.059532,43.247218],[6.059564,43.24721]]]]}},{"type":"Feature","properties":{"type":"Bâtiment"},"geometry":{"type":"MultiPolygon","coordinates":[[[[6.059554,43.247262],[6.059519,43.247271],[6.059546,43.247325],[6.059508,43.247336],[6.059527,43.247373],[6.059448,43.247394],[6.059431,43.247364],[6.059383,43.247271],[6.059422,43.247259],[6.059404,43.247224],[6.059397,43.247209],[6.059452,43.247194],[6.059473,43.247235],[6.059532,43.247218],[6.059551,43.247257],[6.059554,43.247262]]]]}},{"type":"Feature","properties":{"type":"Bâtiment"},"geometry":{"type":"MultiPolygon","coordinates":[[[[6.061014,43.246923],[6.060957,43.246985],[6.060862,43.246937],[6.060903,43.246893],[6.060922,43.246902],[6.060938,43.246886],[6.061014,43.246923]]]]}},{"type":"Feature","properties":{"type":"Bâtiment"},"geometry":{"type":"MultiPolygon","coordinates":[[[[6.062621,43.248464],[6.062677,43.24846],[6.06268,43.248477],[6.062792,43.248469],[6.062803,43.24854],[6.062807,43.248563],[6.062675,43.24857],[6.062676,43.248585],[6.062601,43.248589],[6.062599,43.248555],[6.062597,43.248537],[6.062613,43.248537],[6.062604,43.248466],[6.062621,43.248464]]]]}},{"type":"Feature","properties":{"type":"Bâtiment"},"geometry":{"type":"MultiPolygon","coordinates":[[[[6.062009,43.247551],[6.061939,43.247553],[6.061937,43.247487],[6.062004,43.247485],[6.062009,43.247551]]]]}},{"type":"Feature","properties":{"type":"Bâtiment"},"geometry":{"type":"MultiPolygon","coordinates":[[[[6.060561,43.247116],[6.060549,43.247143],[6.060484,43.247133],[6.060493,43.247107],[6.060322,43.247084],[6.060342,43.246987],[6.060393,43.246995],[6.060399,43.246978],[6.060468,43.246985],[6.060462,43.247028],[6.06051,43.247035],[6.06052,43.247031],[6.060589,43.247039],[6.060569,43.247119],[6.060561,43.247116]]]]}},{"type":"Feature","properties":{"type":"Bâtiment"},"geometry":{"type":"MultiPolygon","coordinates":[[[[6.060354,43.246966],[6.06032,43.24694],[6.060357,43.246887],[6.060399,43.246895],[6.060354,43.246966]]]]}},{"type":"Feature","properties":{"type":"Bâtiment"},"geometry":{"type":"MultiPolygon","coordinates":[[[[6.059185,43.249084],[6.059097,43.249],[6.059259,43.248922],[6.059307,43.24897],[6.059342,43.248954],[6.05938,43.248989],[6.059185,43.249084]]]]}},{"type":"Feature","properties":{"type":"Bâtiment"},"geometry":{"type":"MultiPolygon","coordinates":[[[[6.057064,43.24995],[6.057121,43.250029],[6.05707,43.250046],[6.057101,43.250094],[6.057004,43.250126],[6.056915,43.249999],[6.057064,43.24995]]]]}},{"type":"Feature","properties":{"type":"Bâtiment"},"geometry":{"type":"MultiPolygon","coordinates":[[[[6.056282,43.250602],[6.056257,43.25056],[6.056319,43.250541],[6.056344,43.250584],[6.056282,43.250602]]]]}},{"type":"Feature","properties":{"type":"Bâtiment"},"geometry":{"type":"MultiPolygon","coordinates":[[[[6.056841,43.250503],[6.056905,43.250496],[6.056907,43.250502],[6.056917,43.250557],[6.056883,43.250561],[6.056843,43.250565],[6.056849,43.250589],[6.056849,43.250593],[6.05682,43.250596],[6.056773,43.250601],[6.056768,43.250571],[6.056743,43.250574],[6.05671,43.250577],[6.056719,43.250626],[6.056709,43.250626],[6.056674,43.250628],[6.056672,43.250618],[6.056672,43.250617],[6.056613,43.250621],[6.056604,43.250574],[6.056596,43.250536],[6.056756,43.250519],[6.056755,43.250512],[6.056841,43.250503]]]]}},{"type":"Feature","properties":{"type":"Bâtiment"},"geometry":{"type":"MultiPolygon","coordinates":[[[[6.056295,43.247845],[6.056295,43.24783],[6.056317,43.24783],[6.056317,43.247846],[6.056295,43.247845]]]]}},{"type":"Feature","properties":{"type":"Bâtiment"},"geometry":{"type":"MultiPolygon","coordinates":[[[[6.056269,43.247868],[6.05627,43.247829],[6.056295,43.24783],[6.056295,43.247845],[6.056317,43.247846],[6.056317,43.24783],[6.056318,43.247815],[6.056385,43.247816],[6.056385,43.247829],[6.056385,43.247846],[6.05645,43.247847],[6.056447,43.247893],[6.056296,43.247888],[6.056297,43.247868],[6.056269,43.247868]]]]}},{"type":"Feature","properties":{"type":"Bâtiment"},"geometry":{"type":"MultiPolygon","coordinates":[[[[6.05624,43.247887],[6.05624,43.247904],[6.056088,43.2479],[6.056088,43.24788],[6.056076,43.247879],[6.056077,43.247851],[6.056242,43.247856],[6.056244,43.247829],[6.05627,43.247829],[6.056269,43.247868],[6.056267,43.247888],[6.05624,43.247887]]]]}},{"type":"Feature","properties":{"type":"Bâtiment"},"geometry":{"type":"MultiPolygon","coordinates":[[[[6.05645,43.247847],[6.056385,43.247846],[6.056385,43.247829],[6.05645,43.24783],[6.05645,43.247847]]]]}},{"type":"Feature","properties":{"type":"Bâtiment"},"geometry":{"type":"MultiPolygon","coordinates":[[[[6.057894,43.247695],[6.057861,43.247697],[6.057857,43.24767],[6.057718,43.247679],[6.057705,43.247579],[6.057778,43.247574],[6.057782,43.247605],[6.057833,43.247602],[6.057836,43.247623],[6.057884,43.247619],[6.057894,43.247695]]]]}},{"type":"Feature","properties":{"type":"Bâtiment"},"geometry":{"type":"MultiPolygon","coordinates":[[[[6.061665,43.245101],[6.061581,43.24508],[6.061594,43.245052],[6.061678,43.245073],[6.061669,43.245091],[6.061665,43.245101]]]]}},{"type":"Feature","properties":{"type":"Bâtiment"},"geometry":{"type":"MultiPolygon","coordinates":[[[[6.057709,43.247017],[6.057674,43.247152],[6.057566,43.247138],[6.057581,43.247072],[6.057516,43.247061],[6.057501,43.247112],[6.057448,43.247101],[6.05748,43.246984],[6.057589,43.247004],[6.057594,43.246975],[6.057659,43.246983],[6.057654,43.247008],[6.057709,43.247017]]]]}},{"type":"Feature","properties":{"type":"Bâtiment"},"geometry":{"type":"MultiPolygon","coordinates":[[[[6.056806,43.24796],[6.056712,43.247964],[6.056709,43.247899],[6.056661,43.247902],[6.056654,43.247804],[6.056702,43.247803],[6.056705,43.247826],[6.056797,43.247824],[6.056822,43.247823],[6.056843,43.247858],[6.056851,43.247857],[6.056852,43.247888],[6.056801,43.247889],[6.056806,43.24796]]]]}},{"type":"Feature","properties":{"type":"Bâtiment"},"geometry":{"type":"MultiPolygon","coordinates":[[[[6.062289,43.24956],[6.06229,43.24953],[6.062343,43.249531],[6.062341,43.249562],[6.062289,43.24956]]]]}},{"type":"Feature","properties":{"type":"Bâtiment"},"geometry":{"type":"MultiPolygon","coordinates":[[[[6.058737,43.247387],[6.058639,43.247437],[6.058561,43.24735],[6.058661,43.247303],[6.058737,43.247387]]]]}},{"type":"Feature","properties":{"type":"Bâtiment"},"geometry":{"type":"MultiPolygon","coordinates":[[[[6.058398,43.24753],[6.058437,43.247508],[6.05845,43.247521],[6.058413,43.247542],[6.058398,43.24753]]]]}},{"type":"Feature","properties":{"type":"Bâtiment"},"geometry":{"type":"MultiPolygon","coordinates":[[[[6.058326,43.247461],[6.058402,43.247417],[6.058433,43.247446],[6.05845,43.247462],[6.058411,43.247485],[6.058425,43.247498],[6.058432,43.247505],[6.058437,43.247508],[6.058398,43.24753],[6.058326,43.247461]]]]}},{"type":"Feature","properties":{"type":"Bâtiment"},"geometry":{"type":"MultiPolygon","coordinates":[[[[6.058525,43.247479],[6.05845,43.247521],[6.058437,43.247508],[6.058432,43.247505],[6.058425,43.247498],[6.058411,43.247485],[6.05845,43.247462],[6.058433,43.247446],[6.058468,43.247425],[6.058525,43.247479]]]]}},{"type":"Feature","properties":{"type":"Bâtiment"},"geometry":{"type":"MultiPolygon","coordinates":[[[[6.062619,43.247457],[6.062655,43.247373],[6.062742,43.24739],[6.0627,43.247476],[6.062619,43.247457]]]]}},{"type":"Feature","properties":{"type":"Bâtiment"},"geometry":{"type":"MultiPolygon","coordinates":[[[[6.062792,43.247503],[6.062717,43.247489],[6.062729,43.247455],[6.0628,43.247472],[6.062792,43.247503]]]]}},{"type":"Feature","properties":{"type":"Bâtiment"},"geometry":{"type":"MultiPolygon","coordinates":[[[[6.061665,43.247448],[6.061595,43.247431],[6.061597,43.247427],[6.061535,43.247411],[6.061592,43.247283],[6.061658,43.247299],[6.061646,43.247328],[6.061705,43.24734],[6.061717,43.247313],[6.061809,43.247334],[6.061767,43.247424],[6.061705,43.247408],[6.061702,43.247413],[6.061682,43.247408],[6.061665,43.247448]]]]}},{"type":"Feature","properties":{"type":"Bâtiment"},"geometry":{"type":"MultiPolygon","coordinates":[[[[6.062282,43.250053],[6.062174,43.250057],[6.062167,43.250013],[6.062158,43.249959],[6.062224,43.249957],[6.062228,43.249999],[6.062277,43.249997],[6.062282,43.250053]]]]}},{"type":"Feature","properties":{"type":"Bâtiment"},"geometry":{"type":"MultiPolygon","coordinates":[[[[6.062396,43.249849],[6.062386,43.249935],[6.062341,43.249933],[6.062221,43.249931],[6.062227,43.249844],[6.062282,43.249846],[6.062284,43.249827],[6.062335,43.249827],[6.062334,43.249847],[6.062396,43.249849]]]]}},{"type":"Feature","properties":{"type":"Bâtiment"},"geometry":{"type":"MultiPolygon","coordinates":[[[[6.055788,43.247115],[6.055772,43.247092],[6.055801,43.247081],[6.05581,43.247097],[6.055817,43.247105],[6.055788,43.247115]]]]}},{"type":"Feature","properties":{"type":"Bâtiment"},"geometry":{"type":"MultiPolygon","coordinates":[[[[6.055748,43.2471],[6.055772,43.247092],[6.055788,43.247115],[6.055817,43.247105],[6.05581,43.247097],[6.055823,43.247093],[6.055853,43.247083],[6.055872,43.2471],[6.055889,43.247116],[6.055879,43.24712],[6.055849,43.247131],[6.055709,43.247187],[6.055685,43.24715],[6.055762,43.247122],[6.055748,43.2471]]]]}},{"type":"Feature","properties":{"type":"Bâtiment"},"geometry":{"type":"MultiPolygon","coordinates":[[[[6.058009,43.247927],[6.058093,43.24794],[6.058087,43.247956],[6.058083,43.247973],[6.058,43.247961],[6.058005,43.247944],[6.058009,43.247927]]]]}},{"type":"Feature","properties":{"type":"Bâtiment"},"geometry":{"type":"MultiPolygon","coordinates":[[[[6.05791,43.248011],[6.057915,43.247996],[6.057929,43.247946],[6.057932,43.247932],[6.058005,43.247944],[6.058,43.247961],[6.058083,43.247973],[6.058087,43.247956],[6.058187,43.247971],[6.058164,43.248051],[6.058062,43.248035],[6.058057,43.248051],[6.057976,43.248038],[6.05798,43.248022],[6.05791,43.248011]]]]}},{"type":"Feature","properties":{"type":"Bâtiment"},"geometry":{"type":"MultiPolygon","coordinates":[[[[6.057929,43.247946],[6.057915,43.247996],[6.057859,43.247987],[6.057873,43.247937],[6.057929,43.247946]]]]}},{"type":"Feature","properties":{"type":"Bâtiment"},"geometry":{"type":"MultiPolygon","coordinates":[[[[6.054378,43.247331],[6.054341,43.247253],[6.054456,43.247224],[6.054494,43.247301],[6.054378,43.247331]]]]}},{"type":"Feature","properties":{"type":"Bâtiment"},"geometry":{"type":"MultiPolygon","coordinates":[[[[6.055494,43.247938],[6.05553,43.247937],[6.05553,43.247948],[6.055541,43.247948],[6.055542,43.247967],[6.055497,43.247968],[6.055494,43.247938]]]]}},{"type":"Feature","properties":{"type":"Bâtiment"},"geometry":{"type":"MultiPolygon","coordinates":[[[[6.055544,43.247842],[6.055651,43.247839],[6.055658,43.247938],[6.055551,43.247941],[6.05555,43.247932],[6.055544,43.247842]]]]}},{"type":"Feature","properties":{"type":"Bâtiment"},"geometry":{"type":"MultiPolygon","coordinates":[[[[6.054753,43.247532],[6.054702,43.247464],[6.054779,43.247432],[6.054836,43.247506],[6.054908,43.247476],[6.054942,43.24752],[6.054868,43.247551],[6.054864,43.247546],[6.054805,43.247571],[6.05477,43.247526],[6.054753,43.247532]]]]}},{"type":"Feature","properties":{"type":"Bâtiment"},"geometry":{"type":"MultiPolygon","coordinates":[[[[6.054449,43.250799],[6.054403,43.250766],[6.054515,43.250683],[6.05456,43.250716],[6.054449,43.250799]]]]}},{"type":"Feature","properties":{"type":"Bâtiment"},"geometry":{"type":"MultiPolygon","coordinates":[[[[6.064558,43.243261],[6.064519,43.243293],[6.064422,43.243225],[6.064469,43.243188],[6.064518,43.243222],[6.064511,43.243227],[6.064558,43.243261]]]]}},{"type":"Feature","properties":{"type":"Bâtiment"},"geometry":{"type":"MultiPolygon","coordinates":[[[[6.064087,43.243336],[6.064134,43.243303],[6.064156,43.243319],[6.064148,43.243324],[6.064178,43.243348],[6.064142,43.243375],[6.064087,43.243336]]]]}},{"type":"Feature","properties":{"type":"Bâtiment"},"geometry":{"type":"MultiPolygon","coordinates":[[[[6.063294,43.24429],[6.063297,43.2443],[6.063362,43.244288],[6.063362,43.244292],[6.06339,43.244285],[6.0634,43.244254],[6.063389,43.244252],[6.063417,43.244179],[6.063532,43.244204],[6.0635,43.244293],[6.063479,43.24429],[6.063443,43.244378],[6.063351,43.244393],[6.063351,43.244388],[6.063317,43.244393],[6.063315,43.244383],[6.063262,43.244394],[6.063234,43.244301],[6.063294,43.24429]]]]}},{"type":"Feature","properties":{"type":"Bâtiment"},"geometry":{"type":"MultiPolygon","coordinates":[[[[6.06392,43.244689],[6.063977,43.24465],[6.063995,43.244662],[6.064049,43.244624],[6.064108,43.244668],[6.064093,43.244679],[6.064126,43.244704],[6.064025,43.244772],[6.06392,43.244689]]]]}},{"type":"Feature","properties":{"type":"Bâtiment"},"geometry":{"type":"MultiPolygon","coordinates":[[[[6.063153,43.243985],[6.063161,43.243974],[6.063237,43.24401],[6.063205,43.24405],[6.063196,43.244045],[6.063155,43.244089],[6.06303,43.244028],[6.063047,43.244003],[6.063036,43.243993],[6.06304,43.243943],[6.063153,43.243985]]]]}},{"type":"Feature","properties":{"type":"Bâtiment"},"geometry":{"type":"MultiPolygon","coordinates":[[[[6.064094,43.244329],[6.064173,43.244244],[6.064226,43.244268],[6.06414,43.244353],[6.064118,43.244341],[6.064094,43.244329]]]]}},{"type":"Feature","properties":{"type":"Bâtiment"},"geometry":{"type":"MultiPolygon","coordinates":[[[[6.06452,43.243625],[6.064465,43.243672],[6.064434,43.243655],[6.064421,43.243666],[6.064378,43.243642],[6.064358,43.243659],[6.064298,43.243627],[6.06436,43.243568],[6.064432,43.243609],[6.064456,43.243591],[6.06452,43.243625]]]]}},{"type":"Feature","properties":{"type":"Bâtiment"},"geometry":{"type":"MultiPolygon","coordinates":[[[[6.064379,43.243858],[6.064191,43.24386],[6.06419,43.243841],[6.064378,43.243835],[6.064379,43.243858]]]]}},{"type":"Feature","properties":{"type":"Bâtiment"},"geometry":{"type":"MultiPolygon","coordinates":[[[[6.064191,43.24386],[6.064379,43.243858],[6.064384,43.243932],[6.064345,43.243933],[6.064344,43.243918],[6.064274,43.243919],[6.064274,43.243935],[6.064195,43.243936],[6.064191,43.24386]]]]}},{"type":"Feature","properties":{"type":"Bâtiment"},"geometry":{"type":"MultiPolygon","coordinates":[[[[6.064131,43.24397],[6.064131,43.243937],[6.064195,43.243936],[6.064196,43.24397],[6.064131,43.24397]]]]}},{"type":"Feature","properties":{"type":"Bâtiment"},"geometry":{"type":"MultiPolygon","coordinates":[[[[6.063394,43.245532],[6.063412,43.245497],[6.063387,43.245489],[6.063423,43.24542],[6.063444,43.245425],[6.063462,43.245396],[6.063523,43.245411],[6.063497,43.245467],[6.063536,43.245478],[6.063512,43.245523],[6.06348,43.245514],[6.063437,43.24559],[6.063381,43.245574],[6.063365,43.245602],[6.063302,43.245586],[6.063318,43.245558],[6.063287,43.24555],[6.063309,43.245508],[6.063394,43.245532]]]]}},{"type":"Feature","properties":{"type":"Bâtiment"},"geometry":{"type":"MultiPolygon","coordinates":[[[[6.060991,43.246448],[6.060941,43.246599],[6.060828,43.246579],[6.060847,43.246522],[6.060859,43.246524],[6.060883,43.246452],[6.06082,43.246442],[6.060841,43.246378],[6.060913,43.24639],[6.060899,43.246432],[6.060991,43.246448]]]]}},{"type":"Feature","properties":{"type":"Bâtiment"},"geometry":{"type":"MultiPolygon","coordinates":[[[[6.062015,43.246774],[6.062145,43.246753],[6.062167,43.246824],[6.062136,43.246829],[6.062146,43.246863],[6.062128,43.246865],[6.062138,43.246897],[6.062072,43.246907],[6.062069,43.246897],[6.062043,43.246899],[6.06204,43.24688],[6.062044,43.24688],[6.062015,43.246774]]]]}},{"type":"Feature","properties":{"type":"Bâtiment"},"geometry":{"type":"MultiPolygon","coordinates":[[[[6.060156,43.24584],[6.060157,43.245911],[6.060106,43.245912],[6.060103,43.245841],[6.060156,43.24584]]]]}},{"type":"Feature","properties":{"type":"Bâtiment"},"geometry":{"type":"MultiPolygon","coordinates":[[[[6.060086,43.245911],[6.060106,43.245912],[6.060157,43.245911],[6.060159,43.245966],[6.060228,43.245965],[6.060231,43.246042],[6.060093,43.246044],[6.060091,43.246013],[6.060087,43.245973],[6.060086,43.245911]]]]}},{"type":"Feature","properties":{"type":"Bâtiment"},"geometry":{"type":"MultiPolygon","coordinates":[[[[6.060091,43.246013],[6.060077,43.246013],[6.060073,43.245973],[6.060087,43.245973],[6.060091,43.246013]]]]}},{"type":"Feature","properties":{"type":"Bâtiment"},"geometry":{"type":"MultiPolygon","coordinates":[[[[6.059608,43.244466],[6.059596,43.244496],[6.059679,43.244513],[6.059655,43.244574],[6.059644,43.244572],[6.05962,43.244633],[6.059513,43.24461],[6.059524,43.24458],[6.059508,43.244577],[6.059555,43.244455],[6.059608,43.244466]]]]}},{"type":"Feature","properties":{"type":"Bâtiment"},"geometry":{"type":"MultiPolygon","coordinates":[[[[6.060409,43.243452],[6.060422,43.243418],[6.060478,43.24343],[6.060482,43.24342],[6.060577,43.243439],[6.060564,43.243474],[6.060602,43.243482],[6.060584,43.243529],[6.060488,43.243508],[6.060473,43.243546],[6.060379,43.243527],[6.060393,43.243489],[6.060434,43.243497],[6.060448,43.24346],[6.060409,43.243452]]]]}},{"type":"Feature","properties":{"type":"Bâtiment"},"geometry":{"type":"MultiPolygon","coordinates":[[[[6.061029,43.244076],[6.061022,43.24409],[6.061168,43.244126],[6.061141,43.244185],[6.061061,43.244164],[6.061055,43.244176],[6.060868,43.24413],[6.060907,43.244046],[6.061029,43.244076]]]]}},{"type":"Feature","properties":{"type":"Bâtiment"},"geometry":{"type":"MultiPolygon","coordinates":[[[[6.061659,43.244066],[6.06165,43.244089],[6.061571,43.244072],[6.061579,43.244049],[6.061659,43.244066]]]]}},{"type":"Feature","properties":{"type":"Bâtiment"},"geometry":{"type":"MultiPolygon","coordinates":[[[[6.061488,43.244053],[6.061571,43.244072],[6.06165,43.244089],[6.061704,43.244101],[6.061681,43.244158],[6.061616,43.244143],[6.061608,43.244142],[6.061585,43.244136],[6.061571,43.244169],[6.061595,43.244174],[6.061603,43.244176],[6.061591,43.244204],[6.061513,43.244187],[6.061525,43.244158],[6.061451,43.244142],[6.061488,43.244053]]]]}},{"type":"Feature","properties":{"type":"Bâtiment"},"geometry":{"type":"MultiPolygon","coordinates":[[[[6.061608,43.244142],[6.061595,43.244174],[6.061571,43.244169],[6.061585,43.244136],[6.061608,43.244142]]]]}},{"type":"Feature","properties":{"type":"Bâtiment"},"geometry":{"type":"MultiPolygon","coordinates":[[[[6.059731,43.244949],[6.059688,43.245032],[6.059621,43.245014],[6.059665,43.244931],[6.059731,43.244949]]]]}},{"type":"Feature","properties":{"type":"Bâtiment"},"geometry":{"type":"MultiPolygon","coordinates":[[[[6.062278,43.243426],[6.062266,43.243498],[6.062205,43.243495],[6.062204,43.243504],[6.062166,43.243503],[6.062165,43.243525],[6.062065,43.243518],[6.062067,43.243499],[6.062012,43.243496],[6.061954,43.243443],[6.062015,43.24341],[6.062052,43.243444],[6.062166,43.243452],[6.062167,43.243433],[6.062214,43.243435],[6.062216,43.243423],[6.062278,43.243426]]]]}},{"type":"Feature","properties":{"type":"Bâtiment"},"geometry":{"type":"MultiPolygon","coordinates":[[[[6.062375,43.243563],[6.062389,43.243546],[6.062351,43.243527],[6.062399,43.243478],[6.062452,43.243507],[6.062471,43.243488],[6.062521,43.243516],[6.062513,43.243535],[6.062559,43.243538],[6.062637,43.24351],[6.062629,43.243494],[6.062707,43.243466],[6.062722,43.243489],[6.062738,43.243483],[6.062771,43.243537],[6.062713,43.243558],[6.062735,43.243593],[6.062617,43.243632],[6.062591,43.24359],[6.062456,43.243583],[6.062418,43.243562],[6.062404,43.243578],[6.062375,43.243563]]]]}},{"type":"Feature","properties":{"type":"Bâtiment"},"geometry":{"type":"MultiPolygon","coordinates":[[[[6.059482,43.246974],[6.05926,43.246956],[6.059267,43.246891],[6.059324,43.246895],[6.059325,43.24689],[6.059495,43.246908],[6.059499,43.246892],[6.059546,43.246896],[6.059547,43.246901],[6.059587,43.246903],[6.059575,43.246966],[6.059486,43.246961],[6.059482,43.246974]]]]}},{"type":"Feature","properties":{"type":"Bâtiment"},"geometry":{"type":"MultiPolygon","coordinates":[[[[6.061528,43.246709],[6.061458,43.24679],[6.061437,43.24678],[6.061509,43.246699],[6.061528,43.246709]]]]}},{"type":"Feature","properties":{"type":"Bâtiment"},"geometry":{"type":"MultiPolygon","coordinates":[[[[6.061406,43.246848],[6.061458,43.24679],[6.061528,43.246709],[6.061571,43.246728],[6.0615,43.24681],[6.061449,43.246867],[6.061406,43.246848]]]]}},{"type":"Feature","properties":{"type":"Bâtiment"},"geometry":{"type":"MultiPolygon","coordinates":[[[[6.060366,43.246382],[6.060377,43.246342],[6.060341,43.246336],[6.060354,43.246294],[6.06047,43.246312],[6.060446,43.246394],[6.060366,43.246382]]]]}},{"type":"Feature","properties":{"type":"Bâtiment"},"geometry":{"type":"MultiPolygon","coordinates":[[[[6.058869,43.246885],[6.058938,43.247018],[6.05881,43.247053],[6.058762,43.24696],[6.058805,43.246949],[6.058784,43.246908],[6.058869,43.246885]]]]}},{"type":"Feature","properties":{"type":"Bâtiment"},"geometry":{"type":"MultiPolygon","coordinates":[[[[6.062033,43.244159],[6.062158,43.244188],[6.062147,43.244213],[6.062024,43.244184],[6.062033,43.244159]]]]}},{"type":"Feature","properties":{"type":"Bâtiment"},"geometry":{"type":"MultiPolygon","coordinates":[[[[6.062147,43.244213],[6.062158,43.244188],[6.06221,43.2442],[6.062174,43.244285],[6.062138,43.244276],[6.062134,43.244287],[6.062063,43.24427],[6.062047,43.244302],[6.061957,43.24428],[6.061972,43.24425],[6.061992,43.244255],[6.062024,43.244184],[6.062147,43.244213]]]]}},{"type":"Feature","properties":{"type":"Bâtiment"},"geometry":{"type":"MultiPolygon","coordinates":[[[[6.061947,43.246067],[6.06188,43.24605],[6.061921,43.245968],[6.061975,43.245981],[6.061974,43.245983],[6.061953,43.246028],[6.061988,43.246037],[6.061971,43.246073],[6.061947,43.246067]]]]}},{"type":"Feature","properties":{"type":"Bâtiment"},"geometry":{"type":"MultiPolygon","coordinates":[[[[6.061897,43.246085],[6.061865,43.246076],[6.06188,43.24605],[6.061947,43.246067],[6.061941,43.246082],[6.061902,43.246073],[6.061897,43.246085]]]]}},{"type":"Feature","properties":{"type":"Bâtiment"},"geometry":{"type":"MultiPolygon","coordinates":[[[[6.061975,43.245981],[6.061921,43.245968],[6.061946,43.245923],[6.061997,43.245935],[6.061975,43.245981]]]]}},{"type":"Feature","properties":{"type":"Bâtiment"},"geometry":{"type":"MultiPolygon","coordinates":[[[[6.061581,43.24508],[6.061665,43.245101],[6.061669,43.245091],[6.061849,43.245136],[6.061817,43.245202],[6.061659,43.245163],[6.061591,43.245145],[6.061554,43.245136],[6.061581,43.24508]]]]}},{"type":"Feature","properties":{"type":"Bâtiment"},"geometry":{"type":"MultiPolygon","coordinates":[[[[6.061908,43.245208],[6.06192,43.245265],[6.061832,43.245275],[6.06182,43.245217],[6.061908,43.245208]]]]}},{"type":"Feature","properties":{"type":"Bâtiment"},"geometry":{"type":"MultiPolygon","coordinates":[[[[6.061573,43.245181],[6.061591,43.245145],[6.061659,43.245163],[6.061642,43.245199],[6.061573,43.245181]]]]}},{"type":"Feature","properties":{"type":"Bâtiment"},"geometry":{"type":"MultiPolygon","coordinates":[[[[6.059483,43.243897],[6.059504,43.243848],[6.059571,43.243864],[6.059564,43.243879],[6.05955,43.243912],[6.059483,43.243897]]]]}},{"type":"Feature","properties":{"type":"Bâtiment"},"geometry":{"type":"MultiPolygon","coordinates":[[[[6.059504,43.243848],[6.059547,43.243745],[6.059615,43.243762],[6.059595,43.243809],[6.059642,43.243819],[6.059694,43.243831],[6.059663,43.243902],[6.059564,43.243879],[6.059571,43.243864],[6.059504,43.243848]]]]}},{"type":"Feature","properties":{"type":"Bâtiment"},"geometry":{"type":"MultiPolygon","coordinates":[[[[6.059663,43.243772],[6.059642,43.243819],[6.059595,43.243809],[6.059615,43.243762],[6.059663,43.243772]]]]}},{"type":"Feature","properties":{"type":"Bâtiment"},"geometry":{"type":"MultiPolygon","coordinates":[[[[6.059168,43.245675],[6.059082,43.245674],[6.059085,43.245597],[6.05917,43.245598],[6.05917,43.245613],[6.059331,43.245617],[6.059329,43.245704],[6.059167,43.245702],[6.059168,43.245675]]]]}},{"type":"Feature","properties":{"type":"Bâtiment"},"geometry":{"type":"MultiPolygon","coordinates":[[[[6.059081,43.2457],[6.059082,43.245674],[6.059168,43.245675],[6.059167,43.245702],[6.059081,43.2457]]]]}},{"type":"Feature","properties":{"type":"Bâtiment"},"geometry":{"type":"MultiPolygon","coordinates":[[[[6.062187,43.245647],[6.062169,43.245689],[6.062104,43.245674],[6.062123,43.245631],[6.062187,43.245647]]]]}},{"type":"Feature","properties":{"type":"Bâtiment"},"geometry":{"type":"MultiPolygon","coordinates":[[[[6.062542,43.245855],[6.062722,43.24588],[6.062713,43.245943],[6.062751,43.245947],[6.062742,43.246004],[6.062643,43.245994],[6.062644,43.245987],[6.062538,43.245972],[6.06254,43.245927],[6.062529,43.245927],[6.062542,43.245855]]]]}},{"type":"Feature","properties":{"type":"Bâtiment"},"geometry":{"type":"MultiPolygon","coordinates":[[[[6.061878,43.244788],[6.061894,43.244749],[6.061903,43.244722],[6.062023,43.244746],[6.061997,43.244813],[6.061922,43.244797],[6.061909,43.24483],[6.061848,43.244817],[6.06186,43.244785],[6.061878,43.244788]]]]}},{"type":"Feature","properties":{"type":"Bâtiment"},"geometry":{"type":"MultiPolygon","coordinates":[[[[6.061878,43.244788],[6.06186,43.244785],[6.061875,43.244745],[6.061894,43.244749],[6.061878,43.244788]]]]}},{"type":"Feature","properties":{"type":"Bâtiment"},"geometry":{"type":"MultiPolygon","coordinates":[[[[6.061677,43.243724],[6.06166,43.243767],[6.061577,43.24375],[6.061593,43.243706],[6.061566,43.243701],[6.061582,43.243659],[6.061643,43.243671],[6.061657,43.243633],[6.061798,43.243661],[6.061782,43.243699],[6.061819,43.243707],[6.061802,43.243749],[6.061677,43.243724]]]]}},{"type":"Feature","properties":{"type":"Bâtiment"},"geometry":{"type":"MultiPolygon","coordinates":[[[[6.060014,43.246952],[6.060002,43.24697],[6.059827,43.2469],[6.059838,43.246883],[6.059807,43.246871],[6.059853,43.246808],[6.059972,43.246855],[6.059983,43.246842],[6.060061,43.246873],[6.06005,43.246886],[6.0601,43.246906],[6.060055,43.246968],[6.060014,43.246952]]]]}},{"type":"Feature","properties":{"type":"Bâtiment"},"geometry":{"type":"MultiPolygon","coordinates":[[[[6.059309,43.246418],[6.059301,43.246418],[6.0593,43.246232],[6.059368,43.246232],[6.059369,43.246247],[6.059372,43.246408],[6.059471,43.246409],[6.059524,43.246409],[6.059525,43.246488],[6.05931,43.246491],[6.059309,43.246418]]]]}},{"type":"Feature","properties":{"type":"Bâtiment"},"geometry":{"type":"MultiPolygon","coordinates":[[[[6.062538,43.246456],[6.062424,43.246545],[6.062367,43.246507],[6.062408,43.246479],[6.062382,43.246458],[6.062402,43.246441],[6.062383,43.246414],[6.062405,43.246407],[6.062365,43.246355],[6.062459,43.246318],[6.062497,43.246374],[6.062485,43.246379],[6.062538,43.246456]]]]}},{"type":"Feature","properties":{"type":"Bâtiment"},"geometry":{"type":"MultiPolygon","coordinates":[[[[6.057367,43.246811],[6.057418,43.246849],[6.057357,43.246893],[6.057306,43.246855],[6.057367,43.246811]]]]}},{"type":"Feature","properties":{"type":"Bâtiment"},"geometry":{"type":"MultiPolygon","coordinates":[[[[6.054691,43.246703],[6.054715,43.246737],[6.054632,43.246769],[6.054608,43.246735],[6.054691,43.246703]]]]}},{"type":"Feature","properties":{"type":"Bâtiment"},"geometry":{"type":"MultiPolygon","coordinates":[[[[6.054757,43.24672],[6.054715,43.246737],[6.054691,43.246703],[6.054733,43.246687],[6.054757,43.24672]]]]}},{"type":"Feature","properties":{"type":"Bâtiment"},"geometry":{"type":"MultiPolygon","coordinates":[[[[6.057292,43.246425],[6.05732,43.246559],[6.057229,43.246568],[6.057201,43.246435],[6.057214,43.246434],[6.057244,43.24643],[6.057292,43.246425]]]]}},{"type":"Feature","properties":{"type":"Bâtiment"},"geometry":{"type":"MultiPolygon","coordinates":[[[[6.057244,43.24643],[6.057214,43.246434],[6.057209,43.246412],[6.057239,43.246409],[6.057244,43.24643]]]]}},{"type":"Feature","properties":{"type":"Bâtiment"},"geometry":{"type":"MultiPolygon","coordinates":[[[[6.057229,43.246568],[6.05732,43.246559],[6.057325,43.246585],[6.057234,43.246594],[6.057229,43.246568]]]]}},{"type":"Feature","properties":{"type":"Bâtiment"},"geometry":{"type":"MultiPolygon","coordinates":[[[[6.056588,43.246345],[6.056522,43.246395],[6.056455,43.246464],[6.056421,43.246449],[6.056497,43.246374],[6.056561,43.246328],[6.056588,43.246345]]]]}},{"type":"Feature","properties":{"type":"Bâtiment"},"geometry":{"type":"MultiPolygon","coordinates":[[[[6.057479,43.246641],[6.057475,43.246679],[6.057428,43.246676],[6.057433,43.246639],[6.057479,43.246641]]]]}},{"type":"Feature","properties":{"type":"Bâtiment"},"geometry":{"type":"MultiPolygon","coordinates":[[[[6.057537,43.246684],[6.057475,43.246679],[6.057479,43.246641],[6.05748,43.246631],[6.057492,43.246631],[6.057503,43.246567],[6.057585,43.246574],[6.057574,43.246642],[6.057608,43.246673],[6.057655,43.246715],[6.05759,43.246754],[6.057522,43.246692],[6.057537,43.246684]]]]}},{"type":"Feature","properties":{"type":"Bâtiment"},"geometry":{"type":"MultiPolygon","coordinates":[[[[6.054465,43.247033],[6.05447,43.247031],[6.054486,43.247024],[6.054496,43.247037],[6.054473,43.247044],[6.054465,43.247033]]]]}},{"type":"Feature","properties":{"type":"Bâtiment"},"geometry":{"type":"MultiPolygon","coordinates":[[[[6.054335,43.247032],[6.054307,43.246992],[6.054421,43.246949],[6.054436,43.246971],[6.054531,43.246936],[6.054551,43.246964],[6.054644,43.24693],[6.054672,43.24697],[6.054602,43.246997],[6.054513,43.24703],[6.054505,43.247018],[6.054486,43.247024],[6.05447,43.247031],[6.054465,43.247033],[6.054412,43.247052],[6.054406,43.247044],[6.054372,43.247056],[6.054351,43.247026],[6.054335,43.247032]]]]}},{"type":"Feature","properties":{"type":"Bâtiment"},"geometry":{"type":"MultiPolygon","coordinates":[[[[6.05651,43.24649],[6.056636,43.246476],[6.056663,43.246546],[6.05665,43.246553],[6.056658,43.246577],[6.056663,43.246615],[6.056685,43.246614],[6.056714,43.246669],[6.056721,43.246686],[6.056697,43.246693],[6.056712,43.246733],[6.056606,43.246758],[6.056571,43.246671],[6.05659,43.246666],[6.056546,43.246563],[6.056525,43.246567],[6.05651,43.24649]]]]}},{"type":"Feature","properties":{"type":"Bâtiment"},"geometry":{"type":"MultiPolygon","coordinates":[[[[6.059144,43.246015],[6.059113,43.246081],[6.058984,43.24605],[6.059015,43.245983],[6.059144,43.246015]]]]}},{"type":"Feature","properties":{"type":"Bâtiment"},"geometry":{"type":"MultiPolygon","coordinates":[[[[6.058642,43.246836],[6.058691,43.246889],[6.058637,43.246916],[6.058587,43.246864],[6.058642,43.246836]]]]}},{"type":"Feature","properties":{"type":"Bâtiment"},"geometry":{"type":"MultiPolygon","coordinates":[[[[6.06248,43.245913],[6.062366,43.245904],[6.062378,43.245834],[6.062492,43.245844],[6.06248,43.245913]]]]}},{"type":"Feature","properties":{"type":"Bâtiment"},"geometry":{"type":"MultiPolygon","coordinates":[[[[6.062829,43.244932],[6.062743,43.244927],[6.062767,43.244842],[6.062851,43.244851],[6.062829,43.244932]]]]}},{"type":"Feature","properties":{"type":"Bâtiment"},"geometry":{"type":"MultiPolygon","coordinates":[[[[6.062737,43.244925],[6.062743,43.244927],[6.062812,43.244937],[6.062803,43.244973],[6.062798,43.244975],[6.062735,43.244964],[6.062727,43.244962],[6.062737,43.244925]]]]}},{"type":"Feature","properties":{"type":"Bâtiment"},"geometry":{"type":"MultiPolygon","coordinates":[[[[6.062703,43.243063],[6.062774,43.243082],[6.062728,43.243169],[6.062769,43.243179],[6.062725,43.243264],[6.062542,43.243213],[6.062617,43.243074],[6.062687,43.243093],[6.062703,43.243063]]]]}},{"type":"Feature","properties":{"type":"Bâtiment"},"geometry":{"type":"MultiPolygon","coordinates":[[[[6.062996,43.246731],[6.062941,43.246732],[6.062911,43.246733],[6.06291,43.246705],[6.062995,43.246703],[6.062996,43.246731]]]]}},{"type":"Feature","properties":{"type":"Bâtiment"},"geometry":{"type":"MultiPolygon","coordinates":[[[[6.062908,43.246661],[6.062914,43.246661],[6.062994,43.246659],[6.062995,43.246703],[6.06291,43.246705],[6.062907,43.246678],[6.062908,43.246661]]]]}},{"type":"Feature","properties":{"type":"Bâtiment"},"geometry":{"type":"MultiPolygon","coordinates":[[[[6.062759,43.246673],[6.062907,43.246678],[6.06291,43.246705],[6.062911,43.246733],[6.062941,43.246732],[6.062936,43.246779],[6.062753,43.246773],[6.062759,43.246673]]]]}},{"type":"Feature","properties":{"type":"Bâtiment"},"geometry":{"type":"MultiPolygon","coordinates":[[[[6.062994,43.246659],[6.062914,43.246661],[6.062913,43.246641],[6.062993,43.246639],[6.062994,43.246659]]]]}},{"type":"Feature","properties":{"type":"Bâtiment"},"geometry":{"type":"MultiPolygon","coordinates":[[[[6.061988,43.243626],[6.061965,43.243679],[6.06192,43.243668],[6.061943,43.243615],[6.061988,43.243626]]]]}},{"type":"Feature","properties":{"type":"Bâtiment"},"geometry":{"type":"MultiPolygon","coordinates":[[[[6.062274,43.243932],[6.062237,43.244022],[6.062077,43.243988],[6.062086,43.243964],[6.062029,43.243951],[6.062034,43.243936],[6.061978,43.243924],[6.062028,43.243799],[6.062129,43.243821],[6.062126,43.24383],[6.06221,43.243848],[6.062184,43.243913],[6.062274,43.243932]]]]}},{"type":"Feature","properties":{"type":"Bâtiment"},"geometry":{"type":"MultiPolygon","coordinates":[[[[6.06142,43.243208],[6.061486,43.243243],[6.061631,43.243255],[6.06168,43.243227],[6.061729,43.243274],[6.061653,43.243318],[6.061573,43.243311],[6.061572,43.243322],[6.061469,43.243313],[6.061452,43.243327],[6.061363,43.243271],[6.06142,43.243208]]]]}},{"type":"Feature","properties":{"type":"Bâtiment"},"geometry":{"type":"MultiPolygon","coordinates":[[[[6.062245,43.243051],[6.062265,43.242931],[6.062341,43.242941],[6.062441,43.242882],[6.062505,43.242935],[6.062445,43.242965],[6.06243,43.243067],[6.062245,43.243051]]]]}},{"type":"Feature","properties":{"type":"Bâtiment"},"geometry":{"type":"MultiPolygon","coordinates":[[[[6.062518,43.244135],[6.062467,43.244215],[6.062414,43.244202],[6.062437,43.244133],[6.062397,43.244118],[6.062414,43.244069],[6.062394,43.244063],[6.062415,43.244022],[6.06247,43.244038],[6.062471,43.244052],[6.062507,43.244058],[6.062542,43.243995],[6.062597,43.244008],[6.06253,43.244135],[6.062518,43.244135]]]]}},{"type":"Feature","properties":{"type":"Bâtiment"},"geometry":{"type":"MultiPolygon","coordinates":[[[[6.061312,43.245327],[6.06138,43.245371],[6.061282,43.24545],[6.061214,43.245406],[6.061312,43.245327]]]]}},{"type":"Feature","properties":{"type":"Bâtiment"},"geometry":{"type":"MultiPolygon","coordinates":[[[[6.060975,43.245587],[6.061,43.245643],[6.060927,43.24566],[6.060873,43.245524],[6.060944,43.24551],[6.060954,43.245537],[6.060998,43.245527],[6.060992,43.245513],[6.061072,43.245495],[6.061089,43.245532],[6.061128,43.245523],[6.06111,43.245478],[6.061168,43.245465],[6.061201,43.245436],[6.061266,43.245484],[6.061219,43.245525],[6.061206,43.245529],[6.061211,43.245538],[6.061097,43.245561],[6.0611,43.245568],[6.061021,43.245588],[6.061016,43.245576],[6.060975,43.245587]]]]}},{"type":"Feature","properties":{"type":"Bâtiment"},"geometry":{"type":"MultiPolygon","coordinates":[[[[6.061486,43.245709],[6.061389,43.245707],[6.061393,43.245644],[6.061581,43.245651],[6.061583,43.245619],[6.061653,43.245621],[6.061648,43.245686],[6.061676,43.245688],[6.061772,43.245735],[6.06179,43.245715],[6.061844,43.245741],[6.061773,43.24582],[6.061714,43.245792],[6.061728,43.245778],[6.061647,43.245739],[6.061485,43.245736],[6.061486,43.245709]]]]}},{"type":"Feature","properties":{"type":"Bâtiment"},"geometry":{"type":"MultiPolygon","coordinates":[[[[6.06283,43.250533],[6.062836,43.250496],[6.062908,43.250503],[6.063004,43.250513],[6.062997,43.25055],[6.06283,43.250533]]]]}},{"type":"Feature","properties":{"type":"Bâtiment"},"geometry":{"type":"MultiPolygon","coordinates":[[[[6.056914,43.24679],[6.056913,43.246779],[6.057011,43.246777],[6.057012,43.246786],[6.057012,43.246788],[6.057025,43.246788],[6.057098,43.246786],[6.057101,43.246874],[6.056917,43.246877],[6.056914,43.24679]]]]}},{"type":"Feature","properties":{"type":"Bâtiment"},"geometry":{"type":"MultiPolygon","coordinates":[[[[6.055448,43.248506],[6.055321,43.248505],[6.055321,43.248461],[6.055322,43.248436],[6.055322,43.24839],[6.055461,43.248391],[6.055462,43.2484],[6.055503,43.248401],[6.055501,43.248445],[6.055448,43.248444],[6.055448,43.248506]]]]}},{"type":"Feature","properties":{"type":"Bâtiment"},"geometry":{"type":"MultiPolygon","coordinates":[[[[6.060563,43.246129],[6.060502,43.246167],[6.06043,43.246114],[6.060562,43.246026],[6.060655,43.246094],[6.060764,43.246096],[6.06082,43.246062],[6.060891,43.246117],[6.060835,43.246154],[6.06076,43.246152],[6.060757,43.246158],[6.060603,43.246159],[6.060563,43.246129]]]]}},{"type":"Feature","properties":{"type":"Bâtiment"},"geometry":{"type":"MultiPolygon","coordinates":[[[[6.061018,43.246309],[6.061043,43.246227],[6.061173,43.246249],[6.061175,43.246243],[6.061267,43.246259],[6.061241,43.246345],[6.061018,43.246309]]]]}},{"type":"Feature","properties":{"type":"Bâtiment"},"geometry":{"type":"MultiPolygon","coordinates":[[[[6.061173,43.246249],[6.061043,43.246227],[6.061052,43.2462],[6.061181,43.246222],[6.061175,43.246243],[6.061173,43.246249]]]]}},{"type":"Feature","properties":{"type":"Bâtiment"},"geometry":{"type":"MultiPolygon","coordinates":[[[[6.057023,43.24839],[6.056964,43.248366],[6.057008,43.248309],[6.05706,43.24833],[6.057059,43.248311],[6.057248,43.248307],[6.057272,43.248285],[6.057327,43.248317],[6.057262,43.248365],[6.057071,43.248372],[6.057072,43.248389],[6.057023,43.24839]]]]}},{"type":"Feature","properties":{"type":"Bâtiment"},"geometry":{"type":"MultiPolygon","coordinates":[[[[6.061434,43.243164],[6.061403,43.243157],[6.061419,43.243113],[6.061451,43.243119],[6.061434,43.243164]]]]}},{"type":"Feature","properties":{"type":"Bâtiment"},"geometry":{"type":"MultiPolygon","coordinates":[[[[6.059524,43.244469],[6.059504,43.244529],[6.059461,43.244521],[6.059481,43.24446],[6.059524,43.244469]]]]}},{"type":"Feature","properties":{"type":"Bâtiment"},"geometry":{"type":"MultiPolygon","coordinates":[[[[6.059426,43.24463],[6.059421,43.244629],[6.059448,43.244548],[6.059473,43.244552],[6.059462,43.244581],[6.059457,43.244598],[6.059487,43.244603],[6.059475,43.24464],[6.059426,43.24463]]]]}},{"type":"Feature","properties":{"type":"Bâtiment"},"geometry":{"type":"MultiPolygon","coordinates":[[[[6.060145,43.244117],[6.060129,43.244156],[6.060067,43.244144],[6.060081,43.244104],[6.060145,43.244117]]]]}},{"type":"Feature","properties":{"type":"Bâtiment"},"geometry":{"type":"MultiPolygon","coordinates":[[[[6.062405,43.244361],[6.062424,43.244411],[6.062374,43.244421],[6.062364,43.244408],[6.062326,43.244415],[6.06231,43.244376],[6.062405,43.244361]]]]}},{"type":"Feature","properties":{"type":"Bâtiment"},"geometry":{"type":"MultiPolygon","coordinates":[[[[6.063634,43.244866],[6.063627,43.244877],[6.06362,43.244887],[6.063583,43.244873],[6.063597,43.244854],[6.0636,43.244851],[6.063634,43.244866]]]]}},{"type":"Feature","properties":{"type":"Bâtiment"},"geometry":{"type":"MultiPolygon","coordinates":[[[[6.062684,43.244891],[6.062686,43.244897],[6.062642,43.2449],[6.062638,43.244862],[6.062692,43.24486],[6.062695,43.24489],[6.062684,43.244891]]]]}},{"type":"Feature","properties":{"type":"Bâtiment"},"geometry":{"type":"MultiPolygon","coordinates":[[[[6.061734,43.244685],[6.061712,43.244714],[6.061648,43.244688],[6.061671,43.244658],[6.061734,43.244685]]]]}},{"type":"Feature","properties":{"type":"Bâtiment"},"geometry":{"type":"MultiPolygon","coordinates":[[[[6.061746,43.244733],[6.061728,43.244783],[6.061686,43.244774],[6.061704,43.244725],[6.061746,43.244733]]]]}},{"type":"Feature","properties":{"type":"Bâtiment"},"geometry":{"type":"MultiPolygon","coordinates":[[[[6.062679,43.243676],[6.062699,43.243689],[6.062657,43.243723],[6.062629,43.243716],[6.062679,43.243676]]]]}},{"type":"Feature","properties":{"type":"Bâtiment"},"geometry":{"type":"MultiPolygon","coordinates":[[[[6.061781,43.24474],[6.061763,43.244789],[6.061728,43.244783],[6.061746,43.244733],[6.061781,43.24474]]]]}},{"type":"Feature","properties":{"type":"Bâtiment"},"geometry":{"type":"MultiPolygon","coordinates":[[[[6.064215,43.244647],[6.064242,43.244666],[6.064206,43.244695],[6.064178,43.244676],[6.064215,43.244647]]]]}},{"type":"Feature","properties":{"type":"Bâtiment"},"geometry":{"type":"MultiPolygon","coordinates":[[[[6.056036,43.246755],[6.056034,43.246791],[6.056,43.246786],[6.056,43.246754],[6.056036,43.246755]]]]}},{"type":"Feature","properties":{"type":"Bâtiment"},"geometry":{"type":"MultiPolygon","coordinates":[[[[6.056105,43.24675],[6.056103,43.246802],[6.056061,43.246803],[6.05606,43.246746],[6.056105,43.24675]]]]}},{"type":"Feature","properties":{"type":"Bâtiment"},"geometry":{"type":"MultiPolygon","coordinates":[[[[6.05827,43.247407],[6.058227,43.247429],[6.058179,43.247377],[6.058222,43.247355],[6.05827,43.247407]]]]}},{"type":"Feature","properties":{"type":"Bâtiment"},"geometry":{"type":"MultiPolygon","coordinates":[[[[6.059761,43.246965],[6.059733,43.247009],[6.059691,43.246995],[6.05972,43.246951],[6.059761,43.246965]]]]}},{"type":"Feature","properties":{"type":"Bâtiment"},"geometry":{"type":"MultiPolygon","coordinates":[[[[6.059631,43.247127],[6.059567,43.247115],[6.059587,43.247061],[6.059649,43.247072],[6.059631,43.247127]]]]}},{"type":"Feature","properties":{"type":"Bâtiment"},"geometry":{"type":"MultiPolygon","coordinates":[[[[6.060014,43.245646],[6.060078,43.245647],[6.060077,43.245713],[6.060013,43.245712],[6.060014,43.245646]]]]}},{"type":"Feature","properties":{"type":"Bâtiment"},"geometry":{"type":"MultiPolygon","coordinates":[[[[6.060533,43.246751],[6.060551,43.246717],[6.060609,43.246734],[6.060592,43.246768],[6.060533,43.246751]]]]}},{"type":"Feature","properties":{"type":"Bâtiment"},"geometry":{"type":"MultiPolygon","coordinates":[[[[6.060702,43.246642],[6.060672,43.246637],[6.060683,43.246603],[6.060713,43.246607],[6.060702,43.246642]]]]}},{"type":"Feature","properties":{"type":"Bâtiment"},"geometry":{"type":"MultiPolygon","coordinates":[[[[6.060692,43.246571],[6.060683,43.246603],[6.060672,43.246637],[6.060628,43.24663],[6.060648,43.246564],[6.060692,43.246571]]]]}},{"type":"Feature","properties":{"type":"Bâtiment"},"geometry":{"type":"MultiPolygon","coordinates":[[[[6.062292,43.246603],[6.062325,43.246551],[6.062379,43.24657],[6.062345,43.246621],[6.062292,43.246603]]]]}},{"type":"Feature","properties":{"type":"Bâtiment"},"geometry":{"type":"MultiPolygon","coordinates":[[[[6.057968,43.247706],[6.05805,43.247701],[6.058057,43.247754],[6.057975,43.247759],[6.057968,43.247706]]]]}},{"type":"Feature","properties":{"type":"Bâtiment"},"geometry":{"type":"MultiPolygon","coordinates":[[[[6.059676,43.247438],[6.059644,43.247431],[6.059663,43.247384],[6.05967,43.247383],[6.059696,43.247391],[6.059676,43.247438]]]]}},{"type":"Feature","properties":{"type":"Bâtiment"},"geometry":{"type":"MultiPolygon","coordinates":[[[[6.058088,43.25053],[6.058065,43.250489],[6.058117,43.250474],[6.05814,43.250514],[6.058088,43.25053]]]]}},{"type":"Feature","properties":{"type":"Bâtiment"},"geometry":{"type":"MultiPolygon","coordinates":[[[[6.056688,43.249925],[6.056657,43.249938],[6.05663,43.249906],[6.056662,43.249893],[6.056688,43.249925]]]]}},{"type":"Feature","properties":{"type":"Bâtiment"},"geometry":{"type":"MultiPolygon","coordinates":[[[[6.057888,43.251123],[6.057954,43.251089],[6.058003,43.25115],[6.05794,43.25118],[6.057888,43.251123]]]]}},{"type":"Feature","properties":{"type":"Bâtiment"},"geometry":{"type":"MultiPolygon","coordinates":[[[[6.062225,43.251555],[6.062232,43.25154],[6.062267,43.251548],[6.06226,43.251563],[6.062225,43.251555]]]]}},{"type":"Feature","properties":{"type":"Bâtiment"},"geometry":{"type":"MultiPolygon","coordinates":[[[[6.064118,43.244341],[6.064036,43.244418],[6.063996,43.244393],[6.064061,43.244328],[6.064083,43.24434],[6.064094,43.244329],[6.064118,43.244341]]]]}},{"type":"Feature","properties":{"type":"Bâtiment"},"geometry":{"type":"MultiPolygon","coordinates":[[[[6.062908,43.250503],[6.062836,43.250496],[6.062856,43.250452],[6.062857,43.250451],[6.062899,43.250383],[6.062944,43.250395],[6.062913,43.250457],[6.062908,43.250503]]]]}},{"type":"Feature","properties":{"type":"Piscine"},"geometry":{"type":"MultiPolygon","coordinates":[[[[6.061814,43.258354],[6.061806,43.258348],[6.061804,43.258349],[6.061783,43.258331],[6.061772,43.258304],[6.061774,43.258304],[6.061774,43.258299],[6.0618,43.258278],[6.061854,43.258273],[6.061888,43.258312],[6.06185,43.258347],[6.061814,43.258354]]]]}},{"type":"Feature","properties":{"type":"Piscine"},"geometry":{"type":"MultiPolygon","coordinates":[[[[6.062451,43.257819],[6.06246,43.257806],[6.06246,43.257804],[6.062467,43.257799],[6.062469,43.257799],[6.062472,43.257798],[6.062504,43.257808],[6.062505,43.257828],[6.062508,43.257828],[6.062508,43.25783],[6.062508,43.257835],[6.062494,43.257852],[6.062457,43.257846],[6.062451,43.257819]]]]}},{"type":"Feature","properties":{"type":"Piscine"},"geometry":{"type":"MultiPolygon","coordinates":[[[[6.061992,43.256874],[6.061955,43.256877],[6.061956,43.256861],[6.061983,43.256858],[6.061992,43.256874]]]]}},{"type":"Feature","properties":{"type":"Piscine"},"geometry":{"type":"MultiPolygon","coordinates":[[[[6.063941,43.256482],[6.063943,43.256462],[6.063971,43.256431],[6.063991,43.256436],[6.063966,43.25649],[6.063941,43.256482]]]]}},{"type":"Feature","properties":{"type":"Piscine"},"geometry":{"type":"MultiPolygon","coordinates":[[[[6.060588,43.25632],[6.060633,43.256299],[6.060643,43.256298],[6.060646,43.256298],[6.060676,43.256315],[6.060695,43.256342],[6.060692,43.256342],[6.060667,43.256375],[6.06065,43.256376],[6.060586,43.256331],[6.060588,43.25632]]]]}},{"type":"Feature","properties":{"type":"Piscine"},"geometry":{"type":"MultiPolygon","coordinates":[[[[6.062627,43.255711],[6.062624,43.255711],[6.062584,43.255698],[6.062581,43.255682],[6.062589,43.255638],[6.062609,43.255605],[6.062611,43.255605],[6.062624,43.255605],[6.062656,43.255613],[6.062659,43.25566],[6.062647,43.255676],[6.062648,43.2557],[6.062637,43.255711],[6.062627,43.255711]]]]}},{"type":"Feature","properties":{"type":"Piscine"},"geometry":{"type":"MultiPolygon","coordinates":[[[[6.061992,43.255718],[6.061984,43.255718],[6.061941,43.2557],[6.061941,43.255687],[6.06194,43.255675],[6.061939,43.255658],[6.061944,43.255651],[6.061943,43.255628],[6.061942,43.255619],[6.061951,43.255606],[6.061959,43.255606],[6.061968,43.2556],[6.062028,43.255604],[6.06203,43.255604],[6.062043,43.255616],[6.062043,43.255618],[6.062043,43.255621],[6.062021,43.255717],[6.061992,43.255718]]]]}},{"type":"Feature","properties":{"type":"Piscine"},"geometry":{"type":"MultiPolygon","coordinates":[[[[6.065012,43.25535],[6.065009,43.25535],[6.065004,43.255346],[6.065004,43.255339],[6.065015,43.255323],[6.065033,43.255322],[6.065031,43.255337],[6.065031,43.255344],[6.065031,43.255346],[6.065014,43.25535],[6.065012,43.25535]]]]}},{"type":"Feature","properties":{"type":"Piscine"},"geometry":{"type":"MultiPolygon","coordinates":[[[[6.066607,43.255278],[6.066579,43.255275],[6.066579,43.255269],[6.066578,43.255257],[6.066583,43.255248],[6.066585,43.255248],[6.066606,43.255225],[6.06666,43.255217],[6.06666,43.255218],[6.066679,43.255239],[6.066679,43.255243],[6.066665,43.255258],[6.06663,43.255262],[6.066607,43.255278]]]]}},{"type":"Feature","properties":{"type":"Piscine"},"geometry":{"type":"MultiPolygon","coordinates":[[[[6.064897,43.254993],[6.064857,43.254994],[6.064857,43.254991],[6.064857,43.254987],[6.064899,43.25498],[6.064906,43.25498],[6.064902,43.254993],[6.064897,43.254993]]]]}},{"type":"Feature","properties":{"type":"Piscine"},"geometry":{"type":"MultiPolygon","coordinates":[[[[6.057678,43.255145],[6.05767,43.255146],[6.057667,43.255128],[6.057692,43.255131],[6.057692,43.255132],[6.057692,43.255134],[6.057692,43.255136],[6.057678,43.255145]]]]}},{"type":"Feature","properties":{"type":"Piscine"},"geometry":{"type":"MultiPolygon","coordinates":[[[[6.051664,43.255272],[6.051704,43.25528],[6.051714,43.25528],[6.051721,43.25528],[6.051736,43.255285],[6.051736,43.255287],[6.051757,43.255302],[6.051757,43.255304],[6.051757,43.255306],[6.051748,43.255319],[6.051728,43.255319],[6.051666,43.255303],[6.051656,43.255294],[6.051664,43.255272]]]]}},{"type":"Feature","properties":{"type":"Piscine"},"geometry":{"type":"MultiPolygon","coordinates":[[[[6.05835,43.255094],[6.058332,43.255087],[6.058323,43.255088],[6.058312,43.255079],[6.058312,43.255068],[6.058338,43.255064],[6.058371,43.255081],[6.058374,43.255081],[6.05835,43.255094]]]]}},{"type":"Feature","properties":{"type":"Piscine"},"geometry":{"type":"MultiPolygon","coordinates":[[[[6.065438,43.254846],[6.065431,43.254839],[6.06543,43.254836],[6.065444,43.254819],[6.065447,43.254819],[6.065457,43.254819],[6.065523,43.25481],[6.065531,43.254827],[6.065528,43.254827],[6.065473,43.254845],[6.065438,43.254846]]]]}},{"type":"Feature","properties":{"type":"Piscine"},"geometry":{"type":"MultiPolygon","coordinates":[[[[6.068043,43.254689],[6.068085,43.254674],[6.068092,43.254674],[6.068148,43.254656],[6.068167,43.254655],[6.068167,43.254657],[6.068186,43.254687],[6.068128,43.254712],[6.068063,43.254725],[6.06805,43.254714],[6.068043,43.254689]]]]}},{"type":"Feature","properties":{"type":"Piscine"},"geometry":{"type":"MultiPolygon","coordinates":[[[[6.064168,43.254767],[6.064131,43.254761],[6.064127,43.254745],[6.064149,43.25473],[6.064205,43.254721],[6.064223,43.254735],[6.064221,43.254749],[6.064168,43.254767]]]]}},{"type":"Feature","properties":{"type":"Piscine"},"geometry":{"type":"MultiPolygon","coordinates":[[[[6.061806,43.254857],[6.061798,43.254858],[6.06179,43.254838],[6.061803,43.254807],[6.061806,43.25478],[6.061816,43.254774],[6.061816,43.254773],[6.061856,43.254777],[6.061866,43.254789],[6.061857,43.2548],[6.061861,43.254827],[6.061847,43.254845],[6.061825,43.254857],[6.061806,43.254857]]]]}},{"type":"Feature","properties":{"type":"Piscine"},"geometry":{"type":"MultiPolygon","coordinates":[[[[6.069249,43.254515],[6.069217,43.254516],[6.069214,43.254516],[6.069191,43.254498],[6.069191,43.254493],[6.069191,43.254491],[6.069213,43.254485],[6.069217,43.254485],[6.06922,43.254485],[6.069238,43.254493],[6.069249,43.254515]]]]}},{"type":"Feature","properties":{"type":"Piscine"},"geometry":{"type":"MultiPolygon","coordinates":[[[[6.067324,43.254407],[6.067353,43.254399],[6.067354,43.25441],[6.067359,43.254415],[6.067361,43.254415],[6.067362,43.254421],[6.06733,43.254427],[6.067324,43.254407]]]]}},{"type":"Feature","properties":{"type":"Piscine"},"geometry":{"type":"MultiPolygon","coordinates":[[[[6.069883,43.254025],[6.069869,43.254051],[6.069862,43.254051],[6.069855,43.254053],[6.069855,43.254055],[6.069837,43.254042],[6.069865,43.25402],[6.069883,43.254025]]]]}},{"type":"Feature","properties":{"type":"Piscine"},"geometry":{"type":"MultiPolygon","coordinates":[[[[6.069804,43.253932],[6.069794,43.253941],[6.069794,43.253928],[6.069804,43.253932]]]]}},{"type":"Feature","properties":{"type":"Piscine"},"geometry":{"type":"MultiPolygon","coordinates":[[[[6.062674,43.254134],[6.062629,43.254128],[6.062613,43.254109],[6.062627,43.254092],[6.062667,43.2541],[6.062682,43.254112],[6.062674,43.254134]]]]}},{"type":"Feature","properties":{"type":"Piscine"},"geometry":{"type":"MultiPolygon","coordinates":[[[[6.057041,43.254186],[6.05707,43.254178],[6.057075,43.254178],[6.057077,43.254178],[6.05708,43.254179],[6.05708,43.254183],[6.057088,43.254197],[6.057042,43.254251],[6.057009,43.254248],[6.057004,43.25423],[6.057041,43.254186]]]]}},{"type":"Feature","properties":{"type":"Piscine"},"geometry":{"type":"MultiPolygon","coordinates":[[[[6.047376,43.254488],[6.047367,43.254494],[6.047361,43.254483],[6.047331,43.254478],[6.04733,43.254451],[6.047344,43.254437],[6.047354,43.254436],[6.047361,43.254436],[6.047376,43.254441],[6.047381,43.254441],[6.047438,43.254452],[6.04744,43.254482],[6.047438,43.254483],[6.04743,43.254488],[6.047376,43.254488]]]]}},{"type":"Feature","properties":{"type":"Piscine"},"geometry":{"type":"MultiPolygon","coordinates":[[[[6.06481,43.253924],[6.064786,43.253927],[6.064786,43.253925],[6.064783,43.253925],[6.064783,43.25392],[6.06477,43.253906],[6.06477,43.253902],[6.06477,43.2539],[6.064772,43.253888],[6.064776,43.253887],[6.064786,43.253883],[6.064794,43.253883],[6.064801,43.253883],[6.064824,43.253899],[6.064824,43.253902],[6.064824,43.253909],[6.06481,43.253924]]]]}},{"type":"Feature","properties":{"type":"Piscine"},"geometry":{"type":"MultiPolygon","coordinates":[[[[6.065865,43.253793],[6.065843,43.25379],[6.065843,43.253789],[6.065843,43.253787],[6.065837,43.25378],[6.065837,43.253778],[6.065852,43.253772],[6.065859,43.253772],[6.065868,43.253793],[6.065865,43.253793]]]]}},{"type":"Feature","properties":{"type":"Piscine"},"geometry":{"type":"MultiPolygon","coordinates":[[[[6.051881,43.254155],[6.051876,43.254156],[6.051786,43.25412],[6.051728,43.254102],[6.051727,43.254088],[6.051748,43.25406],[6.051783,43.254063],[6.051795,43.254073],[6.051906,43.254111],[6.051907,43.254124],[6.051886,43.254153],[6.051888,43.254153],[6.051888,43.254155],[6.051881,43.254155]]]]}},{"type":"Feature","properties":{"type":"Piscine"},"geometry":{"type":"MultiPolygon","coordinates":[[[[6.064379,43.253684],[6.064403,43.253668],[6.064408,43.253667],[6.064413,43.253667],[6.064425,43.253674],[6.064428,43.253674],[6.064425,43.253708],[6.064393,43.253711],[6.064379,43.253684]]]]}},{"type":"Feature","properties":{"type":"Piscine"},"geometry":{"type":"MultiPolygon","coordinates":[[[[6.045321,43.254094],[6.045291,43.254095],[6.045276,43.254088],[6.045274,43.254088],[6.045258,43.254065],[6.045258,43.254063],[6.045257,43.254056],[6.045262,43.254051],[6.045262,43.254047],[6.045284,43.254041],[6.045296,43.254048],[6.045328,43.254047],[6.045353,43.254057],[6.045354,43.254061],[6.045349,43.254075],[6.04535,43.254081],[6.04535,43.254084],[6.045345,43.254086],[6.045345,43.254088],[6.045321,43.254094]]]]}},{"type":"Feature","properties":{"type":"Piscine"},"geometry":{"type":"MultiPolygon","coordinates":[[[[6.068633,43.253355],[6.068628,43.253355],[6.068618,43.253352],[6.068618,43.25335],[6.068633,43.253355]]]]}},{"type":"Feature","properties":{"type":"Piscine"},"geometry":{"type":"MultiPolygon","coordinates":[[[[6.053415,43.253496],[6.053393,43.253495],[6.053367,43.253463],[6.053409,43.25343],[6.053457,43.253398],[6.053498,43.253393],[6.053511,43.253402],[6.053506,43.253434],[6.053415,43.253496]]]]}},{"type":"Feature","properties":{"type":"Piscine"},"geometry":{"type":"MultiPolygon","coordinates":[[[[6.055126,43.253284],[6.055168,43.253285],[6.055168,43.253286],[6.055175,43.253286],[6.055203,43.253305],[6.055246,43.253324],[6.055233,43.253351],[6.055206,43.253354],[6.055141,43.25333],[6.055113,43.253315],[6.055126,43.253284]]]]}},{"type":"Feature","properties":{"type":"Piscine"},"geometry":{"type":"MultiPolygon","coordinates":[[[[6.060382,43.252916],[6.06037,43.252916],[6.060308,43.252901],[6.060307,43.252891],[6.060307,43.252885],[6.060314,43.252876],[6.060319,43.252876],[6.060338,43.252875],[6.060388,43.252885],[6.060388,43.252887],[6.060399,43.252906],[6.06039,43.252915],[6.060382,43.252916]]]]}},{"type":"Feature","properties":{"type":"Piscine"},"geometry":{"type":"MultiPolygon","coordinates":[[[[6.063818,43.252669],[6.063793,43.252666],[6.063802,43.252653],[6.063818,43.252669]]]]}},{"type":"Feature","properties":{"type":"Piscine"},"geometry":{"type":"MultiPolygon","coordinates":[[[[6.066459,43.252543],[6.066449,43.252538],[6.066451,43.252538],[6.066454,43.252538],[6.066458,43.252536],[6.066459,43.25254],[6.066459,43.252543]]]]}},{"type":"Feature","properties":{"type":"Piscine"},"geometry":{"type":"MultiPolygon","coordinates":[[[[6.066471,43.252311],[6.066444,43.252313],[6.066419,43.252296],[6.066432,43.252269],[6.066471,43.252269],[6.066482,43.252282],[6.066471,43.252311]]]]}},{"type":"Feature","properties":{"type":"Piscine"},"geometry":{"type":"MultiPolygon","coordinates":[[[[6.046759,43.252786],[6.046753,43.252764],[6.046752,43.252746],[6.046766,43.252735],[6.046771,43.252735],[6.046779,43.252735],[6.046781,43.252735],[6.046804,43.252749],[6.046798,43.252767],[6.046806,43.252781],[6.046787,43.252791],[6.046759,43.252786]]]]}},{"type":"Feature","properties":{"type":"Piscine"},"geometry":{"type":"MultiPolygon","coordinates":[[[[6.057119,43.252047],[6.057105,43.252047],[6.057059,43.25203],[6.057064,43.252018],[6.057085,43.252008],[6.057115,43.25196],[6.05716,43.251973],[6.057147,43.252008],[6.057119,43.252047]]]]}},{"type":"Feature","properties":{"type":"Piscine"},"geometry":{"type":"MultiPolygon","coordinates":[[[[6.052675,43.252028],[6.052594,43.252038],[6.052581,43.252029],[6.052578,43.252008],[6.052592,43.252],[6.052668,43.251992],[6.052681,43.252001],[6.052675,43.252028]]]]}},{"type":"Feature","properties":{"type":"Piscine"},"geometry":{"type":"MultiPolygon","coordinates":[[[[6.058721,43.251877],[6.058697,43.251885],[6.058681,43.251864],[6.058717,43.251794],[6.058747,43.251799],[6.058748,43.251815],[6.058721,43.251877]]]]}},{"type":"Feature","properties":{"type":"Piscine"},"geometry":{"type":"MultiPolygon","coordinates":[[[[6.045118,43.252218],[6.045104,43.252219],[6.045093,43.252212],[6.045081,43.252172],[6.045096,43.252163],[6.045103,43.252163],[6.045103,43.252165],[6.045113,43.252164],[6.045144,43.252182],[6.045137,43.252198],[6.045137,43.252203],[6.045137,43.252205],[6.045118,43.252218]]]]}},{"type":"Feature","properties":{"type":"Piscine"},"geometry":{"type":"MultiPolygon","coordinates":[[[[6.063163,43.251699],[6.06313,43.251694],[6.06313,43.251691],[6.063124,43.251669],[6.063147,43.251629],[6.063178,43.251625],[6.063194,43.251631],[6.063194,43.251648],[6.063195,43.251653],[6.063195,43.251655],[6.063175,43.251691],[6.063163,43.251699]]]]}},{"type":"Feature","properties":{"type":"Piscine"},"geometry":{"type":"MultiPolygon","coordinates":[[[[6.069049,43.251452],[6.069009,43.251454],[6.069006,43.25143],[6.069045,43.251427],[6.069049,43.251452]]]]}},{"type":"Feature","properties":{"type":"Piscine"},"geometry":{"type":"MultiPolygon","coordinates":[[[[6.047291,43.252089],[6.047339,43.252049],[6.047366,43.252049],[6.047371,43.252048],[6.047395,43.252053],[6.047424,43.252031],[6.047463,43.252035],[6.047479,43.252049],[6.04748,43.252071],[6.047454,43.252088],[6.047392,43.252089],[6.047344,43.252112],[6.047297,43.252106],[6.047291,43.252089]]]]}},{"type":"Feature","properties":{"type":"Piscine"},"geometry":{"type":"MultiPolygon","coordinates":[[[[6.061487,43.251685],[6.06146,43.251682],[6.06146,43.251679],[6.061457,43.25167],[6.061456,43.251663],[6.061456,43.251661],[6.061459,43.251661],[6.061458,43.251657],[6.061458,43.251652],[6.061465,43.251635],[6.061495,43.251642],[6.061493,43.251663],[6.061494,43.251671],[6.061494,43.251674],[6.061487,43.251685]]]]}},{"type":"Feature","properties":{"type":"Piscine"},"geometry":{"type":"MultiPolygon","coordinates":[[[[6.068841,43.251296],[6.068873,43.251303],[6.068874,43.251308],[6.068884,43.251324],[6.068884,43.251328],[6.068885,43.251335],[6.068882,43.251335],[6.068883,43.251338],[6.068856,43.251343],[6.06884,43.251332],[6.068829,43.251306],[6.068841,43.251296]]]]}},{"type":"Feature","properties":{"type":"Piscine"},"geometry":{"type":"MultiPolygon","coordinates":[[[[6.070777,43.251106],[6.070745,43.251107],[6.070753,43.251084],[6.070776,43.251092],[6.070777,43.251106]]]]}},{"type":"Feature","properties":{"type":"Piscine"},"geometry":{"type":"MultiPolygon","coordinates":[[[[6.067952,43.25112],[6.067856,43.251123],[6.067839,43.251118],[6.06783,43.2511],[6.067847,43.251083],[6.067881,43.251086],[6.06795,43.251084],[6.067952,43.25112]]]]}},{"type":"Feature","properties":{"type":"Piscine"},"geometry":{"type":"MultiPolygon","coordinates":[[[[6.046512,43.251704],[6.046521,43.251687],[6.046524,43.251687],[6.046531,43.251687],[6.046548,43.251677],[6.046547,43.251663],[6.046547,43.251661],[6.046592,43.25168],[6.046596,43.251703],[6.046577,43.25172],[6.046577,43.251722],[6.046531,43.251723],[6.046512,43.251704]]]]}},{"type":"Feature","properties":{"type":"Piscine"},"geometry":{"type":"MultiPolygon","coordinates":[[[[6.056831,43.251394],[6.056806,43.251386],[6.056805,43.251371],[6.056845,43.251334],[6.05687,43.251339],[6.056878,43.251353],[6.056831,43.251394]]]]}},{"type":"Feature","properties":{"type":"Piscine"},"geometry":{"type":"MultiPolygon","coordinates":[[[[6.045806,43.251569],[6.045911,43.251555],[6.045916,43.251555],[6.045925,43.251594],[6.045911,43.251595],[6.04581,43.251599],[6.045799,43.251576],[6.045806,43.251569]]]]}},{"type":"Feature","properties":{"type":"Piscine"},"geometry":{"type":"MultiPolygon","coordinates":[[[[6.058097,43.251245],[6.0581,43.251218],[6.058103,43.251218],[6.058112,43.25121],[6.058168,43.251205],[6.058163,43.251243],[6.058161,43.251243],[6.058139,43.251253],[6.058097,43.251245]]]]}},{"type":"Feature","properties":{"type":"Piscine"},"geometry":{"type":"MultiPolygon","coordinates":[[[[6.052357,43.251323],[6.052275,43.251319],[6.052273,43.251319],[6.05227,43.25132],[6.05224,43.25131],[6.052235,43.25131],[6.052229,43.251285],[6.052239,43.251279],[6.052305,43.251274],[6.052312,43.251273],[6.05232,43.251273],[6.05232,43.251275],[6.052322,43.251275],[6.052325,43.251275],[6.05236,43.251295],[6.05236,43.251297],[6.052361,43.251299],[6.052363,43.251299],[6.052363,43.251301],[6.052363,43.251308],[6.052357,43.251323]]]]}},{"type":"Feature","properties":{"type":"Piscine"},"geometry":{"type":"MultiPolygon","coordinates":[[[[6.055258,43.251273],[6.05523,43.25125],[6.055225,43.25125],[6.055223,43.25125],[6.055207,43.251231],[6.055206,43.251226],[6.055206,43.251222],[6.055217,43.251191],[6.055247,43.251192],[6.055247,43.251194],[6.055302,43.251263],[6.055302,43.251264],[6.055283,43.251276],[6.055258,43.251273]]]]}},{"type":"Feature","properties":{"type":"Piscine"},"geometry":{"type":"MultiPolygon","coordinates":[[[[6.055192,43.251134],[6.05517,43.251135],[6.055152,43.251125],[6.055115,43.251088],[6.055115,43.251079],[6.055141,43.251062],[6.055161,43.251067],[6.055206,43.251123],[6.055192,43.251134]]]]}},{"type":"Feature","properties":{"type":"Piscine"},"geometry":{"type":"MultiPolygon","coordinates":[[[[6.066941,43.250592],[6.066904,43.250581],[6.06694,43.250528],[6.066973,43.250492],[6.067011,43.250506],[6.067011,43.250515],[6.066976,43.250557],[6.066941,43.250592]]]]}},{"type":"Feature","properties":{"type":"Piscine"},"geometry":{"type":"MultiPolygon","coordinates":[[[[6.05581,43.250814],[6.055844,43.250806],[6.055849,43.250806],[6.055867,43.25082],[6.055867,43.250822],[6.055867,43.250825],[6.055844,43.250849],[6.055814,43.250845],[6.05581,43.250814]]]]}},{"type":"Feature","properties":{"type":"Piscine"},"geometry":{"type":"MultiPolygon","coordinates":[[[[6.060631,43.250501],[6.060607,43.250506],[6.060591,43.250493],[6.060601,43.250484],[6.060635,43.25049],[6.060631,43.250501]]]]}},{"type":"Feature","properties":{"type":"Piscine"},"geometry":{"type":"MultiPolygon","coordinates":[[[[6.065413,43.250288],[6.065438,43.250298],[6.065438,43.250302],[6.065438,43.250306],[6.065427,43.25032],[6.065427,43.250324],[6.065415,43.250324],[6.065337,43.250305],[6.065348,43.250276],[6.065413,43.250288]]]]}},{"type":"Feature","properties":{"type":"Piscine"},"geometry":{"type":"MultiPolygon","coordinates":[[[[6.062816,43.250375],[6.062811,43.250362],[6.062808,43.250362],[6.062838,43.250318],[6.062838,43.250316],[6.062856,43.250334],[6.062856,43.250336],[6.062857,43.250355],[6.062839,43.250374],[6.062816,43.250375]]]]}},{"type":"Feature","properties":{"type":"Piscine"},"geometry":{"type":"MultiPolygon","coordinates":[[[[6.059813,43.250393],[6.059862,43.25035],[6.059862,43.250345],[6.059862,43.250343],[6.059881,43.250334],[6.059886,43.250333],[6.059896,43.250333],[6.059924,43.250352],[6.059924,43.250356],[6.059924,43.250363],[6.059848,43.250417],[6.059834,43.250418],[6.059813,43.250393]]]]}},{"type":"Feature","properties":{"type":"Piscine"},"geometry":{"type":"MultiPolygon","coordinates":[[[[6.070618,43.250067],[6.070615,43.250067],[6.070605,43.25006],[6.070609,43.250031],[6.070608,43.250027],[6.070622,43.250011],[6.070662,43.250013],[6.070662,43.250015],[6.070663,43.250035],[6.070676,43.25004],[6.07065,43.250066],[6.070618,43.250067]]]]}},{"type":"Feature","properties":{"type":"Piscine"},"geometry":{"type":"MultiPolygon","coordinates":[[[[6.056741,43.250386],[6.056704,43.250398],[6.056679,43.250383],[6.056678,43.25037],[6.056704,43.25035],[6.056802,43.250336],[6.05682,43.250348],[6.056826,43.250373],[6.056807,43.250383],[6.056741,43.250386]]]]}},{"type":"Feature","properties":{"type":"Piscine"},"geometry":{"type":"MultiPolygon","coordinates":[[[[6.070392,43.2499],[6.070353,43.249907],[6.070346,43.249907],[6.070335,43.249895],[6.070335,43.249891],[6.070335,43.249882],[6.070344,43.249869],[6.070354,43.249869],[6.070354,43.249867],[6.070363,43.249867],[6.070368,43.249867],[6.070393,43.249877],[6.070392,43.2499]]]]}},{"type":"Feature","properties":{"type":"Piscine"},"geometry":{"type":"MultiPolygon","coordinates":[[[[6.057312,43.249967],[6.057322,43.249958],[6.057324,43.249958],[6.057353,43.249942],[6.057353,43.249941],[6.057395,43.249948],[6.057428,43.249978],[6.057431,43.249978],[6.057425,43.250002],[6.057422,43.250002],[6.057415,43.250002],[6.057383,43.249997],[6.05731,43.250025],[6.057283,43.25002],[6.057266,43.249983],[6.057312,43.249967]]]]}},{"type":"Feature","properties":{"type":"Piscine"},"geometry":{"type":"MultiPolygon","coordinates":[[[[6.065311,43.249526],[6.065322,43.249506],[6.065327,43.249506],[6.065327,43.249504],[6.065339,43.249504],[6.065344,43.249503],[6.065362,43.249516],[6.065354,43.249543],[6.065324,43.249542],[6.065311,43.249526]]]]}},{"type":"Feature","properties":{"type":"Piscine"},"geometry":{"type":"MultiPolygon","coordinates":[[[[6.070466,43.249111],[6.070469,43.249082],[6.070469,43.249079],[6.070496,43.249069],[6.070536,43.249084],[6.070578,43.249092],[6.070586,43.249092],[6.070588,43.249092],[6.070598,43.249098],[6.070595,43.249131],[6.070561,43.249137],[6.070518,43.249122],[6.070466,43.249111]]]]}},{"type":"Feature","properties":{"type":"Piscine"},"geometry":{"type":"MultiPolygon","coordinates":[[[[6.068281,43.249195],[6.068239,43.249189],[6.068242,43.249162],[6.06829,43.249088],[6.068315,43.249091],[6.068335,43.249107],[6.068334,43.249123],[6.068309,43.249162],[6.068281,43.249195]]]]}},{"type":"Feature","properties":{"type":"Piscine"},"geometry":{"type":"MultiPolygon","coordinates":[[[[6.059243,43.249262],[6.059231,43.249266],[6.05923,43.24925],[6.059243,43.249262]]]]}},{"type":"Feature","properties":{"type":"Piscine"},"geometry":{"type":"MultiPolygon","coordinates":[[[[6.059538,43.248609],[6.059537,43.248595],[6.05954,43.248595],[6.059557,43.248589],[6.059557,43.248587],[6.059579,43.248598],[6.05958,43.248605],[6.05958,43.248606],[6.059573,43.248614],[6.059568,43.248614],[6.059538,43.248609]]]]}},{"type":"Feature","properties":{"type":"Piscine"},"geometry":{"type":"MultiPolygon","coordinates":[[[[6.062435,43.24843],[6.062402,43.248408],[6.062388,43.24839],[6.062358,43.248367],[6.062355,43.248368],[6.062353,43.248368],[6.062353,43.248366],[6.062352,43.24836],[6.062349,43.248346],[6.062366,43.248335],[6.062368,43.248335],[6.062373,43.248335],[6.062402,43.248318],[6.062434,43.248322],[6.062442,43.24834],[6.062463,43.248356],[6.062465,43.248355],[6.062494,43.248374],[6.062494,43.248378],[6.06251,43.248403],[6.062494,43.248421],[6.062494,43.248423],[6.062455,43.248437],[6.062435,43.24843]]]]}},{"type":"Feature","properties":{"type":"Piscine"},"geometry":{"type":"MultiPolygon","coordinates":[[[[6.05561,43.248528],[6.055546,43.248523],[6.055533,43.248514],[6.055542,43.248494],[6.055609,43.248499],[6.05561,43.248528]]]]}},{"type":"Feature","properties":{"type":"Piscine"},"geometry":{"type":"MultiPolygon","coordinates":[[[[6.060954,43.248317],[6.060934,43.248311],[6.060933,43.248309],[6.060933,43.248307],[6.06095,43.248301],[6.060956,43.248317],[6.060954,43.248317]]]]}},{"type":"Feature","properties":{"type":"Piscine"},"geometry":{"type":"MultiPolygon","coordinates":[[[[6.062509,43.248151],[6.062487,43.248151],[6.062476,43.248141],[6.062487,43.248121],[6.06252,43.248127],[6.062509,43.248151]]]]}},{"type":"Feature","properties":{"type":"Piscine"},"geometry":{"type":"MultiPolygon","coordinates":[[[[6.057198,43.24824],[6.057115,43.248242],[6.057106,43.248214],[6.057125,43.248206],[6.057189,43.248206],[6.057204,43.248213],[6.057198,43.24824]]]]}},{"type":"Feature","properties":{"type":"Piscine"},"geometry":{"type":"MultiPolygon","coordinates":[[[[6.06577,43.247925],[6.065733,43.247926],[6.065688,43.247918],[6.065678,43.247911],[6.065687,43.247886],[6.065709,43.247885],[6.065764,43.247896],[6.065782,43.24791],[6.06577,43.247925]]]]}},{"type":"Feature","properties":{"type":"Piscine"},"geometry":{"type":"MultiPolygon","coordinates":[[[[6.068551,43.247799],[6.068551,43.247788],[6.068553,43.247788],[6.068556,43.247788],[6.068558,43.247792],[6.068566,43.247792],[6.068551,43.247799]]]]}},{"type":"Feature","properties":{"type":"Piscine"},"geometry":{"type":"MultiPolygon","coordinates":[[[[6.06389,43.247858],[6.063941,43.247844],[6.06394,43.24784],[6.063963,43.247845],[6.063996,43.247862],[6.064002,43.247892],[6.064,43.247892],[6.063973,43.247895],[6.06396,43.247885],[6.063904,43.247892],[6.063889,43.247883],[6.06389,43.247858]]]]}},{"type":"Feature","properties":{"type":"Piscine"},"geometry":{"type":"MultiPolygon","coordinates":[[[[6.056216,43.247962],[6.056171,43.247961],[6.056171,43.247959],[6.056158,43.247949],[6.056158,43.247947],[6.056158,43.247945],[6.05617,43.247927],[6.056214,43.247928],[6.056232,43.24794],[6.056216,43.247962]]]]}},{"type":"Feature","properties":{"type":"Piscine"},"geometry":{"type":"MultiPolygon","coordinates":[[[[6.061095,43.247834],[6.061,43.247792],[6.061,43.24779],[6.060999,43.247788],[6.061013,43.247772],[6.061033,43.247766],[6.061068,43.247783],[6.061128,43.247805],[6.061129,43.247814],[6.06111,43.247834],[6.061095,43.247834]]]]}},{"type":"Feature","properties":{"type":"Piscine"},"geometry":{"type":"MultiPolygon","coordinates":[[[[6.062576,43.247747],[6.062571,43.247748],[6.062544,43.247739],[6.062542,43.247716],[6.062554,43.247703],[6.062553,43.247683],[6.062553,43.24768],[6.062553,43.247678],[6.062617,43.247681],[6.062628,43.247701],[6.062613,43.247741],[6.062605,43.247741],[6.062586,43.247747],[6.062576,43.247747]]]]}},{"type":"Feature","properties":{"type":"Piscine"},"geometry":{"type":"MultiPolygon","coordinates":[[[[6.063445,43.247701],[6.063401,43.247695],[6.063414,43.247623],[6.063421,43.247615],[6.063505,43.247624],[6.063509,43.247645],[6.063472,43.24765],[6.063456,43.247668],[6.063445,43.247701]]]]}},{"type":"Feature","properties":{"type":"Piscine"},"geometry":{"type":"MultiPolygon","coordinates":[[[[6.056516,43.247813],[6.056506,43.247813],[6.056493,43.247805],[6.056483,43.247758],[6.056495,43.247749],[6.056525,43.247751],[6.056527,43.247751],[6.056538,43.247805],[6.056528,43.247813],[6.056516,43.247813]]]]}},{"type":"Feature","properties":{"type":"Piscine"},"geometry":{"type":"MultiPolygon","coordinates":[[[[6.064014,43.247561],[6.063992,43.247561],[6.063925,43.247552],[6.063918,43.247547],[6.063931,43.247513],[6.064027,43.247524],[6.064033,43.247546],[6.064014,43.247561]]]]}},{"type":"Feature","properties":{"type":"Piscine"},"geometry":{"type":"MultiPolygon","coordinates":[[[[6.067166,43.24746],[6.067164,43.24746],[6.067154,43.247448],[6.067148,43.247398],[6.067185,43.247393],[6.067185,43.247395],[6.067193,43.247411],[6.067194,43.247415],[6.067191,43.247415],[6.067187,43.247435],[6.067188,43.247445],[6.067188,43.247447],[6.067169,43.24746],[6.067166,43.24746]]]]}},{"type":"Feature","properties":{"type":"Piscine"},"geometry":{"type":"MultiPolygon","coordinates":[[[[6.055715,43.247612],[6.055675,43.247612],[6.055667,43.247592],[6.055681,43.247577],[6.055708,43.247575],[6.055726,43.24759],[6.055715,43.247612]]]]}},{"type":"Feature","properties":{"type":"Piscine"},"geometry":{"type":"MultiPolygon","coordinates":[[[[6.057715,43.247521],[6.057754,43.247517],[6.057761,43.247517],[6.057766,43.247516],[6.057766,43.247518],[6.057783,43.247521],[6.057784,43.247523],[6.057784,43.247527],[6.057773,43.247549],[6.057709,43.247552],[6.0577,43.247529],[6.057715,43.247521]]]]}},{"type":"Feature","properties":{"type":"Piscine"},"geometry":{"type":"MultiPolygon","coordinates":[[[[6.057396,43.247554],[6.057369,43.247555],[6.057355,43.247532],[6.057377,43.247518],[6.057402,43.247521],[6.057413,43.247541],[6.057396,43.247554]]]]}},{"type":"Feature","properties":{"type":"Piscine"},"geometry":{"type":"MultiPolygon","coordinates":[[[[6.058417,43.247399],[6.058412,43.247399],[6.058397,43.247387],[6.058408,43.247369],[6.058408,43.247367],[6.058433,43.247361],[6.058448,43.247373],[6.058449,43.247384],[6.058425,43.247399],[6.058417,43.247399]]]]}},{"type":"Feature","properties":{"type":"Piscine"},"geometry":{"type":"MultiPolygon","coordinates":[[[[6.062917,43.2473],[6.062915,43.247219],[6.062917,43.247219],[6.062959,43.247214],[6.062964,43.247214],[6.062966,43.247214],[6.062992,43.247235],[6.062993,43.247258],[6.062991,43.247258],[6.062991,43.247267],[6.062992,43.247284],[6.062957,43.247322],[6.062957,43.247324],[6.062938,43.247321],[6.062917,43.2473]]]]}},{"type":"Feature","properties":{"type":"Piscine"},"geometry":{"type":"MultiPolygon","coordinates":[[[[6.063356,43.247261],[6.063313,43.247257],[6.063298,43.247243],[6.063304,43.24721],[6.063325,43.2472],[6.063362,43.247201],[6.063383,43.247219],[6.063384,43.247238],[6.063356,43.247261]]]]}},{"type":"Feature","properties":{"type":"Piscine"},"geometry":{"type":"MultiPolygon","coordinates":[[[[6.058429,43.247343],[6.058402,43.247349],[6.058387,43.247342],[6.058379,43.247317],[6.0584,43.2473],[6.058435,43.247308],[6.058438,43.24733],[6.058429,43.247343]]]]}},{"type":"Feature","properties":{"type":"Piscine"},"geometry":{"type":"MultiPolygon","coordinates":[[[[6.060375,43.247244],[6.060368,43.247261],[6.060368,43.247264],[6.060363,43.247266],[6.060364,43.247268],[6.060349,43.247274],[6.060331,43.247253],[6.06035,43.247242],[6.060375,43.247244]]]]}},{"type":"Feature","properties":{"type":"Piscine"},"geometry":{"type":"MultiPolygon","coordinates":[[[[6.062514,43.247132],[6.062533,43.247126],[6.062543,43.247125],[6.062548,43.247125],[6.062563,43.247139],[6.062566,43.247139],[6.062566,43.247143],[6.062564,43.247143],[6.062529,43.247185],[6.062502,43.247182],[6.062494,43.24717],[6.062508,43.247155],[6.062514,43.247132]]]]}},{"type":"Feature","properties":{"type":"Piscine"},"geometry":{"type":"MultiPolygon","coordinates":[[[[6.061744,43.247238],[6.061691,43.247225],[6.061688,43.247213],[6.061699,43.247184],[6.061726,43.247132],[6.06176,43.247131],[6.061788,43.247145],[6.061784,43.247167],[6.061744,43.247238]]]]}},{"type":"Feature","properties":{"type":"Piscine"},"geometry":{"type":"MultiPolygon","coordinates":[[[[6.068342,43.246959],[6.068339,43.246959],[6.068324,43.24695],[6.06833,43.246929],[6.068408,43.246914],[6.06842,43.24694],[6.068408,43.246948],[6.068403,43.246948],[6.068395,43.246948],[6.068342,43.246959]]]]}},{"type":"Feature","properties":{"type":"Piscine"},"geometry":{"type":"MultiPolygon","coordinates":[[[[6.054901,43.24727],[6.0549,43.247254],[6.054902,43.247254],[6.054924,43.247239],[6.054931,43.247238],[6.054948,43.247238],[6.054962,43.247265],[6.054948,43.247276],[6.054916,43.247278],[6.054901,43.24727]]]]}},{"type":"Feature","properties":{"type":"Piscine"},"geometry":{"type":"MultiPolygon","coordinates":[[[[6.059445,43.247087],[6.059447,43.247071],[6.059464,43.24707],[6.059511,43.247082],[6.059511,43.247083],[6.059512,43.247085],[6.059494,43.247127],[6.059475,43.247146],[6.059428,43.247136],[6.059427,43.24712],[6.059445,43.247087]]]]}},{"type":"Feature","properties":{"type":"Piscine"},"geometry":{"type":"MultiPolygon","coordinates":[[[[6.059072,43.247105],[6.059059,43.247105],[6.059029,43.247094],[6.059013,43.247069],[6.059027,43.247043],[6.059031,43.247043],[6.059036,43.247043],[6.059051,43.247037],[6.059056,43.247037],[6.059061,43.247037],[6.059081,43.24704],[6.059122,43.247032],[6.059131,43.247058],[6.05911,43.247075],[6.05911,43.247088],[6.05911,43.247089],[6.059101,43.247099],[6.059098,43.247099],[6.059079,43.247105],[6.059072,43.247105]]]]}},{"type":"Feature","properties":{"type":"Piscine"},"geometry":{"type":"MultiPolygon","coordinates":[[[[6.05646,43.247037],[6.056483,43.247047],[6.056483,43.247049],[6.056511,43.247064],[6.056511,43.247066],[6.056511,43.247068],[6.056522,43.247087],[6.056488,43.247099],[6.056457,43.247078],[6.05643,43.247068],[6.05644,43.247043],[6.05646,43.247037]]]]}},{"type":"Feature","properties":{"type":"Piscine"},"geometry":{"type":"MultiPolygon","coordinates":[[[[6.060498,43.246929],[6.060424,43.246919],[6.060408,43.246903],[6.060437,43.246886],[6.060471,43.246887],[6.060509,43.246897],[6.06051,43.246918],[6.060498,43.246929]]]]}},{"type":"Feature","properties":{"type":"Piscine"},"geometry":{"type":"MultiPolygon","coordinates":[[[[6.059376,43.246844],[6.059377,43.246828],[6.05938,43.246828],[6.059394,43.24682],[6.059414,43.24682],[6.059434,43.246823],[6.059443,43.246823],[6.059451,43.246822],[6.059474,43.246838],[6.059474,43.24685],[6.059472,43.246851],[6.05947,43.246851],[6.059411,43.246856],[6.059376,43.246844]]]]}},{"type":"Feature","properties":{"type":"Piscine"},"geometry":{"type":"MultiPolygon","coordinates":[[[[6.055415,43.246881],[6.055383,43.246885],[6.05538,43.246885],[6.055375,43.246871],[6.055374,43.246864],[6.055374,43.246862],[6.055404,43.24686],[6.055415,43.246881]]]]}},{"type":"Feature","properties":{"type":"Piscine"},"geometry":{"type":"MultiPolygon","coordinates":[[[[6.054651,43.246874],[6.054639,43.246874],[6.054606,43.246859],[6.054605,43.246848],[6.054629,43.246831],[6.054631,43.246831],[6.054699,43.246811],[6.05472,43.246836],[6.05472,43.246837],[6.054721,43.246852],[6.054719,43.246852],[6.054719,43.246856],[6.054719,43.246857],[6.054707,43.246858],[6.054656,43.246873],[6.054651,43.246874]]]]}},{"type":"Feature","properties":{"type":"Piscine"},"geometry":{"type":"MultiPolygon","coordinates":[[[[6.057059,43.246723],[6.057044,43.246727],[6.057044,43.246725],[6.057033,43.246705],[6.057053,43.246703],[6.057059,43.246715],[6.057059,43.246721],[6.057059,43.246723]]]]}},{"type":"Feature","properties":{"type":"Piscine"},"geometry":{"type":"MultiPolygon","coordinates":[[[[6.062787,43.246531],[6.06283,43.246505],[6.06283,43.246503],[6.062862,43.246504],[6.062922,43.246515],[6.062929,43.246515],[6.062941,43.246543],[6.062929,43.246553],[6.062906,43.246591],[6.062888,43.24661],[6.062814,43.246614],[6.062776,43.2466],[6.06277,43.24657],[6.062784,43.246557],[6.062787,43.246531]]]]}},{"type":"Feature","properties":{"type":"Piscine"},"geometry":{"type":"MultiPolygon","coordinates":[[[[6.062339,43.246528],[6.062332,43.246528],[6.062316,43.246523],[6.062338,43.246467],[6.062341,43.246467],[6.06234,43.246458],[6.06234,43.246451],[6.06234,43.246449],[6.062342,43.246449],[6.062342,43.246445],[6.062374,43.246442],[6.062399,43.246452],[6.062402,43.24647],[6.062379,43.246485],[6.062399,43.246496],[6.062399,43.246499],[6.062404,43.246503],[6.062404,43.246506],[6.062354,43.246528],[6.062339,43.246528]]]]}},{"type":"Feature","properties":{"type":"Piscine"},"geometry":{"type":"MultiPolygon","coordinates":[[[[6.057714,43.246636],[6.057709,43.246636],[6.057689,43.246627],[6.057694,43.246582],[6.057693,43.246552],[6.057707,43.246537],[6.057745,43.246525],[6.057768,43.246533],[6.057769,43.24655],[6.057761,43.246588],[6.057762,43.246606],[6.057762,43.246609],[6.057756,43.246626],[6.057756,43.246629],[6.057739,43.246635],[6.057714,43.246636]]]]}},{"type":"Feature","properties":{"type":"Piscine"},"geometry":{"type":"MultiPolygon","coordinates":[[[[6.060724,43.2465],[6.06069,43.246496],[6.060677,43.246483],[6.06069,43.246456],[6.060693,43.246427],[6.060705,43.24642],[6.060752,43.246422],[6.060736,43.246485],[6.060724,43.2465]]]]}},{"type":"Feature","properties":{"type":"Piscine"},"geometry":{"type":"MultiPolygon","coordinates":[[[[6.070668,43.246095],[6.070649,43.246078],[6.070648,43.24606],[6.070648,43.246058],[6.070648,43.246053],[6.070647,43.246033],[6.070679,43.246026],[6.070692,43.246039],[6.070694,43.246039],[6.070703,43.246064],[6.070705,43.246064],[6.070694,43.246091],[6.070692,43.246091],[6.070668,43.246095]]]]}},{"type":"Feature","properties":{"type":"Piscine"},"geometry":{"type":"MultiPolygon","coordinates":[[[[6.056645,43.246391],[6.056617,43.246382],[6.056619,43.246364],[6.056649,43.246333],[6.056681,43.246323],[6.056694,43.246346],[6.056645,43.246391]]]]}},{"type":"Feature","properties":{"type":"Piscine"},"geometry":{"type":"MultiPolygon","coordinates":[[[[6.059754,43.246131],[6.059728,43.246111],[6.059728,43.246102],[6.059728,43.246098],[6.05973,43.246098],[6.05973,43.246096],[6.05973,43.246092],[6.059759,43.246081],[6.059783,43.24608],[6.059786,43.24608],[6.059796,43.246089],[6.059795,43.246119],[6.059795,43.246121],[6.059795,43.246123],[6.059754,43.246131]]]]}},{"type":"Feature","properties":{"type":"Piscine"},"geometry":{"type":"MultiPolygon","coordinates":[[[[6.062468,43.245999],[6.062434,43.245996],[6.062411,43.245986],[6.062415,43.245964],[6.062462,43.245966],[6.062474,43.245973],[6.062468,43.245999]]]]}},{"type":"Feature","properties":{"type":"Piscine"},"geometry":{"type":"MultiPolygon","coordinates":[[[[6.070811,43.245693],[6.070782,43.245694],[6.070782,43.245692],[6.070776,43.245687],[6.070774,43.245687],[6.070771,43.245675],[6.070802,43.245665],[6.070812,43.245672],[6.070811,43.245693]]]]}},{"type":"Feature","properties":{"type":"Piscine"},"geometry":{"type":"MultiPolygon","coordinates":[[[[6.060726,43.245924],[6.060681,43.245914],[6.060664,43.245884],[6.060684,43.245875],[6.060728,43.245875],[6.060762,43.245871],[6.060797,43.245877],[6.060789,43.245911],[6.060737,43.245913],[6.060726,43.245924]]]]}},{"type":"Feature","properties":{"type":"Piscine"},"geometry":{"type":"MultiPolygon","coordinates":[[[[6.063098,43.245612],[6.0631,43.245594],[6.063102,43.245594],[6.063114,43.245582],[6.063121,43.245582],[6.063129,43.245582],[6.063149,43.245599],[6.063138,43.245614],[6.063098,43.245612]]]]}},{"type":"Feature","properties":{"type":"Piscine"},"geometry":{"type":"MultiPolygon","coordinates":[[[[6.059636,43.245575],[6.059608,43.245568],[6.059606,43.245523],[6.059643,43.245522],[6.059645,43.245562],[6.059636,43.245575]]]]}},{"type":"Feature","properties":{"type":"Piscine"},"geometry":{"type":"MultiPolygon","coordinates":[[[[6.061023,43.245348],[6.061053,43.245367],[6.061061,43.245367],[6.061081,43.245384],[6.061082,43.24539],[6.061098,43.24542],[6.061084,43.245428],[6.061049,43.245423],[6.061021,43.245404],[6.060976,43.245395],[6.060965,43.245377],[6.060963,43.245346],[6.060988,43.245338],[6.061023,43.245348]]]]}},{"type":"Feature","properties":{"type":"Piscine"},"geometry":{"type":"MultiPolygon","coordinates":[[[[6.063413,43.24528],[6.063326,43.245263],[6.063329,43.245238],[6.063364,43.245235],[6.063424,43.245251],[6.063413,43.24528]]]]}},{"type":"Feature","properties":{"type":"Piscine"},"geometry":{"type":"MultiPolygon","coordinates":[[[[6.070167,43.244874],[6.070147,43.244873],[6.070141,43.244861],[6.07018,43.244847],[6.070186,43.244859],[6.070167,43.244874]]]]}},{"type":"Feature","properties":{"type":"Piscine"},"geometry":{"type":"MultiPolygon","coordinates":[[[[6.070883,43.244829],[6.070875,43.24486],[6.070875,43.244865],[6.070866,43.244871],[6.070866,43.244872],[6.070841,43.244866],[6.070854,43.244824],[6.070883,43.244829]]]]}},{"type":"Feature","properties":{"type":"Piscine"},"geometry":{"type":"MultiPolygon","coordinates":[[[[6.062476,43.245069],[6.062454,43.245074],[6.062443,43.245054],[6.062467,43.245048],[6.062476,43.245069]]]]}},{"type":"Feature","properties":{"type":"Piscine"},"geometry":{"type":"MultiPolygon","coordinates":[[[[6.060608,43.24509],[6.060609,43.245068],[6.060611,43.245068],[6.060676,43.245039],[6.060696,43.245041],[6.060699,43.245041],[6.06071,43.245062],[6.060712,43.245062],[6.060703,43.245078],[6.060645,43.245098],[6.060642,43.245098],[6.060635,43.245098],[6.060608,43.24509]]]]}},{"type":"Feature","properties":{"type":"Piscine"},"geometry":{"type":"MultiPolygon","coordinates":[[[[6.07013,43.244794],[6.070101,43.244804],[6.070077,43.244771],[6.070099,43.244763],[6.07013,43.244784],[6.07013,43.244794]]]]}},{"type":"Feature","properties":{"type":"Piscine"},"geometry":{"type":"MultiPolygon","coordinates":[[[[6.070622,43.24477],[6.070595,43.24477],[6.07055,43.244757],[6.070543,43.24473],[6.070593,43.244733],[6.07062,43.244741],[6.070622,43.24477]]]]}},{"type":"Feature","properties":{"type":"Piscine"},"geometry":{"type":"MultiPolygon","coordinates":[[[[6.060166,43.24494],[6.06012,43.244956],[6.060105,43.244942],[6.060141,43.244923],[6.060158,43.244923],[6.060166,43.24494]]]]}},{"type":"Feature","properties":{"type":"Piscine"},"geometry":{"type":"MultiPolygon","coordinates":[[[[6.069123,43.244661],[6.069074,43.244653],[6.069061,43.244647],[6.069063,43.244628],[6.069082,43.244626],[6.06913,43.244641],[6.069123,43.244661]]]]}},{"type":"Feature","properties":{"type":"Piscine"},"geometry":{"type":"MultiPolygon","coordinates":[[[[6.064688,43.244749],[6.064707,43.244738],[6.064719,43.244737],[6.064756,43.244736],[6.064743,43.244771],[6.06474,43.244771],[6.064662,43.244779],[6.064648,43.244754],[6.064688,43.244749]]]]}},{"type":"Feature","properties":{"type":"Piscine"},"geometry":{"type":"MultiPolygon","coordinates":[[[[6.062691,43.244768],[6.062662,43.244774],[6.062665,43.244682],[6.062676,43.244675],[6.062716,43.244674],[6.062724,43.244681],[6.062724,43.244738],[6.062691,43.244768]]]]}},{"type":"Feature","properties":{"type":"Piscine"},"geometry":{"type":"MultiPolygon","coordinates":[[[[6.070092,43.244448],[6.070085,43.244448],[6.070065,43.244442],[6.070066,43.244418],[6.070105,43.24441],[6.070127,43.244411],[6.070138,43.244432],[6.070114,43.244446],[6.070114,43.244447],[6.070109,43.244447],[6.070092,43.244448]]]]}},{"type":"Feature","properties":{"type":"Piscine"},"geometry":{"type":"MultiPolygon","coordinates":[[[[6.064189,43.244634],[6.064174,43.244634],[6.064125,43.244598],[6.064122,43.244587],[6.064154,43.244572],[6.064208,43.244615],[6.064189,43.244634]]]]}},{"type":"Feature","properties":{"type":"Piscine"},"geometry":{"type":"MultiPolygon","coordinates":[[[[6.061972,43.244632],[6.061986,43.244603],[6.061985,43.244601],[6.061985,43.244599],[6.062046,43.244586],[6.062046,43.244588],[6.062064,43.244599],[6.062089,43.2446],[6.062107,43.244614],[6.062106,43.244641],[6.062084,43.244652],[6.062019,43.244636],[6.061988,43.244646],[6.061972,43.244632]]]]}},{"type":"Feature","properties":{"type":"Piscine"},"geometry":{"type":"MultiPolygon","coordinates":[[[[6.070364,43.244415],[6.070356,43.244415],[6.070296,43.244395],[6.070274,43.244396],[6.070268,43.244373],[6.07028,43.244358],[6.070318,43.244348],[6.070329,43.244358],[6.070363,43.244354],[6.070384,43.244369],[6.070384,43.244371],[6.070387,43.24438],[6.070384,43.24438],[6.070364,43.244415]]]]}},{"type":"Feature","properties":{"type":"Piscine"},"geometry":{"type":"MultiPolygon","coordinates":[[[[6.062118,43.244592],[6.062125,43.244581],[6.062125,43.244582],[6.062125,43.244591],[6.062123,43.244591],[6.062118,43.244592]]]]}},{"type":"Feature","properties":{"type":"Piscine"},"geometry":{"type":"MultiPolygon","coordinates":[[[[6.063439,43.244558],[6.063431,43.244558],[6.063416,43.244549],[6.063415,43.24453],[6.063427,43.24452],[6.063429,43.24452],[6.063434,43.24452],[6.063434,43.244518],[6.063444,43.244518],[6.063454,43.244518],[6.063462,43.244525],[6.063459,43.244525],[6.063444,43.244558],[6.063439,43.244558]]]]}},{"type":"Feature","properties":{"type":"Piscine"},"geometry":{"type":"MultiPolygon","coordinates":[[[[6.069337,43.244372],[6.069332,43.244372],[6.069315,43.244366],[6.069318,43.244339],[6.069337,43.244331],[6.069358,43.244355],[6.069359,43.244361],[6.069359,43.244363],[6.069337,43.244372]]]]}},{"type":"Feature","properties":{"type":"Piscine"},"geometry":{"type":"MultiPolygon","coordinates":[[[[6.070252,43.244312],[6.070231,43.244318],[6.070215,43.244299],[6.070219,43.244279],[6.070252,43.244262],[6.07027,43.244275],[6.070252,43.244312]]]]}},{"type":"Feature","properties":{"type":"Piscine"},"geometry":{"type":"MultiPolygon","coordinates":[[[[6.066119,43.24439],[6.066161,43.244381],[6.066163,43.244381],[6.066168,43.244381],[6.066168,43.244383],[6.066173,43.244383],[6.066189,43.244402],[6.066177,43.244417],[6.066175,43.244417],[6.066147,43.244407],[6.066137,43.244407],[6.066095,43.244403],[6.066091,43.244409],[6.066088,43.244409],[6.066084,43.24442],[6.066081,43.24442],[6.066077,43.244427],[6.066028,43.244428],[6.066002,43.244418],[6.066,43.244381],[6.066032,43.244374],[6.066055,43.24439],[6.066119,43.24439]]]]}},{"type":"Feature","properties":{"type":"Piscine"},"geometry":{"type":"MultiPolygon","coordinates":[[[[6.068261,43.244334],[6.068254,43.244335],[6.068196,43.244316],[6.068193,43.244293],[6.068195,43.244293],[6.068202,43.244293],[6.068202,43.244295],[6.068265,43.244311],[6.06827,43.244311],[6.068273,43.24432],[6.068273,43.24433],[6.068264,43.244334],[6.068261,43.244334]]]]}},{"type":"Feature","properties":{"type":"Piscine"},"geometry":{"type":"MultiPolygon","coordinates":[[[[6.067888,43.244316],[6.067869,43.244317],[6.067841,43.244301],[6.067811,43.244299],[6.067817,43.244275],[6.067829,43.244267],[6.067869,43.244274],[6.0679,43.244296],[6.067888,43.244316]]]]}},{"type":"Feature","properties":{"type":"Piscine"},"geometry":{"type":"MultiPolygon","coordinates":[[[[6.069771,43.244198],[6.069754,43.244202],[6.069684,43.244179],[6.069683,43.244163],[6.069709,43.244151],[6.069775,43.244173],[6.069771,43.244198]]]]}},{"type":"Feature","properties":{"type":"Piscine"},"geometry":{"type":"MultiPolygon","coordinates":[[[[6.065026,43.244262],[6.065053,43.244254],[6.065082,43.244254],[6.065102,43.244253],[6.065114,43.244253],[6.065132,43.244261],[6.065133,43.244283],[6.065045,43.244287],[6.065026,43.244262]]]]}},{"type":"Feature","properties":{"type":"Piscine"},"geometry":{"type":"MultiPolygon","coordinates":[[[[6.070584,43.244105],[6.070556,43.2441],[6.070556,43.244089],[6.07058,43.244085],[6.070584,43.244105]]]]}},{"type":"Feature","properties":{"type":"Piscine"},"geometry":{"type":"MultiPolygon","coordinates":[[[[6.069544,43.244134],[6.069517,43.244138],[6.069441,43.244112],[6.069462,43.244081],[6.069534,43.2441],[6.069553,43.244123],[6.069544,43.244134]]]]}},{"type":"Feature","properties":{"type":"Piscine"},"geometry":{"type":"MultiPolygon","coordinates":[[[[6.07047,43.244043],[6.070479,43.244034],[6.070484,43.244034],[6.070499,43.244033],[6.070499,43.244035],[6.070504,43.244035],[6.070502,43.244055],[6.07048,43.244057],[6.07047,43.244043]]]]}},{"type":"Feature","properties":{"type":"Piscine"},"geometry":{"type":"MultiPolygon","coordinates":[[[[6.067767,43.244109],[6.067744,43.24411],[6.067719,43.244087],[6.067718,43.24408],[6.067718,43.244076],[6.067737,43.244063],[6.067739,43.244063],[6.06778,43.244076],[6.06778,43.24408],[6.067781,43.244096],[6.067769,43.244109],[6.067767,43.244109]]]]}},{"type":"Feature","properties":{"type":"Piscine"},"geometry":{"type":"MultiPolygon","coordinates":[[[[6.068943,43.244049],[6.068938,43.244049],[6.068928,43.244044],[6.068936,43.244013],[6.068946,43.244007],[6.068946,43.244005],[6.068973,43.244008],[6.068981,43.244028],[6.068984,43.244028],[6.068977,43.244035],[6.068977,43.244037],[6.068963,43.244046],[6.068958,43.244046],[6.068955,43.244046],[6.068943,43.244049]]]]}},{"type":"Feature","properties":{"type":"Piscine"},"geometry":{"type":"MultiPolygon","coordinates":[[[[6.067983,43.244065],[6.067964,43.244066],[6.067951,43.244059],[6.067964,43.244031],[6.067964,43.24403],[6.068,43.244045],[6.068002,43.244045],[6.068002,43.244052],[6.067991,43.244065],[6.067983,43.244065]]]]}},{"type":"Feature","properties":{"type":"Piscine"},"geometry":{"type":"MultiPolygon","coordinates":[[[[6.063838,43.244188],[6.063798,43.244186],[6.063756,43.244176],[6.063762,43.244147],[6.063801,43.24415],[6.063851,43.244166],[6.063838,43.244188]]]]}},{"type":"Feature","properties":{"type":"Piscine"},"geometry":{"type":"MultiPolygon","coordinates":[[[[6.063351,43.244207],[6.063322,43.244221],[6.063304,43.244196],[6.063326,43.24415],[6.063366,43.244158],[6.063351,43.244207]]]]}},{"type":"Feature","properties":{"type":"Piscine"},"geometry":{"type":"MultiPolygon","coordinates":[[[[6.069632,43.244033],[6.069599,43.244024],[6.069599,43.24401],[6.069628,43.243953],[6.069667,43.24396],[6.06967,43.243974],[6.069632,43.244033]]]]}},{"type":"Feature","properties":{"type":"Piscine"},"geometry":{"type":"MultiPolygon","coordinates":[[[[6.065493,43.244049],[6.065494,43.244024],[6.065494,43.244022],[6.065494,43.244021],[6.06551,43.244009],[6.065564,43.244004],[6.065579,43.244013],[6.06558,43.244022],[6.06558,43.244029],[6.065571,43.24404],[6.065571,43.244042],[6.065539,43.244044],[6.065505,43.244054],[6.065493,43.244049]]]]}},{"type":"Feature","properties":{"type":"Piscine"},"geometry":{"type":"MultiPolygon","coordinates":[[[[6.070794,43.243893],[6.070713,43.243896],[6.070703,43.24389],[6.070706,43.243856],[6.070846,43.243854],[6.070866,43.243861],[6.070875,43.243878],[6.070863,43.243888],[6.070794,43.243893]]]]}},{"type":"Feature","properties":{"type":"Piscine"},"geometry":{"type":"MultiPolygon","coordinates":[[[[6.059737,43.244236],[6.059697,43.244228],[6.059716,43.244168],[6.059738,43.244166],[6.059759,43.244185],[6.059737,43.244236]]]]}},{"type":"Feature","properties":{"type":"Piscine"},"geometry":{"type":"MultiPolygon","coordinates":[[[[6.068321,43.243937],[6.068333,43.243918],[6.068343,43.243918],[6.06835,43.243918],[6.068388,43.243931],[6.068388,43.24394],[6.068388,43.243944],[6.068388,43.243945],[6.068364,43.243952],[6.068321,43.243937]]]]}},{"type":"Feature","properties":{"type":"Piscine"},"geometry":{"type":"MultiPolygon","coordinates":[[[[6.062131,43.244096],[6.062132,43.244064],[6.062134,43.244064],[6.062142,43.244063],[6.062142,43.244062],[6.062146,43.244062],[6.062174,43.244079],[6.062194,43.244076],[6.062194,43.244078],[6.062204,43.24408],[6.062209,43.24408],[6.062224,43.244088],[6.062211,43.244117],[6.062194,43.244118],[6.062166,43.244104],[6.062131,43.244096]]]]}},{"type":"Feature","properties":{"type":"Piscine"},"geometry":{"type":"MultiPolygon","coordinates":[[[[6.066707,43.243865],[6.066704,43.243866],[6.066699,43.243862],[6.066697,43.243862],[6.066694,43.243862],[6.066654,43.243851],[6.06661,43.24385],[6.066597,43.243843],[6.066606,43.243813],[6.066615,43.243807],[6.066689,43.24381],[6.066699,43.243806],[6.066704,43.243806],[6.066711,43.243806],[6.066734,43.243814],[6.066734,43.243816],[6.066744,43.243821],[6.066744,43.243823],[6.066745,43.243832],[6.066743,43.243854],[6.066717,43.243865],[6.066707,43.243865]]]]}},{"type":"Feature","properties":{"type":"Piscine"},"geometry":{"type":"MultiPolygon","coordinates":[[[[6.061083,43.244021],[6.061093,43.243978],[6.061095,43.243978],[6.061102,43.243965],[6.061102,43.243962],[6.061134,43.243959],[6.061149,43.243967],[6.061122,43.244026],[6.061103,43.24403],[6.061083,43.244021]]]]}},{"type":"Feature","properties":{"type":"Piscine"},"geometry":{"type":"MultiPolygon","coordinates":[[[[6.070482,43.243722],[6.070461,43.243689],[6.070485,43.243684],[6.070506,43.243705],[6.070482,43.243722]]]]}},{"type":"Feature","properties":{"type":"Piscine"},"geometry":{"type":"MultiPolygon","coordinates":[[[[6.07004,43.243742],[6.07002,43.243739],[6.070012,43.243725],[6.070053,43.243671],[6.070086,43.243685],[6.070056,43.243729],[6.07004,43.243742]]]]}},{"type":"Feature","properties":{"type":"Piscine"},"geometry":{"type":"MultiPolygon","coordinates":[[[[6.069717,43.243731],[6.069705,43.24375],[6.069703,43.24375],[6.069688,43.243756],[6.069686,43.243756],[6.069681,43.243756],[6.069647,43.24376],[6.069639,43.243744],[6.069657,43.243729],[6.069657,43.243713],[6.069638,43.243694],[6.069637,43.243676],[6.069664,43.243668],[6.069687,43.243682],[6.069713,43.243713],[6.069717,43.243731]]]]}},{"type":"Feature","properties":{"type":"Piscine"},"geometry":{"type":"MultiPolygon","coordinates":[[[[6.062576,43.243948],[6.062585,43.243918],[6.062587,43.243918],[6.062594,43.243905],[6.062596,43.243905],[6.062611,43.243866],[6.062626,43.243864],[6.062661,43.243878],[6.062624,43.243956],[6.062594,43.243961],[6.062576,43.243948]]]]}},{"type":"Feature","properties":{"type":"Piscine"},"geometry":{"type":"MultiPolygon","coordinates":[[[[6.06157,43.243959],[6.061553,43.243925],[6.061552,43.243915],[6.061567,43.243903],[6.061601,43.243899],[6.061601,43.243897],[6.061608,43.243897],[6.061628,43.243896],[6.061644,43.243885],[6.061647,43.243885],[6.061662,43.243884],[6.061676,43.243884],[6.061693,43.243909],[6.061674,43.243934],[6.06163,43.243936],[6.061592,43.243957],[6.061592,43.243958],[6.06157,43.243959]]]]}},{"type":"Feature","properties":{"type":"Piscine"},"geometry":{"type":"MultiPolygon","coordinates":[[[[6.064704,43.243812],[6.064672,43.243815],[6.064672,43.243813],[6.064667,43.243806],[6.064667,43.243803],[6.064667,43.243801],[6.064678,43.243788],[6.0647,43.243786],[6.064701,43.243787],[6.064712,43.243812],[6.064704,43.243812]]]]}},{"type":"Feature","properties":{"type":"Piscine"},"geometry":{"type":"MultiPolygon","coordinates":[[[[6.07084,43.24364],[6.070807,43.243632],[6.070805,43.243632],[6.070816,43.243608],[6.070818,43.243608],[6.070848,43.243609],[6.070848,43.243613],[6.070854,43.243629],[6.07084,43.24364]]]]}},{"type":"Feature","properties":{"type":"Piscine"},"geometry":{"type":"MultiPolygon","coordinates":[[[[6.063991,43.243829],[6.063964,43.24383],[6.063946,43.24382],[6.063949,43.24378],[6.063962,43.243751],[6.063999,43.243755],[6.06401,43.243767],[6.064007,43.243803],[6.063991,43.243829]]]]}},{"type":"Feature","properties":{"type":"Piscine"},"geometry":{"type":"MultiPolygon","coordinates":[[[[6.062223,43.243789],[6.062218,43.243789],[6.0622,43.243777],[6.062136,43.243765],[6.062125,43.243758],[6.062141,43.24372],[6.062146,43.243719],[6.062153,43.243719],[6.062196,43.243734],[6.062213,43.243736],[6.06222,43.243735],[6.062245,43.243747],[6.062259,43.243768],[6.062259,43.24377],[6.062259,43.243774],[6.062223,43.243789]]]]}},{"type":"Feature","properties":{"type":"Piscine"},"geometry":{"type":"MultiPolygon","coordinates":[[[[6.067678,43.243595],[6.067673,43.243595],[6.067608,43.243577],[6.067616,43.243552],[6.067633,43.243551],[6.067691,43.243567],[6.067692,43.243584],[6.067678,43.243595]]]]}},{"type":"Feature","properties":{"type":"Piscine"},"geometry":{"type":"MultiPolygon","coordinates":[[[[6.068171,43.243509],[6.068174,43.243482],[6.068174,43.24348],[6.068174,43.243478],[6.068186,43.243471],[6.068201,43.24347],[6.068203,43.24347],[6.068213,43.243479],[6.06821,43.243502],[6.068196,43.243515],[6.068171,43.243509]]]]}},{"type":"Feature","properties":{"type":"Piscine"},"geometry":{"type":"MultiPolygon","coordinates":[[[[6.059833,43.243774],[6.05981,43.243759],[6.05981,43.243753],[6.05981,43.243746],[6.059812,43.243746],[6.059812,43.243742],[6.059817,43.24374],[6.059828,43.243717],[6.05983,43.243717],[6.059833,43.243717],[6.059851,43.243696],[6.059894,43.243706],[6.059894,43.243717],[6.059895,43.24372],[6.059892,43.24372],[6.059892,43.243724],[6.059863,43.24377],[6.05986,43.24377],[6.059855,43.24377],[6.059833,43.243774]]]]}},{"type":"Feature","properties":{"type":"Piscine"},"geometry":{"type":"MultiPolygon","coordinates":[[[[6.064205,43.243585],[6.064185,43.243582],[6.064171,43.243563],[6.064214,43.243526],[6.064228,43.243524],[6.064252,43.243544],[6.064205,43.243585]]]]}},{"type":"Feature","properties":{"type":"Piscine"},"geometry":{"type":"MultiPolygon","coordinates":[[[[6.061454,43.243627],[6.061462,43.243593],[6.061464,43.243593],[6.061493,43.243576],[6.061495,43.243576],[6.061498,43.243576],[6.061548,43.243556],[6.061582,43.243586],[6.06158,43.243602],[6.06158,43.243604],[6.06158,43.243606],[6.061533,43.243634],[6.061533,43.243636],[6.061501,43.243646],[6.061472,43.243645],[6.061454,43.243627]]]]}},{"type":"Feature","properties":{"type":"Piscine"},"geometry":{"type":"MultiPolygon","coordinates":[[[[6.067937,43.243371],[6.067966,43.243362],[6.067966,43.243363],[6.067968,43.243365],[6.067971,43.243365],[6.067979,43.243372],[6.067979,43.243374],[6.067979,43.243379],[6.067954,43.243412],[6.067929,43.243408],[6.067937,43.243371]]]]}},{"type":"Feature","properties":{"type":"Piscine"},"geometry":{"type":"MultiPolygon","coordinates":[[[[6.06097,43.243526],[6.06099,43.24352],[6.06099,43.243518],[6.061025,43.243533],[6.061019,43.243557],[6.061014,43.243557],[6.060982,43.24356],[6.060972,43.243553],[6.06097,43.243526]]]]}},{"type":"Feature","properties":{"type":"Piscine"},"geometry":{"type":"MultiPolygon","coordinates":[[[[6.070387,43.243237],[6.070356,43.243247],[6.070346,43.243247],[6.070344,43.243247],[6.070321,43.243244],[6.070321,43.243242],[6.070321,43.243241],[6.070322,43.243215],[6.070337,43.243215],[6.070349,43.243215],[6.070359,43.243218],[6.070362,43.243218],[6.070367,43.243218],[6.07039,43.243237],[6.070387,43.243237]]]]}},{"type":"Feature","properties":{"type":"Piscine"},"geometry":{"type":"MultiPolygon","coordinates":[[[[6.060905,43.243506],[6.060871,43.243502],[6.06087,43.243486],[6.060906,43.243477],[6.060917,43.243497],[6.060905,43.243506]]]]}},{"type":"Feature","properties":{"type":"Piscine"},"geometry":{"type":"MultiPolygon","coordinates":[[[[6.06641,43.243282],[6.066428,43.243299],[6.066428,43.243301],[6.066428,43.243304],[6.066424,43.243317],[6.066422,43.243317],[6.066383,43.243326],[6.066365,43.243313],[6.066364,43.243295],[6.066388,43.24328],[6.06641,43.243282]]]]}},{"type":"Feature","properties":{"type":"Piscine"},"geometry":{"type":"MultiPolygon","coordinates":[[[[6.062622,43.243362],[6.062641,43.243363],[6.062649,43.243363],[6.062651,43.243363],[6.062656,43.243366],[6.062661,43.243366],[6.062699,43.243383],[6.062686,43.243409],[6.062608,43.243393],[6.062622,43.243362]]]]}},{"type":"Feature","properties":{"type":"Piscine"},"geometry":{"type":"MultiPolygon","coordinates":[[[[6.069502,43.243217],[6.069485,43.243221],[6.069485,43.243219],[6.069438,43.243219],[6.069423,43.243203],[6.069431,43.243176],[6.069433,43.243176],[6.06945,43.243165],[6.06945,43.243163],[6.06948,43.243164],[6.069501,43.243204],[6.069502,43.24321],[6.069502,43.243217]]]]}},{"type":"Feature","properties":{"type":"Piscine"},"geometry":{"type":"MultiPolygon","coordinates":[[[[6.066772,43.243235],[6.066804,43.243245],[6.066805,43.243247],[6.0668,43.243252],[6.0668,43.243258],[6.066777,43.243277],[6.066754,43.243272],[6.066772,43.243235]]]]}},{"type":"Feature","properties":{"type":"Piscine"},"geometry":{"type":"MultiPolygon","coordinates":[[[[6.07069,43.243136],[6.070661,43.243145],[6.070656,43.243145],[6.070639,43.243115],[6.070639,43.243109],[6.070639,43.243107],[6.07067,43.243096],[6.070688,43.243108],[6.07069,43.243136]]]]}},{"type":"Feature","properties":{"type":"Piscine"},"geometry":{"type":"MultiPolygon","coordinates":[[[[6.067172,43.243209],[6.067189,43.243198],[6.067189,43.243196],[6.067188,43.243195],[6.067191,43.243195],[6.067196,43.243194],[6.06721,43.243187],[6.067231,43.243202],[6.067229,43.243217],[6.067224,43.243217],[6.067195,43.243234],[6.067173,43.243231],[6.067172,43.243209]]]]}},{"type":"Feature","properties":{"type":"Piscine"},"geometry":{"type":"MultiPolygon","coordinates":[[[[6.066839,43.243156],[6.066847,43.243161],[6.066848,43.24319],[6.066843,43.24319],[6.066804,43.243197],[6.066782,43.243185],[6.066795,43.243157],[6.066839,43.243156]]]]}},{"type":"Feature","properties":{"type":"Piscine"},"geometry":{"type":"MultiPolygon","coordinates":[[[[6.062141,43.243264],[6.062178,43.243265],[6.062183,43.243265],[6.06219,43.243264],[6.062198,43.243266],[6.062198,43.243268],[6.062208,43.243271],[6.06221,43.243271],[6.062217,43.243302],[6.062208,43.243314],[6.062144,43.243314],[6.062104,43.243305],[6.062101,43.243292],[6.062119,43.243272],[6.062141,43.243264]]]]}},{"type":"Feature","properties":{"type":"Piscine"},"geometry":{"type":"MultiPolygon","coordinates":[[[[6.070829,43.243026],[6.070843,43.243008],[6.070843,43.243006],[6.070843,43.243004],[6.070857,43.242997],[6.070862,43.242997],[6.07087,43.242996],[6.070892,43.243005],[6.070891,43.243028],[6.070891,43.243032],[6.070849,43.243065],[6.070814,43.243056],[6.070808,43.243038],[6.070829,43.243026]]]]}},{"type":"Feature","properties":{"type":"Piscine"},"geometry":{"type":"MultiPolygon","coordinates":[[[[6.068029,43.243108],[6.068064,43.243074],[6.068074,43.243074],[6.068076,43.243074],[6.068099,43.243084],[6.068101,43.243084],[6.068102,43.243098],[6.068083,43.243106],[6.068062,43.243128],[6.068042,43.243129],[6.068029,43.243108]]]]}},{"type":"Feature","properties":{"type":"Piscine"},"geometry":{"type":"MultiPolygon","coordinates":[[[[6.06862,43.243068],[6.068631,43.243049],[6.068636,43.243049],[6.068636,43.243047],[6.068648,43.243047],[6.068651,43.243047],[6.068651,43.243049],[6.068651,43.24305],[6.068699,43.243072],[6.06871,43.243096],[6.068703,43.243103],[6.068701,43.243103],[6.068698,43.243103],[6.068683,43.243104],[6.068658,43.243086],[6.068638,43.243083],[6.06862,43.243068]]]]}},{"type":"Feature","properties":{"type":"Piscine"},"geometry":{"type":"MultiPolygon","coordinates":[[[[6.060637,43.24328],[6.060682,43.243284],[6.060692,43.243284],[6.060694,43.243284],[6.060694,43.243285],[6.060697,43.243285],[6.060715,43.243308],[6.060713,43.243308],[6.060713,43.243314],[6.060672,43.243338],[6.06064,43.243339],[6.060573,43.243319],[6.060562,43.2433],[6.060585,43.243274],[6.060624,43.243273],[6.060637,43.24328]]]]}},{"type":"Feature","properties":{"type":"Piscine"},"geometry":{"type":"MultiPolygon","coordinates":[[[[6.066558,43.243094],[6.066593,43.243069],[6.066596,43.243069],[6.066605,43.243069],[6.066618,43.243078],[6.066617,43.243097],[6.066617,43.243099],[6.066591,43.243113],[6.066558,43.243104],[6.066558,43.243094]]]]}},{"type":"Feature","properties":{"type":"Piscine"},"geometry":{"type":"MultiPolygon","coordinates":[[[[6.067301,43.243092],[6.067277,43.243093],[6.067261,43.243074],[6.067289,43.243042],[6.067296,43.243042],[6.067303,43.243042],[6.067325,43.243038],[6.067343,43.243052],[6.067344,43.243055],[6.067344,43.243059],[6.067322,43.243074],[6.067322,43.243076],[6.067323,43.243077],[6.067304,43.243092],[6.067301,43.243092]]]]}},{"type":"Feature","properties":{"type":"Piscine"},"geometry":{"type":"MultiPolygon","coordinates":[[[[6.066478,43.24304],[6.066536,43.243012],[6.066551,43.243011],[6.066574,43.243037],[6.066572,43.243037],[6.06657,43.243043],[6.066519,43.243059],[6.066479,43.243056],[6.066478,43.24304]]]]}},{"type":"Feature","properties":{"type":"Piscine"},"geometry":{"type":"MultiPolygon","coordinates":[[[[6.061638,43.243199],[6.061598,43.243193],[6.061593,43.243193],[6.061591,43.243193],[6.061581,43.243201],[6.061584,43.243201],[6.061564,43.243207],[6.061524,43.243188],[6.061535,43.243162],[6.061562,43.24316],[6.061595,43.243145],[6.061644,43.243179],[6.061638,43.243199]]]]}},{"type":"Feature","properties":{"type":"Piscine"},"geometry":{"type":"MultiPolygon","coordinates":[[[[6.065975,43.243063],[6.065907,43.243078],[6.065891,43.243057],[6.06589,43.243041],[6.065943,43.243028],[6.065984,43.243015],[6.065998,43.243047],[6.065975,43.243063]]]]}},{"type":"Feature","properties":{"type":"Piscine"},"geometry":{"type":"MultiPolygon","coordinates":[[[[6.060766,43.243152],[6.0608,43.243149],[6.060792,43.243173],[6.060764,43.243168],[6.060766,43.243152]]]]}},{"type":"Feature","properties":{"type":"Piscine"},"geometry":{"type":"MultiPolygon","coordinates":[[[[6.070544,43.242854],[6.070534,43.242838],[6.070536,43.242838],[6.070541,43.242835],[6.070543,43.242835],[6.070558,43.24284],[6.070561,43.242839],[6.070571,43.242848],[6.070596,43.242856],[6.070596,43.242858],[6.070597,43.242864],[6.070566,43.242852],[6.070544,43.242854]]]]}},{"type":"Feature","properties":{"type":"Piscine"},"geometry":{"type":"MultiPolygon","coordinates":[[[[6.061073,43.243044],[6.061091,43.243056],[6.061091,43.243067],[6.061091,43.243071],[6.061076,43.243103],[6.061076,43.243107],[6.061037,43.243112],[6.061029,43.24309],[6.061053,43.243045],[6.061073,43.243044]]]]}},{"type":"Feature","properties":{"type":"Piscine"},"geometry":{"type":"MultiPolygon","coordinates":[[[[6.066453,43.242929],[6.066404,43.242936],[6.066388,43.242918],[6.0664,43.242906],[6.066453,43.242884],[6.066477,43.242882],[6.066493,43.242896],[6.066494,43.242914],[6.066453,43.242929]]]]}},{"type":"Feature","properties":{"type":"Piscine"},"geometry":{"type":"MultiPolygon","coordinates":[[[[6.064543,43.243041],[6.064511,43.243047],[6.064504,43.243048],[6.064499,43.243048],[6.064422,43.242998],[6.064422,43.242996],[6.064422,43.242992],[6.064394,43.242972],[6.064388,43.242957],[6.064386,43.242957],[6.0644,43.242946],[6.0644,43.242944],[6.064439,43.242941],[6.064439,43.242943],[6.064464,43.242944],[6.064499,43.242956],[6.064534,43.242975],[6.064568,43.243006],[6.064566,43.243013],[6.064566,43.243015],[6.064566,43.243019],[6.064543,43.243039],[6.064543,43.243041]]]]}},{"type":"Feature","properties":{"type":"Piscine"},"geometry":{"type":"MultiPolygon","coordinates":[[[[6.065762,43.242952],[6.065733,43.242957],[6.065672,43.242921],[6.065695,43.242897],[6.065738,43.242919],[6.065755,43.24292],[6.065768,43.242936],[6.065762,43.242952]]]]}},{"type":"Feature","properties":{"type":"Piscine"},"geometry":{"type":"MultiPolygon","coordinates":[[[[6.066672,43.242889],[6.066643,43.2429],[6.066643,43.242899],[6.066625,43.242885],[6.066642,43.242866],[6.066646,43.242866],[6.066654,43.242866],[6.066672,43.242889]]]]}},{"type":"Feature","properties":{"type":"Piscine"},"geometry":{"type":"MultiPolygon","coordinates":[[[[6.062803,43.24302],[6.062798,43.24302],[6.062776,43.243019],[6.062766,43.24302],[6.062761,43.24302],[6.062706,43.242998],[6.062705,43.242983],[6.062731,43.242956],[6.06276,43.24296],[6.062781,43.242974],[6.062826,43.242993],[6.06281,43.24302],[6.062803,43.24302]]]]}},{"type":"Feature","properties":{"type":"Piscine"},"geometry":{"type":"MultiPolygon","coordinates":[[[[6.064833,43.242892],[6.064811,43.2429],[6.064812,43.242879],[6.064833,43.242892]]]]}},{"type":"Feature","properties":{"type":"Piscine"},"geometry":{"type":"MultiPolygon","coordinates":[[[[6.069123,43.242799],[6.069127,43.242779],[6.069126,43.24277],[6.069126,43.242769],[6.069174,43.242749],[6.069201,43.242743],[6.069219,43.242764],[6.06922,43.242766],[6.06922,43.242775],[6.069206,43.242788],[6.069201,43.242788],[6.069181,43.242789],[6.069148,43.242804],[6.069123,43.242799]]]]}},{"type":"Feature","properties":{"type":"Piscine"},"geometry":{"type":"MultiPolygon","coordinates":[[[[6.067817,43.24275],[6.067816,43.242728],[6.067819,43.242728],[6.067864,43.242704],[6.067891,43.242701],[6.067891,43.242703],[6.067894,43.242705],[6.067896,43.242705],[6.06791,43.242728],[6.067862,43.242752],[6.067862,43.242754],[6.06783,43.24276],[6.067817,43.24275]]]]}},{"type":"Feature","properties":{"type":"Piscine"},"geometry":{"type":"MultiPolygon","coordinates":[[[[6.062359,43.242878],[6.06228,43.242869],[6.062272,43.242848],[6.062281,43.242841],[6.06234,43.242844],[6.062373,43.242852],[6.062376,43.242867],[6.062359,43.242878]]]]}},{"type":"Feature","properties":{"type":"Piscine"},"geometry":{"type":"MultiPolygon","coordinates":[[[[6.064808,43.2428],[6.064749,43.242799],[6.064729,43.242789],[6.06474,43.242762],[6.064786,43.242759],[6.064819,43.242767],[6.064824,43.242781],[6.064808,43.2428]]]]}},{"type":"Feature","properties":{"type":"Piscine"},"geometry":{"type":"MultiPolygon","coordinates":[[[[6.066425,43.242822],[6.066405,43.242821],[6.066405,43.242819],[6.066382,43.2428],[6.066382,43.242796],[6.066342,43.242754],[6.066329,43.242728],[6.066331,43.242727],[6.066343,43.242711],[6.066374,43.242701],[6.06639,43.242713],[6.06639,43.242717],[6.066426,43.242755],[6.066453,43.242794],[6.066455,43.242794],[6.066451,43.242809],[6.066425,43.242822]]]]}},{"type":"Feature","properties":{"type":"Piscine"},"geometry":{"type":"MultiPolygon","coordinates":[[[[6.066921,43.242698],[6.066899,43.242706],[6.066896,43.242706],[6.066882,43.242706],[6.066874,43.242696],[6.066915,43.242682],[6.066921,43.242698]]]]}},{"type":"Feature","properties":{"type":"Piscine"},"geometry":{"type":"MultiPolygon","coordinates":[[[[6.065895,43.24272],[6.065875,43.242713],[6.065872,43.242713],[6.065874,43.242704],[6.065877,43.242704],[6.065886,43.2427],[6.065886,43.242699],[6.065899,43.242697],[6.065895,43.24272]]]]}},{"type":"Feature","properties":{"type":"Piscine"},"geometry":{"type":"MultiPolygon","coordinates":[[[[6.065804,43.242683],[6.065794,43.242683],[6.065779,43.242675],[6.065795,43.242653],[6.06581,43.242652],[6.065812,43.242652],[6.065825,43.242664],[6.065823,43.242664],[6.065804,43.242683]]]]}},{"type":"Feature","properties":{"type":"Piscine"},"geometry":{"type":"MultiPolygon","coordinates":[[[[6.070111,43.242539],[6.070079,43.24254],[6.070061,43.242528],[6.070061,43.242522],[6.070061,43.242517],[6.07007,43.242511],[6.07007,43.24251],[6.070122,43.242513],[6.07013,43.242528],[6.070128,43.242528],[6.070116,43.242539],[6.070111,43.242539]]]]}},{"type":"Feature","properties":{"type":"Piscine"},"geometry":{"type":"MultiPolygon","coordinates":[[[[6.070456,43.24249],[6.070441,43.24249],[6.070445,43.24247],[6.070473,43.242482],[6.070468,43.242482],[6.070466,43.242486],[6.070461,43.242486],[6.070456,43.24249]]]]}},{"type":"Feature","properties":{"type":"Piscine"},"geometry":{"type":"MultiPolygon","coordinates":[[[[6.069296,43.242535],[6.069291,43.242535],[6.069268,43.242518],[6.069265,43.242505],[6.069265,43.242504],[6.069265,43.2425],[6.069276,43.242491],[6.069279,43.242491],[6.069298,43.24249],[6.069309,43.242493],[6.069309,43.242495],[6.069309,43.242499],[6.069319,43.242511],[6.069322,43.242511],[6.069323,43.242527],[6.069303,43.242535],[6.069296,43.242535]]]]}},{"type":"Feature","properties":{"type":"Piscine"},"geometry":{"type":"MultiPolygon","coordinates":[[[[6.068114,43.242529],[6.068111,43.242529],[6.068091,43.242514],[6.068088,43.242514],[6.068085,43.242496],[6.068111,43.242486],[6.068135,43.242507],[6.068128,43.242529],[6.068114,43.242529]]]]}},{"type":"Feature","properties":{"type":"Piscine"},"geometry":{"type":"MultiPolygon","coordinates":[[[[6.067243,43.242505],[6.067236,43.242506],[6.067225,43.242484],[6.067263,43.242465],[6.067279,43.24245],[6.067279,43.242448],[6.067309,43.242457],[6.067309,43.24246],[6.06731,43.242478],[6.06727,43.242501],[6.06726,43.242501],[6.06725,43.242505],[6.067243,43.242505]]]]}},{"type":"Feature","properties":{"type":"Piscine"},"geometry":{"type":"MultiPolygon","coordinates":[[[[6.070176,43.242368],[6.070146,43.242367],[6.070146,43.24236],[6.070146,43.242356],[6.070165,43.242339],[6.070172,43.242339],[6.070179,43.242339],[6.07019,43.242346],[6.07019,43.242351],[6.07019,43.242355],[6.070176,43.242368]]]]}},{"type":"Feature","properties":{"type":"Piscine"},"geometry":{"type":"MultiPolygon","coordinates":[[[[6.068167,43.24243],[6.068149,43.242417],[6.068149,43.242413],[6.068149,43.242404],[6.068158,43.242386],[6.068158,43.242384],[6.068191,43.242369],[6.068196,43.242368],[6.068199,43.242368],[6.068214,43.24238],[6.068216,43.24238],[6.068204,43.242422],[6.068167,43.24243]]]]}},{"type":"Feature","properties":{"type":"Piscine"},"geometry":{"type":"MultiPolygon","coordinates":[[[[6.070402,43.242257],[6.070429,43.242264],[6.070432,43.242263],[6.070442,43.242276],[6.070436,43.242292],[6.070433,43.242292],[6.070424,43.2423],[6.070421,43.2423],[6.070416,43.2423],[6.070387,43.242297],[6.07038,43.242265],[6.070402,43.242257]]]]}},{"type":"Feature","properties":{"type":"Piscine"},"geometry":{"type":"MultiPolygon","coordinates":[[[[6.066071,43.242418],[6.066056,43.242418],[6.066033,43.242394],[6.066035,43.242394],[6.066039,43.242374],[6.066039,43.242372],[6.066063,43.242361],[6.066078,43.242367],[6.0661,43.242401],[6.066098,43.242415],[6.066098,43.242417],[6.066086,43.242418],[6.066071,43.242418]]]]}},{"type":"Feature","properties":{"type":"Piscine"},"geometry":{"type":"MultiPolygon","coordinates":[[[[6.065271,43.242286],[6.065266,43.242277],[6.065263,43.242277],[6.06527,43.242262],[6.065287,43.242262],[6.065292,43.242262],[6.0653,43.242283],[6.065271,43.242286]]]]}},{"type":"Feature","properties":{"type":"Piscine"},"geometry":{"type":"MultiPolygon","coordinates":[[[[6.068779,43.242177],[6.068754,43.242171],[6.068756,43.24216],[6.068788,43.242145],[6.068807,43.242144],[6.068808,43.242162],[6.068779,43.242177]]]]}},{"type":"Feature","properties":{"type":"Piscine"},"geometry":{"type":"MultiPolygon","coordinates":[[[[6.068134,43.24226],[6.068116,43.242254],[6.068074,43.242197],[6.068063,43.242172],[6.068101,43.242157],[6.068126,43.242162],[6.068127,43.242185],[6.068167,43.242236],[6.06816,43.242251],[6.068134,43.24226]]]]}},{"type":"Feature","properties":{"type":"Piscine"},"geometry":{"type":"MultiPolygon","coordinates":[[[[6.060389,43.242408],[6.060379,43.242408],[6.060364,43.242402],[6.060363,43.242391],[6.06038,43.242371],[6.060404,43.242357],[6.060419,43.242366],[6.060417,43.242384],[6.060389,43.242408]]]]}},{"type":"Feature","properties":{"type":"Piscine"},"geometry":{"type":"MultiPolygon","coordinates":[[[[6.0671,43.242183],[6.067069,43.24219],[6.067035,43.242158],[6.067006,43.242163],[6.066984,43.242131],[6.067039,43.242106],[6.067061,43.242104],[6.067107,43.242164],[6.0671,43.242183]]]]}},{"type":"Feature","properties":{"type":"Piscine"},"geometry":{"type":"MultiPolygon","coordinates":[[[[6.065311,43.242153],[6.065303,43.242154],[6.065303,43.242146],[6.065319,43.24213],[6.065318,43.242153],[6.065311,43.242153]]]]}},{"type":"Feature","properties":{"type":"Piscine"},"geometry":{"type":"MultiPolygon","coordinates":[[[[6.061324,43.242259],[6.061322,43.242259],[6.061277,43.24221],[6.061277,43.242198],[6.061279,43.242197],[6.061281,43.242194],[6.061284,43.242194],[6.061289,43.242194],[6.061316,43.242189],[6.061326,43.242196],[6.06133,43.242221],[6.061347,43.242223],[6.061348,43.242239],[6.061324,43.242259]]]]}},{"type":"Feature","properties":{"type":"Piscine"},"geometry":{"type":"MultiPolygon","coordinates":[[[[6.067352,43.242052],[6.067318,43.242058],[6.067298,43.24205],[6.067296,43.242016],[6.067305,43.242007],[6.067412,43.242025],[6.067401,43.242058],[6.067352,43.242052]]]]}},{"type":"Feature","properties":{"type":"Piscine"},"geometry":{"type":"MultiPolygon","coordinates":[[[[6.069089,43.241987],[6.069057,43.241986],[6.069062,43.241973],[6.069119,43.241946],[6.069137,43.241946],[6.069148,43.241967],[6.069126,43.24198],[6.069089,43.241987]]]]}},{"type":"Feature","properties":{"type":"Piscine"},"geometry":{"type":"MultiPolygon","coordinates":[[[[6.069817,43.241906],[6.069832,43.241911],[6.069832,43.241913],[6.069825,43.241931],[6.069823,43.241931],[6.06982,43.241932],[6.069783,43.241931],[6.069785,43.241916],[6.069817,43.241906]]]]}},{"type":"Feature","properties":{"type":"Piscine"},"geometry":{"type":"MultiPolygon","coordinates":[[[[6.064912,43.242107],[6.064882,43.242099],[6.064885,43.24207],[6.064924,43.242056],[6.064938,43.242041],[6.064967,43.242039],[6.064983,43.242051],[6.064977,43.242078],[6.064912,43.242107]]]]}},{"type":"Feature","properties":{"type":"Piscine"},"geometry":{"type":"MultiPolygon","coordinates":[[[[6.069794,43.241896],[6.069764,43.241897],[6.069764,43.241883],[6.069794,43.241896]]]]}},{"type":"Feature","properties":{"type":"Piscine"},"geometry":{"type":"MultiPolygon","coordinates":[[[[6.068866,43.24191],[6.068844,43.241907],[6.068844,43.241903],[6.068841,43.241904],[6.068852,43.241883],[6.068867,43.241883],[6.068875,43.241894],[6.068878,43.241894],[6.068866,43.24191]]]]}},{"type":"Feature","properties":{"type":"Piscine"},"geometry":{"type":"MultiPolygon","coordinates":[[[[6.070522,43.241829],[6.070549,43.241828],[6.070549,43.241832],[6.070552,43.241846],[6.070553,43.241862],[6.070553,43.241864],[6.070528,43.241892],[6.070502,43.241883],[6.070516,43.241861],[6.070512,43.241838],[6.070522,43.241829]]]]}},{"type":"Feature","properties":{"type":"Piscine"},"geometry":{"type":"MultiPolygon","coordinates":[[[[6.070125,43.241827],[6.070096,43.241834],[6.070085,43.241816],[6.070099,43.241805],[6.070124,43.241804],[6.070125,43.241827]]]]}},{"type":"Feature","properties":{"type":"Piscine"},"geometry":{"type":"MultiPolygon","coordinates":[[[[6.068788,43.241824],[6.068814,43.241813],[6.068839,43.241812],[6.068841,43.241814],[6.068842,43.241824],[6.068842,43.24183],[6.068818,43.241845],[6.068796,43.241845],[6.068788,43.241824]]]]}},{"type":"Feature","properties":{"type":"Piscine"},"geometry":{"type":"MultiPolygon","coordinates":[[[[6.07071,43.241762],[6.070676,43.241767],[6.070676,43.24176],[6.0707,43.241748],[6.070713,43.241762],[6.07071,43.241762]]]]}},{"type":"Feature","properties":{"type":"Piscine"},"geometry":{"type":"MultiPolygon","coordinates":[[[[6.065895,43.241885],[6.065861,43.241887],[6.065823,43.241876],[6.065763,43.241867],[6.065756,43.241862],[6.065769,43.241825],[6.065883,43.241845],[6.065909,43.241864],[6.065895,43.241885]]]]}},{"type":"Feature","properties":{"type":"Piscine"},"geometry":{"type":"MultiPolygon","coordinates":[[[[6.068478,43.241736],[6.068456,43.241736],[6.068447,43.241717],[6.068461,43.241707],[6.06852,43.2417],[6.068526,43.241718],[6.068478,43.241736]]]]}},{"type":"Feature","properties":{"type":"Piscine"},"geometry":{"type":"MultiPolygon","coordinates":[[[[6.061645,43.241944],[6.061605,43.241934],[6.061614,43.241911],[6.061646,43.241867],[6.061676,43.241873],[6.061682,43.241893],[6.061645,43.241944]]]]}},{"type":"Feature","properties":{"type":"Piscine"},"geometry":{"type":"MultiPolygon","coordinates":[[[[6.068717,43.241655],[6.06869,43.241654],[6.06869,43.241652],[6.068674,43.241638],[6.068674,43.241635],[6.068674,43.241631],[6.068695,43.241612],[6.06873,43.241613],[6.068741,43.241638],[6.068717,43.241655]]]]}},{"type":"Feature","properties":{"type":"Piscine"},"geometry":{"type":"MultiPolygon","coordinates":[[[[6.06685,43.241553],[6.066874,43.241547],[6.066879,43.241547],[6.066882,43.241547],[6.06689,43.241559],[6.066892,43.241559],[6.066888,43.241574],[6.066851,43.241568],[6.06685,43.241553]]]]}},{"type":"Feature","properties":{"type":"Piscine"},"geometry":{"type":"MultiPolygon","coordinates":[[[[6.070226,43.241504],[6.070199,43.241498],[6.070198,43.24148],[6.070223,43.24145],[6.070265,43.241442],[6.070278,43.241465],[6.070226,43.241504]]]]}},{"type":"Feature","properties":{"type":"Piscine"},"geometry":{"type":"MultiPolygon","coordinates":[[[[6.051081,43.241966],[6.051069,43.241966],[6.051066,43.241964],[6.051066,43.241961],[6.051066,43.241959],[6.051073,43.241943],[6.051075,43.241943],[6.051075,43.241941],[6.051087,43.24194],[6.0511,43.24194],[6.051107,43.241936],[6.051109,43.241936],[6.051121,43.241936],[6.051131,43.241928],[6.051131,43.24193],[6.051161,43.241938],[6.051161,43.241944],[6.051161,43.241946],[6.051154,43.241951],[6.051154,43.241953],[6.051125,43.241961],[6.051123,43.241961],[6.05112,43.241961],[6.051081,43.241964],[6.051081,43.241966]]]]}},{"type":"Feature","properties":{"type":"Piscine"},"geometry":{"type":"MultiPolygon","coordinates":[[[[6.064636,43.241591],[6.064622,43.241568],[6.064622,43.241566],[6.064622,43.241564],[6.064629,43.241562],[6.064629,43.241561],[6.064684,43.241532],[6.064689,43.241532],[6.064692,43.241532],[6.064722,43.241556],[6.06466,43.24159],[6.064636,43.241591]]]]}},{"type":"Feature","properties":{"type":"Piscine"},"geometry":{"type":"MultiPolygon","coordinates":[[[[6.068141,43.241472],[6.068109,43.241463],[6.068115,43.241443],[6.068161,43.241426],[6.068188,43.241436],[6.068192,43.241452],[6.068141,43.241472]]]]}},{"type":"Feature","properties":{"type":"Piscine"},"geometry":{"type":"MultiPolygon","coordinates":[[[[6.061825,43.241572],[6.061841,43.241593],[6.061843,43.241593],[6.06182,43.241619],[6.061807,43.241619],[6.061808,43.241621],[6.061747,43.241639],[6.061726,43.241621],[6.061728,43.24161],[6.061752,43.241592],[6.0618,43.241567],[6.061825,43.241572]]]]}},{"type":"Feature","properties":{"type":"Piscine"},"geometry":{"type":"MultiPolygon","coordinates":[[[[6.052437,43.241814],[6.052428,43.241814],[6.052407,43.241806],[6.052419,43.241788],[6.052421,43.241788],[6.052429,43.241787],[6.052452,43.241803],[6.052452,43.241805],[6.052452,43.241806],[6.052437,43.241814]]]]}},{"type":"Feature","properties":{"type":"Piscine"},"geometry":{"type":"MultiPolygon","coordinates":[[[[6.067712,43.241279],[6.067697,43.241279],[6.067626,43.241231],[6.067627,43.241212],[6.067662,43.24121],[6.067733,43.241253],[6.067712,43.241279]]]]}},{"type":"Feature","properties":{"type":"Piscine"},"geometry":{"type":"MultiPolygon","coordinates":[[[[6.069706,43.241166],[6.069681,43.241156],[6.06968,43.241145],[6.06972,43.241113],[6.069757,43.241116],[6.069755,43.241127],[6.069706,43.241166]]]]}},{"type":"Feature","properties":{"type":"Piscine"},"geometry":{"type":"MultiPolygon","coordinates":[[[[6.06546,43.241078],[6.065473,43.241088],[6.065476,43.241088],[6.065481,43.241093],[6.065481,43.241101],[6.065482,43.241106],[6.06547,43.241115],[6.065433,43.241111],[6.065425,43.241102],[6.065433,43.241079],[6.06546,43.241078]]]]}},{"type":"Feature","properties":{"type":"Piscine"},"geometry":{"type":"MultiPolygon","coordinates":[[[[6.069194,43.240945],[6.069172,43.240949],[6.069172,43.240947],[6.069172,43.240944],[6.069174,43.240929],[6.069176,43.240929],[6.069196,43.240937],[6.069199,43.240937],[6.069194,43.240941],[6.069194,43.240945]]]]}},{"type":"Feature","properties":{"type":"Piscine"},"geometry":{"type":"MultiPolygon","coordinates":[[[[6.067395,43.240962],[6.067368,43.240966],[6.067347,43.240941],[6.067358,43.240923],[6.067381,43.240928],[6.067395,43.240962]]]]}},{"type":"Feature","properties":{"type":"Piscine"},"geometry":{"type":"MultiPolygon","coordinates":[[[[6.052411,43.241358],[6.052408,43.241358],[6.052395,43.24134],[6.052395,43.241338],[6.052395,43.241335],[6.052389,43.241313],[6.052449,43.241288],[6.052478,43.24128],[6.052478,43.241282],[6.052501,43.241285],[6.052506,43.241285],[6.052525,43.241288],[6.052525,43.241289],[6.052526,43.241291],[6.052509,43.241304],[6.052522,43.241326],[6.052508,43.241335],[6.052455,43.241351],[6.052411,43.241358]]]]}},{"type":"Feature","properties":{"type":"Piscine"},"geometry":{"type":"MultiPolygon","coordinates":[[[[6.070476,43.240784],[6.070446,43.240785],[6.070446,43.240783],[6.070448,43.240758],[6.07046,43.240757],[6.070462,43.240757],[6.070475,43.24077],[6.070476,43.240777],[6.070476,43.240784]]]]}},{"type":"Feature","properties":{"type":"Piscine"},"geometry":{"type":"MultiPolygon","coordinates":[[[[6.061741,43.241016],[6.061724,43.241016],[6.061714,43.241013],[6.061699,43.241014],[6.061697,43.241014],[6.06166,43.241013],[6.061642,43.241001],[6.061641,43.240997],[6.061641,43.240992],[6.061661,43.240953],[6.061661,43.240952],[6.061731,43.24096],[6.061764,43.240981],[6.061766,43.240981],[6.061765,43.240995],[6.061762,43.240996],[6.061743,43.241016],[6.061741,43.241016]]]]}},{"type":"Feature","properties":{"type":"Piscine"},"geometry":{"type":"MultiPolygon","coordinates":[[[[6.052731,43.241131],[6.052716,43.241126],[6.052721,43.241118],[6.052731,43.241131]]]]}},{"type":"Feature","properties":{"type":"Piscine"},"geometry":{"type":"MultiPolygon","coordinates":[[[[6.069743,43.240659],[6.069728,43.240661],[6.069715,43.240645],[6.069741,43.240618],[6.06976,43.240617],[6.069771,43.240635],[6.069743,43.240659]]]]}},{"type":"Feature","properties":{"type":"Piscine"},"geometry":{"type":"MultiPolygon","coordinates":[[[[6.065707,43.240713],[6.065772,43.240723],[6.065772,43.240727],[6.065773,43.240741],[6.065773,43.240743],[6.065753,43.240753],[6.065692,43.240762],[6.065665,43.240755],[6.065652,43.240737],[6.065707,43.240713]]]]}},{"type":"Feature","properties":{"type":"Piscine"},"geometry":{"type":"MultiPolygon","coordinates":[[[[6.069444,43.240633],[6.069431,43.240625],[6.069431,43.240621],[6.06943,43.240616],[6.069456,43.24059],[6.069471,43.240588],[6.069471,43.240589],[6.069489,43.240607],[6.069465,43.240627],[6.069444,43.240633]]]]}},{"type":"Feature","properties":{"type":"Piscine"},"geometry":{"type":"MultiPolygon","coordinates":[[[[6.060749,43.24088],[6.060729,43.240839],[6.060728,43.240812],[6.060752,43.240796],[6.060779,43.240795],[6.060797,43.240814],[6.060799,43.240846],[6.060817,43.240876],[6.060816,43.240893],[6.060777,43.240901],[6.060749,43.24088]]]]}},{"type":"Feature","properties":{"type":"Piscine"},"geometry":{"type":"MultiPolygon","coordinates":[[[[6.070169,43.240485],[6.070145,43.240486],[6.070142,43.240486],[6.070138,43.240486],[6.070112,43.240477],[6.070111,43.240456],[6.070127,43.240434],[6.070177,43.240445],[6.070174,43.24047],[6.070174,43.240474],[6.070174,43.240478],[6.070169,43.240483],[6.070169,43.240485]]]]}},{"type":"Feature","properties":{"type":"Piscine"},"geometry":{"type":"MultiPolygon","coordinates":[[[[6.070126,43.240362],[6.070094,43.240359],[6.070079,43.240315],[6.070111,43.240307],[6.070134,43.24032],[6.070133,43.240354],[6.070126,43.240362]]]]}},{"type":"Feature","properties":{"type":"Piscine"},"geometry":{"type":"MultiPolygon","coordinates":[[[[6.054004,43.240837],[6.054001,43.240837],[6.053984,43.240827],[6.053977,43.240798],[6.053963,43.240772],[6.053992,43.24076],[6.053995,43.24076],[6.054019,43.240794],[6.054025,43.240824],[6.054009,43.240837],[6.054004,43.240837]]]]}},{"type":"Feature","properties":{"type":"Piscine"},"geometry":{"type":"MultiPolygon","coordinates":[[[[6.060367,43.240502],[6.060345,43.240508],[6.060339,43.240498],[6.060361,43.240492],[6.060367,43.240502]]]]}},{"type":"Feature","properties":{"type":"Piscine"},"geometry":{"type":"MultiPolygon","coordinates":[[[[6.069553,43.240234],[6.069538,43.240229],[6.069535,43.240229],[6.069532,43.240208],[6.069558,43.240191],[6.069558,43.240189],[6.069592,43.240184],[6.069612,43.240196],[6.069612,43.240198],[6.069615,43.240207],[6.069589,43.240226],[6.069553,43.240231],[6.069553,43.240234]]]]}},{"type":"Feature","properties":{"type":"Piscine"},"geometry":{"type":"MultiPolygon","coordinates":[[[[6.058764,43.240468],[6.058742,43.240467],[6.058726,43.240453],[6.058724,43.240414],[6.058736,43.240404],[6.058763,43.240407],[6.058778,43.240454],[6.058764,43.240468]]]]}},{"type":"Feature","properties":{"type":"Piscine"},"geometry":{"type":"MultiPolygon","coordinates":[[[[6.04515,43.240817],[6.045135,43.240818],[6.045124,43.240793],[6.045175,43.240784],[6.045183,43.240793],[6.045184,43.240807],[6.045181,43.240807],[6.045179,43.240807],[6.045159,43.240817],[6.04515,43.240817]]]]}},{"type":"Feature","properties":{"type":"Piscine"},"geometry":{"type":"MultiPolygon","coordinates":[[[[6.070065,43.240043],[6.070085,43.24001],[6.070085,43.240005],[6.070094,43.239994],[6.070116,43.239993],[6.070154,43.240006],[6.070154,43.240008],[6.070154,43.24001],[6.070157,43.240023],[6.070137,43.240059],[6.070137,43.240063],[6.070137,43.240066],[6.070128,43.240079],[6.070128,43.240083],[6.070115,43.240108],[6.070078,43.240109],[6.070048,43.240099],[6.070065,43.240043]]]]}},{"type":"Feature","properties":{"type":"Piscine"},"geometry":{"type":"MultiPolygon","coordinates":[[[[6.060964,43.240294],[6.060941,43.24029],[6.060892,43.240293],[6.060842,43.24028],[6.060828,43.240246],[6.060842,43.240219],[6.060885,43.240252],[6.060928,43.240268],[6.060971,43.24028],[6.060964,43.240294]]]]}},{"type":"Feature","properties":{"type":"Piscine"},"geometry":{"type":"MultiPolygon","coordinates":[[[[6.060653,43.24028],[6.060626,43.240284],[6.060596,43.240272],[6.060539,43.24026],[6.060501,43.240255],[6.060481,43.240247],[6.060481,43.240234],[6.060514,43.240224],[6.060532,43.240235],[6.060583,43.240222],[6.060605,43.240222],[6.060638,43.240235],[6.060639,43.240255],[6.060653,43.24028]]]]}},{"type":"Feature","properties":{"type":"Piscine"},"geometry":{"type":"MultiPolygon","coordinates":[[[[6.0589,43.240288],[6.058885,43.240281],[6.058884,43.240267],[6.058896,43.240256],[6.05892,43.240255],[6.058933,43.240267],[6.058934,43.240273],[6.058934,43.240275],[6.058927,43.240284],[6.058924,43.240284],[6.0589,43.240288]]]]}},{"type":"Feature","properties":{"type":"Piscine"},"geometry":{"type":"MultiPolygon","coordinates":[[[[6.060143,43.240183],[6.060114,43.240194],[6.060108,43.240169],[6.060085,43.240159],[6.060073,43.240123],[6.060115,43.240124],[6.060127,43.240161],[6.060143,43.240183]]]]}},{"type":"Feature","properties":{"type":"Piscine"},"geometry":{"type":"MultiPolygon","coordinates":[[[[6.064469,43.239747],[6.064466,43.239747],[6.064446,43.239736],[6.064452,43.239715],[6.064455,43.239715],[6.064476,43.239691],[6.064498,43.239695],[6.064494,43.239714],[6.064494,43.239715],[6.064494,43.239717],[6.064483,43.239743],[6.064476,43.239743],[6.064476,43.239745],[6.064474,43.239745],[6.064474,43.239747],[6.064469,43.239747]]]]}},{"type":"Feature","properties":{"type":"Piscine"},"geometry":{"type":"MultiPolygon","coordinates":[[[[6.048054,43.240138],[6.048072,43.240155],[6.048072,43.240159],[6.048073,43.240164],[6.048053,43.240174],[6.048023,43.240165],[6.048023,43.240147],[6.048054,43.240138]]]]}},{"type":"Feature","properties":{"type":"Piscine"},"geometry":{"type":"MultiPolygon","coordinates":[[[[6.06333,43.239736],[6.063318,43.239725],[6.063315,43.239725],[6.063314,43.239707],[6.063333,43.239698],[6.063333,43.2397],[6.063359,43.239712],[6.063357,43.239728],[6.063357,43.239731],[6.063352,43.239733],[6.063353,43.239735],[6.06333,43.239736]]]]}},{"type":"Feature","properties":{"type":"Piscine"},"geometry":{"type":"MultiPolygon","coordinates":[[[[6.058882,43.239855],[6.058867,43.239855],[6.05885,43.239852],[6.058861,43.239835],[6.058895,43.239824],[6.058922,43.239823],[6.05893,43.239841],[6.058916,43.23985],[6.058914,43.23985],[6.058894,43.239854],[6.058882,43.239855]]]]}},{"type":"Feature","properties":{"type":"Piscine"},"geometry":{"type":"MultiPolygon","coordinates":[[[[6.067511,43.239538],[6.067498,43.239558],[6.067492,43.239538],[6.067511,43.239538]]]]}},{"type":"Feature","properties":{"type":"Piscine"},"geometry":{"type":"MultiPolygon","coordinates":[[[[6.063136,43.239689],[6.063122,43.239668],[6.063127,43.239668],[6.063154,43.239658],[6.063169,43.239667],[6.063169,43.23967],[6.063169,43.239672],[6.063172,43.239683],[6.063136,43.239689]]]]}},{"type":"Feature","properties":{"type":"Piscine"},"geometry":{"type":"MultiPolygon","coordinates":[[[[6.064075,43.239659],[6.064043,43.239667],[6.063994,43.239658],[6.063978,43.239649],[6.063977,43.239627],[6.063996,43.239616],[6.064068,43.239628],[6.064075,43.239659]]]]}},{"type":"Feature","properties":{"type":"Piscine"},"geometry":{"type":"MultiPolygon","coordinates":[[[[6.068159,43.239498],[6.068203,43.239488],[6.06823,43.239487],[6.068235,43.23949],[6.068235,43.239492],[6.068235,43.239496],[6.068222,43.239516],[6.068202,43.239516],[6.068187,43.239515],[6.068158,43.239525],[6.06815,43.239505],[6.068159,43.239498]]]]}},{"type":"Feature","properties":{"type":"Piscine"},"geometry":{"type":"MultiPolygon","coordinates":[[[[6.065947,43.239436],[6.065928,43.239446],[6.065928,43.239444],[6.065928,43.239441],[6.06594,43.239435],[6.065941,43.239415],[6.065941,43.239411],[6.065964,43.239393],[6.065977,43.239394],[6.065977,43.239396],[6.065979,43.239398],[6.065982,43.239398],[6.065997,43.239404],[6.065997,43.239406],[6.065997,43.239412],[6.065972,43.239439],[6.065947,43.239436]]]]}},{"type":"Feature","properties":{"type":"Piscine"},"geometry":{"type":"MultiPolygon","coordinates":[[[[6.062922,43.239468],[6.06293,43.239434],[6.06293,43.239427],[6.062946,43.239412],[6.062971,43.239411],[6.062976,43.239411],[6.062978,43.239411],[6.062989,43.239421],[6.062989,43.239429],[6.062989,43.239438],[6.062979,43.239465],[6.062979,43.239467],[6.062979,43.239468],[6.062969,43.239476],[6.062922,43.239468]]]]}},{"type":"Feature","properties":{"type":"Piscine"},"geometry":{"type":"MultiPolygon","coordinates":[[[[6.067516,43.239343],[6.067512,43.239318],[6.06751,43.239284],[6.06751,43.239282],[6.067515,43.239278],[6.067515,43.239277],[6.067549,43.239274],[6.067562,43.23929],[6.06755,43.239346],[6.067528,43.239352],[6.067516,43.239343]]]]}},{"type":"Feature","properties":{"type":"Piscine"},"geometry":{"type":"MultiPolygon","coordinates":[[[[6.067843,43.239291],[6.06784,43.239291],[6.0678,43.239279],[6.067811,43.239256],[6.067872,43.239243],[6.067882,43.239243],[6.067885,43.239243],[6.067887,43.239243],[6.067905,43.239249],[6.067906,43.239267],[6.067908,43.239271],[6.067906,43.239271],[6.067885,43.239288],[6.067848,43.239291],[6.067843,43.239291]]]]}},{"type":"Feature","properties":{"type":"Piscine"},"geometry":{"type":"MultiPolygon","coordinates":[[[[6.066754,43.239286],[6.06669,43.239287],[6.066665,43.239281],[6.066676,43.239246],[6.066725,43.239256],[6.066748,43.239255],[6.06676,43.239266],[6.066754,43.239286]]]]}},{"type":"Feature","properties":{"type":"Piscine"},"geometry":{"type":"MultiPolygon","coordinates":[[[[6.069997,43.239179],[6.069977,43.23918],[6.069964,43.239166],[6.069963,43.239158],[6.069963,43.239157],[6.06997,43.239151],[6.06997,43.239149],[6.070005,43.239152],[6.070001,43.239177],[6.069999,43.239177],[6.069999,43.239179],[6.069997,43.239179]]]]}},{"type":"Feature","properties":{"type":"Piscine"},"geometry":{"type":"MultiPolygon","coordinates":[[[[6.043444,43.239911],[6.043422,43.23991],[6.04342,43.23991],[6.043426,43.239892],[6.043456,43.239895],[6.043456,43.239898],[6.043444,43.239911]]]]}},{"type":"Feature","properties":{"type":"Piscine"},"geometry":{"type":"MultiPolygon","coordinates":[[[[6.066551,43.239257],[6.066543,43.239257],[6.066528,43.239247],[6.066527,43.239236],[6.066564,43.239233],[6.066553,43.239257],[6.066551,43.239257]]]]}},{"type":"Feature","properties":{"type":"Piscine"},"geometry":{"type":"MultiPolygon","coordinates":[[[[6.061718,43.239423],[6.061698,43.239413],[6.061698,43.239411],[6.061687,43.239404],[6.061683,43.239404],[6.061716,43.239301],[6.061768,43.239305],[6.061784,43.239312],[6.061788,43.239344],[6.061788,43.239346],[6.061784,43.239369],[6.061785,43.239389],[6.061755,43.239417],[6.061718,43.239423]]]]}},{"type":"Feature","properties":{"type":"Piscine"},"geometry":{"type":"MultiPolygon","coordinates":[[[[6.067978,43.239152],[6.067968,43.239152],[6.067951,43.239142],[6.06795,43.239129],[6.067939,43.239101],[6.067941,43.239101],[6.06797,43.239089],[6.067987,43.239092],[6.067988,43.239096],[6.067999,43.239133],[6.068,43.239139],[6.068,43.23914],[6.06799,43.23915],[6.067988,43.23915],[6.067988,43.239152],[6.067978,43.239152]]]]}},{"type":"Feature","properties":{"type":"Piscine"},"geometry":{"type":"MultiPolygon","coordinates":[[[[6.059893,43.239317],[6.059859,43.239341],[6.059803,43.239346],[6.059788,43.239336],[6.059794,43.239316],[6.059847,43.239293],[6.059884,43.23929],[6.059897,43.2393],[6.059893,43.239317]]]]}},{"type":"Feature","properties":{"type":"Piscine"},"geometry":{"type":"MultiPolygon","coordinates":[[[[6.070292,43.238955],[6.070257,43.238945],[6.070257,43.238934],[6.070257,43.238932],[6.070263,43.23891],[6.070285,43.23891],[6.070323,43.238927],[6.070325,43.238927],[6.070321,43.238939],[6.070292,43.238953],[6.070292,43.238955]]]]}},{"type":"Feature","properties":{"type":"Piscine"},"geometry":{"type":"MultiPolygon","coordinates":[[[[6.06666,43.238995],[6.06665,43.238995],[6.066627,43.238983],[6.066626,43.238969],[6.066643,43.238956],[6.066643,43.238954],[6.066673,43.23896],[6.066674,43.238987],[6.066662,43.238995],[6.06666,43.238995]]]]}},{"type":"Feature","properties":{"type":"Piscine"},"geometry":{"type":"MultiPolygon","coordinates":[[[[6.066417,43.238975],[6.066396,43.238988],[6.066396,43.238986],[6.066368,43.238974],[6.066368,43.238964],[6.066389,43.238943],[6.066421,43.238901],[6.066451,43.238904],[6.066451,43.238905],[6.066456,43.238909],[6.066456,43.238918],[6.066456,43.23892],[6.066424,43.23896],[6.06642,43.238975],[6.066417,43.238975]]]]}},{"type":"Feature","properties":{"type":"Piscine"},"geometry":{"type":"MultiPolygon","coordinates":[[[[6.068909,43.238879],[6.068878,43.238881],[6.068877,43.23888],[6.068851,43.238848],[6.068851,43.238843],[6.068851,43.238839],[6.068887,43.238824],[6.068909,43.238832],[6.068919,43.238868],[6.068909,43.238879]]]]}},{"type":"Feature","properties":{"type":"Piscine"},"geometry":{"type":"MultiPolygon","coordinates":[[[[6.068968,43.238818],[6.068961,43.238789],[6.068961,43.238784],[6.069,43.238781],[6.069008,43.238795],[6.068994,43.238812],[6.068995,43.238815],[6.068968,43.238818]]]]}},{"type":"Feature","properties":{"type":"Piscine"},"geometry":{"type":"MultiPolygon","coordinates":[[[[6.069127,43.238756],[6.069159,43.238756],[6.069159,43.238758],[6.069175,43.238781],[6.069173,43.238781],[6.069151,43.238794],[6.069129,43.238797],[6.069114,43.238785],[6.069113,43.238765],[6.069127,43.238756]]]]}},{"type":"Feature","properties":{"type":"Piscine"},"geometry":{"type":"MultiPolygon","coordinates":[[[[6.06018,43.239064],[6.060165,43.239064],[6.060144,43.239041],[6.060141,43.239025],[6.060167,43.239005],[6.060204,43.239007],[6.060213,43.239041],[6.060204,43.239057],[6.060182,43.239063],[6.06018,43.239064]]]]}},{"type":"Feature","properties":{"type":"Piscine"},"geometry":{"type":"MultiPolygon","coordinates":[[[[6.069475,43.238773],[6.069453,43.238775],[6.069437,43.238756],[6.069454,43.238741],[6.069486,43.238751],[6.069475,43.238773]]]]}},{"type":"Feature","properties":{"type":"Piscine"},"geometry":{"type":"MultiPolygon","coordinates":[[[[6.059519,43.23905],[6.059514,43.23905],[6.059511,43.239043],[6.059496,43.239043],[6.05951,43.239029],[6.059502,43.239011],[6.059493,43.239018],[6.059492,43.239015],[6.059492,43.239013],[6.059511,43.238996],[6.059514,43.238996],[6.059523,43.238996],[6.059524,43.239003],[6.059521,43.239003],[6.059521,43.239044],[6.059521,43.239046],[6.059521,43.239048],[6.059519,43.23905]]]]}},{"type":"Feature","properties":{"type":"Piscine"},"geometry":{"type":"MultiPolygon","coordinates":[[[[6.069671,43.238565],[6.06968,43.238544],[6.069692,43.238543],[6.069699,43.238543],[6.069709,43.238546],[6.069709,43.238548],[6.06971,43.238563],[6.069698,43.238572],[6.069671,43.238565]]]]}},{"type":"Feature","properties":{"type":"Piscine"},"geometry":{"type":"MultiPolygon","coordinates":[[[[6.065767,43.238649],[6.065759,43.238633],[6.065759,43.238626],[6.065758,43.238621],[6.06577,43.23861],[6.06577,43.238608],[6.065775,43.238608],[6.065782,43.238608],[6.065803,43.238623],[6.065803,43.238625],[6.065803,43.238629],[6.065801,43.238629],[6.065801,43.23863],[6.065789,43.238645],[6.065767,43.238649]]]]}},{"type":"Feature","properties":{"type":"Piscine"},"geometry":{"type":"MultiPolygon","coordinates":[[[[6.068701,43.238485],[6.068681,43.238475],[6.068681,43.238469],[6.068681,43.238468],[6.068719,43.23845],[6.068756,43.238442],[6.068769,43.238454],[6.068769,43.238465],[6.068743,43.238482],[6.068701,43.238485]]]]}},{"type":"Feature","properties":{"type":"Piscine"},"geometry":{"type":"MultiPolygon","coordinates":[[[[6.06625,43.238511],[6.066269,43.238495],[6.066271,43.238495],[6.066293,43.238494],[6.066296,43.238494],[6.066309,43.238501],[6.06631,43.238524],[6.066298,43.238535],[6.066274,43.238538],[6.066251,43.238526],[6.06625,43.238511]]]]}},{"type":"Feature","properties":{"type":"Piscine"},"geometry":{"type":"MultiPolygon","coordinates":[[[[6.069256,43.23841],[6.069226,43.238405],[6.06923,43.238387],[6.069265,43.238381],[6.069276,43.238402],[6.069256,43.23841]]]]}},{"type":"Feature","properties":{"type":"Piscine"},"geometry":{"type":"MultiPolygon","coordinates":[[[[6.069184,43.238345],[6.069167,43.238346],[6.069154,43.238337],[6.06916,43.238319],[6.069163,43.238319],[6.06917,43.238319],[6.069188,43.238325],[6.06919,43.238325],[6.069184,43.238345]]]]}},{"type":"Feature","properties":{"type":"Piscine"},"geometry":{"type":"MultiPolygon","coordinates":[[[[6.066108,43.238479],[6.066081,43.238482],[6.066063,43.238474],[6.06606,43.238457],[6.066077,43.238415],[6.066098,43.238391],[6.066141,43.238403],[6.066108,43.238479]]]]}},{"type":"Feature","properties":{"type":"Piscine"},"geometry":{"type":"MultiPolygon","coordinates":[[[[6.06852,43.238323],[6.068489,43.238331],[6.068489,43.238329],[6.068475,43.238313],[6.068475,43.238308],[6.068475,43.238302],[6.068507,43.238296],[6.068507,43.2383],[6.06852,43.238315],[6.06852,43.238319],[6.06852,43.238323]]]]}},{"type":"Feature","properties":{"type":"Piscine"},"geometry":{"type":"MultiPolygon","coordinates":[[[[6.060277,43.238539],[6.060241,43.238554],[6.060213,43.238535],[6.060201,43.238498],[6.06022,43.238483],[6.06024,43.238482],[6.06026,43.238496],[6.060277,43.238539]]]]}},{"type":"Feature","properties":{"type":"Piscine"},"geometry":{"type":"MultiPolygon","coordinates":[[[[6.05989,43.238517],[6.059863,43.238527],[6.059863,43.238525],[6.059854,43.238504],[6.059869,43.238494],[6.059923,43.238489],[6.059939,43.238473],[6.059954,43.238472],[6.059967,43.238486],[6.059967,43.23849],[6.059967,43.238493],[6.059946,43.238514],[6.059946,43.238517],[6.05989,43.238517]]]]}},{"type":"Feature","properties":{"type":"Piscine"},"geometry":{"type":"MultiPolygon","coordinates":[[[[6.067128,43.238256],[6.067103,43.238257],[6.067096,43.238257],[6.067086,43.23825],[6.067085,43.238245],[6.067092,43.238234],[6.067095,43.238234],[6.067102,43.238224],[6.067101,43.238223],[6.06713,43.238211],[6.067136,43.238223],[6.067138,43.238223],[6.067133,43.238256],[6.06713,43.238256],[6.067128,43.238256]]]]}},{"type":"Feature","properties":{"type":"Piscine"},"geometry":{"type":"MultiPolygon","coordinates":[[[[6.06727,43.238202],[6.067234,43.238206],[6.067227,43.238172],[6.067236,43.238161],[6.067297,43.238143],[6.067321,43.238142],[6.067346,43.238153],[6.067353,43.238185],[6.067334,43.2382],[6.06727,43.238202]]]]}},{"type":"Feature","properties":{"type":"Piscine"},"geometry":{"type":"MultiPolygon","coordinates":[[[[6.066086,43.238197],[6.066078,43.238198],[6.066058,43.238186],[6.066057,43.238178],[6.066057,43.238175],[6.066073,43.238149],[6.066076,43.238149],[6.066078,43.238149],[6.06609,43.238145],[6.066111,43.238164],[6.066108,43.238164],[6.066105,43.238188],[6.066093,43.238197],[6.066086,43.238197]]]]}},{"type":"Feature","properties":{"type":"Piscine"},"geometry":{"type":"MultiPolygon","coordinates":[[[[6.043833,43.238685],[6.043774,43.238692],[6.043762,43.238687],[6.043765,43.23866],[6.043836,43.238651],[6.043854,43.238661],[6.043855,43.238675],[6.043833,43.238685]]]]}},{"type":"Feature","properties":{"type":"Piscine"},"geometry":{"type":"MultiPolygon","coordinates":[[[[6.059842,43.238225],[6.05981,43.238226],[6.059794,43.238199],[6.059784,43.238155],[6.059794,43.238147],[6.059838,43.238142],[6.059848,43.238151],[6.059861,43.238217],[6.059842,43.238225]]]]}},{"type":"Feature","properties":{"type":"Piscine"},"geometry":{"type":"MultiPolygon","coordinates":[[[[6.048625,43.238229],[6.048613,43.23823],[6.048596,43.238225],[6.04859,43.238207],[6.048592,43.238207],[6.048626,43.238197],[6.048631,43.238197],[6.048639,43.238196],[6.048644,43.238214],[6.048644,43.238216],[6.048645,43.23822],[6.04863,43.238229],[6.048625,43.238229]]]]}},{"type":"Feature","properties":{"type":"Piscine"},"geometry":{"type":"MultiPolygon","coordinates":[[[[6.070658,43.247338],[6.070569,43.247341],[6.070567,43.247308],[6.070656,43.247306],[6.070658,43.247338]]]]}},{"type":"Feature","properties":{"type":"Piscine"},"geometry":{"type":"MultiPolygon","coordinates":[[[[6.070805,43.246513],[6.070836,43.246497],[6.070874,43.246536],[6.070843,43.246552],[6.070805,43.246513]]]]}},{"type":"Feature","properties":{"type":"Piscine"},"geometry":{"type":"MultiPolygon","coordinates":[[[[6.062701,43.246187],[6.062634,43.246228],[6.0626,43.246198],[6.062684,43.246147],[6.062704,43.246163],[6.062719,43.246154],[6.062747,43.246179],[6.062715,43.246199],[6.062701,43.246187]]]]}},{"type":"Feature","properties":{"type":"Piscine"},"geometry":{"type":"MultiPolygon","coordinates":[[[[6.060543,43.245334],[6.060433,43.245327],[6.060438,43.245289],[6.060548,43.245297],[6.060543,43.245334]]]]}},{"type":"Feature","properties":{"type":"Piscine"},"geometry":{"type":"MultiPolygon","coordinates":[[[[6.059998,43.245279],[6.059959,43.245272],[6.05998,43.245211],[6.060018,43.245217],[6.059998,43.245279]]]]}},{"type":"Feature","properties":{"type":"Piscine"},"geometry":{"type":"MultiPolygon","coordinates":[[[[6.059758,43.245175],[6.05967,43.245157],[6.059682,43.245127],[6.059769,43.245145],[6.059758,43.245175]]]]}},{"type":"Feature","properties":{"type":"Piscine"},"geometry":{"type":"MultiPolygon","coordinates":[[[[6.068137,43.242715],[6.068114,43.242725],[6.068086,43.242691],[6.068108,43.242681],[6.068137,43.242715]]]]}},{"type":"Feature","properties":{"type":"Piscine"},"geometry":{"type":"MultiPolygon","coordinates":[[[[6.067213,43.242951],[6.067196,43.242949],[6.067169,43.242928],[6.067171,43.242916],[6.067181,43.242909],[6.067193,43.242908],[6.067201,43.242909],[6.067228,43.242936],[6.067226,43.242944],[6.067221,43.24295],[6.067213,43.242951]]]]}},{"type":"Feature","properties":{"type":"Piscine"},"geometry":{"type":"MultiPolygon","coordinates":[[[[6.068782,43.244588],[6.068757,43.244591],[6.068737,43.24458],[6.068738,43.244561],[6.068758,43.24455],[6.068783,43.244555],[6.068793,43.244571],[6.068782,43.244588]]]]}},{"type":"Feature","properties":{"type":"Piscine"},"geometry":{"type":"MultiPolygon","coordinates":[[[[6.069319,43.240435],[6.069297,43.240367],[6.069346,43.240359],[6.069368,43.240427],[6.069319,43.240435]]]]}},{"type":"Feature","properties":{"type":"Piscine"},"geometry":{"type":"MultiPolygon","coordinates":[[[[6.066851,43.241022],[6.066819,43.241067],[6.066784,43.241053],[6.066817,43.241009],[6.066851,43.241022]]]]}},{"type":"Feature","properties":{"type":"Piscine"},"geometry":{"type":"MultiPolygon","coordinates":[[[[6.065287,43.244606],[6.065146,43.244641],[6.065131,43.244607],[6.065271,43.244572],[6.065287,43.244606]]]]}},{"type":"Feature","properties":{"type":"Piscine"},"geometry":{"type":"MultiPolygon","coordinates":[[[[6.070161,43.243539],[6.070129,43.243581],[6.070106,43.243571],[6.070138,43.24353],[6.070161,43.243539]]]]}},{"type":"Feature","properties":{"type":"Piscine"},"geometry":{"type":"MultiPolygon","coordinates":[[[[6.07082,43.243748],[6.07075,43.24373],[6.070796,43.243638],[6.070865,43.243656],[6.07082,43.243748]]]]}},{"type":"Feature","properties":{"type":"Cimetière"},"geometry":{"type":"MultiPolygon","coordinates":[[[[6.066338,43.239381],[6.066522,43.239476],[6.067171,43.239809],[6.067669,43.240233],[6.067703,43.240219],[6.067803,43.240297],[6.067758,43.240332],[6.067722,43.240302],[6.067468,43.240445],[6.067427,43.240404],[6.06735,43.240446],[6.06733,43.240456],[6.067364,43.240489],[6.067139,43.240603],[6.066958,43.240449],[6.06681,43.240389],[6.066563,43.240623],[6.066083,43.240441],[6.065869,43.240293],[6.06566,43.240077],[6.065784,43.240012],[6.065736,43.239975],[6.066293,43.239382],[6.066338,43.239381]]]]}},{"type":"Feature","properties":{"type":"Bâtiment"},"geometry":{"type":"MultiPolygon","coordinates":[[[[6.058669,43.254289],[6.058615,43.254288],[6.058618,43.254265],[6.058672,43.254269],[6.058669,43.254289]]]]}},{"type":"Feature","properties":{"type":"Bâtiment"},"geometry":{"type":"MultiPolygon","coordinates":[[[[6.057857,43.254456],[6.057784,43.254456],[6.057813,43.254402],[6.057846,43.254409],[6.057857,43.254456]]]]}},{"type":"Feature","properties":{"type":"Parking"},"geometry":{"type":"MultiPolygon","coordinates":[[[[6.068513,43.239028],[6.0687,43.239239],[6.068518,43.239387],[6.068358,43.239369],[6.068212,43.239158],[6.068513,43.239028]]]]}},{"type":"Feature","properties":{"type":"Parking"},"geometry":{"type":"MultiPolygon","coordinates":[[[[6.066885,43.240371],[6.06719,43.240631],[6.067021,43.240709],[6.066875,43.24074],[6.066772,43.240712],[6.066603,43.240653],[6.066885,43.240371]]]]}},{"type":"Feature","properties":{"type":"Parking"},"geometry":{"type":"MultiPolygon","coordinates":[[[[6.061433,43.248176],[6.061223,43.248158],[6.061246,43.248038],[6.061452,43.248098],[6.061433,43.248176]]]]}},{"type":"Feature","properties":{"type":"Antenne"},"geometry":{"type":"MultiPolygon","coordinates":[[[[6.056124,43.246695],[6.056126,43.2467],[6.056125,43.246706],[6.056122,43.246711],[6.056116,43.246715],[6.05611,43.246718],[6.056102,43.246719],[6.056095,43.246718],[6.056088,43.246716],[6.056082,43.246712],[6.056078,43.246707],[6.056077,43.246702],[6.056078,43.246696],[6.056081,43.246691],[6.056086,43.246687],[6.056093,43.246684],[6.0561,43.246683],[6.056108,43.246684],[6.056115,43.246686],[6.056121,43.24669],[6.056124,43.246695]]]]}},{"type":"Feature","properties":{"type":"Piscine"},"geometry":{"type":"MultiPolygon","coordinates":[[[[6.055511,43.246928],[6.055434,43.246974],[6.055414,43.246945],[6.055482,43.246904],[6.055511,43.246928]]]]}},{"type":"Feature","properties":{"type":"Bâtiment"},"geometry":{"type":"MultiPolygon","coordinates":[[[[6.054761,43.247712],[6.054877,43.24766],[6.054923,43.247722],[6.054805,43.247761],[6.054761,43.247712]]]]}},{"type":"Feature","properties":{"type":"Piscine"},"geometry":{"type":"MultiPolygon","coordinates":[[[[6.059733,43.246345],[6.059737,43.24638],[6.059655,43.246392],[6.059647,43.246353],[6.059733,43.246345]]]]}},{"type":"Feature","properties":{"type":"Bâtiment"},"geometry":{"type":"MultiPolygon","coordinates":[[[[6.046077,43.252811],[6.04602,43.252816],[6.046018,43.252767],[6.046075,43.252765],[6.046077,43.252811]]]]}},{"type":"Feature","properties":{"type":"Bâtiment"},"geometry":{"type":"MultiPolygon","coordinates":[[[[6.046098,43.253014],[6.046015,43.253018],[6.046002,43.25292],[6.046084,43.252913],[6.046098,43.253014]]]]}},{"type":"Feature","properties":{"type":"Bâtiment"},"geometry":{"type":"MultiPolygon","coordinates":[[[[6.046981,43.252783],[6.046942,43.252803],[6.04692,43.252769],[6.046971,43.252759],[6.046981,43.252783]]]]}},{"type":"Feature","properties":{"type":"Bâtiment"},"geometry":{"type":"MultiPolygon","coordinates":[[[[6.04566,43.240987],[6.045533,43.241028],[6.045515,43.240985],[6.045634,43.24095],[6.04566,43.240987]]]]}},{"type":"Feature","properties":{"type":"Piscine"},"geometry":{"type":"MultiPolygon","coordinates":[[[[6.052188,43.255328],[6.052172,43.255349],[6.052154,43.255344],[6.052147,43.255329],[6.052173,43.255322],[6.052188,43.255328]]]]}},{"type":"Feature","properties":{"type":"Piscine"},"geometry":{"type":"MultiPolygon","coordinates":[[[[6.055413,43.240609],[6.055336,43.240634],[6.05532,43.240612],[6.055347,43.24059],[6.055398,43.240583],[6.055415,43.240592],[6.055413,43.240609]]]]}},{"type":"Feature","properties":{"type":"Piscine"},"geometry":{"type":"MultiPolygon","coordinates":[[[[6.060391,43.255661],[6.060376,43.255673],[6.060359,43.255671],[6.060353,43.255664],[6.060351,43.255651],[6.060359,43.255641],[6.060372,43.255635],[6.060393,43.255636],[6.060391,43.255661]]]]}},{"type":"Feature","properties":{"type":"Piscine"},"geometry":{"type":"MultiPolygon","coordinates":[[[[6.058953,43.249448],[6.058896,43.249478],[6.058883,43.249472],[6.058876,43.249453],[6.058924,43.249421],[6.058952,43.249421],[6.058956,43.249433],[6.058953,43.249448]]]]}},{"type":"Feature","properties":{"type":"Piscine"},"geometry":{"type":"MultiPolygon","coordinates":[[[[6.060199,43.247673],[6.060156,43.247674],[6.060178,43.247612],[6.060217,43.247615],[6.060199,43.247673]]]]}},{"type":"Feature","properties":{"type":"Piscine"},"geometry":{"type":"MultiPolygon","coordinates":[[[[6.057179,43.247876],[6.057113,43.247884],[6.057111,43.247867],[6.057177,43.247857],[6.057179,43.247876]]]]}},{"type":"Feature","properties":{"type":"Bâtiment"},"geometry":{"type":"MultiPolygon","coordinates":[[[[6.059529,43.241051],[6.059447,43.241066],[6.059429,43.241015],[6.059518,43.24101],[6.059529,43.241051]]]]}},{"type":"Feature","properties":{"type":"Bâtiment"},"geometry":{"type":"MultiPolygon","coordinates":[[[[6.058841,43.240714],[6.058607,43.240741],[6.058605,43.240701],[6.058655,43.240696],[6.058657,43.240677],[6.058826,43.240655],[6.058841,43.240714]]]]}},{"type":"Feature","properties":{"type":"Bâtiment"},"geometry":{"type":"MultiPolygon","coordinates":[[[[6.059097,43.240489],[6.059018,43.240504],[6.059013,43.240466],[6.059089,43.240463],[6.059097,43.240489]]]]}},{"type":"Feature","properties":{"type":"Bâtiment"},"geometry":{"type":"MultiPolygon","coordinates":[[[[6.057512,43.239789],[6.057469,43.239807],[6.057459,43.239789],[6.0575,43.239767],[6.057512,43.239789]]]]}},{"type":"Feature","properties":{"type":"Bâtiment"},"geometry":{"type":"MultiPolygon","coordinates":[[[[6.05708,43.23987],[6.057066,43.239841],[6.057142,43.239812],[6.057116,43.239772],[6.057146,43.239761],[6.057174,43.239809],[6.05716,43.239816],[6.057162,43.239845],[6.05708,43.23987]]]]}},{"type":"Feature","properties":{"type":"Piscine"},"geometry":{"type":"MultiPolygon","coordinates":[[[[6.066204,43.252691],[6.066191,43.252696],[6.066182,43.252673],[6.066202,43.252672],[6.066204,43.252691]]]]}},{"type":"Feature","properties":{"type":"Piscine"},"geometry":{"type":"MultiPolygon","coordinates":[[[[6.065287,43.249488],[6.065268,43.249494],[6.065255,43.249481],[6.065257,43.249469],[6.06527,43.249458],[6.06528,43.249456],[6.065296,43.249463],[6.065297,43.249476],[6.065287,43.249488]]]]}},{"type":"Feature","properties":{"type":"Piscine"},"geometry":{"type":"MultiPolygon","coordinates":[[[[6.066811,43.247333],[6.066729,43.247341],[6.066726,43.247316],[6.066809,43.247311],[6.066811,43.247333]]]]}},{"type":"Feature","properties":{"type":"Piscine"},"geometry":{"type":"MultiPolygon","coordinates":[[[[6.063645,43.243705],[6.063521,43.243763],[6.063496,43.24373],[6.063595,43.243669],[6.063645,43.243705]]]]}},{"type":"Feature","properties":{"type":"Pscine"},"geometry":{"type":"MultiPolygon","coordinates":[[[[6.066544,43.239215],[6.066515,43.239233],[6.066502,43.23923],[6.066494,43.239223],[6.066497,43.239208],[6.066505,43.239199],[6.066521,43.239198],[6.066537,43.239201],[6.066545,43.239209],[6.066544,43.239215]]]]}},{"type":"Feature","properties":{"type":"Piscine"},"geometry":{"type":"MultiPolygon","coordinates":[[[[6.070127,43.255089],[6.070077,43.255093],[6.070075,43.25507],[6.070127,43.255069],[6.070127,43.255089]]]]}},{"type":"Feature","properties":{"type":"Piscine"},"geometry":{"type":"MultiPolygon","coordinates":[[[[6.069776,43.254211],[6.069691,43.254227],[6.069677,43.254196],[6.069767,43.254181],[6.069776,43.254211]]]]}},{"type":"Feature","properties":{"type":"Bâtiment"},"geometry":{"type":"MultiPolygon","coordinates":[[[[6.067878,43.240964],[6.067779,43.240923],[6.067835,43.240867],[6.067935,43.240907],[6.067878,43.240964]]]]}}]}