{"type":"FeatureCollection","name":"parcelles","features":[{"type":"Feature","properties":{"numero":"0188","section":"AC","code_insee":"83049","id_parc":"83049_AC_0188"},"geometry":{"type":"MultiPolygon","coordinates":[[[[6.068802,43.239901],[6.068822,43.239904],[6.068883,43.239916],[6.068892,43.23992],[6.068896,43.239925],[6.068899,43.239931],[6.068899,43.239937],[6.06889,43.239963],[6.068888,43.239963],[6.068865,43.240029],[6.068849,43.240026],[6.06885,43.240025],[6.068777,43.240012],[6.068759,43.240009],[6.068717,43.240001],[6.068727,43.23997],[6.068702,43.239965],[6.068694,43.239963],[6.068686,43.239958],[6.06868,43.23995],[6.068679,43.239944],[6.06868,43.239938],[6.068685,43.23993],[6.068688,43.239927],[6.068699,43.239919],[6.068709,43.239914],[6.068729,43.239906],[6.068745,43.239902],[6.068762,43.2399],[6.068767,43.239899],[6.068787,43.239899],[6.068802,43.239901]]]]}},{"type":"Feature","properties":{"numero":"0188","section":"AH","code_insee":"83049","id_parc":"83049_AH_0188"},"geometry":{"type":"MultiPolygon","coordinates":[[[[6.061281,43.242841],[6.061051,43.242746],[6.061043,43.242741],[6.060969,43.242579],[6.060928,43.242537],[6.060928,43.242508],[6.061029,43.242397],[6.06133,43.242545],[6.061235,43.242768],[6.061281,43.242841]]]]}},{"type":"Feature","properties":{"numero":"0189","section":"AH","code_insee":"83049","id_parc":"83049_AH_0189"},"geometry":{"type":"MultiPolygon","coordinates":[[[[6.061416,43.242374],[6.061362,43.24247],[6.06133,43.242545],[6.061029,43.242397],[6.061169,43.242245],[6.061253,43.242285],[6.061349,43.242339],[6.061416,43.242374]]]]}},{"type":"Feature","properties":{"numero":"0019","section":"AB","code_insee":"83049","id_parc":"83049_AB_0019"},"geometry":{"type":"MultiPolygon","coordinates":[[[[6.071013,43.238349],[6.070915,43.238438],[6.070879,43.238471],[6.070848,43.238466],[6.070839,43.238464],[6.070841,43.238458],[6.070822,43.238441],[6.070836,43.238428],[6.070832,43.238425],[6.070852,43.238408],[6.070906,43.238363],[6.070952,43.23832],[6.071013,43.238349]]]]}},{"type":"Feature","properties":{"numero":"0019","section":"AD","code_insee":"83049","id_parc":"83049_AD_0019"},"geometry":{"type":"MultiPolygon","coordinates":[[[[6.066173,43.241037],[6.066261,43.241028],[6.066325,43.241025],[6.06629,43.241085],[6.066286,43.241097],[6.066282,43.241099],[6.066265,43.241103],[6.066161,43.241098],[6.066102,43.241096],[6.066057,43.241094],[6.066041,43.241096],[6.066026,43.241097],[6.066045,43.241085],[6.066098,43.24106],[6.066138,43.241045],[6.066173,43.241037]]]]}},{"type":"Feature","properties":{"numero":"0019","section":"AI","code_insee":"83049","id_parc":"83049_AI_0019"},"geometry":{"type":"MultiPolygon","coordinates":[[[[6.066231,43.243233],[6.06622,43.243218],[6.066141,43.243074],[6.06627,43.243038],[6.066354,43.243014],[6.066565,43.242954],[6.066596,43.243027],[6.066609,43.243045],[6.066611,43.243047],[6.066312,43.243253],[6.066231,43.243233]]]]}},{"type":"Feature","properties":{"numero":"0190","section":"AH","code_insee":"83049","id_parc":"83049_AH_0190"},"geometry":{"type":"MultiPolygon","coordinates":[[[[6.060937,43.242412],[6.060973,43.24238],[6.061032,43.242313],[6.061117,43.242221],[6.061162,43.242242],[6.061169,43.242245],[6.061029,43.242397],[6.060928,43.242508],[6.060928,43.242537],[6.060969,43.242579],[6.061043,43.242741],[6.060958,43.242698],[6.060913,43.242599],[6.060846,43.242553],[6.060835,43.24252],[6.060919,43.242435],[6.060937,43.242412]]]]}},{"type":"Feature","properties":{"numero":"0191","section":"AC","code_insee":"83049","id_parc":"83049_AC_0191"},"geometry":{"type":"MultiPolygon","coordinates":[[[[6.068954,43.240045],[6.068977,43.239979],[6.068992,43.239934],[6.069068,43.239948],[6.069076,43.239955],[6.069076,43.239964],[6.069066,43.239995],[6.069102,43.240001],[6.069213,43.240023],[6.069005,43.240107],[6.068937,43.240095],[6.068954,43.240045]]]]}},{"type":"Feature","properties":{"numero":"0191","section":"AE","code_insee":"83049","id_parc":"83049_AE_0191"},"geometry":{"type":"MultiPolygon","coordinates":[[[[6.058363,43.24],[6.058109,43.240009],[6.058044,43.240008],[6.058057,43.239963],[6.05801,43.239955],[6.057994,43.239932],[6.058014,43.239847],[6.05802,43.239823],[6.058045,43.239776],[6.058065,43.239761],[6.058174,43.239703],[6.05819,43.239694],[6.058465,43.23998],[6.058411,43.239991],[6.058363,43.24]]]]}},{"type":"Feature","properties":{"numero":"0192","section":"AE","code_insee":"83049","id_parc":"83049_AE_0192"},"geometry":{"type":"MultiPolygon","coordinates":[[[[6.058606,43.239952],[6.058465,43.23998],[6.05819,43.239694],[6.058299,43.239633],[6.058394,43.239595],[6.058439,43.239584],[6.058632,43.239831],[6.058669,43.239879],[6.058693,43.239934],[6.058606,43.239952]]]]}},{"type":"Feature","properties":{"numero":"0192","section":"0H","code_insee":"83049","id_parc":"83049_0H_0192"},"geometry":{"type":"MultiPolygon","coordinates":[[[[6.0573,43.241452],[6.057123,43.241185],[6.056884,43.240727],[6.057234,43.240584],[6.057503,43.240505],[6.057711,43.240454],[6.058148,43.24044],[6.058385,43.240415],[6.058401,43.240446],[6.058441,43.240507],[6.058458,43.24054],[6.058504,43.240588],[6.05851,43.240607],[6.058517,43.240627],[6.058531,43.240651],[6.058536,43.240665],[6.05854,43.240674],[6.058542,43.240692],[6.058582,43.240747],[6.058611,43.240781],[6.058624,43.240809],[6.058648,43.240846],[6.058674,43.240886],[6.058927,43.241267],[6.058941,43.241288],[6.058575,43.241329],[6.058243,43.24134],[6.058088,43.241369],[6.0573,43.241452]]]]}},{"type":"Feature","properties":{"numero":"0193","section":"AC","code_insee":"83049","id_parc":"83049_AC_0193"},"geometry":{"type":"MultiPolygon","coordinates":[[[[6.068687,43.240022],[6.068708,43.240026],[6.068717,43.240001],[6.068759,43.240009],[6.068777,43.240012],[6.06885,43.240025],[6.068849,43.240026],[6.068865,43.240029],[6.068906,43.240037],[6.068889,43.240087],[6.068885,43.240099],[6.068827,43.240089],[6.068794,43.240083],[6.068794,43.240085],[6.068793,43.240087],[6.068737,43.240077],[6.068665,43.240064],[6.068657,43.240046],[6.068658,43.24004],[6.068661,43.240034],[6.068669,43.240027],[6.068679,43.240023],[6.068687,43.240022]]]]}},{"type":"Feature","properties":{"numero":"0193","section":"AE","code_insee":"83049","id_parc":"83049_AE_0193"},"geometry":{"type":"MultiPolygon","coordinates":[[[[6.058776,43.23974],[6.058632,43.239831],[6.058439,43.239584],[6.05856,43.239554],[6.058787,43.239525],[6.058827,43.239514],[6.058873,43.239556],[6.058899,43.239628],[6.058874,43.239674],[6.058776,43.23974]]]]}},{"type":"Feature","properties":{"numero":"0193","section":"AH","code_insee":"83049","id_parc":"83049_AH_0193"},"geometry":{"type":"MultiPolygon","coordinates":[[[[6.062753,43.247303],[6.062829,43.247155],[6.062839,43.247145],[6.062856,43.247101],[6.062866,43.247102],[6.063017,43.247116],[6.063049,43.247121],[6.063057,43.247344],[6.06306,43.247457],[6.063061,43.247477],[6.063061,43.247489],[6.063068,43.247641],[6.06307,43.247669],[6.063078,43.247704],[6.063078,43.247763],[6.063077,43.247805],[6.063076,43.24782],[6.063075,43.247847],[6.06303,43.247848],[6.062999,43.247848],[6.062998,43.24782],[6.062997,43.247802],[6.062859,43.247792],[6.062856,43.247753],[6.062852,43.247693],[6.06285,43.247674],[6.062822,43.24766],[6.062799,43.247634],[6.062703,43.247581],[6.062597,43.247552],[6.062569,43.247537],[6.062569,43.247533],[6.062572,43.247483],[6.062573,43.247482],[6.062576,43.24748],[6.062581,43.247478],[6.062604,43.247465],[6.062621,43.247466],[6.062622,43.247455],[6.062624,43.247455],[6.062625,43.247452],[6.062627,43.24742],[6.062625,43.247406],[6.062635,43.247358],[6.062648,43.24736],[6.06275,43.247376],[6.062747,43.247366],[6.062753,43.247303]]]]}},{"type":"Feature","properties":{"numero":"0193","section":"0H","code_insee":"83049","id_parc":"83049_0H_0193"},"geometry":{"type":"MultiPolygon","coordinates":[[[[6.057505,43.242846],[6.057245,43.24304],[6.057126,43.243093],[6.057083,43.24302],[6.056871,43.24245],[6.056732,43.241743],[6.056388,43.240909],[6.056464,43.240888],[6.056814,43.240638],[6.056884,43.240727],[6.057123,43.241185],[6.0573,43.241452],[6.057331,43.2415],[6.057411,43.241641],[6.057432,43.241807],[6.05765,43.242194],[6.057678,43.24225],[6.057833,43.242629],[6.057505,43.242846]]]]}},{"type":"Feature","properties":{"numero":"0194","section":"AC","code_insee":"83049","id_parc":"83049_AC_0194"},"geometry":{"type":"MultiPolygon","coordinates":[[[[6.068657,43.240018],[6.068655,43.23999],[6.068717,43.240001],[6.068708,43.240026],[6.068687,43.240022],[6.068679,43.240023],[6.068669,43.240027],[6.068661,43.240034],[6.068658,43.24004],[6.068657,43.240046],[6.068646,43.240024],[6.068657,43.240018]]]]}},{"type":"Feature","properties":{"numero":"0194","section":"AE","code_insee":"83049","id_parc":"83049_AE_0194"},"geometry":{"type":"MultiPolygon","coordinates":[[[[6.058357,43.239476],[6.058214,43.239291],[6.058361,43.239221],[6.058562,43.239263],[6.058767,43.239307],[6.058922,43.239378],[6.058852,43.239435],[6.058818,43.239453],[6.058766,43.239468],[6.05854,43.239497],[6.0585,43.239507],[6.05843,43.23948],[6.058414,43.239459],[6.058357,43.239476]]]]}},{"type":"Feature","properties":{"numero":"0194","section":"AH","code_insee":"83049","id_parc":"83049_AH_0194"},"geometry":{"type":"MultiPolygon","coordinates":[[[[6.062822,43.24766],[6.062699,43.247601],[6.062597,43.247552],[6.062703,43.247581],[6.062799,43.247634],[6.062822,43.24766]]]]}},{"type":"Feature","properties":{"numero":"0194","section":"0H","code_insee":"83049","id_parc":"83049_0H_0194"},"geometry":{"type":"MultiPolygon","coordinates":[[[[6.057073,43.24314],[6.056939,43.243293],[6.056902,43.243326],[6.0568,43.243148],[6.05665,43.242835],[6.0566,43.242719],[6.056481,43.242374],[6.056229,43.241929],[6.056091,43.241675],[6.056073,43.24162],[6.056038,43.241524],[6.055999,43.24143],[6.055864,43.241162],[6.055881,43.241158],[6.056111,43.241071],[6.056202,43.241007],[6.056388,43.240909],[6.056732,43.241743],[6.056871,43.24245],[6.057083,43.24302],[6.057126,43.243093],[6.057073,43.24314]]]]}},{"type":"Feature","properties":{"numero":"0195","section":"AC","code_insee":"83049","id_parc":"83049_AC_0195"},"geometry":{"type":"MultiPolygon","coordinates":[[[[6.068885,43.240099],[6.068933,43.240108],[6.069008,43.240122],[6.069031,43.240147],[6.068895,43.240209],[6.068887,43.240207],[6.068849,43.240201],[6.068746,43.240184],[6.068722,43.24018],[6.068722,43.240179],[6.068665,43.240064],[6.068737,43.240077],[6.068793,43.240087],[6.068794,43.240085],[6.068794,43.240083],[6.068827,43.240089],[6.068885,43.240099]]]]}},{"type":"Feature","properties":{"numero":"0195","section":"AE","code_insee":"83049","id_parc":"83049_AE_0195"},"geometry":{"type":"MultiPolygon","coordinates":[[[[6.057909,43.239432],[6.057954,43.239415],[6.058214,43.239291],[6.058357,43.239476],[6.058372,43.239497],[6.058349,43.239545],[6.058254,43.239583],[6.058125,43.239656],[6.05811,43.239664],[6.057909,43.239432]]]]}},{"type":"Feature","properties":{"numero":"0195","section":"AH","code_insee":"83049","id_parc":"83049_AH_0195"},"geometry":{"type":"MultiPolygon","coordinates":[[[[6.062202,43.247424],[6.062209,43.247415],[6.062215,43.247409],[6.062225,43.247403],[6.062238,43.247406],[6.062302,43.247433],[6.06244,43.247492],[6.062553,43.24754],[6.06256,43.247543],[6.062561,43.247538],[6.062559,43.247538],[6.062561,43.247532],[6.062569,43.247533],[6.062569,43.247537],[6.062597,43.247552],[6.062699,43.247601],[6.062822,43.24766],[6.06283,43.24767],[6.062852,43.247693],[6.062856,43.247753],[6.062859,43.247792],[6.062997,43.247802],[6.062998,43.24782],[6.062999,43.247848],[6.06303,43.247848],[6.063075,43.247847],[6.063076,43.24782],[6.063152,43.247828],[6.063168,43.247832],[6.06319,43.247839],[6.063213,43.247851],[6.063229,43.247865],[6.063247,43.247888],[6.0634,43.248099],[6.063395,43.248099],[6.063377,43.248098],[6.063299,43.248094],[6.063243,43.247994],[6.063209,43.247928],[6.063206,43.247924],[6.063121,43.247891],[6.063107,43.247885],[6.063057,43.247874],[6.063039,43.247856],[6.062994,43.247856],[6.062993,43.247864],[6.06303,43.247864],[6.063037,43.247867],[6.063046,43.247878],[6.062967,43.247906],[6.062936,43.247905],[6.062931,43.247905],[6.062735,43.247886],[6.062737,43.247877],[6.062649,43.247868],[6.062648,43.247869],[6.062529,43.247857],[6.062202,43.247424]]]]}},{"type":"Feature","properties":{"numero":"0195","section":"0H","code_insee":"83049","id_parc":"83049_0H_0195"},"geometry":{"type":"MultiPolygon","coordinates":[[[[6.056902,43.243326],[6.056675,43.24347],[6.056634,43.243501],[6.056529,43.243326],[6.056336,43.242932],[6.056219,43.242695],[6.056099,43.242461],[6.055867,43.242025],[6.055674,43.241685],[6.055554,43.241418],[6.055482,43.241333],[6.055437,43.241186],[6.055453,43.241183],[6.055825,43.241171],[6.055864,43.241162],[6.055999,43.24143],[6.056038,43.241524],[6.056073,43.24162],[6.056091,43.241675],[6.056229,43.241929],[6.056481,43.242374],[6.0566,43.242719],[6.05665,43.242835],[6.0568,43.243148],[6.056902,43.243326]]]]}},{"type":"Feature","properties":{"numero":"0196","section":"AC","code_insee":"83049","id_parc":"83049_AC_0196"},"geometry":{"type":"MultiPolygon","coordinates":[[[[6.069367,43.240006],[6.069465,43.240021],[6.069559,43.240145],[6.069593,43.240194],[6.069656,43.240166],[6.069657,43.240169],[6.069659,43.240171],[6.06969,43.240212],[6.069692,43.240215],[6.069673,43.240222],[6.069614,43.240235],[6.069403,43.240311],[6.069327,43.240316],[6.069066,43.240313],[6.069026,43.240312],[6.068855,43.240274],[6.068745,43.240242],[6.068748,43.240238],[6.068722,43.24018],[6.068746,43.240184],[6.068849,43.240201],[6.068887,43.240207],[6.068895,43.240209],[6.069031,43.240147],[6.069008,43.240122],[6.069242,43.240029],[6.06932,43.239999],[6.069367,43.240006]]]]}},{"type":"Feature","properties":{"numero":"0196","section":"AE","code_insee":"83049","id_parc":"83049_AE_0196"},"geometry":{"type":"MultiPolygon","coordinates":[[[[6.057777,43.239797],[6.057591,43.239556],[6.057909,43.239432],[6.05811,43.239664],[6.058011,43.239717],[6.057976,43.239744],[6.057942,43.239807],[6.057934,43.239836],[6.057777,43.239797]]]]}},{"type":"Feature","properties":{"numero":"0196","section":"AH","code_insee":"83049","id_parc":"83049_AH_0196"},"geometry":{"type":"MultiPolygon","coordinates":[[[[6.062822,43.24766],[6.06285,43.247674],[6.062852,43.247693],[6.06283,43.24767],[6.062822,43.24766]]]]}},{"type":"Feature","properties":{"numero":"0196","section":"0H","code_insee":"83049","id_parc":"83049_0H_0196"},"geometry":{"type":"MultiPolygon","coordinates":[[[[6.055085,43.241221],[6.055246,43.24122],[6.055437,43.241186],[6.055482,43.241333],[6.055554,43.241418],[6.055674,43.241685],[6.055867,43.242025],[6.056099,43.242461],[6.056219,43.242695],[6.056336,43.242932],[6.055991,43.243064],[6.055534,43.24226],[6.055514,43.242205],[6.055476,43.24211],[6.055433,43.242015],[6.055288,43.241732],[6.055228,43.241607],[6.055044,43.241225],[6.055085,43.241221]]]]}},{"type":"Feature","properties":{"numero":"1969","section":"0C","code_insee":"83049","id_parc":"83049_0C_1969"},"geometry":{"type":"MultiPolygon","coordinates":[[[[6.0671,43.250411],[6.067175,43.250345],[6.067573,43.249995],[6.067745,43.250063],[6.067957,43.250147],[6.06773,43.250252],[6.067505,43.250359],[6.067252,43.250483],[6.0671,43.250411]]]]}},{"type":"Feature","properties":{"numero":"0197","section":"AC","code_insee":"83049","id_parc":"83049_AC_0197"},"geometry":{"type":"MultiPolygon","coordinates":[[[[6.069656,43.240166],[6.069593,43.240194],[6.069559,43.240145],[6.069656,43.240166]]]]}},{"type":"Feature","properties":{"numero":"0197","section":"AE","code_insee":"83049","id_parc":"83049_AE_0197"},"geometry":{"type":"MultiPolygon","coordinates":[[[[6.057862,43.239929],[6.057815,43.239921],[6.057801,43.239966],[6.057796,43.239965],[6.057706,43.239951],[6.057639,43.239941],[6.057578,43.239932],[6.057481,43.239916],[6.057435,43.239912],[6.057424,43.239893],[6.057351,43.239793],[6.057309,43.239718],[6.057288,43.239667],[6.057323,43.239655],[6.05745,43.239608],[6.057551,43.239571],[6.057591,43.239556],[6.057777,43.239797],[6.057934,43.239836],[6.057918,43.2399],[6.057862,43.239929]]]]}},{"type":"Feature","properties":{"numero":"0197","section":"0H","code_insee":"83049","id_parc":"83049_0H_0197"},"geometry":{"type":"MultiPolygon","coordinates":[[[[6.056336,43.242932],[6.056529,43.243326],[6.056634,43.243501],[6.056298,43.24376],[6.056234,43.243654],[6.055991,43.243064],[6.056336,43.242932]]]]}},{"type":"Feature","properties":{"numero":"1973","section":"0C","code_insee":"83049","id_parc":"83049_0C_1973"},"geometry":{"type":"MultiPolygon","coordinates":[[[[6.068241,43.24962],[6.068198,43.249571],[6.068191,43.249563],[6.068209,43.249551],[6.068443,43.249404],[6.06848,43.249412],[6.068515,43.249422],[6.068541,43.249432],[6.068631,43.249508],[6.068679,43.249522],[6.068743,43.24953],[6.068807,43.249541],[6.068845,43.249549],[6.068927,43.249589],[6.069005,43.249601],[6.069049,43.249622],[6.069088,43.249648],[6.069124,43.249677],[6.069156,43.249707],[6.069177,43.24973],[6.068531,43.249919],[6.06843,43.249952],[6.067957,43.250147],[6.067745,43.250063],[6.067985,43.249895],[6.068155,43.249724],[6.06818,43.249693],[6.068241,43.24962]]]]}},{"type":"Feature","properties":{"numero":"0198","section":"AC","code_insee":"83049","id_parc":"83049_AC_0198"},"geometry":{"type":"MultiPolygon","coordinates":[[[[6.069523,43.240037],[6.069588,43.240012],[6.069679,43.239977],[6.069702,43.240009],[6.06973,43.240049],[6.069726,43.240051],[6.069753,43.240091],[6.069765,43.240108],[6.069681,43.240141],[6.069668,43.240123],[6.069637,43.240135],[6.069587,43.240124],[6.069576,43.240109],[6.069546,43.240069],[6.069523,43.240037]]]]}},{"type":"Feature","properties":{"numero":"0198","section":"AE","code_insee":"83049","id_parc":"83049_AE_0198"},"geometry":{"type":"MultiPolygon","coordinates":[[[[6.058922,43.239378],[6.059004,43.239278],[6.059069,43.239287],[6.05902,43.23934],[6.058989,43.239371],[6.058905,43.239462],[6.058875,43.239487],[6.058881,43.239492],[6.058856,43.239506],[6.058827,43.239514],[6.058787,43.239525],[6.05856,43.239554],[6.058439,43.239584],[6.058394,43.239595],[6.058299,43.239633],[6.05819,43.239694],[6.058174,43.239703],[6.058065,43.239761],[6.058045,43.239776],[6.05802,43.239823],[6.058014,43.239847],[6.057994,43.239932],[6.05801,43.239955],[6.058057,43.239963],[6.058044,43.240008],[6.058039,43.240008],[6.058011,43.240008],[6.057956,43.240004],[6.057871,43.239982],[6.057801,43.239966],[6.057815,43.239921],[6.057862,43.239929],[6.057918,43.2399],[6.057934,43.239836],[6.057942,43.239807],[6.057976,43.239744],[6.058011,43.239717],[6.05811,43.239664],[6.058125,43.239656],[6.058254,43.239583],[6.058349,43.239545],[6.058372,43.239497],[6.058357,43.239476],[6.058414,43.239459],[6.05843,43.23948],[6.0585,43.239507],[6.05854,43.239497],[6.058766,43.239468],[6.058818,43.239453],[6.058852,43.239435],[6.058922,43.239378]]]]}},{"type":"Feature","properties":{"numero":"0198","section":"AI","code_insee":"83049","id_parc":"83049_AI_0198"},"geometry":{"type":"MultiPolygon","coordinates":[[[[6.07103,43.240848],[6.071045,43.24083],[6.071192,43.240896],[6.071165,43.240928],[6.071163,43.240931],[6.071129,43.240972],[6.071122,43.24098],[6.071037,43.241081],[6.070924,43.241084],[6.070911,43.241084],[6.070897,43.241083],[6.070879,43.241081],[6.070863,43.241078],[6.070852,43.241075],[6.070842,43.241072],[6.070883,43.241024],[6.070913,43.240987],[6.070932,43.240965],[6.070976,43.240913],[6.070985,43.240902],[6.07103,43.240848]]]]}},{"type":"Feature","properties":{"numero":"1981","section":"0C","code_insee":"83049","id_parc":"83049_0C_1981"},"geometry":{"type":"MultiPolygon","coordinates":[[[[6.066827,43.251827],[6.066812,43.251905],[6.066768,43.252033],[6.066561,43.251959],[6.066204,43.251833],[6.06613,43.251807],[6.065884,43.25176],[6.066085,43.251576],[6.066152,43.251571],[6.066184,43.251541],[6.066934,43.251574],[6.066889,43.251662],[6.066846,43.251757],[6.066827,43.251827]]]]}},{"type":"Feature","properties":{"numero":"1985","section":"0C","code_insee":"83049","id_parc":"83049_0C_1985"},"geometry":{"type":"MultiPolygon","coordinates":[[[[6.066525,43.25029],[6.066594,43.250171],[6.066648,43.250197],[6.066581,43.250337],[6.06669,43.250369],[6.066715,43.250376],[6.066741,43.250337],[6.066861,43.25037],[6.066901,43.250382],[6.066939,43.250335],[6.0671,43.250411],[6.067252,43.250483],[6.067035,43.250586],[6.066974,43.250656],[6.066864,43.250625],[6.066468,43.250901],[6.066229,43.250849],[6.066262,43.250724],[6.066278,43.25069],[6.066525,43.25029]]]]}},{"type":"Feature","properties":{"numero":"1987","section":"0C","code_insee":"83049","id_parc":"83049_0C_1987"},"geometry":{"type":"MultiPolygon","coordinates":[[[[6.063717,43.254315],[6.063954,43.254394],[6.064267,43.254491],[6.063977,43.254819],[6.063955,43.254844],[6.063938,43.254863],[6.063836,43.254832],[6.063544,43.254715],[6.063717,43.254315]]]]}},{"type":"Feature","properties":{"numero":"1989","section":"0C","code_insee":"83049","id_parc":"83049_0C_1989"},"geometry":{"type":"MultiPolygon","coordinates":[[[[6.064136,43.254098],[6.064059,43.254243],[6.063954,43.254394],[6.063717,43.254315],[6.06379,43.254179],[6.063962,43.254082],[6.064136,43.254098]]]]}},{"type":"Feature","properties":{"numero":"0199","section":"AC","code_insee":"83049","id_parc":"83049_AC_0199"},"geometry":{"type":"MultiPolygon","coordinates":[[[[6.069786,43.240182],[6.069734,43.2402],[6.069692,43.240215],[6.06969,43.240212],[6.069659,43.240171],[6.069683,43.240161],[6.06969,43.240158],[6.06971,43.240151],[6.069793,43.240148],[6.069781,43.240131],[6.069765,43.240108],[6.069753,43.240091],[6.069726,43.240051],[6.06973,43.240049],[6.069702,43.240009],[6.069679,43.239977],[6.069737,43.239955],[6.069757,43.239947],[6.06978,43.239979],[6.069808,43.240019],[6.069812,43.240017],[6.069841,43.240057],[6.069844,43.240056],[6.069872,43.240096],[6.069903,43.240141],[6.069836,43.240164],[6.06981,43.240173],[6.069786,43.240182]]]]}},{"type":"Feature","properties":{"numero":"0199","section":"AE","code_insee":"83049","id_parc":"83049_AE_0199"},"geometry":{"type":"MultiPolygon","coordinates":[[[[6.059251,43.239188],[6.059189,43.239303],[6.059069,43.239287],[6.059004,43.239278],[6.058922,43.239378],[6.058767,43.239307],[6.058562,43.239263],[6.058361,43.239221],[6.057293,43.239003],[6.057602,43.238726],[6.057673,43.238663],[6.058834,43.238565],[6.058897,43.238893],[6.059096,43.238877],[6.059339,43.239013],[6.059284,43.239121],[6.059293,43.239124],[6.059278,43.239145],[6.059274,43.239144],[6.059251,43.239188]]]]}},{"type":"Feature","properties":{"numero":"0199","section":"AI","code_insee":"83049","id_parc":"83049_AI_0199"},"geometry":{"type":"MultiPolygon","coordinates":[[[[6.070725,43.240957],[6.070851,43.240806],[6.070972,43.240797],[6.070975,43.240798],[6.071045,43.24083],[6.07103,43.240848],[6.070985,43.240902],[6.070976,43.240913],[6.070932,43.240965],[6.070913,43.240987],[6.070883,43.241024],[6.070842,43.241072],[6.070834,43.241069],[6.070827,43.241067],[6.070821,43.241064],[6.070817,43.241062],[6.070811,43.241059],[6.070804,43.241054],[6.070796,43.241049],[6.070791,43.241042],[6.070787,43.241035],[6.070784,43.241028],[6.070783,43.241024],[6.070782,43.241016],[6.070782,43.24101],[6.070784,43.241003],[6.070786,43.240997],[6.07079,43.240992],[6.070793,43.240988],[6.070725,43.240957]]]]}},{"type":"Feature","properties":{"numero":"1996","section":"0C","code_insee":"83049","id_parc":"83049_0C_1996"},"geometry":{"type":"MultiPolygon","coordinates":[[[[6.064337,43.25403],[6.064157,43.254029],[6.064134,43.254029],[6.06408,43.254028],[6.063877,43.253964],[6.064018,43.25374],[6.064201,43.253644],[6.064408,43.253662],[6.064566,43.253756],[6.064538,43.253891],[6.064388,43.254013],[6.064337,43.25403]]]]}},{"type":"Feature","properties":{"numero":"0002","section":"AB","code_insee":"83049","id_parc":"83049_AB_0002"},"geometry":{"type":"MultiPolygon","coordinates":[[[[6.071012,43.238989],[6.070893,43.239113],[6.070712,43.239301],[6.070539,43.239108],[6.070511,43.239047],[6.070497,43.239001],[6.070493,43.238959],[6.070494,43.238954],[6.070498,43.23894],[6.070504,43.238927],[6.070513,43.238913],[6.070779,43.238687],[6.071118,43.238878],[6.071012,43.238989]]]]}},{"type":"Feature","properties":{"numero":"0002","section":"AD","code_insee":"83049","id_parc":"83049_AD_0002"},"geometry":{"type":"MultiPolygon","coordinates":[[[[6.063878,43.241728],[6.064666,43.240381],[6.064932,43.240304],[6.064952,43.240307],[6.065056,43.240274],[6.065065,43.240269],[6.065321,43.240374],[6.065379,43.240396],[6.065399,43.240403],[6.065414,43.240765],[6.065423,43.240978],[6.065368,43.241089],[6.064559,43.241503],[6.064278,43.241703],[6.064315,43.24179],[6.064344,43.241803],[6.064395,43.241829],[6.064674,43.241913],[6.064725,43.241929],[6.064662,43.242106],[6.064609,43.242223],[6.064535,43.242341],[6.064436,43.24252],[6.064415,43.242576],[6.064323,43.242682],[6.064265,43.242701],[6.064191,43.242729],[6.064175,43.242745],[6.064162,43.242756],[6.064132,43.24279],[6.064096,43.242827],[6.064063,43.242865],[6.064035,43.242898],[6.064001,43.242934],[6.063954,43.242965],[6.063898,43.242999],[6.063872,43.243013],[6.06384,43.243032],[6.063818,43.243043],[6.063774,43.243061],[6.063746,43.243069],[6.06372,43.243075],[6.063639,43.243087],[6.063601,43.243089],[6.063573,43.24309],[6.063545,43.24309],[6.063409,43.243092],[6.063218,43.243019],[6.06315,43.242995],[6.06347,43.242432],[6.063878,43.241728]]]]}},{"type":"Feature","properties":{"numero":"0002","section":"AH","code_insee":"83049","id_parc":"83049_AH_0002"},"geometry":{"type":"MultiPolygon","coordinates":[[[[6.055289,43.247377],[6.054972,43.247583],[6.054686,43.247697],[6.054639,43.247608],[6.054613,43.247573],[6.054578,43.247527],[6.054552,43.24749],[6.054539,43.247475],[6.054525,43.247452],[6.054511,43.247437],[6.054504,43.247428],[6.054597,43.247404],[6.05477,43.247351],[6.054833,43.247302],[6.05485,43.247239],[6.054719,43.247086],[6.054863,43.247025],[6.054981,43.246978],[6.05503,43.247037],[6.05508,43.247097],[6.055119,43.247134],[6.055205,43.247217],[6.055237,43.247282],[6.055254,43.247317],[6.055259,43.247327],[6.055289,43.247377]]]]}},{"type":"Feature","properties":{"numero":"0002","section":"AI","code_insee":"83049","id_parc":"83049_AI_0002"},"geometry":{"type":"MultiPolygon","coordinates":[[[[6.065506,43.242487],[6.065518,43.24243],[6.065516,43.242395],[6.065555,43.242432],[6.065636,43.242508],[6.065649,43.242466],[6.065666,43.242426],[6.06568,43.242398],[6.065704,43.242358],[6.06575,43.242284],[6.066145,43.242454],[6.065464,43.242745],[6.065404,43.242734],[6.065371,43.242726],[6.065344,43.242715],[6.065329,43.242704],[6.065317,43.242694],[6.065294,43.24267],[6.065228,43.242561],[6.065305,43.242559],[6.065443,43.242523],[6.065483,43.242513],[6.065506,43.242487]]]]}},{"type":"Feature","properties":{"numero":"0020","section":"AD","code_insee":"83049","id_parc":"83049_AD_0020"},"geometry":{"type":"MultiPolygon","coordinates":[[[[6.066087,43.24091],[6.066155,43.240977],[6.066144,43.240984],[6.066086,43.240928],[6.066087,43.24091]]]]}},{"type":"Feature","properties":{"numero":"0020","section":"AI","code_insee":"83049","id_parc":"83049_AI_0020"},"geometry":{"type":"MultiPolygon","coordinates":[[[[6.066208,43.243215],[6.06619,43.24322],[6.066128,43.243234],[6.066092,43.243243],[6.06606,43.24325],[6.06603,43.243258],[6.066026,43.243259],[6.065994,43.243266],[6.065927,43.243283],[6.065865,43.243298],[6.065841,43.243303],[6.065795,43.243314],[6.065792,43.243305],[6.065788,43.243291],[6.065769,43.243237],[6.065746,43.24319],[6.065702,43.243088],[6.065691,43.243059],[6.065668,43.243021],[6.066045,43.24291],[6.066103,43.243009],[6.066141,43.243074],[6.06622,43.243218],[6.066217,43.243215],[6.066208,43.243215]]]]}},{"type":"Feature","properties":{"numero":"0200","section":"AC","code_insee":"83049","id_parc":"83049_AC_0200"},"geometry":{"type":"MultiPolygon","coordinates":[[[[6.070028,43.239988],[6.069949,43.240124],[6.069903,43.240141],[6.069872,43.240096],[6.069844,43.240056],[6.069841,43.240057],[6.069812,43.240017],[6.069808,43.240019],[6.06978,43.239979],[6.069757,43.239947],[6.069947,43.239874],[6.069975,43.239913],[6.070028,43.239988]]]]}},{"type":"Feature","properties":{"numero":"0200","section":"AE","code_insee":"83049","id_parc":"83049_AE_0200"},"geometry":{"type":"MultiPolygon","coordinates":[[[[6.056744,43.239727],[6.057272,43.239627],[6.057288,43.239667],[6.057309,43.239718],[6.057351,43.239793],[6.057424,43.239893],[6.057435,43.239912],[6.057356,43.239906],[6.057142,43.239936],[6.056971,43.239967],[6.056948,43.239969],[6.056888,43.23992],[6.056838,43.239904],[6.056729,43.239861],[6.056614,43.239822],[6.056556,43.239797],[6.056744,43.239727]],[[6.057284,43.239728],[6.057204,43.239749],[6.057218,43.239779],[6.057299,43.239759],[6.057293,43.239746],[6.057291,43.239741],[6.057284,43.239728]]]]}},{"type":"Feature","properties":{"numero":"0200","section":"AI","code_insee":"83049","id_parc":"83049_AI_0200"},"geometry":{"type":"MultiPolygon","coordinates":[[[[6.070838,43.240795],[6.070845,43.240802],[6.070851,43.240806],[6.070725,43.240957],[6.070667,43.240931],[6.070634,43.240916],[6.070477,43.240583],[6.070524,43.240572],[6.070834,43.240733],[6.070829,43.240741],[6.070826,43.240749],[6.070825,43.240757],[6.070825,43.240767],[6.070828,43.240778],[6.070832,43.240787],[6.070838,43.240795]]]]}},{"type":"Feature","properties":{"numero":"0201","section":"AC","code_insee":"83049","id_parc":"83049_AC_0201"},"geometry":{"type":"MultiPolygon","coordinates":[[[[6.070076,43.239871],[6.070028,43.239988],[6.069975,43.239913],[6.070061,43.23988],[6.070033,43.239842],[6.07004,43.239841],[6.070048,43.239842],[6.070058,43.239845],[6.070064,43.239849],[6.070069,43.239853],[6.070073,43.239858],[6.070075,43.239864],[6.070076,43.239871]]]]}},{"type":"Feature","properties":{"numero":"0201","section":"AI","code_insee":"83049","id_parc":"83049_AI_0201"},"geometry":{"type":"MultiPolygon","coordinates":[[[[6.070883,43.240679],[6.071032,43.240684],[6.071083,43.240673],[6.071118,43.240689],[6.070972,43.240797],[6.070851,43.240806],[6.070845,43.240802],[6.070838,43.240795],[6.070832,43.240787],[6.070828,43.240778],[6.070825,43.240767],[6.070825,43.240757],[6.070826,43.240749],[6.070829,43.240741],[6.070834,43.240733],[6.070883,43.240679]]]]}},{"type":"Feature","properties":{"numero":"0201","section":"0H","code_insee":"83049","id_parc":"83049_0H_0201"},"geometry":{"type":"MultiPolygon","coordinates":[[[[6.05591,43.243569],[6.056042,43.24396],[6.055882,43.244065],[6.055847,43.244009],[6.055554,43.243398],[6.055304,43.242979],[6.055173,43.242774],[6.055131,43.242677],[6.055029,43.242534],[6.054953,43.242349],[6.054834,43.242169],[6.05479,43.242003],[6.054747,43.241939],[6.054691,43.24176],[6.054726,43.241731],[6.054783,43.241655],[6.054806,43.241636],[6.0548,43.241585],[6.054809,43.241567],[6.054865,43.241527],[6.05492,43.241656],[6.05493,43.241681],[6.054969,43.241828],[6.055069,43.242018],[6.055107,43.242075],[6.055128,43.242136],[6.055153,43.242196],[6.055182,43.242253],[6.05545,43.242652],[6.055823,43.243335],[6.05591,43.243569]]]]}},{"type":"Feature","properties":{"numero":"0202","section":"AC","code_insee":"83049","id_parc":"83049_AC_0202"},"geometry":{"type":"MultiPolygon","coordinates":[[[[6.068674,43.240212],[6.06865,43.240164],[6.068722,43.24018],[6.068748,43.240238],[6.068745,43.240242],[6.068688,43.240222],[6.068674,43.240212]]]]}},{"type":"Feature","properties":{"numero":"0202","section":"AI","code_insee":"83049","id_parc":"83049_AI_0202"},"geometry":{"type":"MultiPolygon","coordinates":[[[[6.070613,43.240996],[6.070578,43.240986],[6.070373,43.240926],[6.070306,43.240895],[6.070233,43.240876],[6.070212,43.240861],[6.070302,43.240625],[6.070477,43.240583],[6.070634,43.240916],[6.070667,43.240931],[6.070613,43.240996]]]]}},{"type":"Feature","properties":{"numero":"0202","section":"0H","code_insee":"83049","id_parc":"83049_0H_0202"},"geometry":{"type":"MultiPolygon","coordinates":[[[[6.055224,43.243388],[6.055153,43.243261],[6.055081,43.243106],[6.055044,43.243034],[6.054966,43.24289],[6.054885,43.242747],[6.0548,43.242605],[6.054773,43.242528],[6.054712,43.242366],[6.054648,43.242204],[6.054506,43.241931],[6.054588,43.241835],[6.054629,43.241795],[6.054691,43.24176],[6.054747,43.241939],[6.05479,43.242003],[6.054834,43.242169],[6.054953,43.242349],[6.055029,43.242534],[6.055131,43.242677],[6.055173,43.242774],[6.055304,43.242979],[6.055554,43.243398],[6.055847,43.244009],[6.055882,43.244065],[6.055645,43.244213],[6.055543,43.243969],[6.055462,43.243767],[6.055426,43.243686],[6.055224,43.243388]]]]}},{"type":"Feature","properties":{"numero":"2026","section":"0C","code_insee":"83049","id_parc":"83049_0C_2026"},"geometry":{"type":"MultiPolygon","coordinates":[[[[6.064869,43.253881],[6.065007,43.254014],[6.064949,43.254212],[6.064431,43.254138],[6.06456,43.254045],[6.064597,43.254018],[6.064656,43.253975],[6.064869,43.253881]]]]}},{"type":"Feature","properties":{"numero":"0203","section":"AC","code_insee":"83049","id_parc":"83049_AC_0203"},"geometry":{"type":"MultiPolygon","coordinates":[[[[6.06994,43.239371],[6.069942,43.239373],[6.069988,43.239434],[6.069936,43.239456],[6.069905,43.239468],[6.06986,43.239407],[6.06994,43.239371]]]]}},{"type":"Feature","properties":{"numero":"0203","section":"AE","code_insee":"83049","id_parc":"83049_AE_0203"},"geometry":{"type":"MultiPolygon","coordinates":[[[[6.061608,43.242105],[6.061654,43.242121],[6.061483,43.242396],[6.061416,43.242374],[6.061349,43.242339],[6.061253,43.242285],[6.061162,43.242242],[6.061187,43.242207],[6.061111,43.242134],[6.061105,43.242121],[6.061107,43.242109],[6.06117,43.242002],[6.0612,43.241943],[6.0616,43.242112],[6.061608,43.242105]]]]}},{"type":"Feature","properties":{"numero":"0203","section":"AI","code_insee":"83049","id_parc":"83049_AI_0203"},"geometry":{"type":"MultiPolygon","coordinates":[[[[6.070748,43.240651],[6.07075,43.240651],[6.070762,43.240645],[6.070954,43.240653],[6.071016,43.240644],[6.071052,43.24066],[6.071083,43.240673],[6.071032,43.240684],[6.070883,43.240679],[6.070834,43.240733],[6.070524,43.240572],[6.070477,43.240583],[6.070302,43.240625],[6.070212,43.240861],[6.070233,43.240876],[6.070209,43.24088],[6.070179,43.24093],[6.07013,43.240961],[6.070056,43.241008],[6.07,43.24103],[6.069964,43.241046],[6.069945,43.241057],[6.069861,43.240977],[6.069957,43.240947],[6.069997,43.240935],[6.070043,43.240914],[6.070088,43.240873],[6.070126,43.240826],[6.070183,43.240742],[6.070195,43.240684],[6.070285,43.240507],[6.070297,43.240496],[6.070307,43.240488],[6.070318,43.240481],[6.070336,43.240472],[6.07035,43.240467],[6.070368,43.240462],[6.070391,43.240458],[6.070414,43.240458],[6.070439,43.240462],[6.070462,43.240468],[6.070484,43.240476],[6.070497,43.24048],[6.070515,43.240488],[6.070603,43.240532],[6.070615,43.24057],[6.070742,43.240648],[6.070744,43.24065],[6.070746,43.24065],[6.070748,43.240651]]]]}},{"type":"Feature","properties":{"numero":"0203","section":"0H","code_insee":"83049","id_parc":"83049_0H_0203"},"geometry":{"type":"MultiPolygon","coordinates":[[[[6.054492,43.241913],[6.054438,43.241727],[6.054229,43.241358],[6.054466,43.241351],[6.054517,43.24134],[6.05461,43.241587],[6.054676,43.241747],[6.054574,43.24182],[6.054492,43.241913]]]]}},{"type":"Feature","properties":{"numero":"0204","section":"AC","code_insee":"83049","id_parc":"83049_AC_0204"},"geometry":{"type":"MultiPolygon","coordinates":[[[[6.069098,43.239794],[6.069061,43.239787],[6.069046,43.239784],[6.069057,43.239754],[6.069109,43.239763],[6.069098,43.239794]]]]}},{"type":"Feature","properties":{"numero":"0204","section":"AE","code_insee":"83049","id_parc":"83049_AE_0204"},"geometry":{"type":"MultiPolygon","coordinates":[[[[6.060965,43.242137],[6.060892,43.242094],[6.060812,43.242041],[6.060849,43.241978],[6.060876,43.241934],[6.060903,43.241889],[6.060927,43.241849],[6.060963,43.24179],[6.061069,43.241827],[6.061065,43.241885],[6.0612,43.241943],[6.06117,43.242002],[6.061107,43.242109],[6.061105,43.242121],[6.061111,43.242134],[6.061187,43.242207],[6.061162,43.242242],[6.061117,43.242221],[6.061056,43.242191],[6.060965,43.242137]]]]}},{"type":"Feature","properties":{"numero":"0204","section":"AH","code_insee":"83049","id_parc":"83049_AH_0204"},"geometry":{"type":"MultiPolygon","coordinates":[[[[6.062537,43.244713],[6.062549,43.244643],[6.062591,43.244587],[6.062713,43.244461],[6.062731,43.244477],[6.062741,43.244495],[6.062745,43.244539],[6.062748,43.244607],[6.062747,43.244642],[6.062747,43.24469],[6.062747,43.244716],[6.062745,43.244786],[6.062768,43.244786],[6.06277,43.244716],[6.06277,43.24469],[6.06277,43.244646],[6.062771,43.24462],[6.062771,43.244576],[6.062773,43.244497],[6.062813,43.244491],[6.063016,43.244553],[6.062989,43.244633],[6.06297,43.244691],[6.06295,43.24475],[6.062929,43.244818],[6.062921,43.244843],[6.062925,43.244843],[6.062933,43.244818],[6.062954,43.244751],[6.062973,43.244692],[6.062993,43.244634],[6.06302,43.244554],[6.063262,43.244628],[6.063368,43.244661],[6.063539,43.244713],[6.06362,43.244736],[6.063604,43.24475],[6.063536,43.24482],[6.063519,43.244853],[6.063503,43.244895],[6.063487,43.244927],[6.063484,43.244941],[6.06348,43.244973],[6.063478,43.245004],[6.063221,43.24498],[6.062887,43.244931],[6.06288,43.24493],[6.062867,43.24494],[6.062854,43.244948],[6.062839,43.244956],[6.062824,43.244963],[6.062808,43.244969],[6.062792,43.244974],[6.062782,43.244978],[6.062773,43.244982],[6.062766,43.244988],[6.06276,43.244995],[6.062756,43.245002],[6.062754,43.24501],[6.062749,43.245047],[6.062747,43.245084],[6.062746,43.245121],[6.062748,43.245167],[6.062751,43.245212],[6.062713,43.245423],[6.062641,43.245403],[6.062514,43.245368],[6.062558,43.245275],[6.062606,43.245145],[6.062618,43.24503],[6.062609,43.244925],[6.062549,43.244767],[6.062537,43.244713]]]]}},{"type":"Feature","properties":{"numero":"0204","section":"AI","code_insee":"83049","id_parc":"83049_AI_0204"},"geometry":{"type":"MultiPolygon","coordinates":[[[[6.068767,43.240279],[6.068948,43.240327],[6.068969,43.240332],[6.069024,43.240365],[6.069055,43.240393],[6.069094,43.240428],[6.069244,43.240561],[6.069294,43.240605],[6.069302,43.240612],[6.069311,43.240618],[6.069355,43.240653],[6.069414,43.240698],[6.069425,43.240706],[6.069513,43.240766],[6.069556,43.240794],[6.069573,43.240805],[6.069644,43.240839],[6.069675,43.240845],[6.069707,43.240851],[6.06972,43.240853],[6.069731,43.240852],[6.069744,43.24085],[6.069757,43.240846],[6.069759,43.240845],[6.069848,43.240826],[6.069885,43.240813],[6.069889,43.240812],[6.06996,43.240765],[6.06984,43.240625],[6.069833,43.240616],[6.0698,43.240578],[6.069765,43.240538],[6.069762,43.240535],[6.069713,43.240479],[6.069828,43.240466],[6.07006,43.240438],[6.070203,43.24042],[6.070089,43.240694],[6.070049,43.240773],[6.070029,43.240786],[6.069914,43.240861],[6.069785,43.240893],[6.06972,43.240903],[6.069702,43.240902],[6.069656,43.240892],[6.069624,43.240885],[6.069591,43.240874],[6.069565,43.240863],[6.06953,43.240844],[6.069507,43.240831],[6.069487,43.240817],[6.069439,43.240782],[6.069408,43.240757],[6.069329,43.240693],[6.069197,43.240588],[6.069046,43.240457],[6.068989,43.240409],[6.068796,43.24035],[6.068757,43.24029],[6.068767,43.240279]]]]}},{"type":"Feature","properties":{"numero":"0204","section":"0H","code_insee":"83049","id_parc":"83049_0H_0204"},"geometry":{"type":"MultiPolygon","coordinates":[[[[6.054207,43.242157],[6.054197,43.242162],[6.053845,43.241398],[6.054099,43.241331],[6.054229,43.241358],[6.054438,43.241727],[6.054492,43.241913],[6.054207,43.242157]]]]}},{"type":"Feature","properties":{"numero":"0205","section":"AE","code_insee":"83049","id_parc":"83049_AE_0205"},"geometry":{"type":"MultiPolygon","coordinates":[[[[6.062434,43.23971],[6.062424,43.23971],[6.062191,43.23975],[6.062194,43.239685],[6.062157,43.239678],[6.062157,43.239672],[6.062162,43.239613],[6.062165,43.239582],[6.062171,43.2395],[6.062204,43.239476],[6.062269,43.239473],[6.062493,43.239462],[6.062555,43.239459],[6.062555,43.23946],[6.062593,43.2397],[6.062532,43.239701],[6.062434,43.23971]]]]}},{"type":"Feature","properties":{"numero":"0205","section":"AH","code_insee":"83049","id_parc":"83049_AH_0205"},"geometry":{"type":"MultiPolygon","coordinates":[[[[6.062761,43.245297],[6.062767,43.245438],[6.062713,43.245423],[6.062751,43.245212],[6.062756,43.245255],[6.062761,43.245297]]]]}},{"type":"Feature","properties":{"numero":"0205","section":"AI","code_insee":"83049","id_parc":"83049_AI_0205"},"geometry":{"type":"MultiPolygon","coordinates":[[[[6.070342,43.240401],[6.070268,43.240412],[6.070203,43.24042],[6.07006,43.240438],[6.069828,43.240466],[6.069765,43.240297],[6.069738,43.240226],[6.069846,43.240189],[6.069865,43.240182],[6.06991,43.240167],[6.069987,43.240142],[6.069991,43.240144],[6.070163,43.240261],[6.070211,43.240293],[6.070269,43.240331],[6.070273,43.240331],[6.070339,43.240379],[6.070351,43.240396],[6.070341,43.2404],[6.070342,43.240401]]]]}},{"type":"Feature","properties":{"numero":"0205","section":"0H","code_insee":"83049","id_parc":"83049_0H_0205"},"geometry":{"type":"MultiPolygon","coordinates":[[[[6.053991,43.242262],[6.053782,43.242208],[6.05373,43.242112],[6.053751,43.242108],[6.053651,43.241893],[6.053464,43.241465],[6.053694,43.241434],[6.053845,43.241398],[6.054197,43.242162],[6.054033,43.242252],[6.053991,43.242262]]]]}},{"type":"Feature","properties":{"numero":"2059","section":"0G","code_insee":"83049","id_parc":"83049_0G_2059"},"geometry":{"type":"MultiPolygon","coordinates":[[[[6.061635,43.238105],[6.061866,43.237883],[6.062144,43.238028],[6.062045,43.238161],[6.061872,43.238346],[6.061635,43.238105]]]]}},{"type":"Feature","properties":{"numero":"0206","section":"AC","code_insee":"83049","id_parc":"83049_AC_0206"},"geometry":{"type":"MultiPolygon","coordinates":[[[[6.068685,43.239418],[6.068759,43.239491],[6.068714,43.239527],[6.068638,43.239453],[6.068685,43.239418]]]]}},{"type":"Feature","properties":{"numero":"0206","section":"AE","code_insee":"83049","id_parc":"83049_AE_0206"},"geometry":{"type":"MultiPolygon","coordinates":[[[[6.062191,43.23975],[6.062137,43.239759],[6.062032,43.239781],[6.062034,43.23967],[6.062039,43.239608],[6.062101,43.23961],[6.062162,43.239613],[6.062157,43.239672],[6.062157,43.239678],[6.062194,43.239685],[6.062191,43.23975]]]]}},{"type":"Feature","properties":{"numero":"0206","section":"AH","code_insee":"83049","id_parc":"83049_AH_0206"},"geometry":{"type":"MultiPolygon","coordinates":[[[[6.063477,43.245007],[6.063476,43.245018],[6.063221,43.24498],[6.063478,43.245004],[6.063477,43.245007]]]]}},{"type":"Feature","properties":{"numero":"0206","section":"AI","code_insee":"83049","id_parc":"83049_AI_0206"},"geometry":{"type":"MultiPolygon","coordinates":[[[[6.069738,43.240226],[6.069765,43.240297],[6.069828,43.240466],[6.069713,43.240479],[6.069661,43.240487],[6.069613,43.240492],[6.069545,43.240291],[6.069624,43.240264],[6.069706,43.240237],[6.069738,43.240226]]]]}},{"type":"Feature","properties":{"numero":"0207","section":"AE","code_insee":"83049","id_parc":"83049_AE_0207"},"geometry":{"type":"MultiPolygon","coordinates":[[[[6.062171,43.2395],[6.062165,43.239582],[6.062162,43.239613],[6.062101,43.23961],[6.062106,43.239539],[6.062114,43.239446],[6.062269,43.239398],[6.062285,43.239142],[6.062435,43.239158],[6.062511,43.239164],[6.062555,43.239459],[6.062493,43.239462],[6.062269,43.239473],[6.062204,43.239476],[6.062171,43.2395]]]]}},{"type":"Feature","properties":{"numero":"0207","section":"AH","code_insee":"83049","id_parc":"83049_AH_0207"},"geometry":{"type":"MultiPolygon","coordinates":[[[[6.062761,43.245297],[6.062756,43.245255],[6.062751,43.245212],[6.06279,43.245],[6.062858,43.24501],[6.062868,43.245003],[6.062918,43.244968],[6.062948,43.244957],[6.063221,43.24498],[6.063476,43.245018],[6.063503,43.245072],[6.063531,43.245177],[6.063551,43.245263],[6.06359,43.245387],[6.063591,43.245391],[6.063594,43.24549],[6.063581,43.245546],[6.063561,43.245618],[6.063538,43.245683],[6.063514,43.245722],[6.063478,43.245714],[6.062774,43.245659],[6.062767,43.245438],[6.062761,43.245297]]]]}},{"type":"Feature","properties":{"numero":"0207","section":"0H","code_insee":"83049","id_parc":"83049_0H_0207"},"geometry":{"type":"MultiPolygon","coordinates":[[[[6.053868,43.243741],[6.053753,43.243709],[6.053654,43.243698],[6.053587,43.243594],[6.053521,43.243417],[6.053412,43.243171],[6.053278,43.242766],[6.053258,43.242717],[6.053504,43.242749],[6.053748,43.242783],[6.053867,43.242801],[6.054053,43.242823],[6.054151,43.242854],[6.054209,43.243058],[6.05434,43.243305],[6.054363,43.243359],[6.054413,43.243438],[6.054443,43.243539],[6.054704,43.243936],[6.05449,43.243901],[6.054277,43.243863],[6.054065,43.243822],[6.054007,43.24381],[6.053868,43.243741]]]]}},{"type":"Feature","properties":{"numero":"2070","section":"0C","code_insee":"83049","id_parc":"83049_0C_2070"},"geometry":{"type":"MultiPolygon","coordinates":[[[[6.06456,43.254045],[6.064431,43.254138],[6.064401,43.254134],[6.064558,43.254019],[6.064643,43.253957],[6.064869,43.253881],[6.064656,43.253975],[6.064597,43.254018],[6.06456,43.254045]]]]}},{"type":"Feature","properties":{"numero":"2075","section":"0C","code_insee":"83049","id_parc":"83049_0C_2075"},"geometry":{"type":"MultiPolygon","coordinates":[[[[6.066443,43.256988],[6.066697,43.256952],[6.066818,43.256928],[6.066882,43.258165],[6.0667,43.258171],[6.066413,43.258183],[6.066126,43.258198],[6.066058,43.258187],[6.065818,43.258212],[6.06517,43.258168],[6.064995,43.258163],[6.064958,43.257233],[6.065139,43.257284],[6.065392,43.257386],[6.06555,43.257428],[6.065644,43.257302],[6.06571,43.257236],[6.065845,43.257175],[6.066167,43.257057],[6.066248,43.257033],[6.066331,43.257012],[6.066415,43.256993],[6.066443,43.256988]]]]}},{"type":"Feature","properties":{"numero":"0208","section":"AE","code_insee":"83049","id_parc":"83049_AE_0208"},"geometry":{"type":"MultiPolygon","coordinates":[[[[6.062112,43.239117],[6.062011,43.239101],[6.062005,43.239099],[6.06201,43.239078],[6.062058,43.239088],[6.062112,43.239098],[6.062208,43.239107],[6.062287,43.239116],[6.062285,43.239142],[6.06226,43.239139],[6.062112,43.239117]]]]}},{"type":"Feature","properties":{"numero":"0208","section":"AH","code_insee":"83049","id_parc":"83049_AH_0208"},"geometry":{"type":"MultiPolygon","coordinates":[[[[6.062839,43.244956],[6.062854,43.244948],[6.062867,43.24494],[6.06288,43.24493],[6.062887,43.244931],[6.062868,43.245003],[6.062858,43.24501],[6.06279,43.245],[6.062751,43.245212],[6.062748,43.245167],[6.062746,43.245121],[6.062747,43.245084],[6.062749,43.245047],[6.062754,43.24501],[6.062756,43.245002],[6.06276,43.244995],[6.062766,43.244988],[6.062773,43.244982],[6.062782,43.244978],[6.062792,43.244974],[6.062808,43.244969],[6.062824,43.244963],[6.062839,43.244956]]]]}},{"type":"Feature","properties":{"numero":"0208","section":"AI","code_insee":"83049","id_parc":"83049_AI_0208"},"geometry":{"type":"MultiPolygon","coordinates":[[[[6.069613,43.240492],[6.069661,43.240487],[6.069713,43.240479],[6.069762,43.240535],[6.069745,43.240559],[6.069727,43.240582],[6.069646,43.240691],[6.069631,43.240703],[6.069622,43.240711],[6.069641,43.240723],[6.069584,43.240771],[6.069556,43.240794],[6.069513,43.240766],[6.069425,43.240706],[6.069414,43.240698],[6.069355,43.240653],[6.069384,43.240633],[6.069405,43.24062],[6.069473,43.240572],[6.069583,43.240497],[6.069583,43.240496],[6.069613,43.240492]]]]}},{"type":"Feature","properties":{"numero":"0209","section":"AE","code_insee":"83049","id_parc":"83049_AE_0209"},"geometry":{"type":"MultiPolygon","coordinates":[[[[6.062106,43.239539],[6.062101,43.23961],[6.062039,43.239608],[6.062047,43.2395],[6.062052,43.239444],[6.061986,43.239359],[6.062008,43.239258],[6.061971,43.239254],[6.062005,43.239099],[6.062011,43.239101],[6.062112,43.239117],[6.06226,43.239139],[6.062285,43.239142],[6.062269,43.239398],[6.062114,43.239446],[6.062106,43.239539]]]]}},{"type":"Feature","properties":{"numero":"0209","section":"AH","code_insee":"83049","id_parc":"83049_AH_0209"},"geometry":{"type":"MultiPolygon","coordinates":[[[[6.062868,43.245003],[6.062887,43.244931],[6.063221,43.24498],[6.062948,43.244957],[6.062918,43.244968],[6.062868,43.245003]]]]}},{"type":"Feature","properties":{"numero":"0209","section":"AI","code_insee":"83049","id_parc":"83049_AI_0209"},"geometry":{"type":"MultiPolygon","coordinates":[[[[6.069727,43.240582],[6.069745,43.240559],[6.069762,43.240535],[6.069765,43.240538],[6.0698,43.240578],[6.069833,43.240616],[6.06984,43.240625],[6.06996,43.240765],[6.069889,43.240812],[6.069885,43.240813],[6.069848,43.240826],[6.069759,43.240845],[6.069757,43.240846],[6.069744,43.24085],[6.069731,43.240852],[6.06972,43.240853],[6.069707,43.240851],[6.069675,43.240845],[6.069644,43.240839],[6.069573,43.240805],[6.069556,43.240794],[6.069584,43.240771],[6.069641,43.240723],[6.069622,43.240711],[6.069631,43.240703],[6.069646,43.240691],[6.069727,43.240582]]]]}},{"type":"Feature","properties":{"numero":"0209","section":"0H","code_insee":"83049","id_parc":"83049_0H_0209"},"geometry":{"type":"MultiPolygon","coordinates":[[[[6.05373,43.242112],[6.053782,43.242208],[6.053789,43.242221],[6.053916,43.242431],[6.053954,43.24252],[6.054053,43.242823],[6.053867,43.242801],[6.053748,43.242783],[6.053504,43.242749],[6.053258,43.242717],[6.053191,43.242614],[6.053112,43.242427],[6.052999,43.242227],[6.052913,43.242098],[6.053208,43.242172],[6.053569,43.242141],[6.05373,43.242112]]]]}},{"type":"Feature","properties":{"numero":"0021","section":"AD","code_insee":"83049","id_parc":"83049_AD_0021"},"geometry":{"type":"MultiPolygon","coordinates":[[[[6.066089,43.240851],[6.066131,43.240885],[6.066087,43.24091],[6.066089,43.240851]]]]}},{"type":"Feature","properties":{"numero":"0021","section":"AI","code_insee":"83049","id_parc":"83049_AI_0021"},"geometry":{"type":"MultiPolygon","coordinates":[[[[6.065958,43.243397],[6.066026,43.243386],[6.066094,43.243376],[6.066124,43.243371],[6.06616,43.243357],[6.066263,43.243342],[6.066267,43.243349],[6.066276,43.243364],[6.066287,43.243382],[6.0663,43.243406],[6.066228,43.243416],[6.066151,43.243427],[6.066064,43.243439],[6.06597,43.243453],[6.065824,43.243474],[6.065817,43.243474],[6.065809,43.243472],[6.065807,43.24347],[6.0658,43.243414],[6.065792,43.243355],[6.065786,43.243316],[6.065795,43.243314],[6.065841,43.243303],[6.065852,43.243346],[6.065865,43.243394],[6.065926,43.243395],[6.065956,43.24339],[6.065958,43.243397]]]]}},{"type":"Feature","properties":{"numero":"0210","section":"AE","code_insee":"83049","id_parc":"83049_AE_0210"},"geometry":{"type":"MultiPolygon","coordinates":[[[[6.062511,43.239164],[6.062435,43.239158],[6.062285,43.239142],[6.062287,43.239116],[6.062307,43.239118],[6.062377,43.239124],[6.062508,43.239139],[6.062511,43.239164]]]]}},{"type":"Feature","properties":{"numero":"0210","section":"AI","code_insee":"83049","id_parc":"83049_AI_0210"},"geometry":{"type":"MultiPolygon","coordinates":[[[[6.070828,43.241126],[6.070812,43.241121],[6.070772,43.241105],[6.07059,43.241023],[6.0705,43.240983],[6.070373,43.240926],[6.070578,43.240986],[6.070613,43.240996],[6.070667,43.240931],[6.070725,43.240957],[6.070793,43.240988],[6.07079,43.240992],[6.070786,43.240997],[6.070784,43.241003],[6.070782,43.24101],[6.070782,43.241016],[6.070783,43.241024],[6.070784,43.241028],[6.070787,43.241035],[6.070791,43.241042],[6.070796,43.241049],[6.070804,43.241054],[6.070811,43.241059],[6.070817,43.241062],[6.070821,43.241064],[6.070827,43.241067],[6.070834,43.241069],[6.070842,43.241072],[6.070852,43.241075],[6.070863,43.241078],[6.070879,43.241081],[6.070897,43.241083],[6.070911,43.241084],[6.070924,43.241084],[6.071037,43.241081],[6.071058,43.241082],[6.07107,43.241083],[6.071082,43.241084],[6.071093,43.241085],[6.071105,43.241087],[6.071116,43.24109],[6.071126,43.241092],[6.071137,43.241095],[6.071149,43.241099],[6.071163,43.241105],[6.071171,43.241108],[6.071251,43.241144],[6.071448,43.241234],[6.071498,43.241256],[6.071644,43.241322],[6.071783,43.241385],[6.071787,43.241387],[6.071793,43.241389],[6.0718,43.241391],[6.071807,43.241393],[6.071814,43.241394],[6.071823,43.241395],[6.071828,43.241395],[6.071835,43.241395],[6.071844,43.241394],[6.071852,43.241392],[6.07186,43.241391],[6.071869,43.241388],[6.071876,43.241385],[6.071882,43.241381],[6.071889,43.241377],[6.071895,43.241373],[6.0719,43.241368],[6.071903,43.241364],[6.071911,43.241351],[6.071857,43.241472],[6.071852,43.24147],[6.071842,43.241467],[6.071829,43.241463],[6.071815,43.241459],[6.071799,43.241454],[6.071775,43.241445],[6.071675,43.2414],[6.071458,43.241302],[6.07143,43.241289],[6.07121,43.241189],[6.071133,43.241154],[6.07112,43.241149],[6.07111,43.241146],[6.071099,43.241142],[6.071081,43.241139],[6.071084,43.241184],[6.07096,43.241182],[6.070958,43.241137],[6.070931,43.241138],[6.070921,43.241138],[6.070906,43.241138],[6.070887,43.241137],[6.070874,43.241135],[6.070866,43.241134],[6.070828,43.241126]]]]}},{"type":"Feature","properties":{"numero":"0210","section":"0H","code_insee":"83049","id_parc":"83049_0H_0210"},"geometry":{"type":"MultiPolygon","coordinates":[[[[6.053208,43.242172],[6.052913,43.242098],[6.052808,43.241914],[6.052647,43.241506],[6.052681,43.241497],[6.053077,43.241458],[6.053323,43.241466],[6.053464,43.241465],[6.053651,43.241893],[6.053751,43.242108],[6.05373,43.242112],[6.053569,43.242141],[6.053208,43.242172]]]]}},{"type":"Feature","properties":{"numero":"0211","section":"AC","code_insee":"83049","id_parc":"83049_AC_0211"},"geometry":{"type":"MultiPolygon","coordinates":[[[[6.068933,43.240108],[6.068885,43.240099],[6.068889,43.240087],[6.068937,43.240095],[6.068933,43.240108]]]]}},{"type":"Feature","properties":{"numero":"0211","section":"AE","code_insee":"83049","id_parc":"83049_AE_0211"},"geometry":{"type":"MultiPolygon","coordinates":[[[[6.062457,43.24061],[6.062427,43.240708],[6.062225,43.240727],[6.062188,43.240688],[6.062186,43.240681],[6.062229,43.240669],[6.062266,43.240659],[6.062457,43.24061]]]]}},{"type":"Feature","properties":{"numero":"0211","section":"0H","code_insee":"83049","id_parc":"83049_0H_0211"},"geometry":{"type":"MultiPolygon","coordinates":[[[[6.051926,43.241688],[6.051874,43.241627],[6.051863,43.241605],[6.051935,43.241604],[6.052225,43.241573],[6.052595,43.241519],[6.052647,43.241506],[6.052808,43.241914],[6.052651,43.241909],[6.052339,43.241923],[6.052078,43.241958],[6.052002,43.241869],[6.051926,43.241688]]]]}},{"type":"Feature","properties":{"numero":"2110","section":"0C","code_insee":"83049","id_parc":"83049_0C_2110"},"geometry":{"type":"MultiPolygon","coordinates":[[[[6.069805,43.249591],[6.069753,43.249598],[6.069837,43.249162],[6.069871,43.249168],[6.069873,43.249207],[6.069855,43.249351],[6.069842,43.249408],[6.069825,43.249464],[6.06982,43.249478],[6.069805,43.249591]]]]}},{"type":"Feature","properties":{"numero":"2111","section":"0C","code_insee":"83049","id_parc":"83049_0C_2111"},"geometry":{"type":"MultiPolygon","coordinates":[[[[6.069753,43.249598],[6.069203,43.249724],[6.069075,43.24961],[6.069208,43.249052],[6.069837,43.249162],[6.069753,43.249598]]]]}},{"type":"Feature","properties":{"numero":"2113","section":"0C","code_insee":"83049","id_parc":"83049_0C_2113"},"geometry":{"type":"MultiPolygon","coordinates":[[[[6.069912,43.249081],[6.06992,43.249039],[6.069958,43.249056],[6.070216,43.249174],[6.070264,43.249193],[6.07032,43.249215],[6.070766,43.249392],[6.070746,43.2494],[6.069963,43.249572],[6.069913,43.249563],[6.069964,43.249098],[6.069912,43.249081]]]]}},{"type":"Feature","properties":{"numero":"0212","section":"AC","code_insee":"83049","id_parc":"83049_AC_0212"},"geometry":{"type":"MultiPolygon","coordinates":[[[[6.069005,43.240107],[6.069213,43.240023],[6.069242,43.240029],[6.069008,43.240122],[6.068933,43.240108],[6.068937,43.240095],[6.069005,43.240107]]]]}},{"type":"Feature","properties":{"numero":"0212","section":"AE","code_insee":"83049","id_parc":"83049_AE_0212"},"geometry":{"type":"MultiPolygon","coordinates":[[[[6.062188,43.240688],[6.062114,43.240687],[6.062111,43.240687],[6.061976,43.240687],[6.06196,43.240634],[6.061934,43.240627],[6.061922,43.24057],[6.061915,43.240527],[6.061826,43.240548],[6.061758,43.240558],[6.061633,43.240576],[6.061623,43.240581],[6.061608,43.240584],[6.061587,43.240634],[6.06147,43.240656],[6.061491,43.2406],[6.061546,43.240589],[6.061609,43.240579],[6.061612,43.240577],[6.061621,43.240573],[6.061621,43.240571],[6.061668,43.240562],[6.061684,43.240554],[6.061695,43.240562],[6.061754,43.240551],[6.06178,43.240544],[6.06179,43.240543],[6.061822,43.240541],[6.061851,43.240532],[6.061924,43.240517],[6.061925,43.240521],[6.061934,43.24057],[6.061945,43.240622],[6.061971,43.240629],[6.061986,43.240679],[6.062114,43.240679],[6.062186,43.240681],[6.062188,43.240688]]]]}},{"type":"Feature","properties":{"numero":"0212","section":"0H","code_insee":"83049","id_parc":"83049_0H_0212"},"geometry":{"type":"MultiPolygon","coordinates":[[[[6.052787,43.242525],[6.052652,43.242473],[6.052286,43.242364],[6.052247,43.242292],[6.052202,43.242238],[6.052103,43.24206],[6.052078,43.241958],[6.052339,43.241923],[6.052651,43.241909],[6.052808,43.241914],[6.052913,43.242098],[6.052999,43.242227],[6.053112,43.242427],[6.053191,43.242614],[6.053258,43.242717],[6.053043,43.242641],[6.052787,43.242525]]]]}},{"type":"Feature","properties":{"numero":"2121","section":"0C","code_insee":"83049","id_parc":"83049_0C_2121"},"geometry":{"type":"MultiPolygon","coordinates":[[[[6.064342,43.25702],[6.064679,43.257153],[6.064958,43.257233],[6.064995,43.258163],[6.064515,43.258134],[6.064388,43.258131],[6.064383,43.258094],[6.064137,43.257559],[6.063895,43.257023],[6.063807,43.256825],[6.064022,43.256907],[6.064132,43.25696],[6.064342,43.25702]]]]}},{"type":"Feature","properties":{"numero":"2123","section":"0C","code_insee":"83049","id_parc":"83049_0C_2123"},"geometry":{"type":"MultiPolygon","coordinates":[[[[6.06457,43.258832],[6.064485,43.258506],[6.066899,43.258267],[6.066918,43.258377],[6.066709,43.258398],[6.066478,43.258475],[6.066284,43.258505],[6.065717,43.258634],[6.065195,43.258709],[6.065063,43.258736],[6.064858,43.258776],[6.064651,43.258813],[6.06457,43.258832]]]]}},{"type":"Feature","properties":{"numero":"2125","section":"0C","code_insee":"83049","id_parc":"83049_0C_2125"},"geometry":{"type":"MultiPolygon","coordinates":[[[[6.066413,43.258183],[6.0667,43.258171],[6.066882,43.258165],[6.066899,43.258267],[6.064485,43.258506],[6.064388,43.258131],[6.064515,43.258134],[6.064995,43.258163],[6.06517,43.258168],[6.065818,43.258212],[6.066058,43.258187],[6.066126,43.258198],[6.066413,43.258183]]]]}},{"type":"Feature","properties":{"numero":"2127","section":"0C","code_insee":"83049","id_parc":"83049_0C_2127"},"geometry":{"type":"MultiPolygon","coordinates":[[[[6.066478,43.258475],[6.066709,43.258398],[6.066918,43.258377],[6.067147,43.258366],[6.067376,43.258419],[6.067595,43.258443],[6.06769,43.258435],[6.067873,43.258436],[6.068018,43.258882],[6.068157,43.258968],[6.068408,43.259146],[6.068476,43.259353],[6.067986,43.259524],[6.067586,43.259667],[6.067189,43.259813],[6.066988,43.259896],[6.066883,43.259946],[6.06678,43.260012],[6.066759,43.260016],[6.066718,43.260024],[6.066679,43.260035],[6.066527,43.260063],[6.066211,43.260208],[6.066122,43.260238],[6.06584,43.260306],[6.06574,43.260356],[6.065675,43.260376],[6.065598,43.260214],[6.06573,43.260094],[6.065776,43.259961],[6.06583,43.259543],[6.065737,43.259317],[6.065604,43.259179],[6.065697,43.259162],[6.065805,43.259115],[6.065873,43.259108],[6.065962,43.259087],[6.06608,43.259071],[6.066206,43.259061],[6.066619,43.258927],[6.066348,43.258589],[6.066284,43.258505],[6.066478,43.258475]]]]}},{"type":"Feature","properties":{"numero":"2129","section":"0C","code_insee":"83049","id_parc":"83049_0C_2129"},"geometry":{"type":"MultiPolygon","coordinates":[[[[6.065805,43.259115],[6.065697,43.259162],[6.065604,43.259179],[6.065559,43.259135],[6.065228,43.259098],[6.064901,43.259188],[6.06457,43.258832],[6.064651,43.258813],[6.064858,43.258776],[6.065063,43.258736],[6.065195,43.258709],[6.065717,43.258634],[6.066284,43.258505],[6.066348,43.258589],[6.066619,43.258927],[6.066206,43.259061],[6.06608,43.259071],[6.065962,43.259087],[6.065873,43.259108],[6.065805,43.259115]]]]}},{"type":"Feature","properties":{"numero":"0213","section":"AC","code_insee":"83049","id_parc":"83049_AC_0213"},"geometry":{"type":"MultiPolygon","coordinates":[[[[6.068896,43.239925],[6.068892,43.23992],[6.068883,43.239916],[6.068908,43.23992],[6.068973,43.239931],[6.068992,43.239934],[6.068977,43.239979],[6.068954,43.240045],[6.068937,43.240095],[6.068889,43.240087],[6.068906,43.240037],[6.068865,43.240029],[6.068888,43.239963],[6.06889,43.239963],[6.068899,43.239937],[6.068899,43.239931],[6.068896,43.239925]]]]}},{"type":"Feature","properties":{"numero":"0213","section":"AE","code_insee":"83049","id_parc":"83049_AE_0213"},"geometry":{"type":"MultiPolygon","coordinates":[[[[6.06196,43.240634],[6.061976,43.240687],[6.062111,43.240687],[6.062129,43.240744],[6.062082,43.240752],[6.062098,43.240793],[6.061948,43.240826],[6.061917,43.240846],[6.061889,43.24087],[6.061879,43.240877],[6.061819,43.240963],[6.061798,43.241017],[6.061778,43.24107],[6.061733,43.241168],[6.061644,43.24136],[6.061578,43.24138],[6.061362,43.241323],[6.061394,43.241264],[6.061341,43.241203],[6.061245,43.241177],[6.06126,43.241148],[6.061284,43.241086],[6.061297,43.241058],[6.061314,43.241025],[6.061342,43.240959],[6.06137,43.2409],[6.061383,43.24087],[6.061428,43.240769],[6.06147,43.240656],[6.061587,43.240634],[6.061608,43.240584],[6.061623,43.240581],[6.061633,43.240576],[6.061758,43.240558],[6.061826,43.240548],[6.061915,43.240527],[6.061922,43.24057],[6.061934,43.240627],[6.06196,43.240634]]]]}},{"type":"Feature","properties":{"numero":"0213","section":"0H","code_insee":"83049","id_parc":"83049_0H_0213"},"geometry":{"type":"MultiPolygon","coordinates":[[[[6.05237,43.24263],[6.052329,43.242521],[6.052286,43.242364],[6.052652,43.242473],[6.052787,43.242525],[6.053043,43.242641],[6.053258,43.242717],[6.053278,43.242766],[6.053412,43.243171],[6.053521,43.243417],[6.053587,43.243594],[6.05349,43.2436],[6.053156,43.243532],[6.05272,43.243472],[6.052693,43.243382],[6.052644,43.243262],[6.052595,43.243152],[6.052549,43.24309],[6.052529,43.242994],[6.05237,43.24263]]]]}},{"type":"Feature","properties":{"numero":"0214","section":"AC","code_insee":"83049","id_parc":"83049_AC_0214"},"geometry":{"type":"MultiPolygon","coordinates":[[[[6.069731,43.239074],[6.069719,43.239081],[6.069631,43.239115],[6.069575,43.239044],[6.069744,43.238956],[6.069812,43.239026],[6.069816,43.23903],[6.069731,43.239074]]]]}},{"type":"Feature","properties":{"numero":"0214","section":"AE","code_insee":"83049","id_parc":"83049_AE_0214"},"geometry":{"type":"MultiPolygon","coordinates":[[[[6.062188,43.240688],[6.062225,43.240727],[6.062129,43.240744],[6.062111,43.240687],[6.062114,43.240687],[6.062188,43.240688]]]]}},{"type":"Feature","properties":{"numero":"0214","section":"0H","code_insee":"83049","id_parc":"83049_0H_0214"},"geometry":{"type":"MultiPolygon","coordinates":[[[[6.052762,43.243646],[6.052739,43.243559],[6.05272,43.243472],[6.053156,43.243532],[6.05349,43.2436],[6.053587,43.243594],[6.053654,43.243698],[6.053696,43.243771],[6.053752,43.243935],[6.053854,43.244073],[6.05413,43.244475],[6.054227,43.244682],[6.054245,43.244743],[6.05418,43.244737],[6.054068,43.244835],[6.053843,43.244865],[6.053678,43.244735],[6.053615,43.244646],[6.053469,43.244543],[6.053414,43.244485],[6.053278,43.244384],[6.053022,43.244138],[6.05293,43.243997],[6.052808,43.243785],[6.052789,43.243733],[6.052762,43.243646]]]]}},{"type":"Feature","properties":{"numero":"0215","section":"AC","code_insee":"83049","id_parc":"83049_AC_0215"},"geometry":{"type":"MultiPolygon","coordinates":[[[[6.069674,43.23917],[6.069632,43.239117],[6.069631,43.239115],[6.069719,43.239081],[6.069758,43.239131],[6.069761,43.239134],[6.069674,43.23917]]]]}},{"type":"Feature","properties":{"numero":"0215","section":"0H","code_insee":"83049","id_parc":"83049_0H_0215"},"geometry":{"type":"MultiPolygon","coordinates":[[[[6.053843,43.244865],[6.053764,43.244872],[6.053593,43.244878],[6.053547,43.244766],[6.053504,43.244716],[6.052914,43.244362],[6.052661,43.244173],[6.05255,43.244084],[6.052518,43.244044],[6.052272,43.243509],[6.052191,43.243315],[6.052123,43.243045],[6.052081,43.242999],[6.052071,43.242976],[6.052046,43.242802],[6.051964,43.242567],[6.051873,43.242341],[6.051819,43.242231],[6.051782,43.242123],[6.051735,43.242031],[6.051682,43.24192],[6.051634,43.241808],[6.05152,43.241653],[6.051623,43.241619],[6.051732,43.241607],[6.051863,43.241605],[6.051874,43.241627],[6.051926,43.241688],[6.052002,43.241869],[6.052078,43.241958],[6.052103,43.24206],[6.052202,43.242238],[6.052247,43.242292],[6.052286,43.242364],[6.052329,43.242521],[6.05237,43.24263],[6.052529,43.242994],[6.052549,43.24309],[6.052595,43.243152],[6.052644,43.243262],[6.052693,43.243382],[6.05272,43.243472],[6.052739,43.243559],[6.052762,43.243646],[6.052789,43.243733],[6.052808,43.243785],[6.05293,43.243997],[6.053022,43.244138],[6.053278,43.244384],[6.053414,43.244485],[6.053469,43.244543],[6.053615,43.244646],[6.053678,43.244735],[6.053843,43.244865]]]]}},{"type":"Feature","properties":{"numero":"0216","section":"AC","code_insee":"83049","id_parc":"83049_AC_0216"},"geometry":{"type":"MultiPolygon","coordinates":[[[[6.069197,43.238636],[6.069231,43.238599],[6.069245,43.238586],[6.069356,43.238695],[6.069471,43.238807],[6.069489,43.238794],[6.06952,43.238823],[6.069458,43.238856],[6.069467,43.238865],[6.069406,43.238898],[6.0694,43.238891],[6.069392,43.238883],[6.069324,43.238919],[6.069264,43.238952],[6.069228,43.238971],[6.069203,43.238984],[6.069201,43.238985],[6.069167,43.238942],[6.069158,43.23893],[6.069123,43.238882],[6.069074,43.238816],[6.069062,43.238798],[6.069058,43.238792],[6.069057,43.238787],[6.069058,43.238782],[6.06906,43.238776],[6.069064,43.23877],[6.069106,43.238728],[6.069171,43.238663],[6.069197,43.238636]]]]}},{"type":"Feature","properties":{"numero":"0216","section":"0H","code_insee":"83049","id_parc":"83049_0H_0216"},"geometry":{"type":"MultiPolygon","coordinates":[[[[6.051583,43.242695],[6.051581,43.242685],[6.051556,43.242655],[6.051683,43.242622],[6.051828,43.2426],[6.051964,43.242567],[6.052046,43.242802],[6.052071,43.242976],[6.052081,43.242999],[6.052123,43.243045],[6.052191,43.243315],[6.052272,43.243509],[6.052518,43.244044],[6.05255,43.244084],[6.052661,43.244173],[6.052914,43.244362],[6.053504,43.244716],[6.053547,43.244766],[6.053593,43.244878],[6.053565,43.244879],[6.053486,43.244859],[6.05299,43.245021],[6.052832,43.245067],[6.052438,43.244396],[6.052154,43.243836],[6.052105,43.243702],[6.052053,43.243626],[6.052019,43.243624],[6.051984,43.243533],[6.051934,43.243454],[6.051805,43.243116],[6.051738,43.24297],[6.051618,43.242811],[6.051583,43.242695]]]]}},{"type":"Feature","properties":{"numero":"0217","section":"AC","code_insee":"83049","id_parc":"83049_AC_0217"},"geometry":{"type":"MultiPolygon","coordinates":[[[[6.069624,43.238717],[6.069562,43.238752],[6.069489,43.238794],[6.069471,43.238807],[6.069356,43.238695],[6.069515,43.238608],[6.069585,43.238679],[6.069624,43.238717]]]]}},{"type":"Feature","properties":{"numero":"0217","section":"0H","code_insee":"83049","id_parc":"83049_0H_0217"},"geometry":{"type":"MultiPolygon","coordinates":[[[[6.051828,43.2426],[6.051683,43.242622],[6.051556,43.242655],[6.05152,43.242611],[6.051447,43.242383],[6.051419,43.242323],[6.051138,43.24183],[6.05114,43.241759],[6.051374,43.2417],[6.05152,43.241653],[6.051634,43.241808],[6.051682,43.24192],[6.051735,43.242031],[6.051782,43.242123],[6.051819,43.242231],[6.051873,43.242341],[6.051964,43.242567],[6.051828,43.2426]]]]}},{"type":"Feature","properties":{"numero":"0218","section":"AC","code_insee":"83049","id_parc":"83049_AC_0218"},"geometry":{"type":"MultiPolygon","coordinates":[[[[6.069515,43.238608],[6.069356,43.238695],[6.069245,43.238586],[6.06925,43.238581],[6.069275,43.238559],[6.069285,43.238552],[6.069333,43.238521],[6.0694,43.238489],[6.069515,43.238608]]]]}},{"type":"Feature","properties":{"numero":"0218","section":"0H","code_insee":"83049","id_parc":"83049_0H_0218"},"geometry":{"type":"MultiPolygon","coordinates":[[[[6.051447,43.242383],[6.05152,43.242611],[6.051556,43.242655],[6.051581,43.242685],[6.051583,43.242695],[6.05126,43.24279],[6.051182,43.242675],[6.050979,43.24228],[6.050629,43.242356],[6.0504,43.2419],[6.050395,43.241849],[6.050613,43.241826],[6.05083,43.241801],[6.051047,43.241773],[6.05114,43.241759],[6.051138,43.24183],[6.051419,43.242323],[6.051447,43.242383]]]]}},{"type":"Feature","properties":{"numero":"0219","section":"0H","code_insee":"83049","id_parc":"83049_0H_0219"},"geometry":{"type":"MultiPolygon","coordinates":[[[[6.050239,43.242154],[6.050154,43.241929],[6.050149,43.241875],[6.050395,43.241849],[6.0504,43.2419],[6.050629,43.242356],[6.050384,43.242426],[6.050239,43.242154]]]]}},{"type":"Feature","properties":{"numero":"0022","section":"AC","code_insee":"83049","id_parc":"83049_AC_0022"},"geometry":{"type":"MultiPolygon","coordinates":[[[[6.068086,43.238096],[6.068043,43.238022],[6.068107,43.237995],[6.068169,43.238074],[6.068178,43.238086],[6.068243,43.238167],[6.068279,43.238213],[6.068204,43.238244],[6.06816,43.23819],[6.068103,43.238118],[6.068086,43.238096]]]]}},{"type":"Feature","properties":{"numero":"0022","section":"AH","code_insee":"83049","id_parc":"83049_AH_0022"},"geometry":{"type":"MultiPolygon","coordinates":[[[[6.058036,43.246516],[6.058183,43.246545],[6.058167,43.246584],[6.058116,43.246708],[6.058082,43.246709],[6.057969,43.246712],[6.057868,43.246738],[6.05779,43.246755],[6.057697,43.246782],[6.057604,43.24682],[6.057481,43.246871],[6.057399,43.246931],[6.057327,43.246981],[6.057251,43.247012],[6.057222,43.24698],[6.057215,43.246967],[6.057225,43.246905],[6.057246,43.246859],[6.057284,43.24678],[6.057329,43.246697],[6.057379,43.246581],[6.057414,43.246529],[6.057433,43.246441],[6.057443,43.246401],[6.05766,43.246443],[6.057824,43.246475],[6.058036,43.246516]]]]}},{"type":"Feature","properties":{"numero":"0022","section":"AI","code_insee":"83049","id_parc":"83049_AI_0022"},"geometry":{"type":"MultiPolygon","coordinates":[[[[6.065841,43.243303],[6.065865,43.243298],[6.065927,43.243283],[6.065939,43.243327],[6.065941,43.243334],[6.065954,43.243382],[6.065955,43.243388],[6.065956,43.24339],[6.065926,43.243395],[6.065865,43.243394],[6.065852,43.243346],[6.065841,43.243303]]]]}},{"type":"Feature","properties":{"numero":"0220","section":"0H","code_insee":"83049","id_parc":"83049_0H_0220"},"geometry":{"type":"MultiPolygon","coordinates":[[[[6.050454,43.242635],[6.050429,43.242533],[6.050384,43.242426],[6.050629,43.242356],[6.050942,43.242941],[6.050909,43.242953],[6.051072,43.243238],[6.050802,43.243376],[6.050691,43.243197],[6.050625,43.243213],[6.050518,43.242762],[6.050454,43.242635]]]]}},{"type":"Feature","properties":{"numero":"0220","section":"0A","code_insee":"83049","id_parc":"83049_0A_0220"},"geometry":{"type":"MultiPolygon","coordinates":[[[[6.053749,43.259047],[6.053556,43.258961],[6.053229,43.258797],[6.053494,43.258671],[6.053613,43.258742],[6.053716,43.258792],[6.053793,43.258828],[6.05397,43.258898],[6.054125,43.258952],[6.054264,43.25899],[6.054366,43.259016],[6.054421,43.259034],[6.054472,43.259054],[6.05471,43.259148],[6.054817,43.259185],[6.055005,43.259262],[6.055127,43.259305],[6.055318,43.259367],[6.05552,43.259434],[6.055625,43.25947],[6.055854,43.259556],[6.055838,43.259572],[6.055688,43.259713],[6.055247,43.259565],[6.05399,43.259145],[6.053749,43.259047]]]]}},{"type":"Feature","properties":{"numero":"0221","section":"0H","code_insee":"83049","id_parc":"83049_0H_0221"},"geometry":{"type":"MultiPolygon","coordinates":[[[[6.05128,43.242821],[6.050942,43.242941],[6.050629,43.242356],[6.050979,43.24228],[6.051182,43.242675],[6.05126,43.24279],[6.05128,43.242821]]]]}},{"type":"Feature","properties":{"numero":"0221","section":"0A","code_insee":"83049","id_parc":"83049_0A_0221"},"geometry":{"type":"MultiPolygon","coordinates":[[[[6.055295,43.260142],[6.055469,43.259975],[6.055132,43.259836],[6.055198,43.259762],[6.055143,43.259725],[6.055247,43.259565],[6.055688,43.259713],[6.055838,43.259572],[6.055854,43.259556],[6.055931,43.259585],[6.056042,43.259624],[6.056315,43.259691],[6.056449,43.259744],[6.056431,43.259759],[6.056297,43.259842],[6.056053,43.260013],[6.055991,43.260051],[6.055944,43.26009],[6.055903,43.26012],[6.055861,43.260154],[6.055625,43.260304],[6.055348,43.260175],[6.055295,43.260142]]]]}},{"type":"Feature","properties":{"numero":"0222","section":"0A","code_insee":"83049","id_parc":"83049_0A_0222"},"geometry":{"type":"MultiPolygon","coordinates":[[[[6.053626,43.259186],[6.053004,43.258891],[6.053229,43.258797],[6.053556,43.258961],[6.053749,43.259047],[6.05399,43.259145],[6.055247,43.259565],[6.055143,43.259725],[6.055198,43.259762],[6.055132,43.259836],[6.054616,43.259573],[6.054421,43.259494],[6.054315,43.259462],[6.053626,43.259186]]]]}},{"type":"Feature","properties":{"numero":"0223","section":"0H","code_insee":"83049","id_parc":"83049_0H_0223"},"geometry":{"type":"MultiPolygon","coordinates":[[[[6.051475,43.243223],[6.051602,43.243471],[6.051708,43.243685],[6.051734,43.243817],[6.051441,43.243915],[6.051374,43.243762],[6.051238,43.24353],[6.051105,43.243297],[6.051072,43.243238],[6.050909,43.242953],[6.050942,43.242941],[6.05128,43.242821],[6.051345,43.242976],[6.051475,43.243223]]]]}},{"type":"Feature","properties":{"numero":"0223","section":"0A","code_insee":"83049","id_parc":"83049_0A_0223"},"geometry":{"type":"MultiPolygon","coordinates":[[[[6.052629,43.259071],[6.052783,43.258976],[6.053004,43.258891],[6.053626,43.259186],[6.05351,43.259338],[6.053432,43.259312],[6.053121,43.259163],[6.053017,43.2593],[6.053002,43.259329],[6.053143,43.259338],[6.053176,43.259338],[6.05322,43.259344],[6.053262,43.259355],[6.053301,43.259372],[6.053279,43.259469],[6.053069,43.259458],[6.053059,43.259459],[6.053027,43.259466],[6.052999,43.259479],[6.052976,43.259496],[6.05296,43.259517],[6.052909,43.259662],[6.052588,43.259534],[6.052272,43.2594],[6.05215,43.259347],[6.052392,43.259212],[6.052629,43.259071]]]]}},{"type":"Feature","properties":{"numero":"0224","section":"0H","code_insee":"83049","id_parc":"83049_0H_0224"},"geometry":{"type":"MultiPolygon","coordinates":[[[[6.050946,43.243728],[6.050889,43.243515],[6.050802,43.243376],[6.051072,43.243238],[6.051105,43.243297],[6.051238,43.24353],[6.051374,43.243762],[6.051441,43.243915],[6.051734,43.243817],[6.051708,43.243685],[6.051838,43.243669],[6.052019,43.243624],[6.052053,43.243626],[6.052105,43.243702],[6.052154,43.243836],[6.052438,43.244396],[6.052832,43.245067],[6.052582,43.245129],[6.052413,43.245189],[6.052242,43.245245],[6.052035,43.245309],[6.051984,43.24522],[6.051954,43.245138],[6.051869,43.244994],[6.05184,43.244903],[6.051823,43.244774],[6.051761,43.244594],[6.051717,43.244491],[6.051656,43.244383],[6.051311,43.244419],[6.051284,43.244459],[6.051222,43.244471],[6.051213,43.244406],[6.051201,43.244319],[6.051137,43.244024],[6.051093,43.243892],[6.05101,43.24376],[6.050946,43.243728]]]]}},{"type":"Feature","properties":{"numero":"0224","section":"0A","code_insee":"83049","id_parc":"83049_0A_0224"},"geometry":{"type":"MultiPolygon","coordinates":[[[[6.053083,43.259738],[6.053003,43.2597],[6.052909,43.259662],[6.05296,43.259517],[6.052976,43.259496],[6.052999,43.259479],[6.053027,43.259466],[6.053059,43.259459],[6.053069,43.259458],[6.053279,43.259469],[6.053301,43.259372],[6.053262,43.259355],[6.05322,43.259344],[6.053176,43.259338],[6.053143,43.259338],[6.053002,43.259329],[6.053017,43.2593],[6.053121,43.259163],[6.053432,43.259312],[6.05351,43.259338],[6.053626,43.259186],[6.054315,43.259462],[6.054421,43.259494],[6.054616,43.259573],[6.055132,43.259836],[6.055469,43.259975],[6.055295,43.260142],[6.055348,43.260175],[6.055625,43.260304],[6.055446,43.260418],[6.055347,43.260464],[6.05533,43.260476],[6.055298,43.260499],[6.055264,43.260525],[6.055227,43.260549],[6.055169,43.260587],[6.055091,43.260634],[6.055031,43.260695],[6.054846,43.260586],[6.054667,43.260489],[6.054142,43.260262],[6.053904,43.260166],[6.053842,43.260213],[6.053611,43.260044],[6.05347,43.259955],[6.053384,43.259926],[6.053292,43.259862],[6.053083,43.259738]]]]}},{"type":"Feature","properties":{"numero":"0225","section":"0H","code_insee":"83049","id_parc":"83049_0H_0225"},"geometry":{"type":"MultiPolygon","coordinates":[[[[6.05184,43.244903],[6.051869,43.244994],[6.051387,43.244959],[6.051222,43.244471],[6.051284,43.244459],[6.051311,43.244419],[6.051656,43.244383],[6.051717,43.244491],[6.051761,43.244594],[6.051823,43.244774],[6.05184,43.244903]]]]}},{"type":"Feature","properties":{"numero":"0225","section":"0A","code_insee":"83049","id_parc":"83049_0A_0225"},"geometry":{"type":"MultiPolygon","coordinates":[[[[6.052754,43.260532],[6.052552,43.260324],[6.053083,43.259738],[6.053292,43.259862],[6.053384,43.259926],[6.05347,43.259955],[6.053611,43.260044],[6.053842,43.260213],[6.053647,43.260386],[6.053562,43.260488],[6.05345,43.260614],[6.053331,43.260735],[6.053204,43.260853],[6.053025,43.260761],[6.052754,43.260532]]]]}},{"type":"Feature","properties":{"numero":"0226","section":"0H","code_insee":"83049","id_parc":"83049_0H_0226"},"geometry":{"type":"MultiPolygon","coordinates":[[[[6.051984,43.24522],[6.052035,43.245309],[6.051537,43.245453],[6.051429,43.245142],[6.051387,43.244959],[6.051869,43.244994],[6.051954,43.245138],[6.051984,43.24522]]]]}},{"type":"Feature","properties":{"numero":"0228","section":"0H","code_insee":"83049","id_parc":"83049_0H_0228"},"geometry":{"type":"MultiPolygon","coordinates":[[[[6.047684,43.245225],[6.047599,43.245061],[6.049852,43.244579],[6.049935,43.244775],[6.049826,43.244823],[6.049687,43.244902],[6.049577,43.244968],[6.049378,43.245143],[6.04913,43.245438],[6.049023,43.245537],[6.04894,43.245633],[6.048843,43.245673],[6.048828,43.245662],[6.04877,43.245681],[6.048676,43.24569],[6.048431,43.245675],[6.048296,43.245656],[6.048176,43.245623],[6.048045,43.245583],[6.047966,43.245536],[6.047888,43.245471],[6.047764,43.245345],[6.047684,43.245225]]]]}},{"type":"Feature","properties":{"numero":"0229","section":"0H","code_insee":"83049","id_parc":"83049_0H_0229"},"geometry":{"type":"MultiPolygon","coordinates":[[[[6.049712,43.244299],[6.049819,43.244514],[6.049852,43.244579],[6.047599,43.245061],[6.047484,43.244818],[6.047396,43.244601],[6.047329,43.244428],[6.04729,43.24426],[6.047282,43.244245],[6.047144,43.243988],[6.047255,43.243988],[6.047367,43.24399],[6.047478,43.243996],[6.047521,43.243999],[6.047691,43.244023],[6.047762,43.244041],[6.047782,43.244032],[6.047827,43.244048],[6.048105,43.244071],[6.048207,43.244028],[6.048161,43.243806],[6.04825,43.243771],[6.048388,43.243762],[6.048491,43.243739],[6.048603,43.243693],[6.049019,43.243612],[6.049198,43.243535],[6.049318,43.243509],[6.04946,43.243709],[6.049521,43.243829],[6.049583,43.24399],[6.049609,43.244083],[6.049712,43.244299]]]]}},{"type":"Feature","properties":{"numero":"0023","section":"AC","code_insee":"83049","id_parc":"83049_AC_0023"},"geometry":{"type":"MultiPolygon","coordinates":[[[[6.068178,43.238086],[6.068169,43.238074],[6.068107,43.237995],[6.068181,43.237963],[6.068252,43.238052],[6.068269,43.238075],[6.068311,43.238128],[6.068317,43.238136],[6.068353,43.238181],[6.068279,43.238213],[6.068243,43.238167],[6.068178,43.238086]]]]}},{"type":"Feature","properties":{"numero":"0023","section":"AD","code_insee":"83049","id_parc":"83049_AD_0023"},"geometry":{"type":"MultiPolygon","coordinates":[[[[6.06618,43.240924],[6.066131,43.240885],[6.066089,43.240851],[6.066172,43.240775],[6.066174,43.240774],[6.066226,43.240806],[6.06624,43.240814],[6.066274,43.240835],[6.066354,43.240883],[6.0664,43.240912],[6.066401,43.240915],[6.066347,43.240954],[6.066257,43.240985],[6.066247,43.240977],[6.066208,43.240946],[6.06618,43.240924]]]]}},{"type":"Feature","properties":{"numero":"0023","section":"AH","code_insee":"83049","id_parc":"83049_AH_0023"},"geometry":{"type":"MultiPolygon","coordinates":[[[[6.057422,43.247119],[6.057306,43.247041],[6.057297,43.247034],[6.057357,43.24701],[6.057434,43.246957],[6.057511,43.2469],[6.057628,43.246851],[6.057718,43.246815],[6.057807,43.246789],[6.057884,43.246772],[6.057979,43.246748],[6.058085,43.246744],[6.058198,43.246748],[6.058184,43.246772],[6.058119,43.246879],[6.058163,43.246906],[6.058177,43.246915],[6.058206,43.246988],[6.058049,43.247042],[6.058014,43.247051],[6.05796,43.247073],[6.057904,43.247128],[6.05783,43.247188],[6.057704,43.247254],[6.057603,43.247226],[6.057512,43.247171],[6.057422,43.247119]]]]}},{"type":"Feature","properties":{"numero":"0023","section":"AI","code_insee":"83049","id_parc":"83049_AI_0023"},"geometry":{"type":"MultiPolygon","coordinates":[[[[6.065939,43.243327],[6.065927,43.243283],[6.065994,43.243266],[6.066007,43.243317],[6.066024,43.243377],[6.066026,43.243386],[6.065958,43.243397],[6.065956,43.24339],[6.065955,43.243388],[6.065954,43.243382],[6.065941,43.243334],[6.065939,43.243327]]]]}},{"type":"Feature","properties":{"numero":"0230","section":"0H","code_insee":"83049","id_parc":"83049_0H_0230"},"geometry":{"type":"MultiPolygon","coordinates":[[[[6.049692,43.243989],[6.049617,43.243989],[6.049583,43.24399],[6.049521,43.243829],[6.04946,43.243709],[6.049318,43.243509],[6.049337,43.243505],[6.049377,43.243487],[6.049616,43.243429],[6.049777,43.243373],[6.049943,43.24334],[6.049973,43.243569],[6.050098,43.244021],[6.049941,43.244027],[6.04988,43.244006],[6.049806,43.244007],[6.049767,43.243991],[6.049692,43.243989]]]]}},{"type":"Feature","properties":{"numero":"0231","section":"0H","code_insee":"83049","id_parc":"83049_0H_0231"},"geometry":{"type":"MultiPolygon","coordinates":[[[[6.049996,43.244747],[6.049935,43.244775],[6.049852,43.244579],[6.049819,43.244514],[6.049712,43.244299],[6.049609,43.244083],[6.049583,43.24399],[6.049617,43.243989],[6.049692,43.243989],[6.049767,43.243991],[6.049806,43.244007],[6.04988,43.244006],[6.049941,43.244027],[6.050098,43.244021],[6.049973,43.243569],[6.049943,43.24334],[6.049777,43.243373],[6.049616,43.243429],[6.049377,43.243487],[6.04928,43.243248],[6.049228,43.242999],[6.048395,43.243219],[6.048345,43.243243],[6.048255,43.24324],[6.048162,43.243272],[6.048237,43.24307],[6.048246,43.24297],[6.048282,43.242859],[6.04843,43.242535],[6.048436,43.242492],[6.048416,43.242427],[6.048485,43.24241],[6.048573,43.242364],[6.048634,43.242319],[6.048693,43.242272],[6.048728,43.242241],[6.048803,43.242189],[6.04894,43.242114],[6.0492,43.242011],[6.04929,43.241994],[6.049381,43.241979],[6.049464,43.241969],[6.04981,43.241935],[6.050149,43.241875],[6.050154,43.241929],[6.050239,43.242154],[6.050384,43.242426],[6.050429,43.242533],[6.050454,43.242635],[6.050518,43.242762],[6.050625,43.243213],[6.050691,43.243197],[6.050802,43.243376],[6.050889,43.243515],[6.050946,43.243728],[6.05101,43.24376],[6.051093,43.243892],[6.051137,43.244024],[6.051201,43.244319],[6.051213,43.244406],[6.050973,43.244462],[6.050803,43.244531],[6.049996,43.244747]]]]}},{"type":"Feature","properties":{"numero":"0232","section":"0H","code_insee":"83049","id_parc":"83049_0H_0232"},"geometry":{"type":"MultiPolygon","coordinates":[[[[6.049228,43.242999],[6.04928,43.243248],[6.049377,43.243487],[6.049337,43.243505],[6.049318,43.243509],[6.049198,43.243535],[6.049019,43.243612],[6.048603,43.243693],[6.048491,43.243739],[6.048388,43.243762],[6.04825,43.243771],[6.048161,43.243806],[6.048133,43.243773],[6.048023,43.24378],[6.048029,43.243616],[6.048067,43.243491],[6.048083,43.243389],[6.048162,43.243272],[6.048255,43.24324],[6.048345,43.243243],[6.048395,43.243219],[6.049228,43.242999]]]]}},{"type":"Feature","properties":{"numero":"0233","section":"AK","code_insee":"83049","id_parc":"83049_AK_0233"},"geometry":{"type":"MultiPolygon","coordinates":[[[[6.071256,43.243239],[6.071152,43.24342],[6.071122,43.243474],[6.071076,43.24347],[6.070985,43.243465],[6.070912,43.243458],[6.070871,43.243453],[6.070828,43.243449],[6.070763,43.243445],[6.070722,43.24344],[6.070706,43.243437],[6.070689,43.243434],[6.070676,43.243428],[6.070651,43.243407],[6.070683,43.243385],[6.07095,43.243156],[6.071256,43.243239]]]]}},{"type":"Feature","properties":{"numero":"0233","section":"0H","code_insee":"83049","id_parc":"83049_0H_0233"},"geometry":{"type":"MultiPolygon","coordinates":[[[[6.048246,43.24297],[6.048237,43.24307],[6.048162,43.243272],[6.048083,43.243389],[6.048067,43.243491],[6.048029,43.243616],[6.048023,43.24378],[6.048133,43.243773],[6.048161,43.243806],[6.048207,43.244028],[6.048105,43.244071],[6.047827,43.244048],[6.047782,43.244032],[6.047762,43.244041],[6.047691,43.244023],[6.047521,43.243999],[6.047478,43.243996],[6.047367,43.24399],[6.047255,43.243988],[6.047144,43.243988],[6.047061,43.243842],[6.047009,43.243694],[6.046886,43.243488],[6.046653,43.243176],[6.046864,43.243086],[6.047062,43.242952],[6.04718,43.242882],[6.047247,43.242793],[6.047586,43.242699],[6.047647,43.24267],[6.047711,43.242644],[6.047785,43.242617],[6.047814,43.242583],[6.048102,43.242488],[6.048334,43.242436],[6.048416,43.242427],[6.048436,43.242492],[6.04843,43.242535],[6.048282,43.242859],[6.048246,43.24297]]]]}},{"type":"Feature","properties":{"numero":"2332","section":"0C","code_insee":"83049","id_parc":"83049_0C_2332"},"geometry":{"type":"MultiPolygon","coordinates":[[[[6.069855,43.249971],[6.070615,43.249787],[6.070599,43.249947],[6.070585,43.250081],[6.070564,43.25008],[6.070534,43.250301],[6.070392,43.250268],[6.070296,43.250224],[6.07021,43.250214],[6.07012,43.250201],[6.069973,43.250166],[6.069833,43.25013],[6.069855,43.249971]]]]}},{"type":"Feature","properties":{"numero":"2333","section":"0C","code_insee":"83049","id_parc":"83049_0C_2333"},"geometry":{"type":"MultiPolygon","coordinates":[[[[6.070534,43.250301],[6.070564,43.25008],[6.070585,43.250081],[6.070562,43.250305],[6.070534,43.250301]]]]}},{"type":"Feature","properties":{"numero":"2335","section":"0C","code_insee":"83049","id_parc":"83049_0C_2335"},"geometry":{"type":"MultiPolygon","coordinates":[[[[6.070599,43.249947],[6.070615,43.249787],[6.070656,43.24978],[6.07064,43.249948],[6.070599,43.249947]]]]}},{"type":"Feature","properties":{"numero":"0234","section":"0H","code_insee":"83049","id_parc":"83049_0H_0234"},"geometry":{"type":"MultiPolygon","coordinates":[[[[6.046848,43.24308],[6.046652,43.243159],[6.046634,43.243137],[6.046679,43.24307],[6.046749,43.243025],[6.046806,43.243001],[6.046942,43.242963],[6.047112,43.242845],[6.047221,43.242783],[6.047187,43.242835],[6.047135,43.242892],[6.047048,43.242941],[6.046848,43.24308]]]]}},{"type":"Feature","properties":{"numero":"2343","section":"0C","code_insee":"83049","id_parc":"83049_0C_2343"},"geometry":{"type":"MultiPolygon","coordinates":[[[[6.06621,43.252551],[6.066119,43.252526],[6.065464,43.252349],[6.065558,43.252163],[6.06581,43.252266],[6.065823,43.25225],[6.065837,43.252233],[6.065876,43.252247],[6.065873,43.252254],[6.065863,43.252272],[6.066325,43.25242],[6.066252,43.252562],[6.06621,43.252551]]]]}},{"type":"Feature","properties":{"numero":"2344","section":"0C","code_insee":"83049","id_parc":"83049_0C_2344"},"geometry":{"type":"MultiPolygon","coordinates":[[[[6.065558,43.252163],[6.065674,43.251951],[6.065884,43.25176],[6.06613,43.251807],[6.066204,43.251833],[6.066016,43.252132],[6.065979,43.252188],[6.06593,43.252168],[6.065941,43.252154],[6.065915,43.252144],[6.065927,43.252125],[6.065862,43.252104],[6.065877,43.252083],[6.065834,43.252069],[6.065788,43.252134],[6.06582,43.252148],[6.065786,43.25219],[6.065771,43.252184],[6.065745,43.252221],[6.065823,43.25225],[6.06581,43.252266],[6.065558,43.252163]]]]}},{"type":"Feature","properties":{"numero":"2345","section":"0C","code_insee":"83049","id_parc":"83049_0C_2345"},"geometry":{"type":"MultiPolygon","coordinates":[[[[6.066016,43.252132],[6.066204,43.251833],[6.066561,43.251959],[6.066325,43.25242],[6.065863,43.252272],[6.065873,43.252254],[6.065924,43.25227],[6.065979,43.252188],[6.066016,43.252132]]]]}},{"type":"Feature","properties":{"numero":"2346","section":"0C","code_insee":"83049","id_parc":"83049_0C_2346"},"geometry":{"type":"MultiPolygon","coordinates":[[[[6.066768,43.252033],[6.066794,43.252051],[6.066744,43.252171],[6.066637,43.25243],[6.066523,43.252635],[6.066252,43.252562],[6.066325,43.25242],[6.066561,43.251959],[6.066768,43.252033]]]]}},{"type":"Feature","properties":{"numero":"2347","section":"0C","code_insee":"83049","id_parc":"83049_0C_2347"},"geometry":{"type":"MultiPolygon","coordinates":[[[[6.065876,43.252247],[6.065837,43.252233],[6.065823,43.25225],[6.065745,43.252221],[6.065771,43.252184],[6.065786,43.25219],[6.06582,43.252148],[6.065788,43.252134],[6.065834,43.252069],[6.065877,43.252083],[6.065862,43.252104],[6.065927,43.252125],[6.065915,43.252144],[6.065941,43.252154],[6.06593,43.252168],[6.065979,43.252188],[6.065924,43.25227],[6.065873,43.252254],[6.065876,43.252247]]]]}},{"type":"Feature","properties":{"numero":"0235","section":"AI","code_insee":"83049","id_parc":"83049_AI_0235"},"geometry":{"type":"MultiPolygon","coordinates":[[[[6.071873,43.240168],[6.071887,43.240059],[6.072117,43.240159],[6.071972,43.240305],[6.071843,43.240408],[6.071798,43.24044],[6.071762,43.240453],[6.071595,43.24052],[6.071417,43.240591],[6.071234,43.240606],[6.07106,43.240621],[6.071016,43.240644],[6.070954,43.240653],[6.070762,43.240645],[6.070942,43.240622],[6.071211,43.240598],[6.071415,43.240581],[6.071706,43.24046],[6.071773,43.240389],[6.071834,43.240309],[6.071865,43.24023],[6.071873,43.240168]]]]}},{"type":"Feature","properties":{"numero":"0235","section":"0H","code_insee":"83049","id_parc":"83049_0H_0235"},"geometry":{"type":"MultiPolygon","coordinates":[[[[6.048005,43.242484],[6.048302,43.242404],[6.048393,43.242367],[6.048412,43.242405],[6.04825,43.242432],[6.047797,43.242568],[6.047761,43.242605],[6.047611,43.24266],[6.047624,43.24263],[6.048005,43.242484]]]]}},{"type":"Feature","properties":{"numero":"0235","section":"0A","code_insee":"83049","id_parc":"83049_0A_0235"},"geometry":{"type":"MultiPolygon","coordinates":[[[[6.049632,43.261272],[6.049536,43.261209],[6.048889,43.261464],[6.048576,43.261547],[6.048289,43.261263],[6.047553,43.260559],[6.047373,43.260424],[6.047389,43.260376],[6.047437,43.260339],[6.047478,43.260278],[6.047592,43.260219],[6.047655,43.260178],[6.047788,43.260116],[6.047837,43.260071],[6.04788,43.260022],[6.047915,43.25997],[6.047923,43.259957],[6.04798,43.259914],[6.048312,43.260166],[6.048471,43.2603],[6.048636,43.26043],[6.04875,43.260515],[6.049297,43.260913],[6.049462,43.261019],[6.049858,43.261317],[6.049778,43.261387],[6.049721,43.261339],[6.049632,43.261272]]]]}},{"type":"Feature","properties":{"numero":"0236","section":"0H","code_insee":"83049","id_parc":"83049_0H_0236"},"geometry":{"type":"MultiPolygon","coordinates":[[[[6.048469,43.242393],[6.048412,43.242405],[6.048393,43.242367],[6.048443,43.242349],[6.048673,43.242238],[6.04869,43.242216],[6.0487,43.242166],[6.048878,43.242092],[6.048927,43.242049],[6.049166,43.241965],[6.049269,43.241939],[6.049388,43.241927],[6.049507,43.241919],[6.049554,43.241916],[6.050122,43.241833],[6.050136,43.241858],[6.049769,43.241918],[6.049338,43.241963],[6.049203,43.241988],[6.049076,43.24203],[6.048857,43.242126],[6.048751,43.242188],[6.048667,43.242254],[6.048586,43.242323],[6.048565,43.242342],[6.048469,43.242393]]]]}},{"type":"Feature","properties":{"numero":"0236","section":"0A","code_insee":"83049","id_parc":"83049_0A_0236"},"geometry":{"type":"MultiPolygon","coordinates":[[[[6.050145,43.261076],[6.049999,43.261195],[6.049858,43.261317],[6.049462,43.261019],[6.049297,43.260913],[6.04875,43.260515],[6.048636,43.26043],[6.048471,43.2603],[6.048312,43.260166],[6.04798,43.259914],[6.048034,43.259872],[6.04808,43.259826],[6.048095,43.259809],[6.048126,43.259719],[6.048151,43.259685],[6.048169,43.259648],[6.048174,43.259633],[6.048201,43.259604],[6.048235,43.259528],[6.048304,43.259455],[6.048381,43.259317],[6.048466,43.259181],[6.048526,43.259093],[6.048584,43.258988],[6.048635,43.258881],[6.048672,43.258788],[6.048925,43.258905],[6.049162,43.25902],[6.049247,43.259066],[6.049343,43.259129],[6.049433,43.259197],[6.04946,43.259219],[6.049659,43.259343],[6.049585,43.259393],[6.049745,43.259552],[6.049497,43.259719],[6.049588,43.260026],[6.049248,43.260332],[6.049337,43.260403],[6.049433,43.260469],[6.049495,43.260508],[6.049781,43.260676],[6.050254,43.260994],[6.050145,43.261076]]]]}},{"type":"Feature","properties":{"numero":"2368","section":"0C","code_insee":"83049","id_parc":"83049_0C_2368"},"geometry":{"type":"MultiPolygon","coordinates":[[[[6.06806,43.250769],[6.06739,43.250863],[6.068077,43.250565],[6.06806,43.250769]]]]}},{"type":"Feature","properties":{"numero":"0237","section":"0H","code_insee":"83049","id_parc":"83049_0H_0237"},"geometry":{"type":"MultiPolygon","coordinates":[[[[6.0502,43.241852],[6.050136,43.241858],[6.050122,43.241833],[6.050224,43.241792],[6.050301,43.241801],[6.050389,43.241794],[6.050393,43.241829],[6.050297,43.241842],[6.0502,43.241852]]]]}},{"type":"Feature","properties":{"numero":"0237","section":"0A","code_insee":"83049","id_parc":"83049_0A_0237"},"geometry":{"type":"MultiPolygon","coordinates":[[[[6.050919,43.26041],[6.050517,43.260776],[6.050254,43.260994],[6.049781,43.260676],[6.049495,43.260508],[6.049433,43.260469],[6.049337,43.260403],[6.049248,43.260332],[6.049588,43.260026],[6.049497,43.259719],[6.049745,43.259552],[6.049585,43.259393],[6.049659,43.259343],[6.04995,43.259542],[6.050236,43.259745],[6.050352,43.25983],[6.050503,43.259969],[6.050647,43.260111],[6.050785,43.260256],[6.050919,43.26041]]]]}},{"type":"Feature","properties":{"numero":"0238","section":"0H","code_insee":"83049","id_parc":"83049_0H_0238"},"geometry":{"type":"MultiPolygon","coordinates":[[[[6.051065,43.241653],[6.051113,43.241658],[6.051141,43.241734],[6.050638,43.241806],[6.050465,43.241818],[6.050393,43.241829],[6.050389,43.241794],[6.050511,43.241784],[6.050833,43.241713],[6.051065,43.241653]]]]}},{"type":"Feature","properties":{"numero":"0238","section":"0A","code_insee":"83049","id_parc":"83049_0A_0238"},"geometry":{"type":"MultiPolygon","coordinates":[[[[6.051819,43.259622],[6.052005,43.259455],[6.05215,43.259347],[6.052272,43.2594],[6.052588,43.259534],[6.052909,43.259662],[6.053003,43.2597],[6.053083,43.259738],[6.052552,43.260324],[6.052001,43.260983],[6.051869,43.261153],[6.05178,43.261168],[6.051668,43.261191],[6.05156,43.261221],[6.051454,43.261255],[6.050781,43.261521],[6.050546,43.261657],[6.050157,43.26185],[6.04985,43.261463],[6.049778,43.261387],[6.049858,43.261317],[6.049999,43.261195],[6.050145,43.261076],[6.050254,43.260994],[6.050517,43.260776],[6.050919,43.26041],[6.051378,43.260059],[6.051529,43.259899],[6.051819,43.259622]]]]}},{"type":"Feature","properties":{"numero":"0239","section":"0H","code_insee":"83049","id_parc":"83049_0H_0239"},"geometry":{"type":"MultiPolygon","coordinates":[[[[6.051503,43.241629],[6.051267,43.241708],[6.051141,43.241734],[6.051113,43.241658],[6.051193,43.241666],[6.051472,43.241592],[6.051503,43.241629]]]]}},{"type":"Feature","properties":{"numero":"0239","section":"0A","code_insee":"83049","id_parc":"83049_0A_0239"},"geometry":{"type":"MultiPolygon","coordinates":[[[[6.053685,43.258601],[6.053494,43.258671],[6.053229,43.258797],[6.053004,43.258891],[6.052783,43.258976],[6.052629,43.259071],[6.052392,43.259212],[6.05215,43.259347],[6.052005,43.259455],[6.051819,43.259622],[6.05147,43.259447],[6.051119,43.259237],[6.050999,43.259172],[6.050643,43.259008],[6.05024,43.258739],[6.050174,43.258705],[6.050037,43.25865],[6.050075,43.258643],[6.050134,43.25863],[6.050214,43.258604],[6.050294,43.258568],[6.050406,43.258499],[6.05052,43.258425],[6.050679,43.258527],[6.050824,43.258611],[6.050927,43.258567],[6.05104,43.258517],[6.051137,43.258475],[6.05126,43.258433],[6.051547,43.258354],[6.051781,43.258304],[6.051918,43.258275],[6.051964,43.258268],[6.052272,43.25825],[6.052536,43.258241],[6.052661,43.258244],[6.052686,43.258251],[6.052743,43.258267],[6.052927,43.258269],[6.05297,43.258263],[6.05303,43.258256],[6.053208,43.258247],[6.053343,43.258224],[6.053672,43.258169],[6.053731,43.258161],[6.053974,43.258181],[6.054247,43.258194],[6.054481,43.258289],[6.05414,43.25842],[6.053977,43.258505],[6.053685,43.258601]]]]}},{"type":"Feature","properties":{"numero":"0024","section":"AC","code_insee":"83049","id_parc":"83049_AC_0024"},"geometry":{"type":"MultiPolygon","coordinates":[[[[6.068393,43.238106],[6.068427,43.238149],[6.068353,43.238181],[6.068317,43.238136],[6.068311,43.238128],[6.068269,43.238075],[6.068252,43.238052],[6.068181,43.237963],[6.068255,43.237932],[6.068326,43.238021],[6.068393,43.238106]]]]}},{"type":"Feature","properties":{"numero":"0024","section":"AD","code_insee":"83049","id_parc":"83049_AD_0024"},"geometry":{"type":"MultiPolygon","coordinates":[[[[6.066594,43.240823],[6.066446,43.2409],[6.066401,43.240915],[6.0664,43.240912],[6.066354,43.240883],[6.066274,43.240835],[6.06624,43.240814],[6.066377,43.240754],[6.06645,43.240722],[6.066609,43.240796],[6.066594,43.240823]]]]}},{"type":"Feature","properties":{"numero":"0024","section":"AH","code_insee":"83049","id_parc":"83049_AH_0024"},"geometry":{"type":"MultiPolygon","coordinates":[[[[6.056983,43.247266],[6.056855,43.24719],[6.056835,43.247167],[6.05687,43.24718],[6.056884,43.247185],[6.056893,43.247187],[6.056906,43.247189],[6.056925,43.247189],[6.056937,43.247189],[6.056951,43.247187],[6.056963,43.247184],[6.056974,43.247181],[6.056986,43.247176],[6.056998,43.24717],[6.057057,43.247142],[6.057147,43.247094],[6.057262,43.247046],[6.057297,43.247034],[6.057306,43.247041],[6.057422,43.247119],[6.057512,43.247171],[6.057603,43.247226],[6.05758,43.247235],[6.057522,43.247263],[6.057418,43.247311],[6.057295,43.24737],[6.057269,43.247379],[6.05723,43.247394],[6.057129,43.247342],[6.056983,43.247266]]]]}},{"type":"Feature","properties":{"numero":"0024","section":"AI","code_insee":"83049","id_parc":"83049_AI_0024"},"geometry":{"type":"MultiPolygon","coordinates":[[[[6.066026,43.243259],[6.06603,43.243258],[6.06606,43.24325],[6.066076,43.243307],[6.066092,43.243367],[6.066094,43.243376],[6.066026,43.243386],[6.066024,43.243377],[6.066007,43.243317],[6.065994,43.243266],[6.066026,43.243259]]]]}},{"type":"Feature","properties":{"numero":"0240","section":"0H","code_insee":"83049","id_parc":"83049_0H_0240"},"geometry":{"type":"MultiPolygon","coordinates":[[[[6.051836,43.241451],[6.051856,43.241446],[6.051869,43.241575],[6.051759,43.241581],[6.051616,43.241589],[6.051503,43.241629],[6.051472,43.241592],[6.051566,43.241561],[6.051717,43.241498],[6.051767,43.241476],[6.051801,43.241462],[6.051836,43.241451]]]]}},{"type":"Feature","properties":{"numero":"0240","section":"0A","code_insee":"83049","id_parc":"83049_0A_0240"},"geometry":{"type":"MultiPolygon","coordinates":[[[[6.051119,43.259237],[6.05147,43.259447],[6.051819,43.259622],[6.051529,43.259899],[6.051378,43.260059],[6.051133,43.259867],[6.050732,43.259571],[6.050338,43.259352],[6.049829,43.25897],[6.049739,43.25889],[6.049426,43.258667],[6.049206,43.258465],[6.04922,43.25847],[6.049241,43.258462],[6.049351,43.25851],[6.04946,43.258533],[6.049668,43.258577],[6.049862,43.258634],[6.049922,43.258648],[6.049978,43.25865],[6.050037,43.25865],[6.050174,43.258705],[6.05024,43.258739],[6.050643,43.259008],[6.050999,43.259172],[6.051119,43.259237]]]]}},{"type":"Feature","properties":{"numero":"0241","section":"0A","code_insee":"83049","id_parc":"83049_0A_0241"},"geometry":{"type":"MultiPolygon","coordinates":[[[[6.051133,43.259867],[6.051378,43.260059],[6.050919,43.26041],[6.050785,43.260256],[6.050647,43.260111],[6.050503,43.259969],[6.050352,43.25983],[6.050236,43.259745],[6.04995,43.259542],[6.049659,43.259343],[6.04946,43.259219],[6.049433,43.259197],[6.049343,43.259129],[6.049247,43.259066],[6.049162,43.25902],[6.048925,43.258905],[6.048672,43.258788],[6.048681,43.258733],[6.048698,43.258679],[6.048723,43.258628],[6.048735,43.258609],[6.048735,43.25858],[6.04874,43.258536],[6.048745,43.258514],[6.04876,43.258492],[6.048809,43.258425],[6.048821,43.258314],[6.048884,43.258337],[6.048983,43.258379],[6.049069,43.258416],[6.049206,43.258465],[6.049426,43.258667],[6.049739,43.25889],[6.049829,43.25897],[6.050338,43.259352],[6.050732,43.259571],[6.051133,43.259867]]]]}},{"type":"Feature","properties":{"numero":"0242","section":"0H","code_insee":"83049","id_parc":"83049_0H_0242"},"geometry":{"type":"MultiPolygon","coordinates":[[[[6.052684,43.24147],[6.052631,43.241492],[6.052591,43.241388],[6.052603,43.241383],[6.052844,43.241371],[6.053134,43.241344],[6.053373,43.241308],[6.053458,43.241437],[6.053373,43.241443],[6.053096,43.241437],[6.052797,43.241457],[6.052684,43.24147]]]]}},{"type":"Feature","properties":{"numero":"0242","section":"0A","code_insee":"83049","id_parc":"83049_0A_0242"},"geometry":{"type":"MultiPolygon","coordinates":[[[[6.048469,43.259111],[6.048397,43.259219],[6.048332,43.25933],[6.048288,43.259327],[6.048305,43.259293],[6.04838,43.259195],[6.048404,43.259124],[6.048566,43.258876],[6.048629,43.258715],[6.048675,43.258649],[6.048649,43.258739],[6.048622,43.258848],[6.048488,43.259084],[6.048469,43.259111]]]]}},{"type":"Feature","properties":{"numero":"0243","section":"0H","code_insee":"83049","id_parc":"83049_0H_0243"},"geometry":{"type":"MultiPolygon","coordinates":[[[[6.053665,43.241413],[6.053526,43.241432],[6.053458,43.241437],[6.053373,43.241308],[6.053577,43.241264],[6.05377,43.24121],[6.053782,43.241277],[6.053831,43.241371],[6.053665,43.241413]]]]}},{"type":"Feature","properties":{"numero":"0243","section":"0A","code_insee":"83049","id_parc":"83049_0A_0243"},"geometry":{"type":"MultiPolygon","coordinates":[[[[6.048216,43.259505],[6.048184,43.259568],[6.048122,43.259576],[6.048221,43.259451],[6.048258,43.259391],[6.048288,43.259327],[6.048332,43.25933],[6.04831,43.259381],[6.048257,43.259445],[6.048216,43.259505]]]]}},{"type":"Feature","properties":{"numero":"0244","section":"0H","code_insee":"83049","id_parc":"83049_0H_0244"},"geometry":{"type":"MultiPolygon","coordinates":[[[[6.053957,43.241215],[6.054057,43.241189],[6.054168,43.241156],[6.054179,43.241251],[6.054216,43.24133],[6.054106,43.241316],[6.053949,43.241337],[6.053831,43.241371],[6.053782,43.241277],[6.05377,43.24121],[6.053957,43.241215]]]]}},{"type":"Feature","properties":{"numero":"0245","section":"0H","code_insee":"83049","id_parc":"83049_0H_0245"},"geometry":{"type":"MultiPolygon","coordinates":[[[[6.054168,43.241156],[6.054308,43.241105],[6.054422,43.241046],[6.054504,43.241319],[6.054416,43.24133],[6.054216,43.24133],[6.054179,43.241251],[6.054168,43.241156]]]]}},{"type":"Feature","properties":{"numero":"0245","section":"0A","code_insee":"83049","id_parc":"83049_0A_0245"},"geometry":{"type":"MultiPolygon","coordinates":[[[[6.046258,43.259887],[6.046009,43.259907],[6.045805,43.259931],[6.045877,43.259806],[6.045907,43.25974],[6.045974,43.259538],[6.046028,43.259396],[6.046063,43.259315],[6.046465,43.259276],[6.046571,43.259256],[6.046777,43.259236],[6.046737,43.259353],[6.046706,43.259471],[6.046697,43.259513],[6.047206,43.259447],[6.04752,43.259388],[6.047683,43.259343],[6.04785,43.259335],[6.048017,43.259321],[6.048072,43.259315],[6.048249,43.259322],[6.048209,43.259404],[6.048035,43.259594],[6.047685,43.259674],[6.047581,43.259692],[6.047331,43.259718],[6.047096,43.259736],[6.046891,43.259785],[6.046647,43.259833],[6.046258,43.259887]]]]}},{"type":"Feature","properties":{"numero":"0246","section":"AK","code_insee":"83049","id_parc":"83049_AK_0246"},"geometry":{"type":"MultiPolygon","coordinates":[[[[6.071111,43.244016],[6.07115,43.244012],[6.071497,43.243552],[6.071493,43.24356],[6.071492,43.243563],[6.071491,43.243566],[6.071491,43.24357],[6.07149,43.243573],[6.071491,43.243577],[6.071493,43.243582],[6.071495,43.243588],[6.071496,43.243592],[6.071498,43.243604],[6.071498,43.243606],[6.071498,43.243609],[6.071498,43.243612],[6.071498,43.243615],[6.071498,43.243618],[6.071498,43.24362],[6.071498,43.243623],[6.071498,43.243626],[6.071497,43.243629],[6.071497,43.243632],[6.071496,43.243635],[6.071495,43.243637],[6.071494,43.24364],[6.071494,43.243643],[6.071492,43.243646],[6.071491,43.243648],[6.07149,43.243651],[6.071489,43.243654],[6.071487,43.243656],[6.071486,43.243659],[6.071484,43.243661],[6.071483,43.243664],[6.071518,43.243711],[6.071494,43.243737],[6.071447,43.243789],[6.071376,43.243787],[6.07134,43.243828],[6.071335,43.243834],[6.071332,43.243837],[6.07133,43.24384],[6.071329,43.243843],[6.071328,43.243846],[6.071326,43.243849],[6.071325,43.243852],[6.071325,43.243855],[6.071324,43.243858],[6.071324,43.243861],[6.071324,43.243864],[6.071324,43.243867],[6.071325,43.24387],[6.071326,43.243873],[6.071327,43.243875],[6.071328,43.243878],[6.071329,43.243881],[6.071331,43.243884],[6.071333,43.243887],[6.071335,43.243889],[6.071338,43.243891],[6.07134,43.243894],[6.071343,43.243896],[6.071347,43.243899],[6.071578,43.243994],[6.071695,43.244043],[6.071698,43.244044],[6.071701,43.244046],[6.071704,43.244047],[6.071708,43.244049],[6.071711,43.244051],[6.071714,43.244052],[6.071717,43.244054],[6.07172,43.244056],[6.071723,43.244057],[6.071726,43.244059],[6.071729,43.244061],[6.071732,43.244063],[6.071735,43.244065],[6.071737,43.244066],[6.07174,43.244068],[6.071743,43.24407],[6.071746,43.244072],[6.071749,43.244074],[6.071751,43.244076],[6.071754,43.244078],[6.071757,43.24408],[6.071759,43.244082],[6.071762,43.244084],[6.071764,43.244086],[6.071767,43.244089],[6.071769,43.244091],[6.071771,43.244093],[6.071774,43.244095],[6.071776,43.244097],[6.071778,43.2441],[6.07178,43.244102],[6.071783,43.244104],[6.071785,43.244107],[6.071787,43.244109],[6.071789,43.244111],[6.071791,43.244114],[6.071793,43.244116],[6.071795,43.244118],[6.071797,43.24412],[6.0718,43.244122],[6.071802,43.244125],[6.071805,43.244127],[6.071807,43.244129],[6.07181,43.244131],[6.071813,43.244132],[6.071815,43.244134],[6.071818,43.244136],[6.071821,43.244138],[6.071824,43.244139],[6.071827,43.244141],[6.07183,43.244142],[6.071833,43.244144],[6.071837,43.244145],[6.07184,43.244147],[6.071843,43.244148],[6.071847,43.244149],[6.07185,43.24415],[6.071854,43.244152],[6.071954,43.244182],[6.071967,43.244228],[6.072098,43.244214],[6.072098,43.244223],[6.07197,43.244236],[6.071976,43.244257],[6.071821,43.244275],[6.071771,43.24428],[6.071741,43.244183],[6.071738,43.244175],[6.071737,43.24417],[6.071735,43.244166],[6.071734,43.244163],[6.071732,43.244158],[6.07173,43.244155],[6.071729,43.244153],[6.071727,43.24415],[6.071725,43.244148],[6.071723,43.244145],[6.071722,43.244143],[6.07172,43.24414],[6.071718,43.244138],[6.071716,43.244136],[6.071714,43.244133],[6.071712,43.244131],[6.071709,43.244129],[6.071707,43.244127],[6.071705,43.244124],[6.071702,43.244122],[6.0717,43.24412],[6.071697,43.244118],[6.071695,43.244116],[6.071692,43.244114],[6.07169,43.244112],[6.071687,43.24411],[6.071684,43.244108],[6.071681,43.244106],[6.071678,43.244104],[6.071675,43.244103],[6.071672,43.244101],[6.071669,43.244099],[6.071666,43.244098],[6.071663,43.244096],[6.07166,43.244094],[6.071657,43.244093],[6.071653,43.244092],[6.071499,43.244032],[6.071289,43.243947],[6.071286,43.243946],[6.071283,43.243946],[6.071279,43.243945],[6.071275,43.243944],[6.071272,43.243944],[6.071268,43.243944],[6.071264,43.243944],[6.07126,43.243944],[6.071257,43.243944],[6.071253,43.243945],[6.071249,43.243945],[6.071245,43.243946],[6.071242,43.243947],[6.071238,43.243948],[6.071235,43.243949],[6.071231,43.24395],[6.071228,43.243952],[6.071225,43.243953],[6.071222,43.243955],[6.071219,43.243957],[6.071217,43.243959],[6.071214,43.243961],[6.071212,43.243963],[6.07121,43.243966],[6.071208,43.243968],[6.071206,43.24397],[6.071205,43.243973],[6.071203,43.243975],[6.071202,43.243978],[6.0712,43.243981],[6.071199,43.243983],[6.071198,43.243986],[6.071197,43.243988],[6.071196,43.243991],[6.071195,43.243994],[6.071194,43.243996],[6.071193,43.243999],[6.071192,43.244001],[6.071191,43.244004],[6.071191,43.244007],[6.07119,43.24401],[6.071189,43.244012],[6.071189,43.244015],[6.071188,43.244018],[6.071188,43.24402],[6.071187,43.244023],[6.071187,43.244026],[6.071187,43.244028],[6.071186,43.244031],[6.071186,43.244034],[6.071186,43.244037],[6.071186,43.244039],[6.071186,43.244042],[6.071186,43.244045],[6.071186,43.244048],[6.071186,43.244051],[6.071195,43.244136],[6.071202,43.244196],[6.071202,43.244203],[6.071203,43.244209],[6.071203,43.244217],[6.071203,43.244223],[6.071203,43.24423],[6.071202,43.244238],[6.071203,43.244241],[6.071203,43.244244],[6.071204,43.244246],[6.071205,43.244249],[6.071207,43.244252],[6.071209,43.244254],[6.071212,43.244256],[6.071215,43.244258],[6.071218,43.24426],[6.071221,43.244262],[6.071224,43.244263],[6.071205,43.244296],[6.071201,43.244296],[6.071196,43.244296],[6.071193,43.244297],[6.071189,43.244298],[6.071185,43.2443],[6.071182,43.244301],[6.071178,43.244303],[6.071174,43.244307],[6.071172,43.244309],[6.07117,43.244311],[6.071168,43.244314],[6.071166,43.244316],[6.071164,43.244319],[6.071162,43.244321],[6.071159,43.244324],[6.071157,43.244326],[6.071154,43.244328],[6.071152,43.24433],[6.071149,43.244333],[6.071147,43.244335],[6.071144,43.244337],[6.071141,43.244339],[6.071138,43.244341],[6.071135,43.244343],[6.071132,43.244345],[6.071129,43.244347],[6.071126,43.244349],[6.071122,43.24435],[6.071119,43.244352],[6.071116,43.244354],[6.071112,43.244355],[6.071109,43.244357],[6.071106,43.244358],[6.071102,43.24436],[6.071098,43.244361],[6.071094,43.244362],[6.071091,43.244363],[6.071087,43.244364],[6.071083,43.244365],[6.071079,43.244366],[6.071076,43.244367],[6.071072,43.244367],[6.071068,43.244368],[6.071064,43.244369],[6.07106,43.244369],[6.071056,43.24437],[6.071052,43.24437],[6.070879,43.244391],[6.070651,43.244418],[6.070597,43.244425],[6.070591,43.244396],[6.070574,43.244317],[6.070784,43.244291],[6.070826,43.24433],[6.070827,43.244331],[6.07083,43.244333],[6.070834,43.244334],[6.070838,43.244334],[6.070893,43.244328],[6.071039,43.24431],[6.071043,43.24431],[6.071047,43.244309],[6.071051,43.244308],[6.071054,43.244307],[6.071058,43.244306],[6.071062,43.244305],[6.071065,43.244303],[6.071069,43.244302],[6.071072,43.2443],[6.071075,43.244299],[6.071078,43.244297],[6.071082,43.244295],[6.071084,43.244293],[6.071087,43.244291],[6.07109,43.244289],[6.071093,43.244287],[6.071095,43.244284],[6.071097,43.244282],[6.0711,43.24428],[6.071102,43.244277],[6.071103,43.244275],[6.071105,43.244272],[6.071107,43.244269],[6.071108,43.244267],[6.07111,43.244264],[6.071111,43.244262],[6.071112,43.244259],[6.071114,43.244256],[6.071115,43.244253],[6.071116,43.244251],[6.071117,43.244248],[6.071118,43.244245],[6.071119,43.244242],[6.07112,43.24424],[6.071121,43.244237],[6.071121,43.244234],[6.071122,43.244231],[6.071123,43.244229],[6.071123,43.244226],[6.071124,43.244223],[6.071124,43.24422],[6.071124,43.244217],[6.071125,43.244214],[6.071125,43.244212],[6.071125,43.244209],[6.071125,43.244206],[6.071125,43.244204],[6.07111,43.244043],[6.071109,43.244039],[6.071109,43.244035],[6.07111,43.244032],[6.07111,43.244027],[6.07111,43.244023],[6.07111,43.24402],[6.071111,43.244016]]]]}},{"type":"Feature","properties":{"numero":"0246","section":"0H","code_insee":"83049","id_parc":"83049_0H_0246"},"geometry":{"type":"MultiPolygon","coordinates":[[[[6.054534,43.240982],[6.054601,43.240988],[6.054662,43.241005],[6.054747,43.241262],[6.054504,43.241319],[6.054422,43.241046],[6.054534,43.240982]]]]}},{"type":"Feature","properties":{"numero":"0246","section":"0A","code_insee":"83049","id_parc":"83049_0A_0246"},"geometry":{"type":"MultiPolygon","coordinates":[[[[6.045716,43.260064],[6.045752,43.260013],[6.045805,43.259931],[6.046009,43.259907],[6.046258,43.259887],[6.046647,43.259833],[6.046891,43.259785],[6.047096,43.259736],[6.047331,43.259718],[6.047581,43.259692],[6.047685,43.259674],[6.048035,43.259594],[6.048022,43.259615],[6.047924,43.259688],[6.04789,43.25973],[6.047834,43.259805],[6.047803,43.259872],[6.047764,43.259936],[6.047692,43.260006],[6.047629,43.260049],[6.047524,43.260128],[6.047424,43.260211],[6.047379,43.260241],[6.047329,43.260267],[6.04706,43.260356],[6.046864,43.260485],[6.046829,43.260515],[6.046781,43.260576],[6.046653,43.260694],[6.046572,43.260795],[6.046274,43.261113],[6.046269,43.261116],[6.046256,43.261119],[6.046243,43.26112],[6.046219,43.261125],[6.046199,43.261136],[6.046185,43.261151],[6.046128,43.261245],[6.046118,43.261258],[6.046093,43.261281],[6.046062,43.2613],[6.046027,43.261313],[6.045828,43.261359],[6.04595,43.261097],[6.046108,43.260755],[6.046259,43.260434],[6.046257,43.260376],[6.0458,43.260232],[6.045561,43.260157],[6.045716,43.260064]]]]}},{"type":"Feature","properties":{"numero":"0247","section":"AI","code_insee":"83049","id_parc":"83049_AI_0247"},"geometry":{"type":"MultiPolygon","coordinates":[[[[6.07042,43.240407],[6.070914,43.239963],[6.071067,43.23969],[6.071104,43.239624],[6.071138,43.239602],[6.071159,43.239578],[6.071172,43.239534],[6.071174,43.239507],[6.071176,43.239468],[6.071519,43.239545],[6.071678,43.239167],[6.071765,43.238961],[6.071798,43.238977],[6.071786,43.239015],[6.071752,43.239118],[6.071741,43.239145],[6.071787,43.239158],[6.071981,43.239209],[6.071892,43.239408],[6.071777,43.239853],[6.07172,43.24005],[6.0717,43.240114],[6.071689,43.240141],[6.071625,43.240294],[6.071606,43.240338],[6.071579,43.240376],[6.071548,43.240408],[6.071422,43.240478],[6.071405,43.240485],[6.071264,43.240512],[6.07117,43.240516],[6.071131,43.240517],[6.070968,43.240507],[6.070878,43.240497],[6.07068,43.240471],[6.070634,43.240464],[6.070432,43.240416],[6.07042,43.240407]]]]}},{"type":"Feature","properties":{"numero":"0247","section":"0H","code_insee":"83049","id_parc":"83049_0H_0247"},"geometry":{"type":"MultiPolygon","coordinates":[[[[6.054662,43.241005],[6.054848,43.241055],[6.054958,43.241056],[6.055023,43.2412],[6.054909,43.241223],[6.054797,43.24125],[6.054747,43.241262],[6.054662,43.241005]]]]}},{"type":"Feature","properties":{"numero":"0247","section":"0A","code_insee":"83049","id_parc":"83049_0A_0247"},"geometry":{"type":"MultiPolygon","coordinates":[[[[6.048028,43.25966],[6.048079,43.259619],[6.048122,43.259576],[6.048184,43.259568],[6.048082,43.259738],[6.048064,43.259804],[6.047863,43.259983],[6.047801,43.260077],[6.047755,43.260112],[6.047679,43.260133],[6.047649,43.26015],[6.047599,43.260194],[6.047486,43.260246],[6.04746,43.260262],[6.047445,43.260275],[6.047412,43.260325],[6.047369,43.260362],[6.047335,43.26043],[6.047081,43.260566],[6.046971,43.26066],[6.046915,43.260715],[6.046827,43.26081],[6.046745,43.260908],[6.046616,43.261104],[6.046588,43.261123],[6.046527,43.26117],[6.046472,43.26122],[6.046424,43.261274],[6.046144,43.261311],[6.046063,43.261322],[6.046105,43.261294],[6.046142,43.261262],[6.046169,43.26123],[6.046217,43.261164],[6.04623,43.261153],[6.046295,43.261134],[6.046497,43.260916],[6.046706,43.260702],[6.046802,43.260607],[6.046847,43.260546],[6.046936,43.260468],[6.046983,43.260438],[6.047035,43.260413],[6.047058,43.260404],[6.047094,43.260371],[6.047184,43.260335],[6.047278,43.260305],[6.047375,43.260281],[6.047401,43.260275],[6.047441,43.260233],[6.047738,43.260011],[6.047781,43.259976],[6.047816,43.259937],[6.047849,43.259888],[6.047895,43.25978],[6.04793,43.259738],[6.047972,43.259696],[6.048028,43.25966]]]]}},{"type":"Feature","properties":{"numero":"0248","section":"0H","code_insee":"83049","id_parc":"83049_0H_0248"},"geometry":{"type":"MultiPolygon","coordinates":[[[[6.054958,43.241056],[6.055166,43.24096],[6.055265,43.240904],[6.055436,43.241166],[6.055228,43.241197],[6.055083,43.241194],[6.055023,43.2412],[6.054958,43.241056]]]]}},{"type":"Feature","properties":{"numero":"0249","section":"AI","code_insee":"83049","id_parc":"83049_AI_0249"},"geometry":{"type":"MultiPolygon","coordinates":[[[[6.070711,43.239366],[6.070697,43.239363],[6.070671,43.239344],[6.070712,43.239301],[6.070893,43.239113],[6.071012,43.238989],[6.071118,43.238878],[6.071231,43.238759],[6.071244,43.238745],[6.071264,43.238725],[6.071338,43.238762],[6.071389,43.238788],[6.071432,43.238744],[6.071114,43.23945],[6.070711,43.239366]]]]}},{"type":"Feature","properties":{"numero":"0249","section":"0H","code_insee":"83049","id_parc":"83049_0H_0249"},"geometry":{"type":"MultiPolygon","coordinates":[[[[6.055557,43.240802],[6.055663,43.240778],[6.055874,43.241128],[6.055726,43.241158],[6.055436,43.241166],[6.055265,43.240904],[6.055468,43.240844],[6.055557,43.240802]]]]}},{"type":"Feature","properties":{"numero":"0025","section":"AC","code_insee":"83049","id_parc":"83049_AC_0025"},"geometry":{"type":"MultiPolygon","coordinates":[[[[6.068326,43.238021],[6.068255,43.237932],[6.06833,43.2379],[6.0684,43.23799],[6.068413,43.238005],[6.068459,43.238064],[6.068471,43.238079],[6.068502,43.238118],[6.068427,43.238149],[6.068393,43.238106],[6.068326,43.238021]]]]}},{"type":"Feature","properties":{"numero":"0025","section":"AD","code_insee":"83049","id_parc":"83049_AD_0025"},"geometry":{"type":"MultiPolygon","coordinates":[[[[6.06624,43.240814],[6.066226,43.240806],[6.066174,43.240774],[6.066178,43.24077],[6.066313,43.240667],[6.06632,43.240661],[6.06645,43.240722],[6.066377,43.240754],[6.06624,43.240814]]]]}},{"type":"Feature","properties":{"numero":"0025","section":"AI","code_insee":"83049","id_parc":"83049_AI_0025"},"geometry":{"type":"MultiPolygon","coordinates":[[[[6.06606,43.24325],[6.066092,43.243243],[6.066128,43.243234],[6.066141,43.243284],[6.066144,43.243297],[6.066158,43.243348],[6.06616,43.243357],[6.066124,43.243371],[6.066094,43.243376],[6.066092,43.243367],[6.066076,43.243307],[6.06606,43.24325]]]]}},{"type":"Feature","properties":{"numero":"0250","section":"AI","code_insee":"83049","id_parc":"83049_AI_0250"},"geometry":{"type":"MultiPolygon","coordinates":[[[[6.071138,43.239602],[6.071104,43.239624],[6.071067,43.23969],[6.070843,43.239604],[6.070839,43.239595],[6.070842,43.239579],[6.070538,43.239482],[6.070628,43.239388],[6.070657,43.239358],[6.070671,43.239344],[6.070697,43.239363],[6.070711,43.239366],[6.071114,43.23945],[6.071432,43.238744],[6.07147,43.238764],[6.071177,43.239418],[6.071176,43.239466],[6.071176,43.239468],[6.071174,43.239507],[6.071172,43.239534],[6.071159,43.239578],[6.071138,43.239602]]]]}},{"type":"Feature","properties":{"numero":"0250","section":"0H","code_insee":"83049","id_parc":"83049_0H_0250"},"geometry":{"type":"MultiPolygon","coordinates":[[[[6.056027,43.241078],[6.055953,43.241104],[6.055874,43.241128],[6.055663,43.240778],[6.055853,43.240811],[6.056014,43.240855],[6.05608,43.240857],[6.056201,43.240978],[6.056158,43.241021],[6.056098,43.24105],[6.056027,43.241078]]]]}},{"type":"Feature","properties":{"numero":"0251","section":"AI","code_insee":"83049","id_parc":"83049_AI_0251"},"geometry":{"type":"MultiPolygon","coordinates":[[[[6.070234,43.239626],[6.070324,43.239642],[6.070375,43.239652],[6.070418,43.239659],[6.070223,43.239903],[6.07017,43.24001],[6.070113,43.240125],[6.070043,43.240106],[6.070008,43.240096],[6.070022,43.240067],[6.070115,43.239874],[6.070194,43.239712],[6.070201,43.239695],[6.070217,43.239662],[6.070234,43.239626]]]]}},{"type":"Feature","properties":{"numero":"0251","section":"0H","code_insee":"83049","id_parc":"83049_0H_0251"},"geometry":{"type":"MultiPolygon","coordinates":[[[[6.056201,43.240978],[6.05608,43.240857],[6.056316,43.240717],[6.056395,43.240882],[6.056288,43.240924],[6.056201,43.240978]]]]}},{"type":"Feature","properties":{"numero":"2513","section":"0C","code_insee":"83049","id_parc":"83049_0C_2513"},"geometry":{"type":"MultiPolygon","coordinates":[[[[6.067099,43.251062],[6.066974,43.251175],[6.066967,43.251198],[6.066736,43.251232],[6.066646,43.251284],[6.066622,43.25128],[6.066634,43.251248],[6.066568,43.251237],[6.066556,43.251278],[6.066533,43.25135],[6.066184,43.251541],[6.066152,43.251571],[6.066085,43.251576],[6.065986,43.251584],[6.066006,43.251565],[6.066174,43.251431],[6.066296,43.251347],[6.066526,43.25121],[6.066595,43.251176],[6.066963,43.251035],[6.067099,43.251062]]]]}},{"type":"Feature","properties":{"numero":"2514","section":"0C","code_insee":"83049","id_parc":"83049_0C_2514"},"geometry":{"type":"MultiPolygon","coordinates":[[[[6.067211,43.250891],[6.06739,43.250863],[6.067186,43.250961],[6.067211,43.250891]]]]}},{"type":"Feature","properties":{"numero":"2515","section":"0C","code_insee":"83049","id_parc":"83049_0C_2515"},"geometry":{"type":"MultiPolygon","coordinates":[[[[6.067147,43.250994],[6.067099,43.251062],[6.066963,43.251035],[6.067145,43.250978],[6.067147,43.250994]]]]}},{"type":"Feature","properties":{"numero":"0252","section":"AI","code_insee":"83049","id_parc":"83049_AI_0252"},"geometry":{"type":"MultiPolygon","coordinates":[[[[6.06894,43.242189],[6.068822,43.242067],[6.068859,43.242049],[6.06894,43.242189]]]]}},{"type":"Feature","properties":{"numero":"0252","section":"0H","code_insee":"83049","id_parc":"83049_0H_0252"},"geometry":{"type":"MultiPolygon","coordinates":[[[[6.056571,43.240598],[6.056712,43.24048],[6.056813,43.240609],[6.056669,43.240711],[6.056521,43.240812],[6.056446,43.240862],[6.056395,43.240882],[6.056316,43.240717],[6.056436,43.240662],[6.056571,43.240598]]]]}},{"type":"Feature","properties":{"numero":"0253","section":"AI","code_insee":"83049","id_parc":"83049_AI_0253"},"geometry":{"type":"MultiPolygon","coordinates":[[[[6.070839,43.239595],[6.070843,43.239604],[6.071067,43.23969],[6.070914,43.239963],[6.07042,43.240407],[6.070387,43.240399],[6.070384,43.240385],[6.070036,43.240151],[6.069995,43.240124],[6.070008,43.240096],[6.070043,43.240106],[6.070113,43.240125],[6.07017,43.24001],[6.070223,43.239903],[6.070418,43.239659],[6.070375,43.239652],[6.070506,43.239515],[6.070538,43.239482],[6.070842,43.239579],[6.070839,43.239595]]]]}},{"type":"Feature","properties":{"numero":"0253","section":"0H","code_insee":"83049","id_parc":"83049_0H_0253"},"geometry":{"type":"MultiPolygon","coordinates":[[[[6.057119,43.240399],[6.056984,43.240463],[6.056813,43.240609],[6.056712,43.24048],[6.056741,43.240456],[6.056843,43.240402],[6.057041,43.240362],[6.057179,43.240318],[6.05727,43.240277],[6.057369,43.240246],[6.057292,43.240298],[6.057211,43.240347],[6.057119,43.240399]]]]}},{"type":"Feature","properties":{"numero":"0253","section":"0C","code_insee":"83049","id_parc":"83049_0C_0253"},"geometry":{"type":"MultiPolygon","coordinates":[[[[6.070406,43.257477],[6.07039,43.257443],[6.070334,43.257204],[6.07059,43.257123],[6.070638,43.257117],[6.070866,43.257013],[6.070982,43.256984],[6.071022,43.257059],[6.071027,43.25715],[6.071035,43.257224],[6.071048,43.257298],[6.071084,43.257416],[6.071134,43.257648],[6.071143,43.257669],[6.070955,43.257738],[6.070708,43.257873],[6.070676,43.257917],[6.070545,43.257964],[6.070463,43.257618],[6.07041,43.257525],[6.070406,43.257477]]]]}},{"type":"Feature","properties":{"numero":"0254","section":"AK","code_insee":"83049","id_parc":"83049_AK_0254"},"geometry":{"type":"MultiPolygon","coordinates":[[[[6.07084,43.244791],[6.070733,43.244763],[6.070651,43.244418],[6.070879,43.244391],[6.070937,43.244693],[6.070993,43.24473],[6.070961,43.244773],[6.070938,43.244815],[6.070858,43.244796],[6.07084,43.244791]]]]}},{"type":"Feature","properties":{"numero":"0254","section":"0C","code_insee":"83049","id_parc":"83049_0C_0254"},"geometry":{"type":"MultiPolygon","coordinates":[[[[6.069492,43.258073],[6.069327,43.257952],[6.06932,43.257943],[6.069437,43.257859],[6.069545,43.257795],[6.069677,43.25759],[6.069724,43.257394],[6.069983,43.25732],[6.070334,43.257204],[6.07039,43.257443],[6.070406,43.257477],[6.07041,43.257525],[6.070463,43.257618],[6.070545,43.257964],[6.070247,43.25811],[6.070028,43.258165],[6.069878,43.258265],[6.069772,43.258318],[6.069594,43.258197],[6.069492,43.258073]]]]}},{"type":"Feature","properties":{"numero":"0255","section":"AI","code_insee":"83049","id_parc":"83049_AI_0255"},"geometry":{"type":"MultiPolygon","coordinates":[[[[6.06818,43.24259],[6.068064,43.242674],[6.068089,43.242702],[6.06803,43.242732],[6.068024,43.242732],[6.068014,43.242734],[6.068,43.242734],[6.067986,43.242733],[6.067974,43.242731],[6.067968,43.24273],[6.067957,43.242727],[6.067945,43.242723],[6.06794,43.24272],[6.067934,43.242717],[6.067928,43.242714],[6.067923,43.242712],[6.067919,43.242709],[6.067915,43.242706],[6.067855,43.242643],[6.067896,43.242617],[6.067895,43.242616],[6.067945,43.242589],[6.06795,43.242593],[6.067967,43.242611],[6.068015,43.242661],[6.068021,43.242658],[6.068127,43.242604],[6.068089,43.242563],[6.068056,43.242528],[6.068069,43.242521],[6.068082,43.242447],[6.068083,43.242443],[6.068134,43.24251],[6.068188,43.242584],[6.06818,43.24259]]]]}},{"type":"Feature","properties":{"numero":"0255","section":"AK","code_insee":"83049","id_parc":"83049_AK_0255"},"geometry":{"type":"MultiPolygon","coordinates":[[[[6.070733,43.244763],[6.070655,43.24474],[6.070478,43.244695],[6.07046,43.244691],[6.07031,43.244496],[6.07043,43.244479],[6.070486,43.244439],[6.070597,43.244425],[6.070651,43.244418],[6.070733,43.244763]]]]}},{"type":"Feature","properties":{"numero":"0255","section":"0H","code_insee":"83049","id_parc":"83049_0H_0255"},"geometry":{"type":"MultiPolygon","coordinates":[[[[6.055366,43.24085],[6.055215,43.240869],[6.055207,43.240873],[6.055022,43.240434],[6.055317,43.240392],[6.055595,43.240317],[6.055758,43.240294],[6.055935,43.240796],[6.055713,43.240742],[6.055666,43.24074],[6.055586,43.240757],[6.05553,43.240777],[6.055476,43.240799],[6.055455,43.240809],[6.055366,43.24085]]]]}},{"type":"Feature","properties":{"numero":"0255","section":"0C","code_insee":"83049","id_parc":"83049_0C_0255"},"geometry":{"type":"MultiPolygon","coordinates":[[[[6.070253,43.258736],[6.070046,43.258512],[6.069772,43.258318],[6.069878,43.258265],[6.070028,43.258165],[6.070247,43.25811],[6.070545,43.257964],[6.070676,43.257917],[6.070708,43.257873],[6.070955,43.257738],[6.071143,43.257669],[6.071183,43.257644],[6.071266,43.25759],[6.071346,43.257534],[6.071407,43.257516],[6.071412,43.257527],[6.071421,43.257537],[6.071425,43.25754],[6.071503,43.257571],[6.071553,43.25763],[6.071703,43.257729],[6.071564,43.258007],[6.071422,43.258284],[6.071246,43.258616],[6.071302,43.25864],[6.071283,43.258692],[6.071227,43.258781],[6.071248,43.259109],[6.071236,43.259308],[6.071243,43.259373],[6.071286,43.259594],[6.070584,43.258992],[6.070253,43.258736]]]]}},{"type":"Feature","properties":{"numero":"2557","section":"0C","code_insee":"83049","id_parc":"83049_0C_2557"},"geometry":{"type":"MultiPolygon","coordinates":[[[[6.068508,43.24745],[6.068669,43.247373],[6.069053,43.24723],[6.069233,43.247433],[6.06939,43.24761],[6.069405,43.247627],[6.069565,43.247808],[6.069586,43.247832],[6.06953,43.248008],[6.069525,43.248022],[6.069494,43.248119],[6.06943,43.24832],[6.069282,43.24833],[6.06906,43.248321],[6.068757,43.24827],[6.068594,43.248231],[6.067916,43.24804],[6.067912,43.247945],[6.068097,43.247732],[6.068272,43.247599],[6.068354,43.247543],[6.06843,43.247495],[6.068508,43.24745]]]]}},{"type":"Feature","properties":{"numero":"2558","section":"0C","code_insee":"83049","id_parc":"83049_0C_2558"},"geometry":{"type":"MultiPolygon","coordinates":[[[[6.067916,43.24804],[6.067848,43.24802],[6.067912,43.247945],[6.067916,43.24804]]]]}},{"type":"Feature","properties":{"numero":"0256","section":"AI","code_insee":"83049","id_parc":"83049_AI_0256"},"geometry":{"type":"MultiPolygon","coordinates":[[[[6.067945,43.242589],[6.067959,43.24258],[6.068056,43.242528],[6.068089,43.242563],[6.068127,43.242604],[6.068021,43.242658],[6.068015,43.242661],[6.067967,43.242611],[6.06795,43.242593],[6.067945,43.242589]]]]}},{"type":"Feature","properties":{"numero":"0256","section":"AK","code_insee":"83049","id_parc":"83049_AK_0256"},"geometry":{"type":"MultiPolygon","coordinates":[[[[6.070486,43.244439],[6.07043,43.244479],[6.07031,43.244496],[6.070266,43.244438],[6.070591,43.244396],[6.070597,43.244425],[6.070486,43.244439]]]]}},{"type":"Feature","properties":{"numero":"0256","section":"0A","code_insee":"83049","id_parc":"83049_0A_0256"},"geometry":{"type":"MultiPolygon","coordinates":[[[[6.046409,43.259014],[6.046178,43.259016],[6.046263,43.258772],[6.046704,43.258737],[6.046752,43.258721],[6.047083,43.258671],[6.047338,43.258656],[6.047618,43.258598],[6.047879,43.258571],[6.048094,43.25858],[6.048663,43.258552],[6.048663,43.258566],[6.048565,43.258764],[6.048232,43.258786],[6.048229,43.258796],[6.048061,43.258804],[6.048013,43.258815],[6.047993,43.2588],[6.047649,43.258856],[6.047193,43.258911],[6.047114,43.258932],[6.046875,43.258934],[6.046817,43.258939],[6.046607,43.258976],[6.046485,43.258994],[6.046422,43.258999],[6.046409,43.259014]]]]}},{"type":"Feature","properties":{"numero":"0257","section":"AI","code_insee":"83049","id_parc":"83049_AI_0257"},"geometry":{"type":"MultiPolygon","coordinates":[[[[6.06818,43.2428],[6.068149,43.242768],[6.068089,43.242702],[6.068064,43.242674],[6.06818,43.24259],[6.068188,43.242584],[6.068134,43.24251],[6.068083,43.242443],[6.068087,43.242431],[6.068109,43.242398],[6.068145,43.242375],[6.068162,43.242367],[6.068141,43.242439],[6.068141,43.242442],[6.068228,43.242542],[6.068264,43.242524],[6.068345,43.242611],[6.06839,43.242659],[6.068418,43.242689],[6.068184,43.242805],[6.06818,43.2428]]]]}},{"type":"Feature","properties":{"numero":"0257","section":"AK","code_insee":"83049","id_parc":"83049_AK_0257"},"geometry":{"type":"MultiPolygon","coordinates":[[[[6.070574,43.244317],[6.070591,43.244396],[6.070266,43.244438],[6.070233,43.244393],[6.070373,43.244137],[6.070404,43.244097],[6.070418,43.244079],[6.070519,43.24407],[6.070574,43.244317]]]]}},{"type":"Feature","properties":{"numero":"0257","section":"0C","code_insee":"83049","id_parc":"83049_0C_0257"},"geometry":{"type":"MultiPolygon","coordinates":[[[[6.07108,43.260034],[6.070924,43.259902],[6.070879,43.259849],[6.070865,43.259809],[6.07052,43.259543],[6.070204,43.259228],[6.070584,43.258992],[6.071286,43.259594],[6.071507,43.259799],[6.071677,43.2599],[6.071824,43.259984],[6.072224,43.260158],[6.072625,43.260329],[6.072745,43.26038],[6.072333,43.26087],[6.072157,43.260755],[6.071981,43.260635],[6.071808,43.260514],[6.07108,43.260034]]]]}},{"type":"Feature","properties":{"numero":"0257","section":"0A","code_insee":"83049","id_parc":"83049_0A_0257"},"geometry":{"type":"MultiPolygon","coordinates":[[[[6.04824,43.258289],[6.048301,43.258272],[6.048725,43.258288],[6.048686,43.25841],[6.048663,43.258552],[6.048094,43.25858],[6.047879,43.258571],[6.047618,43.258598],[6.047338,43.258656],[6.047083,43.258671],[6.046752,43.258721],[6.046704,43.258737],[6.046263,43.258772],[6.046285,43.2586],[6.046298,43.258472],[6.04631,43.258428],[6.046321,43.258392],[6.046388,43.258401],[6.046578,43.258394],[6.046768,43.258385],[6.04691,43.258376],[6.047072,43.258342],[6.047345,43.258314],[6.047537,43.258314],[6.04766,43.258283],[6.04824,43.258289]]]]}},{"type":"Feature","properties":{"numero":"0258","section":"AK","code_insee":"83049","id_parc":"83049_AK_0258"},"geometry":{"type":"MultiPolygon","coordinates":[[[[6.07083,43.244041],[6.070885,43.244292],[6.070893,43.244328],[6.070838,43.244334],[6.070834,43.244334],[6.07083,43.244333],[6.070827,43.244331],[6.070826,43.24433],[6.070784,43.244291],[6.070574,43.244317],[6.070519,43.24407],[6.07083,43.244041]]]]}},{"type":"Feature","properties":{"numero":"0258","section":"0H","code_insee":"83049","id_parc":"83049_0H_0258"},"geometry":{"type":"MultiPolygon","coordinates":[[[[6.053539,43.241185],[6.053535,43.241177],[6.053438,43.24097],[6.053699,43.240902],[6.053762,43.240886],[6.054099,43.240799],[6.054191,43.241013],[6.053959,43.241074],[6.053892,43.241092],[6.053833,43.241108],[6.053715,43.241139],[6.053561,43.24118],[6.053539,43.241185]]]]}},{"type":"Feature","properties":{"numero":"0258","section":"0C","code_insee":"83049","id_parc":"83049_0C_0258"},"geometry":{"type":"MultiPolygon","coordinates":[[[[6.07213,43.26122],[6.072101,43.261328],[6.072117,43.26142],[6.071999,43.261433],[6.071902,43.261457],[6.071056,43.260773],[6.070648,43.260477],[6.070976,43.260251],[6.070921,43.260211],[6.070574,43.259937],[6.070743,43.259867],[6.070869,43.259847],[6.070879,43.259849],[6.070924,43.259902],[6.07108,43.260034],[6.071808,43.260514],[6.071981,43.260635],[6.072157,43.260755],[6.072333,43.26087],[6.072187,43.261091],[6.07213,43.26122]]]]}},{"type":"Feature","properties":{"numero":"0258","section":"0A","code_insee":"83049","id_parc":"83049_0A_0258"},"geometry":{"type":"MultiPolygon","coordinates":[[[[6.048717,43.258434],[6.048739,43.258364],[6.048766,43.258295],[6.048789,43.258298],[6.048767,43.258417],[6.048707,43.25851],[6.04871,43.258458],[6.048717,43.258434]]]]}},{"type":"Feature","properties":{"numero":"0259","section":"AK","code_insee":"83049","id_parc":"83049_AK_0259"},"geometry":{"type":"MultiPolygon","coordinates":[[[[6.070885,43.244292],[6.07083,43.244041],[6.071111,43.244016],[6.07111,43.24402],[6.07111,43.244023],[6.07111,43.244027],[6.07111,43.244032],[6.071109,43.244035],[6.071109,43.244039],[6.07111,43.244043],[6.071125,43.244204],[6.071125,43.244206],[6.071125,43.244209],[6.071125,43.244212],[6.071125,43.244214],[6.071124,43.244217],[6.071124,43.24422],[6.071124,43.244223],[6.071123,43.244226],[6.071123,43.244229],[6.071122,43.244231],[6.071121,43.244234],[6.071121,43.244237],[6.07112,43.24424],[6.071119,43.244242],[6.071118,43.244245],[6.071117,43.244248],[6.071116,43.244251],[6.071115,43.244253],[6.071114,43.244256],[6.071112,43.244259],[6.071111,43.244262],[6.07111,43.244264],[6.071108,43.244267],[6.071107,43.244269],[6.071105,43.244272],[6.071103,43.244275],[6.071102,43.244277],[6.0711,43.24428],[6.071097,43.244282],[6.071095,43.244284],[6.071093,43.244287],[6.07109,43.244289],[6.071087,43.244291],[6.071084,43.244293],[6.071082,43.244295],[6.071078,43.244297],[6.071075,43.244299],[6.071072,43.2443],[6.071069,43.244302],[6.071065,43.244303],[6.071062,43.244305],[6.071058,43.244306],[6.071054,43.244307],[6.071051,43.244308],[6.071047,43.244309],[6.071043,43.24431],[6.071039,43.24431],[6.070893,43.244328],[6.070885,43.244292]]]]}},{"type":"Feature","properties":{"numero":"0259","section":"0H","code_insee":"83049","id_parc":"83049_0H_0259"},"geometry":{"type":"MultiPolygon","coordinates":[[[[6.053762,43.240886],[6.053699,43.240902],[6.053438,43.24097],[6.053295,43.240662],[6.053725,43.240589],[6.053986,43.240538],[6.054099,43.240799],[6.053762,43.240886]]]]}},{"type":"Feature","properties":{"numero":"0259","section":"0C","code_insee":"83049","id_parc":"83049_0C_0259"},"geometry":{"type":"MultiPolygon","coordinates":[[[[6.068157,43.258968],[6.068018,43.258882],[6.067873,43.258436],[6.068002,43.258413],[6.068172,43.258363],[6.068436,43.258314],[6.068571,43.258269],[6.06881,43.258152],[6.06932,43.257943],[6.069327,43.257952],[6.069492,43.258073],[6.069594,43.258197],[6.069772,43.258318],[6.070046,43.258512],[6.070253,43.258736],[6.070584,43.258992],[6.070204,43.259228],[6.07052,43.259543],[6.070865,43.259809],[6.070879,43.259849],[6.070869,43.259847],[6.070743,43.259867],[6.070574,43.259937],[6.070921,43.260211],[6.070976,43.260251],[6.070648,43.260477],[6.070004,43.260018],[6.069292,43.259518],[6.068862,43.259238],[6.068577,43.259316],[6.068476,43.259353],[6.068408,43.259146],[6.068157,43.258968]]]]}},{"type":"Feature","properties":{"numero":"0026","section":"AC","code_insee":"83049","id_parc":"83049_AC_0026"},"geometry":{"type":"MultiPolygon","coordinates":[[[[6.068422,43.237891],[6.068484,43.237969],[6.068516,43.237955],[6.068523,43.237964],[6.068572,43.238025],[6.068578,43.238033],[6.068546,43.238047],[6.068576,43.238086],[6.068502,43.238118],[6.068471,43.238079],[6.068459,43.238064],[6.068413,43.238005],[6.0684,43.23799],[6.06833,43.2379],[6.068383,43.237878],[6.068422,43.237891]]]]}},{"type":"Feature","properties":{"numero":"0026","section":"AD","code_insee":"83049","id_parc":"83049_AD_0026"},"geometry":{"type":"MultiPolygon","coordinates":[[[[6.065749,43.24123],[6.065711,43.241116],[6.065671,43.241121],[6.065656,43.241065],[6.065653,43.241053],[6.065647,43.241032],[6.065642,43.24101],[6.065637,43.240995],[6.065625,43.24095],[6.065604,43.240953],[6.065603,43.240947],[6.065587,43.240945],[6.065581,43.240921],[6.065595,43.240916],[6.065594,43.240912],[6.065614,43.240909],[6.065609,43.24089],[6.065561,43.240713],[6.065492,43.240436],[6.065513,43.240443],[6.065573,43.240455],[6.065643,43.240471],[6.06579,43.240515],[6.065863,43.240519],[6.066033,43.24056],[6.066144,43.240595],[6.066251,43.240634],[6.066297,43.240652],[6.06632,43.240661],[6.066313,43.240667],[6.066178,43.24077],[6.066174,43.240774],[6.066172,43.240775],[6.066089,43.240851],[6.066087,43.24091],[6.066086,43.240928],[6.066144,43.240984],[6.066127,43.240994],[6.065999,43.241026],[6.065968,43.241053],[6.065946,43.241071],[6.065929,43.241085],[6.065872,43.241128],[6.065846,43.241152],[6.065757,43.241227],[6.065752,43.241232],[6.065749,43.24123]]]]}},{"type":"Feature","properties":{"numero":"0026","section":"AH","code_insee":"83049","id_parc":"83049_AH_0026"},"geometry":{"type":"MultiPolygon","coordinates":[[[[6.056998,43.248471],[6.05691,43.248487],[6.05691,43.24848],[6.056913,43.248454],[6.056905,43.248421],[6.056917,43.248348],[6.056927,43.248249],[6.056935,43.248202],[6.056945,43.248144],[6.057,43.24797],[6.057382,43.247973],[6.05772,43.247966],[6.057732,43.248046],[6.057772,43.248143],[6.057842,43.248242],[6.057695,43.248278],[6.057572,43.248315],[6.057503,43.248333],[6.057409,43.248359],[6.056998,43.248471]]]]}},{"type":"Feature","properties":{"numero":"0026","section":"AI","code_insee":"83049","id_parc":"83049_AI_0026"},"geometry":{"type":"MultiPolygon","coordinates":[[[[6.066144,43.243297],[6.066141,43.243284],[6.066128,43.243234],[6.06619,43.24322],[6.066239,43.2433],[6.066263,43.243342],[6.06616,43.243357],[6.066158,43.243348],[6.066144,43.243297]]]]}},{"type":"Feature","properties":{"numero":"0260","section":"AI","code_insee":"83049","id_parc":"83049_AI_0260"},"geometry":{"type":"MultiPolygon","coordinates":[[[[6.069458,43.242147],[6.06943,43.242106],[6.069351,43.24201],[6.069403,43.241972],[6.069594,43.241833],[6.069597,43.241831],[6.069664,43.241782],[6.069808,43.241882],[6.069625,43.242027],[6.069558,43.242081],[6.069529,43.242103],[6.069462,43.242155],[6.069458,43.242147]]]]}},{"type":"Feature","properties":{"numero":"0260","section":"AK","code_insee":"83049","id_parc":"83049_AK_0260"},"geometry":{"type":"MultiPolygon","coordinates":[[[[6.070418,43.244079],[6.070533,43.24393],[6.070622,43.243815],[6.07121,43.243843],[6.071194,43.243862],[6.071185,43.243872],[6.071181,43.243878],[6.071173,43.243889],[6.071166,43.243899],[6.071161,43.243906],[6.071153,43.243918],[6.071148,43.243925],[6.071143,43.243934],[6.071136,43.243945],[6.071132,43.243954],[6.071128,43.243962],[6.071124,43.24397],[6.07112,43.24398],[6.071117,43.243988],[6.071114,43.243997],[6.071113,43.244006],[6.071111,43.244016],[6.07083,43.244041],[6.070519,43.24407],[6.070418,43.244079]]]]}},{"type":"Feature","properties":{"numero":"0260","section":"0H","code_insee":"83049","id_parc":"83049_0H_0260"},"geometry":{"type":"MultiPolygon","coordinates":[[[[6.053157,43.241313],[6.052872,43.24134],[6.052675,43.240744],[6.053081,43.240676],[6.053295,43.240662],[6.053438,43.24097],[6.053535,43.241177],[6.053539,43.241185],[6.053561,43.241232],[6.053563,43.241236],[6.053157,43.241313]]]]}},{"type":"Feature","properties":{"numero":"0260","section":"0A","code_insee":"83049","id_parc":"83049_0A_0260"},"geometry":{"type":"MultiPolygon","coordinates":[[[[6.048255,43.257961],[6.048803,43.257984],[6.048982,43.258002],[6.048954,43.258028],[6.048889,43.258089],[6.048828,43.258152],[6.04877,43.258217],[6.048725,43.258288],[6.048301,43.258272],[6.04824,43.258289],[6.04766,43.258283],[6.047537,43.258314],[6.047345,43.258314],[6.047072,43.258342],[6.04691,43.258376],[6.046768,43.258385],[6.046578,43.258394],[6.046388,43.258401],[6.046321,43.258392],[6.046329,43.258372],[6.04641,43.258186],[6.046435,43.258133],[6.046547,43.257939],[6.046602,43.257843],[6.04661,43.257828],[6.046727,43.257839],[6.046871,43.25789],[6.047085,43.257911],[6.047254,43.257913],[6.047708,43.257936],[6.048255,43.257961]]]]}},{"type":"Feature","properties":{"numero":"0261","section":"AI","code_insee":"83049","id_parc":"83049_AI_0261"},"geometry":{"type":"MultiPolygon","coordinates":[[[[6.069816,43.241875],[6.069808,43.241882],[6.069664,43.241782],[6.06969,43.241763],[6.06972,43.241741],[6.069743,43.241724],[6.069746,43.241723],[6.069766,43.241708],[6.069785,43.241695],[6.069827,43.241665],[6.06996,43.24157],[6.070019,43.241598],[6.070185,43.241681],[6.069958,43.241831],[6.069859,43.241905],[6.069816,43.241875]]]]}},{"type":"Feature","properties":{"numero":"0261","section":"0H","code_insee":"83049","id_parc":"83049_0H_0261"},"geometry":{"type":"MultiPolygon","coordinates":[[[[6.052209,43.24147],[6.051974,43.241417],[6.051852,43.240859],[6.052675,43.240744],[6.052872,43.24134],[6.052679,43.241348],[6.052544,43.241371],[6.05237,43.241449],[6.052312,43.241463],[6.052209,43.24147]]]]}},{"type":"Feature","properties":{"numero":"0261","section":"0A","code_insee":"83049","id_parc":"83049_0A_0261"},"geometry":{"type":"MultiPolygon","coordinates":[[[[6.049339,43.257227],[6.049415,43.257216],[6.049543,43.257188],[6.049527,43.257235],[6.049486,43.257299],[6.049469,43.25732],[6.04943,43.257371],[6.049395,43.257424],[6.049347,43.257547],[6.049313,43.25761],[6.049085,43.257828],[6.048982,43.258002],[6.048803,43.257984],[6.048255,43.257961],[6.047708,43.257936],[6.047254,43.257913],[6.047085,43.257911],[6.046871,43.25789],[6.046727,43.257839],[6.04661,43.257828],[6.046626,43.257796],[6.046647,43.25775],[6.046974,43.257648],[6.047108,43.257613],[6.047516,43.257545],[6.047704,43.257501],[6.048302,43.25741],[6.048959,43.257276],[6.049123,43.257251],[6.049232,43.257241],[6.049339,43.257227]]]]}},{"type":"Feature","properties":{"numero":"0262","section":"AI","code_insee":"83049","id_parc":"83049_AI_0262"},"geometry":{"type":"MultiPolygon","coordinates":[[[[6.069677,43.242274],[6.069573,43.242356],[6.069462,43.242155],[6.069529,43.242103],[6.069558,43.242081],[6.069625,43.242027],[6.069808,43.241882],[6.069812,43.241885],[6.070004,43.242018],[6.069977,43.242039],[6.069822,43.24216],[6.069677,43.242274]]]]}},{"type":"Feature","properties":{"numero":"0262","section":"AK","code_insee":"83049","id_parc":"83049_AK_0262"},"geometry":{"type":"MultiPolygon","coordinates":[[[[6.071497,43.243552],[6.070865,43.243529],[6.070858,43.243538],[6.070838,43.243536],[6.070858,43.24351],[6.070599,43.243457],[6.070651,43.243407],[6.070676,43.243428],[6.070689,43.243434],[6.070706,43.243437],[6.070722,43.24344],[6.070763,43.243445],[6.070828,43.243449],[6.070871,43.243453],[6.070868,43.243469],[6.070893,43.243471],[6.070966,43.243478],[6.070982,43.243479],[6.071074,43.243485],[6.07112,43.243488],[6.071227,43.243492],[6.071243,43.243492],[6.071276,43.243492],[6.071425,43.24348],[6.071475,43.243476],[6.071493,43.243476],[6.071505,43.243476],[6.071543,43.243476],[6.071566,43.24348],[6.071599,43.243485],[6.071638,43.243492],[6.071696,43.243503],[6.071721,43.24351],[6.072039,43.243599],[6.072152,43.243634],[6.072102,43.243721],[6.071985,43.243686],[6.071993,43.243671],[6.071995,43.243666],[6.071996,43.243663],[6.071995,43.24366],[6.071995,43.243657],[6.071994,43.243655],[6.071993,43.243652],[6.071991,43.243649],[6.071989,43.243647],[6.071987,43.243644],[6.071985,43.243642],[6.071982,43.243639],[6.07198,43.243637],[6.071977,43.243635],[6.071974,43.243633],[6.07197,43.243632],[6.071967,43.243631],[6.071845,43.243595],[6.071732,43.243561],[6.071692,43.243551],[6.071675,43.243546],[6.071655,43.243542],[6.071638,43.243538],[6.071625,43.243535],[6.071621,43.243535],[6.071617,43.243534],[6.071613,43.243534],[6.071609,43.243533],[6.071605,43.243532],[6.071601,43.243532],[6.071597,43.243531],[6.071593,43.243531],[6.071589,43.24353],[6.071585,43.24353],[6.071581,43.24353],[6.071577,43.243529],[6.071572,43.243529],[6.071568,43.243529],[6.071564,43.243528],[6.07156,43.243528],[6.071557,43.243528],[6.071553,43.243528],[6.071549,43.243528],[6.071545,43.243529],[6.071541,43.243529],[6.071537,43.24353],[6.071534,43.24353],[6.07153,43.243531],[6.071526,43.243533],[6.071523,43.243534],[6.071519,43.243535],[6.071516,43.243537],[6.071511,43.243539],[6.071507,43.243542],[6.071504,43.243545],[6.071501,43.243547],[6.071499,43.243549],[6.071497,43.243552]]]]}},{"type":"Feature","properties":{"numero":"0262","section":"0A","code_insee":"83049","id_parc":"83049_0A_0262"},"geometry":{"type":"MultiPolygon","coordinates":[[[[6.046974,43.257648],[6.046647,43.25775],[6.04667,43.257697],[6.046947,43.257544],[6.047603,43.257245],[6.047921,43.257094],[6.048118,43.256998],[6.04827,43.256932],[6.048761,43.25672],[6.049275,43.256488],[6.04946,43.256409],[6.049549,43.256516],[6.049692,43.256799],[6.049726,43.256817],[6.049726,43.256916],[6.049712,43.256952],[6.049692,43.25697],[6.049633,43.257028],[6.049577,43.257087],[6.049543,43.257188],[6.049415,43.257216],[6.049339,43.257227],[6.049232,43.257241],[6.049123,43.257251],[6.048959,43.257276],[6.048302,43.25741],[6.047704,43.257501],[6.047516,43.257545],[6.047108,43.257613],[6.046974,43.257648]]]]}},{"type":"Feature","properties":{"numero":"0263","section":"AI","code_insee":"83049","id_parc":"83049_AI_0263"},"geometry":{"type":"MultiPolygon","coordinates":[[[[6.070004,43.242018],[6.069812,43.241885],[6.069808,43.241882],[6.069816,43.241875],[6.069859,43.241905],[6.069958,43.241831],[6.070185,43.241681],[6.070338,43.241757],[6.070145,43.241907],[6.070004,43.242018]]]]}},{"type":"Feature","properties":{"numero":"0263","section":"AK","code_insee":"83049","id_parc":"83049_AK_0263"},"geometry":{"type":"MultiPolygon","coordinates":[[[[6.070599,43.243457],[6.070858,43.24351],[6.070838,43.243536],[6.070779,43.243527],[6.070723,43.243518],[6.070632,43.2435],[6.070588,43.243478],[6.070581,43.243473],[6.070599,43.243457]]]]}},{"type":"Feature","properties":{"numero":"0263","section":"0H","code_insee":"83049","id_parc":"83049_0H_0263"},"geometry":{"type":"MultiPolygon","coordinates":[[[[6.050734,43.241703],[6.050592,43.241742],[6.050386,43.241763],[6.050047,43.241222],[6.050181,43.241165],[6.050268,43.241149],[6.050408,43.241107],[6.050588,43.241091],[6.050882,43.241083],[6.051184,43.241017],[6.051402,43.241574],[6.051275,43.241625],[6.051187,43.241647],[6.051105,43.241625],[6.051039,43.241632],[6.050734,43.241703]]]]}},{"type":"Feature","properties":{"numero":"0263","section":"0A","code_insee":"83049","id_parc":"83049_0A_0263"},"geometry":{"type":"MultiPolygon","coordinates":[[[[6.049777,43.256737],[6.049726,43.256801],[6.049726,43.256817],[6.049692,43.256799],[6.049549,43.256516],[6.04946,43.256409],[6.049275,43.256488],[6.048761,43.25672],[6.04827,43.256932],[6.048118,43.256998],[6.047921,43.257094],[6.047603,43.257245],[6.046947,43.257544],[6.04667,43.257697],[6.046712,43.2576],[6.046875,43.257471],[6.047411,43.256996],[6.04752,43.256888],[6.047632,43.256783],[6.047747,43.256679],[6.047865,43.256578],[6.047948,43.256509],[6.048127,43.256323],[6.048335,43.256162],[6.048536,43.255989],[6.048734,43.255815],[6.048853,43.255708],[6.049269,43.25592],[6.049438,43.255995],[6.049496,43.256012],[6.049993,43.256059],[6.049978,43.256127],[6.04993,43.256234],[6.049932,43.256294],[6.049946,43.256406],[6.050018,43.256502],[6.050009,43.256526],[6.04994,43.256594],[6.049777,43.256737]]]]}},{"type":"Feature","properties":{"numero":"0264","section":"AI","code_insee":"83049","id_parc":"83049_AI_0264"},"geometry":{"type":"MultiPolygon","coordinates":[[[[6.07,43.24103],[6.070056,43.241008],[6.07013,43.240961],[6.070194,43.241],[6.070441,43.241152],[6.070243,43.241325],[6.070094,43.241454],[6.069669,43.241227],[6.069678,43.241221],[6.069748,43.241167],[6.069809,43.24112],[6.069945,43.241057],[6.069964,43.241046],[6.07,43.24103]]]]}},{"type":"Feature","properties":{"numero":"0264","section":"AK","code_insee":"83049","id_parc":"83049_AK_0264"},"geometry":{"type":"MultiPolygon","coordinates":[[[[6.070723,43.243518],[6.070779,43.243527],[6.070838,43.243536],[6.070675,43.243746],[6.07043,43.243645],[6.070458,43.243609],[6.070477,43.243585],[6.070517,43.243534],[6.070554,43.243487],[6.070632,43.2435],[6.070723,43.243518]]]]}},{"type":"Feature","properties":{"numero":"0264","section":"0H","code_insee":"83049","id_parc":"83049_0H_0264"},"geometry":{"type":"MultiPolygon","coordinates":[[[[6.048013,43.242461],[6.047724,43.242555],[6.047025,43.241875],[6.047232,43.241747],[6.047442,43.241708],[6.047666,43.241615],[6.048064,43.241421],[6.048201,43.241376],[6.048245,43.24142],[6.048454,43.241397],[6.048438,43.241427],[6.048457,43.241457],[6.048549,43.241444],[6.048655,43.241443],[6.04876,43.241439],[6.048865,43.241432],[6.048925,43.241426],[6.049211,43.241424],[6.049371,43.241401],[6.049629,43.241339],[6.050047,43.241222],[6.050386,43.241763],[6.050318,43.241768],[6.050218,43.241765],[6.050074,43.241811],[6.049838,43.241848],[6.049587,43.24189],[6.049378,43.241893],[6.049215,43.241923],[6.049112,43.241956],[6.04901,43.241992],[6.048924,43.242026],[6.04886,43.242083],[6.048812,43.242105],[6.048707,43.242141],[6.048674,43.24216],[6.048656,43.24222],[6.0486,43.242257],[6.048278,43.242388],[6.048013,43.242461]]]]}},{"type":"Feature","properties":{"numero":"0264","section":"0A","code_insee":"83049","id_parc":"83049_0A_0264"},"geometry":{"type":"MultiPolygon","coordinates":[[[[6.049987,43.255765],[6.049997,43.25604],[6.049993,43.256059],[6.049496,43.256012],[6.049438,43.255995],[6.049269,43.25592],[6.048853,43.255708],[6.04909,43.255498],[6.049337,43.255252],[6.049341,43.255249],[6.04962,43.255271],[6.050052,43.255396],[6.050038,43.255416],[6.050018,43.255451],[6.050001,43.255488],[6.050013,43.255589],[6.049987,43.255765]]]]}},{"type":"Feature","properties":{"numero":"2644","section":"0C","code_insee":"83049","id_parc":"83049_0C_2644"},"geometry":{"type":"MultiPolygon","coordinates":[[[[6.069981,43.248431],[6.069991,43.248439],[6.069998,43.248446],[6.069982,43.248522],[6.069952,43.248675],[6.069941,43.248738],[6.069898,43.249021],[6.069878,43.249099],[6.069871,43.249168],[6.069837,43.249162],[6.069208,43.249052],[6.069075,43.24961],[6.069026,43.249588],[6.069013,43.249587],[6.06898,43.249583],[6.068947,43.249575],[6.068916,43.249565],[6.068893,43.24955],[6.068865,43.249535],[6.068834,43.249523],[6.068798,43.249516],[6.0687,43.24951],[6.068645,43.249488],[6.068602,43.249446],[6.068557,43.249417],[6.068485,43.249395],[6.068392,43.249355],[6.068273,43.249334],[6.068214,43.249315],[6.068127,43.249275],[6.067846,43.249198],[6.067689,43.249169],[6.067578,43.24914],[6.067361,43.249076],[6.067272,43.249042],[6.067511,43.248622],[6.067747,43.2482],[6.067804,43.248097],[6.06781,43.248096],[6.067821,43.248095],[6.067836,43.248096],[6.067849,43.248098],[6.067865,43.248103],[6.068561,43.248299],[6.06873,43.24834],[6.069046,43.248393],[6.069284,43.248402],[6.069434,43.248393],[6.069667,43.248392],[6.069878,43.248402],[6.06991,43.248404],[6.069929,43.248407],[6.069948,43.248413],[6.069967,43.248422],[6.069981,43.248431]],[[6.068429,43.249008],[6.068433,43.248973],[6.068363,43.248968],[6.068359,43.248998],[6.068429,43.249008]]]]}},{"type":"Feature","properties":{"numero":"2645","section":"0C","code_insee":"83049","id_parc":"83049_0C_2645"},"geometry":{"type":"MultiPolygon","coordinates":[[[[6.069783,43.248357],[6.070015,43.24837],[6.069998,43.248446],[6.069991,43.248439],[6.069981,43.248431],[6.069967,43.248422],[6.069948,43.248413],[6.069929,43.248407],[6.06991,43.248404],[6.069878,43.248402],[6.069667,43.248392],[6.069434,43.248393],[6.069284,43.248402],[6.069046,43.248393],[6.06873,43.24834],[6.068561,43.248299],[6.067865,43.248103],[6.067849,43.248098],[6.067836,43.248096],[6.067821,43.248095],[6.06781,43.248096],[6.067804,43.248097],[6.067827,43.248056],[6.068598,43.248269],[6.068722,43.248301],[6.068927,43.248341],[6.06912,43.248365],[6.069175,43.248366],[6.069783,43.248357]]]]}},{"type":"Feature","properties":{"numero":"0265","section":"AI","code_insee":"83049","id_parc":"83049_AI_0265"},"geometry":{"type":"MultiPolygon","coordinates":[[[[6.069693,43.241396],[6.069681,43.241383],[6.069677,43.241378],[6.069596,43.241289],[6.069581,43.241272],[6.069611,43.24127],[6.069619,43.241264],[6.069669,43.241227],[6.070094,43.241454],[6.070017,43.241521],[6.06996,43.24157],[6.069827,43.241665],[6.069785,43.241695],[6.069766,43.241708],[6.069746,43.241723],[6.069652,43.241656],[6.069674,43.241638],[6.069675,43.241637],[6.069775,43.241557],[6.069782,43.241551],[6.069685,43.241487],[6.069697,43.241476],[6.069699,43.241472],[6.069702,43.241466],[6.069705,43.241457],[6.069707,43.24145],[6.069707,43.241442],[6.069707,43.241422],[6.069704,43.241414],[6.0697,43.241405],[6.069693,43.241396]]]]}},{"type":"Feature","properties":{"numero":"0265","section":"AK","code_insee":"83049","id_parc":"83049_AK_0265"},"geometry":{"type":"MultiPolygon","coordinates":[[[[6.070391,43.243695],[6.07043,43.243645],[6.070675,43.243746],[6.070622,43.243815],[6.070533,43.24393],[6.070315,43.243838],[6.070387,43.243747],[6.070368,43.243725],[6.070391,43.243695]]]]}},{"type":"Feature","properties":{"numero":"0265","section":"0H","code_insee":"83049","id_parc":"83049_0H_0265"},"geometry":{"type":"MultiPolygon","coordinates":[[[[6.046603,43.243101],[6.046547,43.243183],[6.046513,43.243206],[6.046104,43.242464],[6.04605,43.242369],[6.045961,43.242218],[6.045869,43.242069],[6.045682,43.241792],[6.045507,43.24157],[6.04568,43.2415],[6.045851,43.241427],[6.045988,43.241366],[6.046231,43.241295],[6.046476,43.241225],[6.046564,43.241202],[6.046946,43.241197],[6.047071,43.241199],[6.047334,43.241257],[6.047486,43.24124],[6.047605,43.241213],[6.047718,43.241185],[6.047829,43.241153],[6.047938,43.241118],[6.04798,43.241104],[6.048172,43.241058],[6.048678,43.240989],[6.048749,43.241016],[6.048811,43.24113],[6.048716,43.241214],[6.048461,43.241381],[6.048454,43.241397],[6.048245,43.24142],[6.048201,43.241376],[6.048064,43.241421],[6.047666,43.241615],[6.047442,43.241708],[6.047232,43.241747],[6.047025,43.241875],[6.046989,43.24189],[6.04695,43.241879],[6.046829,43.241937],[6.046735,43.242],[6.046549,43.242068],[6.046453,43.242145],[6.047105,43.242813],[6.046926,43.242938],[6.046694,43.243016],[6.046627,43.243063],[6.046603,43.243101]]]]}},{"type":"Feature","properties":{"numero":"0265","section":"0C","code_insee":"83049","id_parc":"83049_0C_0265"},"geometry":{"type":"MultiPolygon","coordinates":[[[[6.065392,43.257386],[6.065139,43.257284],[6.064958,43.257233],[6.064679,43.257153],[6.064342,43.25702],[6.064132,43.25696],[6.064022,43.256907],[6.064246,43.256711],[6.064415,43.256576],[6.064464,43.256523],[6.064519,43.256529],[6.064573,43.256571],[6.06462,43.256579],[6.064707,43.256632],[6.06506,43.256356],[6.065165,43.25643],[6.065273,43.256502],[6.065384,43.256572],[6.065428,43.256598],[6.065677,43.256757],[6.066167,43.257057],[6.065845,43.257175],[6.06571,43.257236],[6.065644,43.257302],[6.06555,43.257428],[6.065392,43.257386]]]]}},{"type":"Feature","properties":{"numero":"0265","section":"0A","code_insee":"83049","id_parc":"83049_0A_0265"},"geometry":{"type":"MultiPolygon","coordinates":[[[[6.050038,43.255503],[6.050049,43.255454],[6.05008,43.255404],[6.050155,43.255421],[6.050169,43.255557],[6.050075,43.255759],[6.050086,43.255836],[6.050058,43.255947],[6.050059,43.255997],[6.050091,43.256051],[6.050082,43.256066],[6.050027,43.25606],[6.050031,43.256039],[6.05001,43.255888],[6.050009,43.255808],[6.050043,43.255652],[6.050038,43.255503]]]]}},{"type":"Feature","properties":{"numero":"0266","section":"AI","code_insee":"83049","id_parc":"83049_AI_0266"},"geometry":{"type":"MultiPolygon","coordinates":[[[[6.07095,43.241413],[6.070919,43.241398],[6.070888,43.241428],[6.070662,43.241318],[6.070659,43.241305],[6.070678,43.241283],[6.07077,43.24118],[6.070776,43.241172],[6.070818,43.241126],[6.070877,43.241153],[6.071003,43.241215],[6.071082,43.241253],[6.071093,43.241269],[6.071041,43.241321],[6.071043,43.241322],[6.07095,43.241413]]]]}},{"type":"Feature","properties":{"numero":"0266","section":"AK","code_insee":"83049","id_parc":"83049_AK_0266"},"geometry":{"type":"MultiPolygon","coordinates":[[[[6.070361,43.244079],[6.070285,43.244048],[6.070166,43.244],[6.070168,43.243997],[6.070193,43.243957],[6.07022,43.243917],[6.070238,43.243891],[6.070244,43.243884],[6.07028,43.243839],[6.070315,43.243838],[6.070533,43.24393],[6.070418,43.244079],[6.070404,43.244097],[6.070361,43.244079]]]]}},{"type":"Feature","properties":{"numero":"0266","section":"0H","code_insee":"83049","id_parc":"83049_0H_0266"},"geometry":{"type":"MultiPolygon","coordinates":[[[[6.0475,43.242673],[6.047215,43.242751],[6.047105,43.242813],[6.046453,43.242145],[6.046549,43.242068],[6.046735,43.242],[6.046829,43.241937],[6.04695,43.241879],[6.046989,43.24189],[6.047025,43.241875],[6.047724,43.242555],[6.047616,43.242598],[6.047554,43.242651],[6.0475,43.242673]]]]}},{"type":"Feature","properties":{"numero":"0266","section":"0A","code_insee":"83049","id_parc":"83049_0A_0266"},"geometry":{"type":"MultiPolygon","coordinates":[[[[6.049965,43.25621],[6.050025,43.256069],[6.050027,43.25606],[6.050082,43.256066],[6.049989,43.256228],[6.049986,43.256264],[6.050026,43.256354],[6.050061,43.256466],[6.050065,43.256527],[6.050041,43.256572],[6.049986,43.256622],[6.049891,43.256704],[6.049793,43.256784],[6.049776,43.256838],[6.049744,43.256829],[6.049752,43.256795],[6.049786,43.256758],[6.050019,43.25655],[6.050044,43.256505],[6.050039,43.256476],[6.049973,43.256409],[6.049972,43.25637],[6.049967,43.256314],[6.049958,43.256257],[6.049965,43.25621]]]]}},{"type":"Feature","properties":{"numero":"0267","section":"AI","code_insee":"83049","id_parc":"83049_AI_0267"},"geometry":{"type":"MultiPolygon","coordinates":[[[[6.070474,43.241441],[6.070417,43.241412],[6.070243,43.241325],[6.070441,43.241152],[6.07059,43.241023],[6.070772,43.241105],[6.070474,43.241441]]]]}},{"type":"Feature","properties":{"numero":"0267","section":"AK","code_insee":"83049","id_parc":"83049_AK_0267"},"geometry":{"type":"MultiPolygon","coordinates":[[[[6.070404,43.244097],[6.070373,43.244137],[6.070233,43.244393],[6.070172,43.244283],[6.07017,43.244278],[6.070122,43.24419],[6.070088,43.244126],[6.070099,43.244115],[6.070107,43.244104],[6.070113,43.244091],[6.070122,43.244076],[6.070166,43.244],[6.070285,43.244048],[6.070361,43.244079],[6.070404,43.244097]]]]}},{"type":"Feature","properties":{"numero":"0267","section":"0A","code_insee":"83049","id_parc":"83049_0A_0267"},"geometry":{"type":"MultiPolygon","coordinates":[[[[6.049726,43.256965],[6.049747,43.256913],[6.049744,43.256829],[6.049776,43.256838],[6.04977,43.256933],[6.049665,43.25705],[6.049621,43.257107],[6.049606,43.257179],[6.049573,43.257184],[6.049588,43.257108],[6.049603,43.257077],[6.049726,43.256965]]]]}},{"type":"Feature","properties":{"numero":"0268","section":"AI","code_insee":"83049","id_parc":"83049_AI_0268"},"geometry":{"type":"MultiPolygon","coordinates":[[[[6.070888,43.241428],[6.070732,43.241572],[6.070474,43.241441],[6.070772,43.241105],[6.070818,43.241126],[6.070776,43.241172],[6.07077,43.24118],[6.070678,43.241283],[6.070659,43.241305],[6.070662,43.241318],[6.070888,43.241428]]]]}},{"type":"Feature","properties":{"numero":"0268","section":"AK","code_insee":"83049","id_parc":"83049_AK_0268"},"geometry":{"type":"MultiPolygon","coordinates":[[[[6.070107,43.244104],[6.070099,43.244115],[6.070088,43.244126],[6.069944,43.243862],[6.070069,43.243882],[6.070072,43.243883],[6.070076,43.243883],[6.07008,43.243883],[6.070084,43.243884],[6.070088,43.243884],[6.070091,43.243884],[6.070095,43.243884],[6.070099,43.243884],[6.070103,43.243884],[6.070107,43.243884],[6.07011,43.243883],[6.070114,43.243883],[6.070118,43.243883],[6.070122,43.243882],[6.070125,43.243881],[6.070129,43.243881],[6.070133,43.24388],[6.070137,43.243879],[6.07014,43.243878],[6.070144,43.243877],[6.070147,43.243876],[6.07015,43.243874],[6.070154,43.243873],[6.070157,43.243872],[6.07016,43.24387],[6.070164,43.243869],[6.070167,43.243867],[6.07017,43.243866],[6.070173,43.243864],[6.070176,43.243862],[6.070179,43.24386],[6.070181,43.243858],[6.070184,43.243856],[6.070187,43.243854],[6.070189,43.243852],[6.070191,43.24385],[6.070194,43.243848],[6.070196,43.243845],[6.070198,43.243843],[6.0702,43.243841],[6.070263,43.24376],[6.070264,43.243759],[6.070332,43.243672],[6.070443,43.24353],[6.070479,43.243482],[6.070479,43.243469],[6.070476,43.243455],[6.070458,43.243431],[6.070447,43.243423],[6.070433,43.243419],[6.07054,43.243442],[6.070564,43.243461],[6.070581,43.243473],[6.070588,43.243478],[6.070632,43.2435],[6.070554,43.243487],[6.070517,43.243534],[6.070477,43.243585],[6.070458,43.243609],[6.07043,43.243645],[6.070391,43.243695],[6.070368,43.243725],[6.070387,43.243747],[6.070315,43.243838],[6.07028,43.243839],[6.070244,43.243884],[6.070238,43.243891],[6.07022,43.243917],[6.070193,43.243957],[6.070168,43.243997],[6.070166,43.244],[6.070122,43.244076],[6.070113,43.244091],[6.070107,43.244104]]]]}},{"type":"Feature","properties":{"numero":"0268","section":"0H","code_insee":"83049","id_parc":"83049_0H_0268"},"geometry":{"type":"MultiPolygon","coordinates":[[[[6.046923,43.244103],[6.046842,43.243868],[6.046766,43.243722],[6.046591,43.243397],[6.046527,43.243264],[6.046554,43.24325],[6.046578,43.243233],[6.046598,43.243216],[6.046653,43.243176],[6.046886,43.243488],[6.047009,43.243694],[6.047061,43.243842],[6.047144,43.243988],[6.047282,43.244245],[6.047189,43.244259],[6.047091,43.244277],[6.046995,43.244298],[6.046923,43.244103]]]]}},{"type":"Feature","properties":{"numero":"0268","section":"0C","code_insee":"83049","id_parc":"83049_0C_0268"},"geometry":{"type":"MultiPolygon","coordinates":[[[[6.063731,43.256199],[6.064231,43.25586],[6.064407,43.255973],[6.063938,43.256291],[6.063933,43.256299],[6.063731,43.256199]]]]}},{"type":"Feature","properties":{"numero":"0268","section":"0A","code_insee":"83049","id_parc":"83049_0A_0268"},"geometry":{"type":"MultiPolygon","coordinates":[[[[6.04944,43.257424],[6.049537,43.257272],[6.049573,43.257184],[6.049606,43.257179],[6.049586,43.257245],[6.049542,43.257339],[6.049519,43.257372],[6.049472,43.257432],[6.049423,43.25749],[6.049418,43.257504],[6.049399,43.25755],[6.049375,43.257596],[6.049348,43.25764],[6.049318,43.257671],[6.049236,43.257749],[6.049152,43.257825],[6.049125,43.257861],[6.04905,43.257991],[6.049027,43.258017],[6.049011,43.258007],[6.049113,43.257841],[6.049264,43.257694],[6.049343,43.257605],[6.04944,43.257424]]]]}},{"type":"Feature","properties":{"numero":"0269","section":"AK","code_insee":"83049","id_parc":"83049_AK_0269"},"geometry":{"type":"MultiPolygon","coordinates":[[[[6.070072,43.243883],[6.070069,43.243882],[6.069944,43.243862],[6.069908,43.243795],[6.070014,43.243657],[6.070016,43.243655],[6.070017,43.243654],[6.070019,43.243652],[6.07002,43.243651],[6.070022,43.24365],[6.070024,43.243648],[6.070026,43.243647],[6.070028,43.243646],[6.07003,43.243645],[6.070032,43.243644],[6.070034,43.243644],[6.070036,43.243643],[6.070039,43.243642],[6.070041,43.243642],[6.070043,43.243641],[6.070046,43.243641],[6.070048,43.243641],[6.070051,43.243641],[6.070053,43.243641],[6.070056,43.243641],[6.070058,43.243641],[6.07006,43.243642],[6.070063,43.243642],[6.070065,43.243642],[6.070067,43.243643],[6.07007,43.243644],[6.070072,43.243645],[6.070073,43.243645],[6.070247,43.243717],[6.07025,43.243719],[6.070252,43.24372],[6.070254,43.243721],[6.070255,43.243722],[6.070257,43.243723],[6.070259,43.243725],[6.07026,43.243726],[6.070262,43.243728],[6.070263,43.243729],[6.070264,43.243731],[6.070265,43.243732],[6.070266,43.243734],[6.070267,43.243736],[6.070267,43.243738],[6.070268,43.243739],[6.070268,43.243741],[6.070268,43.243743],[6.070268,43.243745],[6.070268,43.243747],[6.070268,43.243748],[6.070268,43.24375],[6.070267,43.243752],[6.070264,43.243759],[6.070263,43.24376],[6.0702,43.243841],[6.070198,43.243843],[6.070196,43.243845],[6.070194,43.243848],[6.070191,43.24385],[6.070189,43.243852],[6.070187,43.243854],[6.070184,43.243856],[6.070181,43.243858],[6.070179,43.24386],[6.070176,43.243862],[6.070173,43.243864],[6.07017,43.243866],[6.070167,43.243867],[6.070164,43.243869],[6.07016,43.24387],[6.070157,43.243872],[6.070154,43.243873],[6.07015,43.243874],[6.070147,43.243876],[6.070144,43.243877],[6.07014,43.243878],[6.070137,43.243879],[6.070133,43.24388],[6.070129,43.243881],[6.070125,43.243881],[6.070122,43.243882],[6.070118,43.243883],[6.070114,43.243883],[6.07011,43.243883],[6.070107,43.243884],[6.070103,43.243884],[6.070099,43.243884],[6.070095,43.243884],[6.070091,43.243884],[6.070088,43.243884],[6.070084,43.243884],[6.07008,43.243883],[6.070076,43.243883],[6.070072,43.243883]]]]}},{"type":"Feature","properties":{"numero":"0269","section":"0H","code_insee":"83049","id_parc":"83049_0H_0269"},"geometry":{"type":"MultiPolygon","coordinates":[[[[6.04653,43.244162],[6.046496,43.244011],[6.046359,43.243292],[6.046392,43.243293],[6.046425,43.243291],[6.046458,43.243286],[6.046489,43.243278],[6.046519,43.243268],[6.046527,43.243264],[6.046591,43.243397],[6.046766,43.243722],[6.046569,43.243766],[6.046656,43.243969],[6.046737,43.244192],[6.046798,43.244413],[6.046602,43.244439],[6.046567,43.244312],[6.04653,43.244162]]]]}},{"type":"Feature","properties":{"numero":"0269","section":"0C","code_insee":"83049","id_parc":"83049_0C_0269"},"geometry":{"type":"MultiPolygon","coordinates":[[[[6.064109,43.255828],[6.064201,43.255843],[6.064231,43.25586],[6.063731,43.256199],[6.063549,43.256104],[6.06386,43.255894],[6.064048,43.255786],[6.064109,43.255828]]]]}},{"type":"Feature","properties":{"numero":"0269","section":"0A","code_insee":"83049","id_parc":"83049_0A_0269"},"geometry":{"type":"MultiPolygon","coordinates":[[[[6.04909,43.257991],[6.049147,43.257867],[6.049276,43.257753],[6.049682,43.258009],[6.050053,43.258168],[6.050248,43.258261],[6.050343,43.258293],[6.050446,43.258374],[6.05052,43.258425],[6.050406,43.258499],[6.050294,43.258568],[6.050214,43.258604],[6.050134,43.25863],[6.050075,43.258643],[6.050037,43.25865],[6.049978,43.25865],[6.049922,43.258648],[6.049862,43.258634],[6.049668,43.258577],[6.04946,43.258533],[6.049351,43.25851],[6.049241,43.258462],[6.04922,43.25847],[6.049206,43.258465],[6.049069,43.258416],[6.048983,43.258379],[6.048884,43.258337],[6.048821,43.258314],[6.048835,43.258262],[6.048969,43.258117],[6.04909,43.257991]]]]}},{"type":"Feature","properties":{"numero":"0027","section":"AD","code_insee":"83049","id_parc":"83049_AD_0027"},"geometry":{"type":"MultiPolygon","coordinates":[[[[6.065712,43.241208],[6.065694,43.241208],[6.065671,43.241121],[6.065711,43.241116],[6.065749,43.24123],[6.065725,43.241233],[6.065712,43.241208]]]]}},{"type":"Feature","properties":{"numero":"0027","section":"AH","code_insee":"83049","id_parc":"83049_AH_0027"},"geometry":{"type":"MultiPolygon","coordinates":[[[[6.057772,43.248143],[6.057732,43.248046],[6.05772,43.247966],[6.057692,43.247856],[6.058269,43.247823],[6.058343,43.247858],[6.058554,43.247981],[6.058432,43.248034],[6.058355,43.248072],[6.05822,43.248133],[6.058091,43.248185],[6.058018,43.248204],[6.057946,43.248215],[6.057906,43.248225],[6.057842,43.248242],[6.057772,43.248143]]]]}},{"type":"Feature","properties":{"numero":"0027","section":"AI","code_insee":"83049","id_parc":"83049_AI_0027"},"geometry":{"type":"MultiPolygon","coordinates":[[[[6.066372,43.243406],[6.066301,43.243409],[6.0663,43.243406],[6.066287,43.243382],[6.066276,43.243364],[6.066267,43.243349],[6.066263,43.243342],[6.066239,43.2433],[6.06619,43.24322],[6.066208,43.243215],[6.066217,43.243215],[6.06622,43.243218],[6.066231,43.243233],[6.066312,43.243253],[6.066321,43.243255],[6.066411,43.243278],[6.066499,43.243295],[6.066552,43.243307],[6.066568,43.243311],[6.066609,43.243321],[6.066636,43.243327],[6.066672,43.243338],[6.06669,43.243397],[6.066629,43.243398],[6.066584,43.243398],[6.066584,43.2434],[6.066543,43.243402],[6.06642,43.243403],[6.066398,43.243405],[6.066373,43.243406],[6.066372,43.243406]]]]}},{"type":"Feature","properties":{"numero":"0270","section":"AK","code_insee":"83049","id_parc":"83049_AK_0270"},"geometry":{"type":"MultiPolygon","coordinates":[[[[6.070016,43.243655],[6.070014,43.243657],[6.069908,43.243795],[6.06979,43.243577],[6.069895,43.243441],[6.070113,43.24353],[6.070083,43.243568],[6.070081,43.243571],[6.07008,43.243573],[6.070078,43.243576],[6.070078,43.243579],[6.070077,43.243581],[6.070077,43.243584],[6.070077,43.243587],[6.070078,43.24359],[6.070078,43.243593],[6.07008,43.243595],[6.070081,43.243598],[6.070083,43.2436],[6.070085,43.243603],[6.070087,43.243605],[6.07009,43.243607],[6.070093,43.243609],[6.070096,43.24361],[6.070098,43.243611],[6.070273,43.243684],[6.070276,43.243685],[6.07028,43.243686],[6.070284,43.243687],[6.070287,43.243688],[6.070291,43.243688],[6.070295,43.243688],[6.070299,43.243688],[6.070303,43.243687],[6.070307,43.243687],[6.07031,43.243686],[6.070314,43.243685],[6.070317,43.243683],[6.07032,43.243681],[6.070323,43.24368],[6.070332,43.243672],[6.070264,43.243759],[6.070267,43.243752],[6.070268,43.24375],[6.070268,43.243748],[6.070268,43.243747],[6.070268,43.243745],[6.070268,43.243743],[6.070268,43.243741],[6.070268,43.243739],[6.070267,43.243738],[6.070267,43.243736],[6.070266,43.243734],[6.070265,43.243732],[6.070264,43.243731],[6.070263,43.243729],[6.070262,43.243728],[6.07026,43.243726],[6.070259,43.243725],[6.070257,43.243723],[6.070255,43.243722],[6.070254,43.243721],[6.070252,43.24372],[6.07025,43.243719],[6.070247,43.243717],[6.070073,43.243645],[6.070072,43.243645],[6.07007,43.243644],[6.070067,43.243643],[6.070065,43.243642],[6.070063,43.243642],[6.07006,43.243642],[6.070058,43.243641],[6.070056,43.243641],[6.070053,43.243641],[6.070051,43.243641],[6.070048,43.243641],[6.070046,43.243641],[6.070043,43.243641],[6.070041,43.243642],[6.070039,43.243642],[6.070036,43.243643],[6.070034,43.243644],[6.070032,43.243644],[6.07003,43.243645],[6.070028,43.243646],[6.070026,43.243647],[6.070024,43.243648],[6.070022,43.24365],[6.07002,43.243651],[6.070019,43.243652],[6.070017,43.243654],[6.070016,43.243655]]]]}},{"type":"Feature","properties":{"numero":"0270","section":"0H","code_insee":"83049","id_parc":"83049_0H_0270"},"geometry":{"type":"MultiPolygon","coordinates":[[[[6.046995,43.244298],[6.047013,43.244377],[6.046798,43.244413],[6.046737,43.244192],[6.046656,43.243969],[6.046569,43.243766],[6.046766,43.243722],[6.046842,43.243868],[6.046923,43.244103],[6.046995,43.244298]]]]}},{"type":"Feature","properties":{"numero":"0270","section":"0A","code_insee":"83049","id_parc":"83049_0A_0270"},"geometry":{"type":"MultiPolygon","coordinates":[[[[6.049402,43.257618],[6.049455,43.257494],[6.049525,43.257414],[6.049943,43.257716],[6.05049,43.258114],[6.05104,43.258517],[6.050927,43.258567],[6.050824,43.258611],[6.050679,43.258527],[6.05052,43.258425],[6.050446,43.258374],[6.050343,43.258293],[6.050248,43.258261],[6.050053,43.258168],[6.049682,43.258009],[6.049276,43.257753],[6.049402,43.257618]]]]}},{"type":"Feature","properties":{"numero":"0271","section":"AI","code_insee":"83049","id_parc":"83049_AI_0271"},"geometry":{"type":"MultiPolygon","coordinates":[[[[6.067001,43.242088],[6.067086,43.242052],[6.067126,43.242034],[6.067213,43.242216],[6.06725,43.242261],[6.067176,43.242278],[6.067071,43.242301],[6.066908,43.242338],[6.066892,43.242342],[6.066895,43.242349],[6.066806,43.24238],[6.066751,43.242312],[6.06668,43.242226],[6.06673,43.242205],[6.066764,43.24219],[6.067001,43.242088]]]]}},{"type":"Feature","properties":{"numero":"0271","section":"AK","code_insee":"83049","id_parc":"83049_AK_0271"},"geometry":{"type":"MultiPolygon","coordinates":[[[[6.070081,43.243571],[6.070083,43.243568],[6.070113,43.24353],[6.070194,43.243426],[6.070443,43.24353],[6.070332,43.243672],[6.070323,43.24368],[6.07032,43.243681],[6.070317,43.243683],[6.070314,43.243685],[6.07031,43.243686],[6.070307,43.243687],[6.070303,43.243687],[6.070299,43.243688],[6.070295,43.243688],[6.070291,43.243688],[6.070287,43.243688],[6.070284,43.243687],[6.07028,43.243686],[6.070276,43.243685],[6.070273,43.243684],[6.070098,43.243611],[6.070096,43.24361],[6.070093,43.243609],[6.07009,43.243607],[6.070087,43.243605],[6.070085,43.243603],[6.070083,43.2436],[6.070081,43.243598],[6.07008,43.243595],[6.070078,43.243593],[6.070078,43.24359],[6.070077,43.243587],[6.070077,43.243584],[6.070077,43.243581],[6.070078,43.243579],[6.070078,43.243576],[6.07008,43.243573],[6.070081,43.243571]]]]}},{"type":"Feature","properties":{"numero":"0271","section":"0H","code_insee":"83049","id_parc":"83049_0H_0271"},"geometry":{"type":"MultiPolygon","coordinates":[[[[6.046888,43.244563],[6.046863,43.244484],[6.046798,43.244413],[6.047013,43.244377],[6.046995,43.244298],[6.047091,43.244277],[6.047189,43.244259],[6.047282,43.244245],[6.04729,43.24426],[6.047329,43.244428],[6.047396,43.244601],[6.047484,43.244818],[6.047599,43.245061],[6.047684,43.245225],[6.047218,43.245375],[6.047121,43.245266],[6.047093,43.245229],[6.047086,43.24519],[6.047079,43.245134],[6.047076,43.245078],[6.047048,43.244994],[6.047031,43.244965],[6.046971,43.244855],[6.046914,43.244743],[6.046897,43.244682],[6.046888,43.244563]]]]}},{"type":"Feature","properties":{"numero":"0271","section":"0A","code_insee":"83049","id_parc":"83049_0A_0271"},"geometry":{"type":"MultiPolygon","coordinates":[[[[6.05126,43.258433],[6.051137,43.258475],[6.05104,43.258517],[6.05049,43.258114],[6.049943,43.257716],[6.049525,43.257414],[6.049575,43.257354],[6.049645,43.25719],[6.049655,43.257105],[6.049712,43.257039],[6.049957,43.257245],[6.050091,43.257364],[6.050195,43.25747],[6.050302,43.257574],[6.050358,43.257627],[6.050421,43.257667],[6.050448,43.25771],[6.050906,43.258091],[6.05126,43.258433]]]]}},{"type":"Feature","properties":{"numero":"0272","section":"AI","code_insee":"83049","id_parc":"83049_AI_0272"},"geometry":{"type":"MultiPolygon","coordinates":[[[[6.067071,43.242301],[6.067176,43.242278],[6.06725,43.242261],[6.067275,43.242292],[6.066806,43.242381],[6.066806,43.24238],[6.066895,43.242349],[6.066892,43.242342],[6.066908,43.242338],[6.067071,43.242301]]]]}},{"type":"Feature","properties":{"numero":"0272","section":"AK","code_insee":"83049","id_parc":"83049_AK_0272"},"geometry":{"type":"MultiPolygon","coordinates":[[[[6.070113,43.24353],[6.069895,43.243441],[6.06979,43.243577],[6.069745,43.243494],[6.069778,43.24347],[6.069815,43.243448],[6.069861,43.243423],[6.069912,43.243404],[6.069953,43.243393],[6.069993,43.243384],[6.070046,43.243374],[6.070099,43.243371],[6.070151,43.243371],[6.070173,43.243372],[6.07026,43.243375],[6.070283,43.243377],[6.0703,43.24338],[6.07035,43.243395],[6.070433,43.243419],[6.070447,43.243423],[6.070458,43.243431],[6.070476,43.243455],[6.070479,43.243469],[6.070479,43.243482],[6.070443,43.24353],[6.070194,43.243426],[6.070113,43.24353]]]]}},{"type":"Feature","properties":{"numero":"0272","section":"0A","code_insee":"83049","id_parc":"83049_0A_0272"},"geometry":{"type":"MultiPolygon","coordinates":[[[[6.049961,43.256672],[6.05035,43.25703],[6.049957,43.257245],[6.049712,43.257039],[6.049792,43.256956],[6.049805,43.256939],[6.049802,43.256868],[6.049818,43.256804],[6.049848,43.256767],[6.049929,43.256707],[6.049961,43.256672]]]]}},{"type":"Feature","properties":{"numero":"0273","section":"AI","code_insee":"83049","id_parc":"83049_AI_0273"},"geometry":{"type":"MultiPolygon","coordinates":[[[[6.069055,43.240393],[6.069024,43.240365],[6.068969,43.240332],[6.069049,43.24035],[6.069097,43.240346],[6.06918,43.24034],[6.069242,43.240342],[6.069331,43.240343],[6.069365,43.240339],[6.06943,43.240537],[6.069311,43.240618],[6.069302,43.240612],[6.069294,43.240605],[6.069244,43.240561],[6.069094,43.240428],[6.069055,43.240393]]]]}},{"type":"Feature","properties":{"numero":"0273","section":"0H","code_insee":"83049","id_parc":"83049_0H_0273"},"geometry":{"type":"MultiPolygon","coordinates":[[[[6.048989,43.246097],[6.048773,43.246112],[6.04827,43.246107],[6.048296,43.245656],[6.048431,43.245675],[6.048676,43.24569],[6.04877,43.245681],[6.048828,43.245662],[6.048843,43.245673],[6.049286,43.245974],[6.048989,43.246097]]]]}},{"type":"Feature","properties":{"numero":"0273","section":"0A","code_insee":"83049","id_parc":"83049_0A_0273"},"geometry":{"type":"MultiPolygon","coordinates":[[[[6.05004,43.256321],[6.050023,43.256232],[6.050061,43.256161],[6.050398,43.256585],[6.050435,43.256645],[6.050541,43.256815],[6.050652,43.256985],[6.050767,43.257152],[6.050894,43.257313],[6.050937,43.257386],[6.051044,43.257562],[6.051155,43.257737],[6.051286,43.257929],[6.051406,43.258142],[6.051547,43.258354],[6.05126,43.258433],[6.050906,43.258091],[6.050448,43.25771],[6.050421,43.257667],[6.050358,43.257627],[6.050302,43.257574],[6.050195,43.25747],[6.050091,43.257364],[6.049957,43.257245],[6.05035,43.25703],[6.049961,43.256672],[6.050056,43.256596],[6.05009,43.256558],[6.050097,43.256538],[6.050101,43.256516],[6.0501,43.256495],[6.050095,43.256475],[6.05004,43.256321]]]]}},{"type":"Feature","properties":{"numero":"0274","section":"AI","code_insee":"83049","id_parc":"83049_AI_0274"},"geometry":{"type":"MultiPolygon","coordinates":[[[[6.069405,43.24062],[6.069384,43.240633],[6.069355,43.240653],[6.069311,43.240618],[6.06943,43.240537],[6.069365,43.240339],[6.069418,43.240333],[6.069545,43.240291],[6.069613,43.240492],[6.069583,43.240496],[6.069583,43.240497],[6.069473,43.240572],[6.069405,43.24062]]]]}},{"type":"Feature","properties":{"numero":"0274","section":"AK","code_insee":"83049","id_parc":"83049_AK_0274"},"geometry":{"type":"MultiPolygon","coordinates":[[[[6.069613,43.243624],[6.069656,43.243576],[6.069684,43.243548],[6.070011,43.244156],[6.069898,43.244193],[6.069888,43.244189],[6.069845,43.244177],[6.069726,43.244141],[6.069675,43.244127],[6.069643,43.244118],[6.069531,43.244085],[6.069432,43.244056],[6.069392,43.244045],[6.069418,43.243973],[6.069441,43.243922],[6.069454,43.243902],[6.06948,43.243838],[6.069518,43.243771],[6.069537,43.243746],[6.06956,43.243709],[6.069582,43.24366],[6.069613,43.243624]]]]}},{"type":"Feature","properties":{"numero":"0274","section":"0H","code_insee":"83049","id_parc":"83049_0H_0274"},"geometry":{"type":"MultiPolygon","coordinates":[[[[6.048773,43.246112],[6.048989,43.246097],[6.049286,43.245974],[6.049393,43.246039],[6.049746,43.246364],[6.049608,43.246404],[6.049545,43.246447],[6.049521,43.246483],[6.049511,43.246585],[6.049477,43.246639],[6.049454,43.246655],[6.049312,43.246692],[6.04917,43.246717],[6.048711,43.246751],[6.048773,43.246112]]]]}},{"type":"Feature","properties":{"numero":"0274","section":"0C","code_insee":"83049","id_parc":"83049_0C_0274"},"geometry":{"type":"MultiPolygon","coordinates":[[[[6.065259,43.254822],[6.065281,43.254887],[6.065315,43.254947],[6.064707,43.255026],[6.064687,43.254938],[6.064822,43.254923],[6.065043,43.254876],[6.065116,43.254858],[6.065259,43.254822]]]]}},{"type":"Feature","properties":{"numero":"0274","section":"0A","code_insee":"83049","id_parc":"83049_0A_0274"},"geometry":{"type":"MultiPolygon","coordinates":[[[[6.051639,43.257999],[6.051781,43.258304],[6.051547,43.258354],[6.051406,43.258142],[6.051286,43.257929],[6.051155,43.257737],[6.051044,43.257562],[6.050937,43.257386],[6.050894,43.257313],[6.050767,43.257152],[6.050652,43.256985],[6.050541,43.256815],[6.050435,43.256645],[6.050398,43.256585],[6.050061,43.256161],[6.050131,43.256048],[6.050087,43.255985],[6.050097,43.255922],[6.050111,43.255859],[6.05012,43.255827],[6.05011,43.255759],[6.0502,43.255578],[6.0502,43.255516],[6.050196,43.255454],[6.050188,43.255392],[6.050183,43.255364],[6.050197,43.255322],[6.050307,43.255255],[6.050415,43.255186],[6.05045,43.255163],[6.050487,43.255118],[6.05049,43.255091],[6.050489,43.255064],[6.050483,43.255037],[6.050473,43.255011],[6.050466,43.254996],[6.050603,43.25483],[6.050703,43.25477],[6.051191,43.254915],[6.051175,43.254988],[6.051067,43.255345],[6.051069,43.2554],[6.051027,43.255526],[6.050992,43.255678],[6.050957,43.25575],[6.050952,43.25581],[6.050955,43.255998],[6.051023,43.256174],[6.051049,43.256196],[6.051225,43.256674],[6.051391,43.257266],[6.051574,43.257774],[6.051602,43.257861],[6.051626,43.257948],[6.051639,43.257999]]]]}},{"type":"Feature","properties":{"numero":"0275","section":"AI","code_insee":"83049","id_parc":"83049_AI_0275"},"geometry":{"type":"MultiPolygon","coordinates":[[[[6.070477,43.241736],[6.070204,43.241607],[6.070417,43.241412],[6.070474,43.241441],[6.070732,43.241572],[6.070689,43.241615],[6.070658,43.241601],[6.07057,43.241688],[6.07053,43.241729],[6.070477,43.241736]]]]}},{"type":"Feature","properties":{"numero":"0275","section":"0H","code_insee":"83049","id_parc":"83049_0H_0275"},"geometry":{"type":"MultiPolygon","coordinates":[[[[6.048172,43.246838],[6.04812,43.246831],[6.048157,43.246708],[6.048208,43.246493],[6.04827,43.246107],[6.048773,43.246112],[6.048711,43.246751],[6.048525,43.246762],[6.048241,43.246835],[6.048172,43.246838]]]]}},{"type":"Feature","properties":{"numero":"0275","section":"0C","code_insee":"83049","id_parc":"83049_0C_0275"},"geometry":{"type":"MultiPolygon","coordinates":[[[[6.06399,43.255353],[6.063846,43.255303],[6.063839,43.255271],[6.063809,43.255138],[6.064707,43.255026],[6.065315,43.254947],[6.06532,43.254956],[6.065373,43.255052],[6.065425,43.255265],[6.065459,43.255354],[6.065557,43.255537],[6.0656,43.255603],[6.065698,43.255731],[6.065895,43.25602],[6.06606,43.256214],[6.065926,43.256255],[6.065729,43.256044],[6.065569,43.255825],[6.065398,43.255701],[6.065334,43.255624],[6.065104,43.255343],[6.065018,43.255346],[6.064875,43.255368],[6.064476,43.25542],[6.064371,43.255404],[6.064236,43.255405],[6.06399,43.255353]]]]}},{"type":"Feature","properties":{"numero":"0275","section":"0A","code_insee":"83049","id_parc":"83049_0A_0275"},"geometry":{"type":"MultiPolygon","coordinates":[[[[6.051029,43.254528],[6.051108,43.254572],[6.05126,43.254638],[6.051236,43.254719],[6.051211,43.254817],[6.051191,43.254915],[6.050703,43.25477],[6.050767,43.254717],[6.050862,43.25459],[6.050896,43.254537],[6.050913,43.254522],[6.050933,43.254516],[6.050955,43.254514],[6.050977,43.254514],[6.050999,43.254517],[6.051019,43.254524],[6.051029,43.254528]]]]}},{"type":"Feature","properties":{"numero":"0276","section":"AI","code_insee":"83049","id_parc":"83049_AI_0276"},"geometry":{"type":"MultiPolygon","coordinates":[[[[6.06996,43.24157],[6.070017,43.241521],[6.070094,43.241454],[6.070243,43.241325],[6.070417,43.241412],[6.070204,43.241607],[6.070477,43.241736],[6.07053,43.241729],[6.07057,43.241688],[6.070658,43.241601],[6.070689,43.241615],[6.070671,43.241634],[6.070682,43.241638],[6.070521,43.241798],[6.070482,43.24178],[6.070373,43.241729],[6.07034,43.241755],[6.070338,43.241757],[6.070185,43.241681],[6.070019,43.241598],[6.06996,43.24157]]]]}},{"type":"Feature","properties":{"numero":"0276","section":"AK","code_insee":"83049","id_parc":"83049_AK_0276"},"geometry":{"type":"MultiPolygon","coordinates":[[[[6.069531,43.244085],[6.069643,43.244118],[6.069675,43.244127],[6.069538,43.244295],[6.069502,43.244339],[6.069496,43.244346],[6.06945,43.244324],[6.069425,43.244312],[6.069361,43.244284],[6.069301,43.244257],[6.069316,43.244219],[6.06933,43.244184],[6.069332,43.24418],[6.069344,43.244156],[6.069345,43.244152],[6.069348,43.244147],[6.069392,43.244045],[6.069432,43.244056],[6.069531,43.244085]]]]}},{"type":"Feature","properties":{"numero":"0276","section":"0H","code_insee":"83049","id_parc":"83049_0H_0276"},"geometry":{"type":"MultiPolygon","coordinates":[[[[6.046307,43.246894],[6.046215,43.24692],[6.046121,43.246944],[6.046114,43.246923],[6.046052,43.246826],[6.045647,43.246345],[6.045593,43.246278],[6.045784,43.246181],[6.045936,43.24613],[6.046034,43.246117],[6.04607,43.246182],[6.046237,43.246184],[6.046254,43.246302],[6.04644,43.246334],[6.04652,43.246395],[6.046815,43.246524],[6.04694,43.246641],[6.047295,43.246743],[6.047328,43.246696],[6.047494,43.246758],[6.047736,43.246671],[6.047809,43.246522],[6.04794,43.246541],[6.047925,43.246595],[6.048157,43.246708],[6.04812,43.246831],[6.047989,43.246815],[6.047704,43.246811],[6.047539,43.246847],[6.047432,43.246859],[6.047292,43.246844],[6.047225,43.24682],[6.046825,43.246789],[6.046732,43.246804],[6.046451,43.246847],[6.046398,43.246865],[6.046307,43.246894]]]]}},{"type":"Feature","properties":{"numero":"0276","section":"0C","code_insee":"83049","id_parc":"83049_0C_0276"},"geometry":{"type":"MultiPolygon","coordinates":[[[[6.064876,43.256235],[6.064643,43.256098],[6.065334,43.255624],[6.065398,43.255701],[6.065569,43.255825],[6.065729,43.256044],[6.065926,43.256255],[6.065583,43.25648],[6.065428,43.256598],[6.065384,43.256572],[6.065273,43.256502],[6.065165,43.25643],[6.06506,43.256356],[6.064876,43.256235]]]]}},{"type":"Feature","properties":{"numero":"0276","section":"0A","code_insee":"83049","id_parc":"83049_0A_0276"},"geometry":{"type":"MultiPolygon","coordinates":[[[[6.051141,43.254091],[6.051329,43.254171],[6.050978,43.254482],[6.050872,43.254487],[6.050858,43.254482],[6.050845,43.254475],[6.050836,43.254465],[6.05083,43.254454],[6.050829,43.254443],[6.050832,43.254431],[6.050925,43.254347],[6.051001,43.254251],[6.051065,43.254194],[6.051141,43.254091]]]]}},{"type":"Feature","properties":{"numero":"0277","section":"AK","code_insee":"83049","id_parc":"83049_AK_0277"},"geometry":{"type":"MultiPolygon","coordinates":[[[[6.069779,43.244454],[6.069815,43.244456],[6.069644,43.244607],[6.069638,43.244603],[6.069582,43.244568],[6.069539,43.244543],[6.069492,43.244513],[6.069479,43.244505],[6.069453,43.244488],[6.069329,43.244409],[6.069321,43.244403],[6.069318,43.2444],[6.069313,43.244394],[6.06931,43.244389],[6.069304,43.244375],[6.0693,43.244361],[6.069294,43.24434],[6.069292,43.244297],[6.069297,43.244271],[6.0693,43.244262],[6.069422,43.244315],[6.069493,43.244349],[6.069496,43.24435],[6.069571,43.244387],[6.069599,43.244397],[6.069719,43.244437],[6.069731,43.244441],[6.06976,43.244451],[6.069779,43.244454]]]]}},{"type":"Feature","properties":{"numero":"0277","section":"0H","code_insee":"83049","id_parc":"83049_0H_0277"},"geometry":{"type":"MultiPolygon","coordinates":[[[[6.046493,43.246119],[6.046428,43.246061],[6.046457,43.246041],[6.046475,43.246053],[6.046491,43.246046],[6.046533,43.246091],[6.046493,43.246119]]]]}},{"type":"Feature","properties":{"numero":"0277","section":"0C","code_insee":"83049","id_parc":"83049_0C_0277"},"geometry":{"type":"MultiPolygon","coordinates":[[[[6.065428,43.256598],[6.065583,43.25648],[6.065926,43.256255],[6.06606,43.256214],[6.066235,43.256198],[6.066315,43.256356],[6.066414,43.256508],[6.066509,43.256661],[6.066577,43.256774],[6.066697,43.256952],[6.066443,43.256988],[6.066415,43.256993],[6.066331,43.257012],[6.066248,43.257033],[6.066167,43.257057],[6.065677,43.256757],[6.065428,43.256598]]]]}},{"type":"Feature","properties":{"numero":"0277","section":"0A","code_insee":"83049","id_parc":"83049_0A_0277"},"geometry":{"type":"MultiPolygon","coordinates":[[[[6.051136,43.254563],[6.051025,43.254495],[6.050978,43.254482],[6.051329,43.254171],[6.051141,43.254091],[6.051202,43.254009],[6.051807,43.254262],[6.05172,43.254441],[6.051563,43.254705],[6.051451,43.254685],[6.051136,43.254563]]]]}},{"type":"Feature","properties":{"numero":"0278","section":"AK","code_insee":"83049","id_parc":"83049_AK_0278"},"geometry":{"type":"MultiPolygon","coordinates":[[[[6.069502,43.244339],[6.069538,43.244295],[6.069675,43.244127],[6.069726,43.244141],[6.069845,43.244177],[6.069888,43.244189],[6.069898,43.244193],[6.069862,43.244314],[6.069823,43.24444],[6.06982,43.244452],[6.069779,43.24445],[6.069762,43.244447],[6.069734,43.244437],[6.069722,43.244433],[6.069601,43.244393],[6.069574,43.244384],[6.069499,43.244347],[6.069496,43.244346],[6.069502,43.244339]]]]}},{"type":"Feature","properties":{"numero":"0278","section":"0H","code_insee":"83049","id_parc":"83049_0H_0278"},"geometry":{"type":"MultiPolygon","coordinates":[[[[6.045952,43.247046],[6.045724,43.247072],[6.045425,43.247106],[6.045158,43.246801],[6.044603,43.245908],[6.044392,43.245517],[6.044327,43.2454],[6.044258,43.245284],[6.044229,43.245239],[6.04436,43.245163],[6.044579,43.245054],[6.044763,43.245259],[6.044879,43.245361],[6.04491,43.245421],[6.045063,43.245579],[6.045087,43.245607],[6.045143,43.245776],[6.045294,43.24597],[6.045565,43.245901],[6.045901,43.245845],[6.046015,43.245848],[6.046162,43.245852],[6.046344,43.245859],[6.046394,43.245831],[6.046438,43.245929],[6.046644,43.245875],[6.04707,43.245592],[6.046979,43.245503],[6.047113,43.245417],[6.047218,43.245375],[6.047684,43.245225],[6.047764,43.245345],[6.047888,43.245471],[6.047966,43.245536],[6.048045,43.245583],[6.048176,43.245623],[6.048296,43.245656],[6.04827,43.246107],[6.048208,43.246493],[6.048157,43.246708],[6.047925,43.246595],[6.04794,43.246541],[6.047809,43.246522],[6.047736,43.246671],[6.047494,43.246758],[6.047328,43.246696],[6.047295,43.246743],[6.04694,43.246641],[6.046815,43.246524],[6.04652,43.246395],[6.04644,43.246334],[6.046254,43.246302],[6.046237,43.246184],[6.04607,43.246182],[6.046034,43.246117],[6.045936,43.24613],[6.045784,43.246181],[6.045593,43.246278],[6.045647,43.246345],[6.046052,43.246826],[6.046114,43.246923],[6.046121,43.246944],[6.046132,43.246983],[6.046051,43.247021],[6.045952,43.247046]],[[6.04479,43.245812],[6.044833,43.2458],[6.044811,43.245763],[6.044771,43.245774],[6.04479,43.245812]],[[6.046491,43.246046],[6.046475,43.246053],[6.046457,43.246041],[6.046428,43.246061],[6.046493,43.246119],[6.046533,43.246091],[6.046491,43.246046]]]]}},{"type":"Feature","properties":{"numero":"0278","section":"0C","code_insee":"83049","id_parc":"83049_0C_0278"},"geometry":{"type":"MultiPolygon","coordinates":[[[[6.067231,43.256427],[6.067235,43.256628],[6.067276,43.256863],[6.067127,43.256869],[6.066818,43.256928],[6.066697,43.256952],[6.066577,43.256774],[6.066509,43.256661],[6.066414,43.256508],[6.066315,43.256356],[6.066235,43.256198],[6.066273,43.256197],[6.06631,43.256192],[6.066323,43.256189],[6.066677,43.256144],[6.067032,43.256101],[6.067214,43.256081],[6.067222,43.256225],[6.067231,43.256427]]]]}},{"type":"Feature","properties":{"numero":"0278","section":"0A","code_insee":"83049","id_parc":"83049_0A_0278"},"geometry":{"type":"MultiPolygon","coordinates":[[[[6.052605,43.254506],[6.052557,43.254648],[6.052517,43.254762],[6.052435,43.254915],[6.052296,43.254891],[6.051968,43.254785],[6.051563,43.254705],[6.05172,43.254441],[6.051807,43.254262],[6.051202,43.254009],[6.051221,43.253983],[6.05129,43.253934],[6.0513,43.253908],[6.05132,43.253813],[6.051421,43.253664],[6.051517,43.253479],[6.051617,43.253296],[6.051655,43.253229],[6.051805,43.253114],[6.052025,43.253316],[6.052288,43.253559],[6.052344,43.253611],[6.052222,43.253745],[6.052119,43.25387],[6.052062,43.253929],[6.051954,43.254052],[6.052311,43.254207],[6.0527,43.254381],[6.052605,43.254506]]]]}},{"type":"Feature","properties":{"numero":"0279","section":"AK","code_insee":"83049","id_parc":"83049_AK_0279"},"geometry":{"type":"MultiPolygon","coordinates":[[[[6.069862,43.244314],[6.069898,43.244193],[6.070011,43.244156],[6.070098,43.244319],[6.070126,43.24437],[6.070182,43.244473],[6.06982,43.244452],[6.069823,43.24444],[6.069862,43.244314]]]]}},{"type":"Feature","properties":{"numero":"0279","section":"0H","code_insee":"83049","id_parc":"83049_0H_0279"},"geometry":{"type":"MultiPolygon","coordinates":[[[[6.04479,43.245812],[6.044771,43.245774],[6.044811,43.245763],[6.044833,43.2458],[6.04479,43.245812]]]]}},{"type":"Feature","properties":{"numero":"0279","section":"0C","code_insee":"83049","id_parc":"83049_0C_0279"},"geometry":{"type":"MultiPolygon","coordinates":[[[[6.068331,43.255965],[6.068335,43.255923],[6.068322,43.255779],[6.068399,43.25582],[6.068663,43.255958],[6.068929,43.256093],[6.069337,43.256351],[6.069364,43.256377],[6.069399,43.256431],[6.069445,43.256498],[6.069537,43.256591],[6.06958,43.256649],[6.069637,43.256746],[6.069701,43.256926],[6.06974,43.257035],[6.069747,43.257066],[6.069724,43.257236],[6.069724,43.257394],[6.069677,43.25759],[6.069545,43.257795],[6.069437,43.257859],[6.06932,43.257943],[6.06881,43.258152],[6.068571,43.258269],[6.068436,43.258314],[6.068172,43.258363],[6.068002,43.258413],[6.067873,43.258436],[6.06769,43.258435],[6.067595,43.258443],[6.067376,43.258419],[6.067147,43.258366],[6.066918,43.258377],[6.066899,43.258267],[6.066882,43.258165],[6.066818,43.256928],[6.067127,43.256869],[6.067276,43.256863],[6.067312,43.256862],[6.067408,43.256878],[6.067506,43.256915],[6.067592,43.256971],[6.067829,43.257053],[6.067972,43.257079],[6.067984,43.257082],[6.068059,43.257003],[6.068122,43.256907],[6.068197,43.256838],[6.068286,43.256608],[6.068295,43.256205],[6.068307,43.256051],[6.068321,43.256007],[6.068331,43.255965]]]]}},{"type":"Feature","properties":{"numero":"0279","section":"0A","code_insee":"83049","id_parc":"83049_0A_0279"},"geometry":{"type":"MultiPolygon","coordinates":[[[[6.051445,43.253069],[6.051473,43.253039],[6.051542,43.252951],[6.051694,43.252907],[6.051881,43.252905],[6.051943,43.252897],[6.051951,43.252902],[6.051836,43.253027],[6.051649,43.253192],[6.051561,43.253326],[6.051502,43.253432],[6.051428,43.253573],[6.051358,43.253715],[6.051265,43.253843],[6.051149,43.254027],[6.051022,43.254192],[6.050919,43.254299],[6.050846,43.254362],[6.050881,43.254217],[6.050937,43.254158],[6.050918,43.25414],[6.050851,43.254099],[6.050831,43.254075],[6.050831,43.254013],[6.050886,43.254012],[6.050953,43.2539],[6.051011,43.253831],[6.051031,43.253791],[6.051031,43.253728],[6.050997,43.253514],[6.051008,43.253483],[6.051054,43.253437],[6.051088,43.253397],[6.05109,43.253365],[6.05107,43.253307],[6.051059,43.253258],[6.051065,43.253235],[6.051132,43.253178],[6.051181,43.253159],[6.051231,43.253165],[6.051318,43.253151],[6.051374,43.253127],[6.051413,43.253097],[6.051445,43.253069]]]]}},{"type":"Feature","properties":{"numero":"0028","section":"AD","code_insee":"83049","id_parc":"83049_AD_0028"},"geometry":{"type":"MultiPolygon","coordinates":[[[[6.065355,43.241197],[6.065323,43.241173],[6.065368,43.241089],[6.065423,43.240978],[6.065414,43.240765],[6.065399,43.240403],[6.065492,43.240436],[6.065561,43.240713],[6.065609,43.24089],[6.065614,43.240909],[6.065594,43.240912],[6.065595,43.240916],[6.065581,43.240921],[6.065587,43.240945],[6.065603,43.240947],[6.065604,43.240953],[6.065625,43.24095],[6.065637,43.240995],[6.065642,43.24101],[6.065647,43.241032],[6.065653,43.241053],[6.065656,43.241065],[6.065671,43.241121],[6.065694,43.241208],[6.065712,43.241208],[6.065725,43.241233],[6.065749,43.24123],[6.065752,43.241232],[6.065739,43.241243],[6.065743,43.241245],[6.065707,43.241271],[6.065695,43.241278],[6.065658,43.241303],[6.065577,43.241357],[6.065568,43.241351],[6.065442,43.241259],[6.065355,43.241197]]]]}},{"type":"Feature","properties":{"numero":"0028","section":"AH","code_insee":"83049","id_parc":"83049_AH_0028"},"geometry":{"type":"MultiPolygon","coordinates":[[[[6.058229,43.247786],[6.058269,43.247823],[6.057692,43.247856],[6.057685,43.247829],[6.057652,43.247677],[6.057639,43.247657],[6.057623,43.247625],[6.057564,43.247495],[6.057528,43.247423],[6.057523,43.247413],[6.057493,43.247347],[6.05756,43.247329],[6.057615,43.247309],[6.057682,43.247268],[6.057711,43.247278],[6.057722,43.247273],[6.057759,43.247312],[6.057812,43.247364],[6.05793,43.247501],[6.058027,43.247583],[6.05809,43.247648],[6.058141,43.247707],[6.058229,43.247786]]]]}},{"type":"Feature","properties":{"numero":"0028","section":"AI","code_insee":"83049","id_parc":"83049_AI_0028"},"geometry":{"type":"MultiPolygon","coordinates":[[[[6.066411,43.243278],[6.066321,43.243255],[6.066312,43.243253],[6.066611,43.243047],[6.066695,43.243138],[6.066762,43.243179],[6.066766,43.243189],[6.066768,43.24319],[6.066714,43.243273],[6.0667,43.243295],[6.066672,43.243338],[6.066636,43.243327],[6.066609,43.243321],[6.066568,43.243311],[6.066552,43.243307],[6.066499,43.243295],[6.066411,43.243278]]]]}},{"type":"Feature","properties":{"numero":"0280","section":"0H","code_insee":"83049","id_parc":"83049_0H_0280"},"geometry":{"type":"MultiPolygon","coordinates":[[[[6.046012,43.245476],[6.046162,43.245852],[6.046015,43.245848],[6.045787,43.245319],[6.045663,43.244894],[6.045602,43.244483],[6.045587,43.244238],[6.045558,43.243562],[6.045477,43.243255],[6.045709,43.243303],[6.045942,43.243348],[6.045936,43.243714],[6.045935,43.244132],[6.045949,43.244404],[6.045929,43.244543],[6.045937,43.244919],[6.045906,43.245093],[6.045911,43.245156],[6.045984,43.245309],[6.046012,43.245476]]]]}},{"type":"Feature","properties":{"numero":"0280","section":"0C","code_insee":"83049","id_parc":"83049_0C_0280"},"geometry":{"type":"MultiPolygon","coordinates":[[[[6.070334,43.257204],[6.069983,43.25732],[6.069724,43.257394],[6.069724,43.257236],[6.069747,43.257066],[6.06974,43.257035],[6.069701,43.256926],[6.069721,43.256918],[6.070121,43.256669],[6.070317,43.25653],[6.070576,43.256391],[6.070667,43.256355],[6.070815,43.256309],[6.070962,43.25626],[6.07102,43.256239],[6.07136,43.256122],[6.071496,43.255987],[6.071511,43.255977],[6.071529,43.25597],[6.071549,43.255966],[6.07157,43.256095],[6.071584,43.25613],[6.071614,43.256354],[6.071603,43.256439],[6.07162,43.256486],[6.071642,43.256597],[6.071596,43.256743],[6.071497,43.256776],[6.071184,43.256896],[6.070982,43.256984],[6.070866,43.257013],[6.070638,43.257117],[6.07059,43.257123],[6.070334,43.257204]]]]}},{"type":"Feature","properties":{"numero":"0280","section":"0A","code_insee":"83049","id_parc":"83049_0A_0280"},"geometry":{"type":"MultiPolygon","coordinates":[[[[6.051872,43.252882],[6.05168,43.252884],[6.051558,43.252915],[6.051573,43.252898],[6.051591,43.252882],[6.051613,43.252868],[6.051637,43.252857],[6.051663,43.252849],[6.051675,43.252846],[6.051738,43.252816],[6.05177,43.252813],[6.051785,43.25282],[6.051815,43.252847],[6.051904,43.252834],[6.051987,43.25284],[6.051872,43.252882]]]]}},{"type":"Feature","properties":{"numero":"0281","section":"AK","code_insee":"83049","id_parc":"83049_AK_0281"},"geometry":{"type":"MultiPolygon","coordinates":[[[[6.070116,43.244616],[6.07018,43.244477],[6.070182,43.244473],[6.07036,43.244668],[6.070283,43.244652],[6.070116,43.244616]]]]}},{"type":"Feature","properties":{"numero":"0281","section":"0H","code_insee":"83049","id_parc":"83049_0H_0281"},"geometry":{"type":"MultiPolygon","coordinates":[[[[6.045704,43.243244],[6.045991,43.243247],[6.046128,43.243243],[6.046172,43.243248],[6.046213,43.243255],[6.046253,43.243266],[6.046128,43.243305],[6.046021,43.243323],[6.045944,43.243312],[6.045776,43.243278],[6.045607,43.243247],[6.045467,43.243224],[6.045288,43.243227],[6.045228,43.243217],[6.045055,43.24316],[6.045031,43.243157],[6.045006,43.243157],[6.044977,43.243162],[6.044807,43.243194],[6.044759,43.243189],[6.044675,43.243145],[6.044631,43.243137],[6.044446,43.243136],[6.044407,43.243134],[6.04437,43.243129],[6.044333,43.243121],[6.044314,43.243116],[6.044463,43.243108],[6.044506,43.24311],[6.044622,43.243112],[6.044738,43.24311],[6.044854,43.243106],[6.044961,43.243113],[6.045101,43.243135],[6.04539,43.243201],[6.045575,43.243209],[6.045704,43.243244]]]]}},{"type":"Feature","properties":{"numero":"0281","section":"0C","code_insee":"83049","id_parc":"83049_0C_0281"},"geometry":{"type":"MultiPolygon","coordinates":[[[[6.070121,43.256669],[6.069721,43.256918],[6.069701,43.256926],[6.069637,43.256746],[6.06958,43.256649],[6.069537,43.256591],[6.069445,43.256498],[6.069399,43.256431],[6.069511,43.256366],[6.069527,43.256369],[6.069884,43.256093],[6.07014,43.256136],[6.070311,43.256201],[6.070576,43.256391],[6.070317,43.25653],[6.070121,43.256669]]]]}},{"type":"Feature","properties":{"numero":"0281","section":"0A","code_insee":"83049","id_parc":"83049_0A_0281"},"geometry":{"type":"MultiPolygon","coordinates":[[[[6.052078,43.252796],[6.052018,43.252825],[6.052056,43.252673],[6.052201,43.252588],[6.052283,43.252526],[6.052323,43.252507],[6.052406,43.252517],[6.052474,43.252517],[6.05254,43.252514],[6.05256,43.252512],[6.052372,43.25258],[6.052309,43.252618],[6.052192,43.252721],[6.052078,43.252796]]]]}},{"type":"Feature","properties":{"numero":"0282","section":"AK","code_insee":"83049","id_parc":"83049_AK_0282"},"geometry":{"type":"MultiPolygon","coordinates":[[[[6.070116,43.244616],[6.070283,43.244652],[6.07036,43.244668],[6.070401,43.244723],[6.070293,43.244767],[6.070041,43.244868],[6.069995,43.244835],[6.070074,43.24469],[6.070116,43.244616]]]]}},{"type":"Feature","properties":{"numero":"0282","section":"0H","code_insee":"83049","id_parc":"83049_0H_0282"},"geometry":{"type":"MultiPolygon","coordinates":[[[[6.043996,43.242071],[6.044417,43.241958],[6.044804,43.241834],[6.044952,43.24226],[6.044953,43.242482],[6.044692,43.2425],[6.044532,43.242537],[6.044425,43.242535],[6.04389,43.242539],[6.043656,43.242526],[6.043647,43.242561],[6.043211,43.242606],[6.043008,43.242669],[6.042936,43.242521],[6.042884,43.242321],[6.043224,43.242332],[6.043285,43.242324],[6.043445,43.242288],[6.043559,43.242249],[6.043618,43.242186],[6.043996,43.242071]]]]}},{"type":"Feature","properties":{"numero":"0282","section":"0C","code_insee":"83049","id_parc":"83049_0C_0282"},"geometry":{"type":"MultiPolygon","coordinates":[[[[6.070311,43.256201],[6.07014,43.256136],[6.069884,43.256093],[6.069949,43.256044],[6.070102,43.255932],[6.070252,43.255818],[6.070365,43.255728],[6.070712,43.255872],[6.070741,43.255866],[6.070771,43.255907],[6.070912,43.256102],[6.070994,43.25618],[6.07102,43.256239],[6.070962,43.25626],[6.070815,43.256309],[6.070667,43.256355],[6.070576,43.256391],[6.070311,43.256201]]]]}},{"type":"Feature","properties":{"numero":"0282","section":"0A","code_insee":"83049","id_parc":"83049_0A_0282"},"geometry":{"type":"MultiPolygon","coordinates":[[[[6.052897,43.252282],[6.053766,43.252686],[6.053198,43.253089],[6.052816,43.252792],[6.0526,43.252607],[6.052601,43.252582],[6.052699,43.25253],[6.052792,43.252448],[6.05285,43.25237],[6.052897,43.252282]]]]}},{"type":"Feature","properties":{"numero":"0283","section":"AK","code_insee":"83049","id_parc":"83049_AK_0283"},"geometry":{"type":"MultiPolygon","coordinates":[[[[6.070362,43.244857],[6.070389,43.244846],[6.070435,43.244908],[6.070249,43.244983],[6.070227,43.244992],[6.070201,43.245002],[6.070135,43.244941],[6.07006,43.244882],[6.070041,43.244868],[6.070293,43.244767],[6.070362,43.244857]]]]}},{"type":"Feature","properties":{"numero":"0283","section":"0H","code_insee":"83049","id_parc":"83049_0H_0283"},"geometry":{"type":"MultiPolygon","coordinates":[[[[6.044068,43.246085],[6.044118,43.246182],[6.043511,43.246258],[6.043371,43.246257],[6.043282,43.246083],[6.042927,43.245257],[6.042997,43.24523],[6.04327,43.245165],[6.043645,43.245064],[6.04368,43.245136],[6.043736,43.245246],[6.043796,43.245354],[6.043841,43.245508],[6.04396,43.245794],[6.044047,43.245962],[6.044068,43.246085]]]]}},{"type":"Feature","properties":{"numero":"0283","section":"0C","code_insee":"83049","id_parc":"83049_0C_0283"},"geometry":{"type":"MultiPolygon","coordinates":[[[[6.071496,43.255987],[6.07136,43.256122],[6.07102,43.256239],[6.070994,43.25618],[6.070912,43.256102],[6.070771,43.255907],[6.071041,43.255764],[6.071339,43.255672],[6.071353,43.255708],[6.071482,43.255891],[6.071549,43.255966],[6.071529,43.25597],[6.071511,43.255977],[6.071496,43.255987]]]]}},{"type":"Feature","properties":{"numero":"0283","section":"0A","code_insee":"83049","id_parc":"83049_0A_0283"},"geometry":{"type":"MultiPolygon","coordinates":[[[[6.052438,43.252603],[6.052527,43.252576],[6.052785,43.252802],[6.052025,43.253316],[6.051805,43.253114],[6.052009,43.252908],[6.052231,43.252769],[6.05234,43.252666],[6.052438,43.252603]]]]}},{"type":"Feature","properties":{"numero":"2839","section":"0C","code_insee":"83049","id_parc":"83049_0C_2839"},"geometry":{"type":"MultiPolygon","coordinates":[[[[6.066646,43.251284],[6.066736,43.251232],[6.066967,43.251198],[6.067022,43.25122],[6.067033,43.25123],[6.067041,43.251242],[6.067044,43.251255],[6.06703,43.251319],[6.06703,43.251351],[6.067026,43.251383],[6.067018,43.251416],[6.066997,43.251469],[6.066934,43.251574],[6.066184,43.251541],[6.066533,43.25135],[6.066556,43.251278],[6.066568,43.251237],[6.066634,43.251248],[6.066622,43.25128],[6.066646,43.251284]]]]}},{"type":"Feature","properties":{"numero":"0284","section":"AK","code_insee":"83049","id_parc":"83049_AK_0284"},"geometry":{"type":"MultiPolygon","coordinates":[[[[6.070249,43.244983],[6.070435,43.244908],[6.070549,43.245059],[6.070411,43.245115],[6.070363,43.245134],[6.070341,43.245143],[6.070279,43.245108],[6.070206,43.245008],[6.070201,43.245002],[6.070227,43.244992],[6.070249,43.244983]]]]}},{"type":"Feature","properties":{"numero":"0284","section":"0H","code_insee":"83049","id_parc":"83049_0H_0284"},"geometry":{"type":"MultiPolygon","coordinates":[[[[6.044406,43.247094],[6.044166,43.247104],[6.043925,43.247111],[6.043891,43.246998],[6.043792,43.246798],[6.043654,43.246528],[6.043511,43.246258],[6.044118,43.246182],[6.044321,43.24657],[6.04439,43.246745],[6.044425,43.246905],[6.04451,43.247089],[6.044406,43.247094]]]]}},{"type":"Feature","properties":{"numero":"0284","section":"0A","code_insee":"83049","id_parc":"83049_0A_0284"},"geometry":{"type":"MultiPolygon","coordinates":[[[[6.053058,43.253017],[6.052288,43.253559],[6.052025,43.253316],[6.052785,43.252802],[6.053058,43.253017]]]]}},{"type":"Feature","properties":{"numero":"2840","section":"0C","code_insee":"83049","id_parc":"83049_0C_2840"},"geometry":{"type":"MultiPolygon","coordinates":[[[[6.063275,43.255961],[6.06334,43.255977],[6.063438,43.256035],[6.063468,43.25625],[6.063417,43.256613],[6.063309,43.25617],[6.06329,43.256066],[6.063275,43.255961]]]]}},{"type":"Feature","properties":{"numero":"2848","section":"0C","code_insee":"83049","id_parc":"83049_0C_2848"},"geometry":{"type":"MultiPolygon","coordinates":[[[[6.067126,43.254288],[6.067085,43.254301],[6.067051,43.254277],[6.06721,43.254256],[6.067215,43.254271],[6.067126,43.254288]]]]}},{"type":"Feature","properties":{"numero":"2849","section":"0C","code_insee":"83049","id_parc":"83049_0C_2849"},"geometry":{"type":"MultiPolygon","coordinates":[[[[6.067085,43.254301],[6.067126,43.254288],[6.067215,43.254271],[6.067231,43.254322],[6.067602,43.254278],[6.067654,43.254435],[6.067577,43.254418],[6.067463,43.254362],[6.067412,43.254358],[6.06725,43.254364],[6.067178,43.254356],[6.06713,43.25433],[6.067085,43.254301]]]]}},{"type":"Feature","properties":{"numero":"0285","section":"AK","code_insee":"83049","id_parc":"83049_AK_0285"},"geometry":{"type":"MultiPolygon","coordinates":[[[[6.070363,43.245134],[6.070411,43.245115],[6.070549,43.245059],[6.070568,43.245085],[6.070575,43.245099],[6.070581,43.245121],[6.07058,43.245132],[6.070579,43.245147],[6.070573,43.245157],[6.070568,43.245166],[6.07056,43.245177],[6.070553,43.245183],[6.070527,43.245205],[6.070508,43.245212],[6.070479,43.245218],[6.070444,43.245215],[6.07042,43.245209],[6.07039,43.245198],[6.070365,43.245188],[6.070361,43.245186],[6.070336,43.24517],[6.070322,43.245159],[6.070284,43.245115],[6.070279,43.245108],[6.070341,43.245143],[6.070363,43.245134]]]]}},{"type":"Feature","properties":{"numero":"0285","section":"0C","code_insee":"83049","id_parc":"83049_0C_0285"},"geometry":{"type":"MultiPolygon","coordinates":[[[[6.070252,43.255818],[6.070102,43.255932],[6.069949,43.256044],[6.06991,43.255908],[6.069924,43.255833],[6.069907,43.25559],[6.06987,43.255454],[6.069835,43.254935],[6.070476,43.254946],[6.070783,43.25493],[6.070916,43.254979],[6.07101,43.255035],[6.071048,43.255061],[6.071083,43.25509],[6.071114,43.25512],[6.071142,43.255152],[6.071151,43.255163],[6.071023,43.255244],[6.070917,43.255333],[6.0708,43.255419],[6.070584,43.255575],[6.070365,43.255728],[6.070252,43.255818]]]]}},{"type":"Feature","properties":{"numero":"0285","section":"0A","code_insee":"83049","id_parc":"83049_0A_0285"},"geometry":{"type":"MultiPolygon","coordinates":[[[[6.052222,43.253745],[6.052344,43.253611],[6.052288,43.253559],[6.053058,43.253017],[6.053255,43.253172],[6.053318,43.253222],[6.053184,43.253318],[6.053091,43.253386],[6.053061,43.253407],[6.05293,43.253501],[6.052627,43.253721],[6.052222,43.253745]]]]}},{"type":"Feature","properties":{"numero":"2850","section":"0C","code_insee":"83049","id_parc":"83049_0C_2850"},"geometry":{"type":"MultiPolygon","coordinates":[[[[6.067528,43.254073],[6.067499,43.25399],[6.067491,43.253969],[6.0677,43.253925],[6.067726,43.253911],[6.067868,43.253723],[6.067897,43.253644],[6.067996,43.253622],[6.068004,43.253642],[6.068065,43.253822],[6.068142,43.253958],[6.06881,43.253827],[6.068825,43.254081],[6.068781,43.254187],[6.068557,43.254302],[6.06768,43.254441],[6.067654,43.254435],[6.067602,43.254278],[6.067588,43.254242],[6.067553,43.254157],[6.067528,43.254073]]]]}},{"type":"Feature","properties":{"numero":"2851","section":"0C","code_insee":"83049","id_parc":"83049_0C_2851"},"geometry":{"type":"MultiPolygon","coordinates":[[[[6.067602,43.254278],[6.067231,43.254322],[6.067215,43.254271],[6.067324,43.254262],[6.067392,43.254256],[6.0675,43.254248],[6.06756,43.254243],[6.067588,43.254242],[6.067602,43.254278]]]]}},{"type":"Feature","properties":{"numero":"2853","section":"0C","code_insee":"83049","id_parc":"83049_0C_2853"},"geometry":{"type":"MultiPolygon","coordinates":[[[[6.069787,43.250135],[6.069831,43.250142],[6.069855,43.250148],[6.069754,43.25078],[6.069756,43.250817],[6.069762,43.250854],[6.06977,43.250876],[6.069782,43.250907],[6.069796,43.250935],[6.069827,43.250988],[6.06984,43.251007],[6.069858,43.251028],[6.070105,43.251251],[6.070124,43.251266],[6.070197,43.2513],[6.070172,43.251308],[6.070163,43.251325],[6.070137,43.251304],[6.070047,43.251253],[6.06995,43.25121],[6.06987,43.25114],[6.069793,43.25104],[6.069751,43.250973],[6.069738,43.250931],[6.06972,43.250868],[6.069708,43.250806],[6.069703,43.250722],[6.069735,43.250509],[6.069773,43.250285],[6.069787,43.250135]]]]}},{"type":"Feature","properties":{"numero":"2854","section":"0C","code_insee":"83049","id_parc":"83049_0C_2854"},"geometry":{"type":"MultiPolygon","coordinates":[[[[6.070225,43.251284],[6.07021,43.251295],[6.070197,43.2513],[6.070124,43.251266],[6.070105,43.251251],[6.069858,43.251028],[6.06984,43.251007],[6.069827,43.250988],[6.069796,43.250935],[6.069782,43.250907],[6.06977,43.250876],[6.069762,43.250854],[6.069756,43.250817],[6.069754,43.25078],[6.069855,43.250148],[6.070063,43.250205],[6.070286,43.250239],[6.070399,43.250286],[6.070512,43.250313],[6.070576,43.250324],[6.070613,43.250324],[6.07075,43.2503],[6.070771,43.250299],[6.070788,43.250303],[6.070842,43.250325],[6.070903,43.250366],[6.070937,43.250383],[6.070996,43.250394],[6.071135,43.250386],[6.071241,43.250344],[6.07128,43.250334],[6.071295,43.250335],[6.071311,43.250356],[6.07134,43.250399],[6.071365,43.250443],[6.071378,43.250503],[6.07139,43.250531],[6.071419,43.250568],[6.071493,43.25064],[6.071489,43.250662],[6.071442,43.250729],[6.071406,43.250764],[6.071384,43.250805],[6.071357,43.250833],[6.071308,43.250863],[6.071226,43.2509],[6.071166,43.250919],[6.071062,43.250934],[6.07092,43.250942],[6.070858,43.25095],[6.070807,43.250968],[6.070677,43.251051],[6.070641,43.251078],[6.070577,43.251141],[6.070544,43.251155],[6.070412,43.251175],[6.070385,43.251183],[6.070347,43.251196],[6.070312,43.251212],[6.070263,43.251239],[6.070225,43.251284]]]]}},{"type":"Feature","properties":{"numero":"0286","section":"AK","code_insee":"83049","id_parc":"83049_AK_0286"},"geometry":{"type":"MultiPolygon","coordinates":[[[[6.070362,43.244857],[6.070293,43.244767],[6.070401,43.244723],[6.070544,43.244912],[6.070627,43.245023],[6.07064,43.245041],[6.070613,43.245051],[6.070632,43.24509],[6.070644,43.245116],[6.070648,43.245128],[6.070645,43.245153],[6.070637,43.245172],[6.070625,43.245196],[6.07061,43.24522],[6.070589,43.24527],[6.070622,43.245275],[6.070656,43.245271],[6.070688,43.245267],[6.070708,43.245263],[6.070727,43.24526],[6.070747,43.245255],[6.070774,43.245249],[6.070793,43.245243],[6.070857,43.245328],[6.070737,43.245359],[6.070707,43.245363],[6.070677,43.245365],[6.070612,43.245362],[6.070549,43.24535],[6.070534,43.245345],[6.07052,43.245339],[6.070433,43.245329],[6.070409,43.245288],[6.070317,43.245161],[6.070313,43.245155],[6.070284,43.245115],[6.070322,43.245159],[6.070336,43.24517],[6.070361,43.245186],[6.070365,43.245188],[6.07039,43.245198],[6.07042,43.245209],[6.070444,43.245215],[6.070479,43.245218],[6.070508,43.245212],[6.070527,43.245205],[6.070553,43.245183],[6.07056,43.245177],[6.070568,43.245166],[6.070573,43.245157],[6.070579,43.245147],[6.07058,43.245132],[6.070581,43.245121],[6.070575,43.245099],[6.070568,43.245085],[6.070549,43.245059],[6.070435,43.244908],[6.070389,43.244846],[6.070362,43.244857]]]]}},{"type":"Feature","properties":{"numero":"0286","section":"0C","code_insee":"83049","id_parc":"83049_0C_0286"},"geometry":{"type":"MultiPolygon","coordinates":[[[[6.069611,43.255406],[6.069602,43.255219],[6.069621,43.254936],[6.069835,43.254935],[6.06987,43.255454],[6.069907,43.25559],[6.069924,43.255833],[6.06991,43.255908],[6.069949,43.256044],[6.069884,43.256093],[6.069527,43.256369],[6.069511,43.256366],[6.069571,43.256094],[6.069623,43.255846],[6.069607,43.255652],[6.069611,43.255406]]]]}},{"type":"Feature","properties":{"numero":"0286","section":"0A","code_insee":"83049","id_parc":"83049_0A_0286"},"geometry":{"type":"MultiPolygon","coordinates":[[[[6.053483,43.253315],[6.053049,43.253584],[6.05293,43.253501],[6.053061,43.253407],[6.053091,43.253386],[6.053184,43.253318],[6.053318,43.253222],[6.053343,43.253205],[6.053483,43.253315]]]]}},{"type":"Feature","properties":{"numero":"2861","section":"0C","code_insee":"83049","id_parc":"83049_0C_2861"},"geometry":{"type":"MultiPolygon","coordinates":[[[[6.070188,43.251345],[6.070195,43.251319],[6.070216,43.251309],[6.070249,43.251322],[6.070337,43.251337],[6.070378,43.251342],[6.070457,43.251343],[6.070489,43.251339],[6.070666,43.251312],[6.070717,43.251305],[6.070761,43.251297],[6.070717,43.251317],[6.070486,43.251394],[6.070389,43.251415],[6.070352,43.251416],[6.070293,43.251403],[6.070188,43.251345]]]]}},{"type":"Feature","properties":{"numero":"2862","section":"0C","code_insee":"83049","id_parc":"83049_0C_2862"},"geometry":{"type":"MultiPolygon","coordinates":[[[[6.071388,43.250843],[6.071425,43.250788],[6.071526,43.250656],[6.071549,43.250686],[6.071586,43.250763],[6.071651,43.250902],[6.070764,43.251296],[6.070761,43.251297],[6.070717,43.251305],[6.070666,43.251312],[6.070489,43.251339],[6.070457,43.251343],[6.070378,43.251342],[6.070337,43.251337],[6.070249,43.251322],[6.070216,43.251309],[6.070222,43.251306],[6.070236,43.251298],[6.070284,43.25125],[6.070326,43.251228],[6.070371,43.251209],[6.070411,43.251194],[6.070524,43.251182],[6.070569,43.251168],[6.070626,43.251124],[6.07068,43.251079],[6.070728,43.251033],[6.070763,43.251012],[6.0708,43.250993],[6.070829,43.250981],[6.070886,43.250963],[6.070946,43.250962],[6.071006,43.250959],[6.071027,43.250957],[6.071178,43.250929],[6.071296,43.250892],[6.071327,43.25088],[6.071355,43.250865],[6.071381,43.250849],[6.071388,43.250843]]]]}},{"type":"Feature","properties":{"numero":"2864","section":"0C","code_insee":"83049","id_parc":"83049_0C_2864"},"geometry":{"type":"MultiPolygon","coordinates":[[[[6.071096,43.251326],[6.070717,43.251317],[6.070761,43.251297],[6.070886,43.251293],[6.071011,43.251287],[6.071101,43.251282],[6.071284,43.251272],[6.071754,43.251263],[6.071756,43.251305],[6.071096,43.251326]]]]}},{"type":"Feature","properties":{"numero":"0287","section":"AK","code_insee":"83049","id_parc":"83049_AK_0287"},"geometry":{"type":"MultiPolygon","coordinates":[[[[6.070632,43.24509],[6.070613,43.245051],[6.07064,43.245041],[6.070791,43.24524],[6.070793,43.245243],[6.070774,43.245249],[6.070747,43.245255],[6.070727,43.24526],[6.070708,43.245263],[6.070688,43.245267],[6.070656,43.245271],[6.070622,43.245275],[6.070589,43.24527],[6.07061,43.24522],[6.070625,43.245196],[6.070637,43.245172],[6.070645,43.245153],[6.070648,43.245128],[6.070644,43.245116],[6.070632,43.24509]]]]}},{"type":"Feature","properties":{"numero":"0287","section":"0C","code_insee":"83049","id_parc":"83049_0C_0287"},"geometry":{"type":"MultiPolygon","coordinates":[[[[6.068663,43.255958],[6.068399,43.25582],[6.068322,43.255779],[6.068322,43.255764],[6.068327,43.25572],[6.068335,43.255676],[6.068364,43.255649],[6.068552,43.255543],[6.068609,43.255462],[6.068654,43.255437],[6.068709,43.255385],[6.06876,43.255357],[6.068786,43.255332],[6.068839,43.255277],[6.068888,43.25522],[6.068933,43.255162],[6.068998,43.255102],[6.069066,43.255034],[6.069088,43.254986],[6.069138,43.254953],[6.069621,43.254936],[6.069602,43.255219],[6.069611,43.255406],[6.069607,43.255652],[6.069623,43.255846],[6.069571,43.256094],[6.069511,43.256366],[6.069399,43.256431],[6.069364,43.256377],[6.069337,43.256351],[6.068929,43.256093],[6.068663,43.255958]]]]}},{"type":"Feature","properties":{"numero":"0287","section":"0A","code_insee":"83049","id_parc":"83049_0A_0287"},"geometry":{"type":"MultiPolygon","coordinates":[[[[6.053958,43.253187],[6.053954,43.253235],[6.054024,43.253243],[6.053992,43.253323],[6.053927,43.253493],[6.053866,43.253664],[6.053672,43.253783],[6.053631,43.253803],[6.053578,43.253825],[6.053523,43.253845],[6.053427,43.253856],[6.05332,43.253843],[6.053145,43.253848],[6.053066,43.253842],[6.052627,43.253721],[6.05293,43.253501],[6.053049,43.253584],[6.053483,43.253315],[6.053343,43.253205],[6.053198,43.253089],[6.053766,43.252686],[6.053795,43.252699],[6.054215,43.25254],[6.054545,43.252418],[6.054829,43.252653],[6.054942,43.252744],[6.054876,43.25278],[6.054615,43.25289],[6.054204,43.253048],[6.054077,43.253114],[6.054017,43.25315],[6.053958,43.253187]]]]}},{"type":"Feature","properties":{"numero":"0288","section":"AK","code_insee":"83049","id_parc":"83049_AK_0288"},"geometry":{"type":"MultiPolygon","coordinates":[[[[6.071107,43.2451],[6.071107,43.245102],[6.07087,43.245215],[6.070789,43.245107],[6.070724,43.245021],[6.07084,43.245052],[6.070859,43.245013],[6.071068,43.245068],[6.071071,43.245069],[6.071075,43.24507],[6.071078,43.245071],[6.071081,43.245073],[6.071084,43.245074],[6.071088,43.245076],[6.07109,43.245078],[6.071093,43.24508],[6.071095,43.245082],[6.071098,43.245085],[6.0711,43.245087],[6.071102,43.24509],[6.071103,43.245092],[6.071105,43.245095],[6.071106,43.245098],[6.071107,43.2451]]]]}},{"type":"Feature","properties":{"numero":"0288","section":"0C","code_insee":"83049","id_parc":"83049_0C_0288"},"geometry":{"type":"MultiPolygon","coordinates":[[[[6.068928,43.255134],[6.068857,43.255234],[6.06877,43.255321],[6.06839,43.255415],[6.068124,43.255453],[6.067939,43.255513],[6.067872,43.255116],[6.067852,43.255055],[6.067845,43.254998],[6.068088,43.254921],[6.068264,43.254908],[6.068548,43.254877],[6.068912,43.254825],[6.068996,43.254888],[6.068999,43.254928],[6.069013,43.254953],[6.069026,43.254966],[6.069041,43.254977],[6.069064,43.254987],[6.069056,43.255021],[6.069037,43.255043],[6.068928,43.255134]]]]}},{"type":"Feature","properties":{"numero":"0288","section":"0A","code_insee":"83049","id_parc":"83049_0A_0288"},"geometry":{"type":"MultiPolygon","coordinates":[[[[6.054345,43.253587],[6.055095,43.254284],[6.055257,43.254409],[6.05523,43.254447],[6.055179,43.254477],[6.054999,43.254318],[6.054137,43.253847],[6.054039,43.253797],[6.053904,43.253605],[6.053923,43.253551],[6.054041,43.253244],[6.054278,43.253256],[6.054431,43.253283],[6.054539,43.253341],[6.054345,43.253587]]]]}},{"type":"Feature","properties":{"numero":"0289","section":"AK","code_insee":"83049","id_parc":"83049_AK_0289"},"geometry":{"type":"MultiPolygon","coordinates":[[[[6.07084,43.244791],[6.070765,43.24494],[6.070724,43.245021],[6.070478,43.244695],[6.070655,43.24474],[6.070733,43.244763],[6.07084,43.244791]]]]}},{"type":"Feature","properties":{"numero":"0289","section":"0H","code_insee":"83049","id_parc":"83049_0H_0289"},"geometry":{"type":"MultiPolygon","coordinates":[[[[6.045092,43.241729],[6.045377,43.24162],[6.045507,43.24157],[6.045682,43.241792],[6.045869,43.242069],[6.045961,43.242218],[6.04605,43.242369],[6.046104,43.242464],[6.046513,43.243206],[6.046277,43.243257],[6.046206,43.243238],[6.046113,43.243227],[6.045719,43.243228],[6.045587,43.24319],[6.045395,43.24318],[6.045187,43.243129],[6.045018,43.243099],[6.04486,43.243085],[6.044313,43.243089],[6.044278,43.243111],[6.044267,43.243125],[6.044272,43.243178],[6.044295,43.243217],[6.044296,43.243243],[6.044244,43.243326],[6.044258,43.243341],[6.044292,43.243348],[6.044339,43.243367],[6.044289,43.243431],[6.044303,43.243536],[6.044207,43.243614],[6.044179,43.243647],[6.044141,43.243697],[6.044107,43.243748],[6.044076,43.243781],[6.043968,43.243861],[6.043858,43.243946],[6.043751,43.244034],[6.043702,43.244105],[6.043648,43.244176],[6.043591,43.244246],[6.043535,43.244392],[6.043415,43.244537],[6.04314,43.244692],[6.043039,43.244766],[6.04293,43.244814],[6.042896,43.244817],[6.042845,43.244819],[6.042794,43.244819],[6.04268,43.244791],[6.042793,43.244832],[6.04292,43.24483],[6.042984,43.244813],[6.043021,43.244796],[6.043064,43.244769],[6.043143,43.244718],[6.043219,43.244665],[6.043281,43.244632],[6.043354,43.24459],[6.043425,43.244546],[6.043469,43.244499],[6.043508,43.244454],[6.043543,43.244406],[6.043615,43.244259],[6.043644,43.244215],[6.043708,43.244125],[6.043776,43.244035],[6.044061,43.24381],[6.044152,43.243722],[6.044196,43.243645],[6.044217,43.243623],[6.044318,43.243546],[6.044326,43.243522],[6.044311,43.24344],[6.044358,43.243368],[6.04435,43.243349],[6.044281,43.243329],[6.044272,43.243316],[6.044282,43.243293],[6.044319,43.243265],[6.044339,43.243235],[6.04431,43.24319],[6.044303,43.243141],[6.044419,43.243157],[6.044631,43.243163],[6.044675,43.24318],[6.044743,43.243221],[6.044784,43.243227],[6.044844,43.243221],[6.045022,43.243188],[6.045103,43.243211],[6.045183,43.243236],[6.045236,43.243255],[6.045284,43.243263],[6.045348,43.24326],[6.045412,43.243254],[6.045431,43.243251],[6.045477,43.243255],[6.045558,43.243562],[6.045587,43.244238],[6.045602,43.244483],[6.045663,43.244894],[6.045787,43.245319],[6.046015,43.245848],[6.045901,43.245845],[6.045565,43.245901],[6.045294,43.24597],[6.045143,43.245776],[6.045087,43.245607],[6.045063,43.245579],[6.04491,43.245421],[6.044879,43.245361],[6.044763,43.245259],[6.044579,43.245054],[6.04436,43.245163],[6.044229,43.245239],[6.044258,43.245284],[6.044327,43.2454],[6.044392,43.245517],[6.044603,43.245908],[6.045158,43.246801],[6.045425,43.247106],[6.045306,43.24712],[6.045221,43.24711],[6.044993,43.247073],[6.044872,43.247063],[6.044743,43.247076],[6.044627,43.247084],[6.04451,43.247089],[6.044425,43.246905],[6.04439,43.246745],[6.044321,43.24657],[6.044118,43.246182],[6.044068,43.246085],[6.044047,43.245962],[6.04396,43.245794],[6.043841,43.245508],[6.043796,43.245354],[6.043736,43.245246],[6.04368,43.245136],[6.043645,43.245064],[6.04327,43.245165],[6.042997,43.24523],[6.042927,43.245257],[6.043282,43.246083],[6.043371,43.246257],[6.043511,43.246258],[6.043654,43.246528],[6.043792,43.246798],[6.043891,43.246998],[6.043925,43.247111],[6.043339,43.247248],[6.043221,43.247269],[6.043173,43.247268],[6.043004,43.24723],[6.042992,43.247272],[6.042778,43.247305],[6.042663,43.247098],[6.042241,43.246496],[6.042124,43.246306],[6.042003,43.245974],[6.04191,43.245974],[6.041887,43.246006],[6.041795,43.246005],[6.041733,43.246024],[6.041649,43.246018],[6.041661,43.245797],[6.041697,43.245719],[6.041766,43.245645],[6.04182,43.24558],[6.04187,43.245515],[6.0419,43.245488],[6.042049,43.245522],[6.041836,43.24523],[6.040393,43.245958],[6.040475,43.246004],[6.040682,43.246121],[6.040886,43.24624],[6.041348,43.246467],[6.04139,43.24645],[6.041679,43.246367],[6.04171,43.246359],[6.041776,43.246344],[6.041843,43.246332],[6.041911,43.246323],[6.041979,43.246317],[6.042358,43.24739],[6.041751,43.247415],[6.041015,43.24749],[6.040837,43.247499],[6.040871,43.247271],[6.041108,43.246518],[6.040769,43.246586],[6.040624,43.246641],[6.04055,43.246597],[6.040309,43.247117],[6.040196,43.247382],[6.040125,43.247563],[6.039793,43.247595],[6.039659,43.247608],[6.039438,43.24763],[6.039901,43.24676],[6.039565,43.246574],[6.039336,43.246464],[6.039027,43.247009],[6.039004,43.247077],[6.038924,43.24729],[6.038829,43.247493],[6.038739,43.247678],[6.038521,43.247679],[6.038446,43.247704],[6.03841,43.247717],[6.038405,43.247663],[6.038399,43.247514],[6.038398,43.247417],[6.038416,43.247174],[6.0384,43.24695],[6.038366,43.246754],[6.038284,43.246292],[6.038263,43.246111],[6.038215,43.245872],[6.038178,43.245595],[6.038152,43.245421],[6.038149,43.245369],[6.038152,43.245263],[6.038166,43.245059],[6.038122,43.244895],[6.038321,43.24492],[6.03835,43.244917],[6.038345,43.244613],[6.038333,43.244487],[6.038313,43.244274],[6.03852,43.244269],[6.038753,43.244266],[6.038974,43.244267],[6.039278,43.244256],[6.039352,43.244246],[6.039547,43.244188],[6.039523,43.243981],[6.03947,43.243776],[6.039256,43.243755],[6.039433,43.243655],[6.039905,43.243353],[6.04002,43.243256],[6.040188,43.24312],[6.040262,43.243074],[6.040322,43.243047],[6.040436,43.243012],[6.040792,43.24292],[6.041027,43.242813],[6.041181,43.242754],[6.041534,43.242659],[6.041966,43.242552],[6.04218,43.242491],[6.042466,43.242433],[6.042829,43.242325],[6.042884,43.242321],[6.042936,43.242521],[6.043008,43.242669],[6.043211,43.242606],[6.043647,43.242561],[6.043656,43.242526],[6.04389,43.242539],[6.044425,43.242535],[6.044532,43.242537],[6.044692,43.2425],[6.044953,43.242482],[6.044952,43.24226],[6.044804,43.241834],[6.045092,43.241729]],[[6.042115,43.244281],[6.042116,43.244205],[6.042095,43.244108],[6.041821,43.244136],[6.041364,43.244198],[6.040931,43.244276],[6.040848,43.244309],[6.040695,43.244316],[6.040582,43.244333],[6.040883,43.244862],[6.041136,43.24483],[6.041364,43.244775],[6.041571,43.244753],[6.04176,43.244754],[6.041967,43.244499],[6.041951,43.244466],[6.042103,43.244312],[6.042115,43.244281]],[[6.039843,43.243567],[6.039905,43.24355],[6.039883,43.243503],[6.039819,43.24352],[6.039843,43.243567]]]]}},{"type":"Feature","properties":{"numero":"0289","section":"0C","code_insee":"83049","id_parc":"83049_0C_0289"},"geometry":{"type":"MultiPolygon","coordinates":[[[[6.067845,43.254998],[6.067852,43.255055],[6.067872,43.255116],[6.067522,43.255099],[6.067393,43.255089],[6.067235,43.255098],[6.067215,43.25504],[6.067109,43.254741],[6.067049,43.254569],[6.067179,43.25456],[6.067308,43.254548],[6.067397,43.254538],[6.067761,43.254489],[6.067768,43.254552],[6.067805,43.254584],[6.067808,43.25479],[6.067813,43.254809],[6.067828,43.254872],[6.067838,43.254935],[6.067845,43.254998]]]]}},{"type":"Feature","properties":{"numero":"0289","section":"0A","code_insee":"83049","id_parc":"83049_0A_0289"},"geometry":{"type":"MultiPolygon","coordinates":[[[[6.054345,43.253587],[6.054539,43.253341],[6.054554,43.253349],[6.054681,43.253417],[6.054858,43.253533],[6.055252,43.253813],[6.055132,43.253902],[6.055503,43.254251],[6.055261,43.254404],[6.055257,43.254409],[6.055095,43.254284],[6.054345,43.253587]]]]}},{"type":"Feature","properties":{"numero":"0029","section":"AD","code_insee":"83049","id_parc":"83049_AD_0029"},"geometry":{"type":"MultiPolygon","coordinates":[[[[6.065109,43.240088],[6.065145,43.240087],[6.065245,43.240097],[6.065297,43.240103],[6.06537,43.240114],[6.065377,43.24013],[6.065298,43.240155],[6.065193,43.24019],[6.065188,43.240191],[6.065148,43.240177],[6.06509,43.240152],[6.065005,43.240116],[6.065006,43.240114],[6.065021,43.240105],[6.065035,43.2401],[6.065075,43.24009],[6.065109,43.240088]]]]}},{"type":"Feature","properties":{"numero":"0029","section":"AH","code_insee":"83049","id_parc":"83049_AH_0029"},"geometry":{"type":"MultiPolygon","coordinates":[[[[6.057615,43.247309],[6.05756,43.247329],[6.057493,43.247347],[6.05747,43.247296],[6.057532,43.247264],[6.057598,43.247237],[6.057682,43.247268],[6.057615,43.247309]]]]}},{"type":"Feature","properties":{"numero":"0029","section":"AI","code_insee":"83049","id_parc":"83049_AI_0029"},"geometry":{"type":"MultiPolygon","coordinates":[[[[6.066816,43.243381],[6.06669,43.243397],[6.066672,43.243338],[6.0667,43.243295],[6.066714,43.243273],[6.066768,43.24319],[6.0668,43.2432],[6.066847,43.243199],[6.066927,43.243193],[6.066992,43.243187],[6.067068,43.243181],[6.067073,43.243256],[6.067081,43.243373],[6.066816,43.243381]]]]}},{"type":"Feature","properties":{"numero":"0290","section":"AK","code_insee":"83049","id_parc":"83049_AK_0290"},"geometry":{"type":"MultiPolygon","coordinates":[[[[6.070938,43.244815],[6.071004,43.244831],[6.071055,43.244849],[6.070984,43.244998],[6.070765,43.24494],[6.07084,43.244791],[6.070858,43.244796],[6.070938,43.244815]]]]}},{"type":"Feature","properties":{"numero":"0290","section":"0A","code_insee":"83049","id_parc":"83049_0A_0290"},"geometry":{"type":"MultiPolygon","coordinates":[[[[6.055641,43.254185],[6.055572,43.254207],[6.055503,43.254251],[6.055132,43.253902],[6.055252,43.253813],[6.055472,43.254024],[6.055641,43.254185]]]]}},{"type":"Feature","properties":{"numero":"0290","section":"0C","code_insee":"83049","id_parc":"83049_0C_0290"},"geometry":{"type":"MultiPolygon","coordinates":[[[[6.06811,43.256891],[6.068039,43.257004],[6.067972,43.257079],[6.067829,43.257053],[6.067592,43.256971],[6.067506,43.256915],[6.067408,43.256878],[6.067312,43.256862],[6.067276,43.256863],[6.067235,43.256628],[6.067231,43.256427],[6.067222,43.256225],[6.067214,43.256081],[6.067194,43.25594],[6.067193,43.255708],[6.06732,43.255687],[6.0673,43.255577],[6.067278,43.255525],[6.067253,43.255286],[6.067243,43.255222],[6.067237,43.255157],[6.067235,43.255098],[6.067393,43.255089],[6.067522,43.255099],[6.067872,43.255116],[6.067939,43.255513],[6.068124,43.255453],[6.06839,43.255415],[6.06877,43.255321],[6.068726,43.255362],[6.06868,43.255378],[6.068661,43.255411],[6.068625,43.255428],[6.068572,43.255469],[6.068539,43.255532],[6.068456,43.255568],[6.068356,43.255629],[6.068315,43.255663],[6.068292,43.255726],[6.0683,43.255782],[6.068307,43.255975],[6.068278,43.256054],[6.068267,43.256211],[6.068262,43.256614],[6.068168,43.256843],[6.06811,43.256891]]]]}},{"type":"Feature","properties":{"numero":"0291","section":"0B","code_insee":"83049","id_parc":"83049_0B_0291"},"geometry":{"type":"MultiPolygon","coordinates":[[[[6.064114,43.260033],[6.064003,43.259899],[6.063636,43.259489],[6.063895,43.259405],[6.064101,43.259357],[6.064119,43.259387],[6.064189,43.259473],[6.064285,43.25957],[6.064571,43.259874],[6.064858,43.260149],[6.064933,43.260211],[6.06497,43.260238],[6.065113,43.26031],[6.065258,43.260379],[6.065423,43.260437],[6.065372,43.260463],[6.065273,43.260467],[6.06522,43.260482],[6.065032,43.26055],[6.064843,43.260582],[6.064828,43.260594],[6.06481,43.260612],[6.064796,43.260632],[6.064786,43.260653],[6.064662,43.260521],[6.064571,43.260448],[6.064496,43.260383],[6.064425,43.260317],[6.064333,43.260242],[6.064114,43.260033]]]]}},{"type":"Feature","properties":{"numero":"0291","section":"0C","code_insee":"83049","id_parc":"83049_0C_0291"},"geometry":{"type":"MultiPolygon","coordinates":[[[[6.067032,43.256101],[6.066677,43.256144],[6.066323,43.256189],[6.066247,43.256012],[6.066168,43.255872],[6.065987,43.2555],[6.066261,43.255448],[6.066606,43.255366],[6.066636,43.255434],[6.067253,43.255286],[6.067278,43.255525],[6.0673,43.255577],[6.06732,43.255687],[6.067193,43.255708],[6.067194,43.25594],[6.067214,43.256081],[6.067032,43.256101]]]]}},{"type":"Feature","properties":{"numero":"0291","section":"0A","code_insee":"83049","id_parc":"83049_0A_0291"},"geometry":{"type":"MultiPolygon","coordinates":[[[[6.054968,43.254777],[6.05459,43.254678],[6.054181,43.254566],[6.053745,43.254447],[6.053721,43.254518],[6.053316,43.254428],[6.053409,43.254173],[6.054024,43.254308],[6.054137,43.253847],[6.054999,43.254318],[6.055179,43.254477],[6.055087,43.254522],[6.055187,43.254674],[6.055251,43.254743],[6.055292,43.254822],[6.055345,43.254868],[6.055347,43.254874],[6.054968,43.254777]]]]}},{"type":"Feature","properties":{"numero":"0292","section":"0B","code_insee":"83049","id_parc":"83049_0B_0292"},"geometry":{"type":"MultiPolygon","coordinates":[[[[6.064101,43.259357],[6.063895,43.259405],[6.063636,43.259489],[6.063557,43.259417],[6.063457,43.259198],[6.063431,43.259102],[6.063863,43.259005],[6.063955,43.259001],[6.063976,43.259031],[6.064007,43.259079],[6.064033,43.259128],[6.064056,43.259271],[6.064077,43.259316],[6.064101,43.259357]]]]}},{"type":"Feature","properties":{"numero":"0292","section":"0C","code_insee":"83049","id_parc":"83049_0C_0292"},"geometry":{"type":"MultiPolygon","coordinates":[[[[6.066273,43.256197],[6.066235,43.256198],[6.06606,43.256214],[6.065895,43.25602],[6.065698,43.255731],[6.0656,43.255603],[6.065557,43.255537],[6.065459,43.255354],[6.065425,43.255265],[6.065373,43.255052],[6.06532,43.254956],[6.065315,43.254947],[6.065281,43.254887],[6.065259,43.254822],[6.065606,43.25472],[6.065644,43.254791],[6.065704,43.254869],[6.065785,43.254974],[6.065857,43.255148],[6.065964,43.25544],[6.065987,43.2555],[6.066168,43.255872],[6.066247,43.256012],[6.066323,43.256189],[6.06631,43.256192],[6.066273,43.256197]]]]}},{"type":"Feature","properties":{"numero":"0292","section":"0A","code_insee":"83049","id_parc":"83049_0A_0292"},"geometry":{"type":"MultiPolygon","coordinates":[[[[6.053853,43.253693],[6.053884,43.253663],[6.053904,43.253605],[6.054039,43.253797],[6.054137,43.253847],[6.054024,43.254308],[6.053409,43.254173],[6.05349,43.253864],[6.05354,43.253857],[6.053634,43.253814],[6.053853,43.253693]]]]}},{"type":"Feature","properties":{"numero":"0293","section":"0B","code_insee":"83049","id_parc":"83049_0B_0293"},"geometry":{"type":"MultiPolygon","coordinates":[[[[6.063657,43.258541],[6.063787,43.258761],[6.063955,43.259001],[6.063863,43.259005],[6.063431,43.259102],[6.063419,43.259024],[6.063404,43.258946],[6.063384,43.258868],[6.063362,43.258797],[6.063352,43.258769],[6.063338,43.258742],[6.06332,43.258717],[6.063303,43.258697],[6.063209,43.258581],[6.063133,43.258447],[6.063108,43.258376],[6.063079,43.258305],[6.063046,43.258236],[6.063029,43.258202],[6.063013,43.258091],[6.063266,43.258079],[6.06332,43.258075],[6.063546,43.258115],[6.063564,43.258281],[6.063591,43.258392],[6.063657,43.258541]]]]}},{"type":"Feature","properties":{"numero":"0293","section":"0C","code_insee":"83049","id_parc":"83049_0C_0293"},"geometry":{"type":"MultiPolygon","coordinates":[[[[6.066206,43.255374],[6.065964,43.25544],[6.065857,43.255148],[6.066473,43.255059],[6.066511,43.255169],[6.066519,43.255169],[6.066563,43.255277],[6.066396,43.255322],[6.066323,43.255342],[6.066206,43.255374]]]]}},{"type":"Feature","properties":{"numero":"0293","section":"0A","code_insee":"83049","id_parc":"83049_0A_0293"},"geometry":{"type":"MultiPolygon","coordinates":[[[[6.053067,43.254818],[6.052919,43.254947],[6.052517,43.254762],[6.052557,43.254648],[6.052605,43.254506],[6.0527,43.254381],[6.052311,43.254207],[6.051954,43.254052],[6.052062,43.253929],[6.052119,43.25387],[6.052222,43.253745],[6.052367,43.253746],[6.052598,43.253737],[6.052672,43.25375],[6.053058,43.253851],[6.053126,43.25386],[6.053347,43.253857],[6.053406,43.253868],[6.05349,43.253864],[6.053409,43.254173],[6.053316,43.254428],[6.053721,43.254518],[6.053745,43.254447],[6.054181,43.254566],[6.05409,43.254855],[6.054013,43.255012],[6.053067,43.254818]]]]}},{"type":"Feature","properties":{"numero":"0294","section":"0B","code_insee":"83049","id_parc":"83049_0B_0294"},"geometry":{"type":"MultiPolygon","coordinates":[[[[6.062631,43.258197],[6.062701,43.25808],[6.062928,43.25805],[6.062977,43.258249],[6.062993,43.258295],[6.063092,43.258481],[6.06314,43.258551],[6.063193,43.25862],[6.063221,43.258655],[6.063256,43.258704],[6.063286,43.258754],[6.063317,43.258815],[6.063349,43.25896],[6.06336,43.25906],[6.063472,43.259361],[6.063503,43.259425],[6.063559,43.259502],[6.063628,43.259589],[6.063537,43.259605],[6.063451,43.259558],[6.063416,43.259521],[6.06337,43.259462],[6.06327,43.259308],[6.063241,43.259277],[6.063188,43.259216],[6.063139,43.259155],[6.063093,43.259091],[6.063069,43.259046],[6.063046,43.258997],[6.063007,43.258844],[6.062965,43.258719],[6.062955,43.258698],[6.062937,43.258666],[6.062915,43.258636],[6.062885,43.258606],[6.06272,43.25848],[6.062686,43.258451],[6.062606,43.258348],[6.062602,43.258301],[6.062617,43.258256],[6.062622,43.258223],[6.062631,43.258197]]]]}},{"type":"Feature","properties":{"numero":"0294","section":"0C","code_insee":"83049","id_parc":"83049_0C_0294"},"geometry":{"type":"MultiPolygon","coordinates":[[[[6.066261,43.255448],[6.065987,43.2555],[6.065964,43.25544],[6.066206,43.255374],[6.066323,43.255342],[6.066396,43.255322],[6.066563,43.255277],[6.066519,43.255169],[6.066699,43.255122],[6.067215,43.25504],[6.067235,43.255098],[6.067237,43.255157],[6.067243,43.255222],[6.067253,43.255286],[6.066636,43.255434],[6.066606,43.255366],[6.066261,43.255448]]]]}},{"type":"Feature","properties":{"numero":"0294","section":"0A","code_insee":"83049","id_parc":"83049_0A_0294"},"geometry":{"type":"MultiPolygon","coordinates":[[[[6.055436,43.255091],[6.05457,43.254928],[6.05409,43.254855],[6.054181,43.254566],[6.05459,43.254678],[6.054968,43.254777],[6.055347,43.254874],[6.055368,43.254939],[6.055423,43.255051],[6.055436,43.255091]]]]}},{"type":"Feature","properties":{"numero":"0295","section":"0B","code_insee":"83049","id_parc":"83049_0B_0295"},"geometry":{"type":"MultiPolygon","coordinates":[[[[6.062615,43.258142],[6.062602,43.258175],[6.062585,43.258206],[6.062552,43.258187],[6.062526,43.258151],[6.062461,43.258093],[6.062628,43.258087],[6.062624,43.258109],[6.062615,43.258142]]]]}},{"type":"Feature","properties":{"numero":"0295","section":"0C","code_insee":"83049","id_parc":"83049_0C_0295"},"geometry":{"type":"MultiPolygon","coordinates":[[[[6.066651,43.254866],[6.067058,43.254758],[6.067109,43.254741],[6.067215,43.25504],[6.066699,43.255122],[6.066519,43.255169],[6.066511,43.255169],[6.066473,43.255059],[6.066382,43.254886],[6.066503,43.254859],[6.066548,43.254855],[6.066651,43.254866]]]]}},{"type":"Feature","properties":{"numero":"2952","section":"0C","code_insee":"83049","id_parc":"83049_0C_2952"},"geometry":{"type":"MultiPolygon","coordinates":[[[[6.0703,43.251442],[6.070276,43.251441],[6.070188,43.251398],[6.070191,43.251369],[6.070241,43.251395],[6.070294,43.251436],[6.0703,43.251442]]]]}},{"type":"Feature","properties":{"numero":"2953","section":"0C","code_insee":"83049","id_parc":"83049_0C_2953"},"geometry":{"type":"MultiPolygon","coordinates":[[[[6.07016,43.251507],[6.07018,43.251482],[6.070188,43.251398],[6.070276,43.251441],[6.0703,43.251442],[6.070455,43.251588],[6.070657,43.251803],[6.070702,43.251866],[6.070794,43.252035],[6.070844,43.252114],[6.070905,43.252264],[6.070912,43.252306],[6.070915,43.252349],[6.070913,43.252391],[6.070911,43.252413],[6.070929,43.252472],[6.070951,43.252531],[6.07097,43.252574],[6.070978,43.252614],[6.070954,43.252746],[6.070606,43.252922],[6.070596,43.252938],[6.070599,43.252949],[6.07054,43.252976],[6.070486,43.253014],[6.070435,43.253074],[6.070419,43.253084],[6.070385,43.253108],[6.070354,43.253135],[6.070028,43.252796],[6.069916,43.252602],[6.069865,43.252515],[6.069726,43.252331],[6.069608,43.252123],[6.069781,43.252065],[6.069698,43.251909],[6.069909,43.251783],[6.07,43.251756],[6.070053,43.251731],[6.070082,43.251691],[6.07009,43.251656],[6.070077,43.251594],[6.070083,43.251566],[6.07016,43.251507]]]]}},{"type":"Feature","properties":{"numero":"0296","section":"0B","code_insee":"83049","id_parc":"83049_0B_0296"},"geometry":{"type":"MultiPolygon","coordinates":[[[[6.062231,43.25814],[6.062333,43.25811],[6.062412,43.258099],[6.062447,43.258188],[6.062272,43.258236],[6.062231,43.25814]]]]}},{"type":"Feature","properties":{"numero":"0296","section":"0C","code_insee":"83049","id_parc":"83049_0C_0296"},"geometry":{"type":"MultiPolygon","coordinates":[[[[6.065704,43.254869],[6.065644,43.254791],[6.065606,43.25472],[6.065631,43.254701],[6.065631,43.254682],[6.065636,43.25465],[6.065647,43.254637],[6.065657,43.254633],[6.065697,43.254642],[6.065739,43.254648],[6.06579,43.254651],[6.066013,43.254655],[6.066122,43.254659],[6.066182,43.254659],[6.066254,43.254656],[6.066306,43.254771],[6.066339,43.254797],[6.066382,43.254886],[6.066473,43.255059],[6.065857,43.255148],[6.065785,43.254974],[6.065704,43.254869]]]]}},{"type":"Feature","properties":{"numero":"0296","section":"0A","code_insee":"83049","id_parc":"83049_0A_0296"},"geometry":{"type":"MultiPolygon","coordinates":[[[[6.053305,43.25503],[6.052926,43.25495],[6.052919,43.254947],[6.053067,43.254818],[6.054013,43.255012],[6.053935,43.255159],[6.053305,43.25503]]]]}},{"type":"Feature","properties":{"numero":"2960","section":"0C","code_insee":"83049","id_parc":"83049_0C_2960"},"geometry":{"type":"MultiPolygon","coordinates":[[[[6.070688,43.251419],[6.070573,43.25143],[6.070431,43.251436],[6.070723,43.251351],[6.07109,43.251352],[6.071126,43.25138],[6.070986,43.251387],[6.070921,43.251392],[6.070871,43.251396],[6.070793,43.251404],[6.070739,43.25141],[6.070688,43.251419]]]]}},{"type":"Feature","properties":{"numero":"2961","section":"0C","code_insee":"83049","id_parc":"83049_0C_2961"},"geometry":{"type":"MultiPolygon","coordinates":[[[[6.070363,43.251482],[6.070323,43.25144],[6.070431,43.251436],[6.070573,43.25143],[6.070688,43.251419],[6.070739,43.25141],[6.070793,43.251404],[6.070871,43.251396],[6.070921,43.251392],[6.070986,43.251387],[6.071126,43.25138],[6.07118,43.251424],[6.071331,43.251533],[6.071625,43.251731],[6.071905,43.251923],[6.071382,43.252074],[6.071578,43.252369],[6.070992,43.252584],[6.070941,43.252465],[6.070929,43.252417],[6.070931,43.252313],[6.070915,43.252247],[6.070858,43.252124],[6.070806,43.252],[6.070787,43.251955],[6.070754,43.251905],[6.070718,43.251857],[6.070693,43.251828],[6.070615,43.251741],[6.070537,43.251649],[6.070363,43.251482]]]]}},{"type":"Feature","properties":{"numero":"2962","section":"0C","code_insee":"83049","id_parc":"83049_0C_2962"},"geometry":{"type":"MultiPolygon","coordinates":[[[[6.070028,43.251316],[6.069792,43.251107],[6.069665,43.250902],[6.069698,43.250895],[6.069703,43.250925],[6.069712,43.250956],[6.069729,43.250991],[6.069828,43.25112],[6.069908,43.251206],[6.069966,43.251244],[6.070046,43.251275],[6.070123,43.251318],[6.070169,43.251358],[6.070168,43.251387],[6.070028,43.251316]]]]}},{"type":"Feature","properties":{"numero":"2963","section":"0C","code_insee":"83049","id_parc":"83049_0C_2963"},"geometry":{"type":"MultiPolygon","coordinates":[[[[6.069905,43.251762],[6.06985,43.251791],[6.069259,43.250953],[6.069319,43.250958],[6.06947,43.250945],[6.069665,43.250902],[6.069792,43.251107],[6.070028,43.251316],[6.070168,43.251387],[6.070166,43.251407],[6.070146,43.251474],[6.070127,43.251505],[6.070056,43.251569],[6.07005,43.251596],[6.070059,43.25162],[6.070064,43.251645],[6.070065,43.251655],[6.070044,43.251699],[6.07002,43.251723],[6.069974,43.251747],[6.069905,43.251762]]]]}},{"type":"Feature","properties":{"numero":"2964","section":"0C","code_insee":"83049","id_parc":"83049_0C_2964"},"geometry":{"type":"MultiPolygon","coordinates":[[[[6.069683,43.250783],[6.069698,43.250895],[6.069665,43.250902],[6.069661,43.250886],[6.069657,43.250868],[6.069653,43.250851],[6.069651,43.250833],[6.069649,43.250815],[6.069648,43.250797],[6.069648,43.250779],[6.06969,43.250457],[6.069729,43.250142],[6.069762,43.25014],[6.069753,43.250217],[6.06974,43.250294],[6.069724,43.250367],[6.069708,43.250517],[6.06969,43.250611],[6.069683,43.250783]]]]}},{"type":"Feature","properties":{"numero":"2965","section":"0C","code_insee":"83049","id_parc":"83049_0C_2965"},"geometry":{"type":"MultiPolygon","coordinates":[[[[6.06959,43.250093],[6.069684,43.250131],[6.069729,43.250142],[6.06969,43.250457],[6.069648,43.250779],[6.069648,43.250797],[6.069649,43.250815],[6.069651,43.250833],[6.069653,43.250851],[6.069657,43.250868],[6.069661,43.250886],[6.069665,43.250902],[6.06947,43.250945],[6.069319,43.250958],[6.069259,43.250953],[6.069107,43.250942],[6.068924,43.250979],[6.068868,43.251042],[6.068574,43.250966],[6.068549,43.251013],[6.068527,43.251055],[6.068626,43.251081],[6.068801,43.251118],[6.068771,43.251151],[6.06854,43.2514],[6.068405,43.251383],[6.068033,43.251339],[6.06806,43.250769],[6.068077,43.250565],[6.068619,43.250355],[6.069557,43.250074],[6.06959,43.250093]]]]}},{"type":"Feature","properties":{"numero":"0297","section":"0C","code_insee":"83049","id_parc":"83049_0C_0297"},"geometry":{"type":"MultiPolygon","coordinates":[[[[6.06677,43.254556],[6.066926,43.254578],[6.067049,43.254569],[6.067109,43.254741],[6.067058,43.254758],[6.066651,43.254866],[6.066548,43.254855],[6.066503,43.254859],[6.066382,43.254886],[6.066339,43.254797],[6.066306,43.254771],[6.066254,43.254656],[6.066313,43.25465],[6.066384,43.254638],[6.066461,43.254622],[6.066536,43.254603],[6.06661,43.254581],[6.066658,43.254564],[6.06677,43.254556]]]]}},{"type":"Feature","properties":{"numero":"0297","section":"0A","code_insee":"83049","id_parc":"83049_0A_0297"},"geometry":{"type":"MultiPolygon","coordinates":[[[[6.052832,43.2555],[6.052622,43.255486],[6.05228,43.255422],[6.052296,43.254891],[6.052435,43.254915],[6.052517,43.254762],[6.052919,43.254947],[6.052926,43.25495],[6.053305,43.25503],[6.053935,43.255159],[6.053935,43.255257],[6.053928,43.25558],[6.053381,43.255538],[6.052832,43.2555]]]]}},{"type":"Feature","properties":{"numero":"0298","section":"0B","code_insee":"83049","id_parc":"83049_0B_0298"},"geometry":{"type":"MultiPolygon","coordinates":[[[[6.062342,43.258287],[6.0622,43.258316],[6.062182,43.258269],[6.062329,43.258241],[6.062342,43.258287]]]]}},{"type":"Feature","properties":{"numero":"0298","section":"0C","code_insee":"83049","id_parc":"83049_0C_0298"},"geometry":{"type":"MultiPolygon","coordinates":[[[[6.067,43.254468],[6.066964,43.254331],[6.066966,43.254256],[6.066969,43.254264],[6.067111,43.254353],[6.067155,43.25437],[6.067203,43.254375],[6.067247,43.254377],[6.067425,43.254367],[6.067447,43.254376],[6.067552,43.254436],[6.067614,43.254448],[6.067424,43.25448],[6.067137,43.254506],[6.067024,43.254512],[6.067,43.254468]]]]}},{"type":"Feature","properties":{"numero":"0298","section":"0A","code_insee":"83049","id_parc":"83049_0A_0298"},"geometry":{"type":"MultiPolygon","coordinates":[[[[6.052279,43.255598],[6.052282,43.255509],[6.05228,43.255422],[6.052622,43.255486],[6.052832,43.2555],[6.053381,43.255538],[6.053928,43.25558],[6.053906,43.25578],[6.053243,43.255764],[6.05266,43.255728],[6.052656,43.25574],[6.052273,43.255686],[6.052279,43.255598]]]]}},{"type":"Feature","properties":{"numero":"0299","section":"0B","code_insee":"83049","id_parc":"83049_0B_0299"},"geometry":{"type":"MultiPolygon","coordinates":[[[[6.061956,43.258198],[6.06214,43.258155],[6.062179,43.258261],[6.062182,43.258269],[6.0622,43.258316],[6.061922,43.258372],[6.061956,43.258198]]]]}},{"type":"Feature","properties":{"numero":"0299","section":"0C","code_insee":"83049","id_parc":"83049_0C_0299"},"geometry":{"type":"MultiPolygon","coordinates":[[[[6.066931,43.254247],[6.066954,43.254239],[6.066966,43.254256],[6.066964,43.254331],[6.067,43.254468],[6.067024,43.254512],[6.066953,43.254516],[6.066888,43.25451],[6.066786,43.254504],[6.066684,43.254501],[6.066435,43.254566],[6.066307,43.254592],[6.066226,43.2546],[6.066208,43.254546],[6.066263,43.254565],[6.066461,43.254511],[6.066696,43.254364],[6.066931,43.254247]]]]}},{"type":"Feature","properties":{"numero":"0003","section":"AH","code_insee":"83049","id_parc":"83049_AH_0003"},"geometry":{"type":"MultiPolygon","coordinates":[[[[6.05508,43.247097],[6.05503,43.247037],[6.054981,43.246978],[6.055026,43.246963],[6.055045,43.246973],[6.055081,43.247014],[6.055084,43.247017],[6.055182,43.247118],[6.055247,43.247198],[6.05527,43.247244],[6.0553,43.247305],[6.055302,43.247308],[6.055305,43.247313],[6.055353,43.247394],[6.055355,43.247396],[6.055368,43.24741],[6.055372,43.247422],[6.055415,43.247541],[6.055422,43.247551],[6.055424,43.247553],[6.055441,43.247587],[6.055442,43.247591],[6.055461,43.247617],[6.055467,43.247625],[6.0555,43.247667],[6.055513,43.247683],[6.055523,43.247698],[6.055533,43.247714],[6.055536,43.247718],[6.055357,43.24773],[6.055317,43.247735],[6.055283,43.247755],[6.055251,43.247766],[6.055184,43.247779],[6.05514,43.247793],[6.05511,43.247789],[6.055096,43.247779],[6.055028,43.247789],[6.054952,43.247805],[6.054891,43.247802],[6.054785,43.247807],[6.054744,43.247812],[6.054715,43.247754],[6.054695,43.247715],[6.054686,43.247697],[6.054972,43.247583],[6.055289,43.247377],[6.055259,43.247327],[6.055254,43.247317],[6.055237,43.247282],[6.055205,43.247217],[6.055119,43.247134],[6.05508,43.247097]]]]}},{"type":"Feature","properties":{"numero":"0003","section":"AI","code_insee":"83049","id_parc":"83049_AI_0003"},"geometry":{"type":"MultiPolygon","coordinates":[[[[6.066211,43.242426],[6.066145,43.242454],[6.06575,43.242284],[6.065789,43.242226],[6.06581,43.242196],[6.06583,43.242168],[6.065848,43.242148],[6.06587,43.242125],[6.065883,43.242112],[6.065895,43.242102],[6.065901,43.242098],[6.065913,43.242092],[6.065926,43.242085],[6.065934,43.242082],[6.065943,43.242081],[6.065953,43.242081],[6.065963,43.242083],[6.065993,43.242091],[6.066012,43.242098],[6.066025,43.242104],[6.066044,43.242113],[6.066065,43.242126],[6.06608,43.242136],[6.06609,43.242142],[6.066112,43.242153],[6.066127,43.242157],[6.066142,43.242162],[6.066168,43.24217],[6.066194,43.242176],[6.066216,43.24218],[6.066227,43.242182],[6.066252,43.242183],[6.066382,43.242352],[6.066211,43.242426]]]]}},{"type":"Feature","properties":{"numero":"0030","section":"AD","code_insee":"83049","id_parc":"83049_AD_0030"},"geometry":{"type":"MultiPolygon","coordinates":[[[[6.065544,43.240106],[6.065591,43.240093],[6.065606,43.240089],[6.065684,43.240129],[6.065708,43.240154],[6.065716,43.240162],[6.065332,43.240254],[6.065311,43.240245],[6.065259,43.240225],[6.06521,43.240202],[6.065354,43.240155],[6.065471,43.240122],[6.065506,43.240116],[6.065544,43.240106]]]]}},{"type":"Feature","properties":{"numero":"0030","section":"AH","code_insee":"83049","id_parc":"83049_AH_0030"},"geometry":{"type":"MultiPolygon","coordinates":[[[[6.057968,43.247085],[6.058017,43.247073],[6.05806,43.247066],[6.058032,43.247109],[6.057949,43.247149],[6.057908,43.247169],[6.057846,43.247199],[6.057928,43.247126],[6.057968,43.247085]]]]}},{"type":"Feature","properties":{"numero":"0030","section":"AI","code_insee":"83049","id_parc":"83049_AI_0030"},"geometry":{"type":"MultiPolygon","coordinates":[[[[6.067197,43.243391],[6.067082,43.243376],[6.067081,43.243373],[6.067073,43.243256],[6.067205,43.24316],[6.06722,43.243169],[6.067269,43.243198],[6.067292,43.243212],[6.067323,43.243229],[6.067347,43.243243],[6.06738,43.243262],[6.06743,43.243292],[6.067469,43.243315],[6.067461,43.243324],[6.067425,43.243363],[6.067391,43.243401],[6.067359,43.243437],[6.067197,43.243391]]]]}},{"type":"Feature","properties":{"numero":"0300","section":"0B","code_insee":"83049","id_parc":"83049_0B_0300"},"geometry":{"type":"MultiPolygon","coordinates":[[[[6.061679,43.25826],[6.061933,43.258203],[6.061868,43.258506],[6.061857,43.258496],[6.061812,43.258416],[6.061679,43.25826]]]]}},{"type":"Feature","properties":{"numero":"0300","section":"0C","code_insee":"83049","id_parc":"83049_0C_0300"},"geometry":{"type":"MultiPolygon","coordinates":[[[[6.066152,43.254531],[6.066208,43.254546],[6.066226,43.2546],[6.065822,43.254594],[6.065839,43.254584],[6.066119,43.254532],[6.066152,43.254531]]]]}},{"type":"Feature","properties":{"numero":"0301","section":"0B","code_insee":"83049","id_parc":"83049_0B_0301"},"geometry":{"type":"MultiPolygon","coordinates":[[[[6.061404,43.25831],[6.06134,43.258353],[6.061184,43.258299],[6.061404,43.25831]]]]}},{"type":"Feature","properties":{"numero":"0301","section":"0A","code_insee":"83049","id_parc":"83049_0A_0301"},"geometry":{"type":"MultiPolygon","coordinates":[[[[6.051838,43.255501],[6.051838,43.255798],[6.050992,43.255678],[6.051027,43.255526],[6.051069,43.2554],[6.051838,43.255501]]]]}},{"type":"Feature","properties":{"numero":"0302","section":"0B","code_insee":"83049","id_parc":"83049_0B_0302"},"geometry":{"type":"MultiPolygon","coordinates":[[[[6.06184,43.258774],[6.061677,43.258981],[6.061659,43.259102],[6.061636,43.259103],[6.061613,43.259101],[6.061591,43.259095],[6.061571,43.259087],[6.061553,43.259076],[6.061547,43.259072],[6.061532,43.259054],[6.06152,43.259035],[6.061512,43.259015],[6.061508,43.258994],[6.061509,43.258973],[6.061513,43.258953],[6.061516,43.258944],[6.061553,43.258846],[6.06153,43.258688],[6.061441,43.258467],[6.061368,43.258377],[6.061447,43.258304],[6.061661,43.258265],[6.061724,43.258343],[6.061807,43.258436],[6.06185,43.258532],[6.061827,43.258666],[6.061841,43.258685],[6.061858,43.258703],[6.061864,43.258708],[6.061854,43.25874],[6.06184,43.258774]]]]}},{"type":"Feature","properties":{"numero":"0302","section":"0A","code_insee":"83049","id_parc":"83049_0A_0302"},"geometry":{"type":"MultiPolygon","coordinates":[[[[6.051596,43.256633],[6.051595,43.256648],[6.051225,43.256674],[6.051049,43.256196],[6.051023,43.256174],[6.050955,43.255998],[6.050952,43.25581],[6.050957,43.25575],[6.050992,43.255678],[6.051838,43.255798],[6.051858,43.25644],[6.05187,43.256644],[6.051596,43.256633]]]]}},{"type":"Feature","properties":{"numero":"0303","section":"0B","code_insee":"83049","id_parc":"83049_0B_0303"},"geometry":{"type":"MultiPolygon","coordinates":[[[[6.062253,43.258549],[6.06221,43.258696],[6.062199,43.25872],[6.061864,43.258708],[6.061847,43.25866],[6.061865,43.258526],[6.061899,43.258522],[6.061922,43.258372],[6.0622,43.258316],[6.062241,43.258462],[6.062253,43.258549]]]]}},{"type":"Feature","properties":{"numero":"3030","section":"0C","code_insee":"83049","id_parc":"83049_0C_3030"},"geometry":{"type":"MultiPolygon","coordinates":[[[[6.070061,43.248371],[6.070089,43.248318],[6.070608,43.248488],[6.070529,43.248628],[6.07049,43.248696],[6.070545,43.248712],[6.070525,43.248744],[6.070815,43.248851],[6.071173,43.248982],[6.071013,43.249301],[6.070766,43.249392],[6.07032,43.249215],[6.070264,43.249193],[6.070216,43.249174],[6.069958,43.249056],[6.069959,43.249021],[6.069974,43.248882],[6.06998,43.248825],[6.069987,43.248776],[6.070004,43.248674],[6.070014,43.248609],[6.070026,43.248531],[6.07003,43.248501],[6.070061,43.248371]]]]}},{"type":"Feature","properties":{"numero":"3031","section":"0C","code_insee":"83049","id_parc":"83049_0C_3031"},"geometry":{"type":"MultiPolygon","coordinates":[[[[6.070061,43.248337],[6.070083,43.248316],[6.070089,43.248318],[6.070061,43.248371],[6.07003,43.248501],[6.070026,43.248531],[6.070014,43.248609],[6.070004,43.248674],[6.069987,43.248776],[6.06998,43.248825],[6.069974,43.248882],[6.069959,43.249021],[6.069958,43.249056],[6.06992,43.249039],[6.070019,43.248484],[6.070061,43.248337]]]]}},{"type":"Feature","properties":{"numero":"0304","section":"0B","code_insee":"83049","id_parc":"83049_0B_0304"},"geometry":{"type":"MultiPolygon","coordinates":[[[[6.062685,43.258545],[6.062706,43.258559],[6.062805,43.258615],[6.062651,43.258666],[6.06247,43.258795],[6.06227,43.258955],[6.062251,43.258972],[6.062239,43.258989],[6.062031,43.25901],[6.061974,43.259038],[6.062006,43.258996],[6.062041,43.258956],[6.062075,43.258922],[6.062137,43.258843],[6.062199,43.25872],[6.06221,43.258696],[6.062253,43.258549],[6.062241,43.258462],[6.0622,43.258316],[6.062342,43.258287],[6.062329,43.258241],[6.062182,43.258269],[6.062179,43.258261],[6.062272,43.258236],[6.062447,43.258188],[6.062412,43.258099],[6.062461,43.258093],[6.062526,43.258151],[6.062552,43.258187],[6.062585,43.258206],[6.062566,43.258254],[6.062555,43.258293],[6.062554,43.258305],[6.062555,43.258328],[6.06256,43.25835],[6.06257,43.258371],[6.062583,43.258391],[6.062602,43.258418],[6.062622,43.258452],[6.062641,43.258492],[6.062652,43.258512],[6.062667,43.258529],[6.062685,43.258545]]]]}},{"type":"Feature","properties":{"numero":"0304","section":"0A","code_insee":"83049","id_parc":"83049_0A_0304"},"geometry":{"type":"MultiPolygon","coordinates":[[[[6.052258,43.256162],[6.052235,43.255948],[6.052273,43.255686],[6.052656,43.25574],[6.05266,43.255728],[6.053243,43.255764],[6.053906,43.25578],[6.053879,43.256125],[6.05385,43.256168],[6.053881,43.256207],[6.053865,43.25625],[6.0536,43.256253],[6.053496,43.25627],[6.053048,43.256294],[6.05263,43.256332],[6.052538,43.256303],[6.052534,43.256292],[6.052238,43.256307],[6.052258,43.256162]]]]}},{"type":"Feature","properties":{"numero":"0305","section":"0B","code_insee":"83049","id_parc":"83049_0B_0305"},"geometry":{"type":"MultiPolygon","coordinates":[[[[6.062251,43.258972],[6.06236,43.258997],[6.062364,43.259025],[6.062324,43.259023],[6.062239,43.258989],[6.062251,43.258972]]]]}},{"type":"Feature","properties":{"numero":"0305","section":"0A","code_insee":"83049","id_parc":"83049_0A_0305"},"geometry":{"type":"MultiPolygon","coordinates":[[[[6.055088,43.256322],[6.055059,43.256615],[6.054588,43.256553],[6.05448,43.256534],[6.054214,43.256528],[6.054072,43.25654],[6.053989,43.256526],[6.053846,43.256527],[6.053835,43.256424],[6.053865,43.25625],[6.053881,43.256207],[6.05385,43.256168],[6.053879,43.256125],[6.053906,43.25578],[6.053928,43.25558],[6.053935,43.255257],[6.055101,43.25547],[6.055066,43.255793],[6.05508,43.255893],[6.05507,43.256025],[6.055088,43.256322]]]]}},{"type":"Feature","properties":{"numero":"0306","section":"0B","code_insee":"83049","id_parc":"83049_0B_0306"},"geometry":{"type":"MultiPolygon","coordinates":[[[[6.062871,43.259344],[6.06284,43.259328],[6.062807,43.259314],[6.062791,43.259296],[6.062745,43.259275],[6.062725,43.259246],[6.062609,43.259192],[6.062497,43.259094],[6.062375,43.259026],[6.062364,43.259025],[6.06236,43.258997],[6.062251,43.258972],[6.06227,43.258955],[6.06247,43.258795],[6.062651,43.258666],[6.062805,43.258615],[6.062834,43.258631],[6.062863,43.258653],[6.062889,43.258676],[6.062912,43.258701],[6.062919,43.258715],[6.062943,43.258776],[6.062963,43.258838],[6.063029,43.259074],[6.063062,43.259125],[6.06323,43.259332],[6.063317,43.25946],[6.063339,43.259482],[6.06341,43.259557],[6.063479,43.259634],[6.063544,43.259712],[6.063436,43.259795],[6.063371,43.259761],[6.063295,43.259705],[6.063225,43.259645],[6.063125,43.259562],[6.063022,43.259481],[6.062942,43.259434],[6.062913,43.259379],[6.062885,43.259354],[6.062871,43.259344]]]]}},{"type":"Feature","properties":{"numero":"0306","section":"0A","code_insee":"83049","id_parc":"83049_0A_0306"},"geometry":{"type":"MultiPolygon","coordinates":[[[[6.055323,43.255226],[6.055436,43.255091],[6.055468,43.255098],[6.055463,43.25513],[6.055515,43.255166],[6.0556,43.255356],[6.055637,43.255408],[6.055682,43.255476],[6.055722,43.255545],[6.055889,43.25574],[6.055953,43.255781],[6.056034,43.255972],[6.056086,43.256129],[6.056114,43.256166],[6.055618,43.256147],[6.055572,43.255966],[6.055378,43.255925],[6.05508,43.255893],[6.055066,43.255793],[6.055101,43.25547],[6.055263,43.255314],[6.055323,43.255226]]]]}},{"type":"Feature","properties":{"numero":"0307","section":"0B","code_insee":"83049","id_parc":"83049_0B_0307"},"geometry":{"type":"MultiPolygon","coordinates":[[[[6.062737,43.259285],[6.062807,43.259314],[6.06258,43.259544],[6.062361,43.259418],[6.062266,43.259366],[6.062293,43.259368],[6.062327,43.259348],[6.062328,43.259326],[6.062321,43.259303],[6.062317,43.259279],[6.062317,43.259262],[6.06233,43.259237],[6.062345,43.259213],[6.062351,43.259206],[6.06235,43.259184],[6.062345,43.259157],[6.062296,43.25908],[6.062292,43.259065],[6.062328,43.259046],[6.062462,43.259095],[6.062593,43.259203],[6.062711,43.259254],[6.062737,43.259285]],[[6.062489,43.259358],[6.062474,43.259373],[6.06257,43.259422],[6.062585,43.259404],[6.062575,43.259399],[6.062583,43.25939],[6.062596,43.259395],[6.062606,43.259383],[6.062566,43.259361],[6.062554,43.259373],[6.06253,43.259363],[6.06252,43.259372],[6.062489,43.259358]]]]}},{"type":"Feature","properties":{"numero":"0307","section":"0A","code_insee":"83049","id_parc":"83049_0A_0307"},"geometry":{"type":"MultiPolygon","coordinates":[[[[6.056129,43.256246],[6.05614,43.256201],[6.056114,43.256166],[6.056086,43.256129],[6.056034,43.255972],[6.055953,43.255781],[6.055889,43.25574],[6.055722,43.255545],[6.055682,43.255476],[6.055637,43.255408],[6.0556,43.255356],[6.055515,43.255166],[6.055463,43.25513],[6.055468,43.255098],[6.056644,43.255171],[6.056696,43.25558],[6.056727,43.256153],[6.056723,43.256285],[6.056331,43.256254],[6.056129,43.256246]]]]}},{"type":"Feature","properties":{"numero":"0307","section":"0C","code_insee":"83049","id_parc":"83049_0C_0307"},"geometry":{"type":"MultiPolygon","coordinates":[[[[6.070891,43.252875],[6.070972,43.252824],[6.070986,43.25281],[6.071121,43.25295],[6.07121,43.253219],[6.071416,43.253351],[6.07154,43.253482],[6.071612,43.253513],[6.071647,43.253541],[6.071469,43.253969],[6.071414,43.253951],[6.071357,43.253937],[6.0713,43.253925],[6.071139,43.253902],[6.071008,43.253891],[6.070954,43.253893],[6.070838,43.253689],[6.070814,43.253558],[6.070698,43.253291],[6.070596,43.252968],[6.070673,43.252944],[6.070715,43.252916],[6.070846,43.252891],[6.070891,43.252875]]]]}},{"type":"Feature","properties":{"numero":"0308","section":"0B","code_insee":"83049","id_parc":"83049_0B_0308"},"geometry":{"type":"MultiPolygon","coordinates":[[[[6.062575,43.259399],[6.062585,43.259404],[6.06257,43.259422],[6.062474,43.259373],[6.062489,43.259358],[6.06252,43.259372],[6.06253,43.259363],[6.062554,43.259373],[6.062566,43.259361],[6.062606,43.259383],[6.062596,43.259395],[6.062583,43.25939],[6.062575,43.259399]]]]}},{"type":"Feature","properties":{"numero":"0308","section":"0A","code_insee":"83049","id_parc":"83049_0A_0308"},"geometry":{"type":"MultiPolygon","coordinates":[[[[6.056362,43.254141],[6.056495,43.254176],[6.05659,43.254181],[6.056592,43.254239],[6.056601,43.254416],[6.056614,43.254593],[6.05661,43.254907],[6.056626,43.254984],[6.056625,43.255037],[6.056644,43.255171],[6.055468,43.255098],[6.055436,43.255091],[6.055423,43.255051],[6.055368,43.254939],[6.055347,43.254874],[6.055345,43.254868],[6.055292,43.254822],[6.055251,43.254743],[6.055187,43.254674],[6.055087,43.254522],[6.055179,43.254477],[6.05523,43.254447],[6.055257,43.254409],[6.055261,43.254404],[6.055503,43.254251],[6.055572,43.254207],[6.055641,43.254185],[6.055837,43.254158],[6.056001,43.254067],[6.05615,43.254119],[6.056227,43.25413],[6.056304,43.254138],[6.056362,43.254141]]]]}},{"type":"Feature","properties":{"numero":"0309","section":"0B","code_insee":"83049","id_parc":"83049_0B_0309"},"geometry":{"type":"MultiPolygon","coordinates":[[[[6.062248,43.259361],[6.062266,43.259366],[6.062361,43.259418],[6.062234,43.259523],[6.06224,43.259487],[6.062238,43.259472],[6.062207,43.259432],[6.062203,43.25942],[6.062203,43.259408],[6.062207,43.259397],[6.062214,43.259386],[6.062217,43.259384],[6.062239,43.259363],[6.062248,43.259361]]]]}},{"type":"Feature","properties":{"numero":"0309","section":"0A","code_insee":"83049","id_parc":"83049_0A_0309"},"geometry":{"type":"MultiPolygon","coordinates":[[[[6.057007,43.254349],[6.057098,43.254406],[6.057188,43.254429],[6.057112,43.255018],[6.05709,43.255189],[6.057013,43.255738],[6.056933,43.256287],[6.056723,43.256285],[6.056727,43.256153],[6.056696,43.25558],[6.056644,43.255171],[6.056625,43.255037],[6.056626,43.254984],[6.05661,43.254907],[6.056614,43.254593],[6.056601,43.254416],[6.056592,43.254239],[6.05659,43.254181],[6.05667,43.254173],[6.056794,43.254238],[6.05686,43.254286],[6.057007,43.254349]]]]}},{"type":"Feature","properties":{"numero":"3099","section":"0C","code_insee":"83049","id_parc":"83049_0C_3099"},"geometry":{"type":"MultiPolygon","coordinates":[[[[6.071264,43.247426],[6.071325,43.247368],[6.071513,43.247412],[6.071538,43.247429],[6.071552,43.247445],[6.071558,43.247466],[6.071561,43.247503],[6.071549,43.24754],[6.071539,43.247591],[6.071511,43.247674],[6.071514,43.2477],[6.071425,43.247852],[6.07149,43.247915],[6.070826,43.247814],[6.070832,43.2478],[6.070981,43.247562],[6.071018,43.247523],[6.071133,43.247481],[6.071212,43.247461],[6.071264,43.247426]]]]}},{"type":"Feature","properties":{"numero":"0031","section":"AD","code_insee":"83049","id_parc":"83049_AD_0031"},"geometry":{"type":"MultiPolygon","coordinates":[[[[6.065364,43.240267],[6.065332,43.240254],[6.065716,43.240162],[6.065742,43.24019],[6.065891,43.24032],[6.066062,43.240459],[6.066116,43.240504],[6.066047,43.240483],[6.065947,43.240453],[6.065852,43.240426],[6.065707,43.240383],[6.065604,43.240349],[6.065518,43.240322],[6.065487,43.240312],[6.06542,43.240288],[6.065364,43.240267]]]]}},{"type":"Feature","properties":{"numero":"0031","section":"AH","code_insee":"83049","id_parc":"83049_AH_0031"},"geometry":{"type":"MultiPolygon","coordinates":[[[[6.058554,43.247981],[6.058343,43.247858],[6.058269,43.247823],[6.058229,43.247786],[6.058141,43.247707],[6.05809,43.247648],[6.058027,43.247583],[6.05793,43.247501],[6.057812,43.247364],[6.057759,43.247312],[6.057722,43.247273],[6.057802,43.247236],[6.05787,43.247205],[6.057934,43.247169],[6.058035,43.247111],[6.058073,43.247075],[6.058216,43.247009],[6.058211,43.247005],[6.058257,43.246987],[6.058569,43.247358],[6.058602,43.247392],[6.058634,43.247425],[6.058642,43.247433],[6.058827,43.247644],[6.058908,43.24775],[6.05891,43.247768],[6.059007,43.247899],[6.058773,43.247849],[6.058596,43.247926],[6.058554,43.247981]]]]}},{"type":"Feature","properties":{"numero":"0031","section":"AI","code_insee":"83049","id_parc":"83049_AI_0031"},"geometry":{"type":"MultiPolygon","coordinates":[[[[6.067068,43.243181],[6.067126,43.243143],[6.067147,43.243127],[6.067205,43.24316],[6.067073,43.243256],[6.067068,43.243181]]]]}},{"type":"Feature","properties":{"numero":"0310","section":"0B","code_insee":"83049","id_parc":"83049_0B_0310"},"geometry":{"type":"MultiPolygon","coordinates":[[[[6.062147,43.259559],[6.062211,43.259542],[6.062141,43.259597],[6.062132,43.25958],[6.06213,43.259574],[6.062132,43.259567],[6.062138,43.259562],[6.062147,43.259559]]]]}},{"type":"Feature","properties":{"numero":"0310","section":"0A","code_insee":"83049","id_parc":"83049_0A_0310"},"geometry":{"type":"MultiPolygon","coordinates":[[[[6.057388,43.255052],[6.057384,43.255052],[6.057112,43.255018],[6.057188,43.254429],[6.057696,43.25456],[6.057784,43.254566],[6.057755,43.254641],[6.057659,43.254951],[6.057616,43.255081],[6.05744,43.255059],[6.057388,43.255052]]]]}},{"type":"Feature","properties":{"numero":"3102","section":"0C","code_insee":"83049","id_parc":"83049_0C_3102"},"geometry":{"type":"MultiPolygon","coordinates":[[[[6.070858,43.247081],[6.070916,43.247125],[6.070991,43.247178],[6.070838,43.247082],[6.070858,43.247081]]]]}},{"type":"Feature","properties":{"numero":"0311","section":"0A","code_insee":"83049","id_parc":"83049_0A_0311"},"geometry":{"type":"MultiPolygon","coordinates":[[[[6.057013,43.255738],[6.05709,43.255189],[6.057112,43.255018],[6.057384,43.255052],[6.057388,43.255052],[6.05744,43.255059],[6.057616,43.255081],[6.057462,43.255556],[6.057394,43.255806],[6.057137,43.256329],[6.056933,43.256287],[6.057013,43.255738]]]]}},{"type":"Feature","properties":{"numero":"0312","section":"0A","code_insee":"83049","id_parc":"83049_0A_0312"},"geometry":{"type":"MultiPolygon","coordinates":[[[[6.056664,43.2573],[6.056578,43.257408],[6.056218,43.257484],[6.056349,43.257291],[6.05638,43.257195],[6.056408,43.257174],[6.056393,43.257119],[6.056425,43.257017],[6.056474,43.256775],[6.056696,43.256369],[6.056723,43.256285],[6.056933,43.256287],[6.057137,43.256329],[6.057114,43.256371],[6.057065,43.256466],[6.057021,43.256561],[6.05698,43.256658],[6.056931,43.256822],[6.056817,43.257015],[6.056664,43.2573]]]]}},{"type":"Feature","properties":{"numero":"3122","section":"0C","code_insee":"83049","id_parc":"83049_0C_3122"},"geometry":{"type":"MultiPolygon","coordinates":[[[[6.070421,43.246413],[6.070487,43.24636],[6.070525,43.246445],[6.070421,43.246413]]]]}},{"type":"Feature","properties":{"numero":"0313","section":"0A","code_insee":"83049","id_parc":"83049_0A_0313"},"geometry":{"type":"MultiPolygon","coordinates":[[[[6.056129,43.256246],[6.056331,43.256254],[6.056723,43.256285],[6.056696,43.256369],[6.056474,43.256775],[6.056425,43.257017],[6.056393,43.257119],[6.056408,43.257174],[6.05638,43.257195],[6.056349,43.257291],[6.056218,43.257484],[6.056174,43.25752],[6.056129,43.257496],[6.055842,43.257418],[6.055893,43.257274],[6.055939,43.257129],[6.055985,43.256973],[6.056013,43.25669],[6.056129,43.256246]]]]}},{"type":"Feature","properties":{"numero":"0313","section":"0C","code_insee":"83049","id_parc":"83049_0C_0313"},"geometry":{"type":"MultiPolygon","coordinates":[[[[6.070945,43.254973],[6.070813,43.254917],[6.070782,43.254907],[6.070704,43.254738],[6.071192,43.254716],[6.071193,43.25472],[6.071248,43.254718],[6.071244,43.25468],[6.07119,43.254681],[6.071187,43.254645],[6.071336,43.254639],[6.071505,43.254441],[6.071081,43.254455],[6.070973,43.25395],[6.07108,43.253958],[6.071187,43.253969],[6.071262,43.253979],[6.071358,43.253999],[6.071483,43.254041],[6.071791,43.254166],[6.071874,43.254215],[6.071924,43.254258],[6.071956,43.254295],[6.071984,43.254334],[6.072008,43.254374],[6.072017,43.254391],[6.072067,43.254502],[6.072105,43.254605],[6.072147,43.254707],[6.072167,43.254751],[6.072175,43.254809],[6.07214,43.254966],[6.072072,43.255145],[6.071334,43.255564],[6.07125,43.255351],[6.071211,43.255242],[6.071177,43.255159],[6.07117,43.255149],[6.071138,43.255112],[6.071102,43.255076],[6.071063,43.255042],[6.070945,43.254973]]]]}},{"type":"Feature","properties":{"numero":"0314","section":"0B","code_insee":"83049","id_parc":"83049_0B_0314"},"geometry":{"type":"MultiPolygon","coordinates":[[[[6.063545,43.260228],[6.063603,43.260196],[6.063904,43.26003],[6.063981,43.260073],[6.064095,43.260181],[6.064184,43.260241],[6.064263,43.260319],[6.064109,43.260421],[6.064075,43.26044],[6.06385,43.260522],[6.063769,43.260551],[6.063649,43.260606],[6.063567,43.260644],[6.06334,43.260342],[6.063545,43.260228]]]]}},{"type":"Feature","properties":{"numero":"0314","section":"0A","code_insee":"83049","id_parc":"83049_0A_0314"},"geometry":{"type":"MultiPolygon","coordinates":[[[[6.056114,43.256166],[6.05614,43.256201],[6.056129,43.256246],[6.056013,43.25669],[6.055985,43.256973],[6.055939,43.257129],[6.055893,43.257274],[6.055842,43.257418],[6.055415,43.257376],[6.055474,43.257196],[6.055516,43.256924],[6.055526,43.256717],[6.055541,43.256485],[6.05556,43.256253],[6.055564,43.256196],[6.055614,43.256169],[6.055618,43.256147],[6.056114,43.256166]]]]}},{"type":"Feature","properties":{"numero":"0315","section":"0A","code_insee":"83049","id_parc":"83049_0A_0315"},"geometry":{"type":"MultiPolygon","coordinates":[[[[6.055343,43.256699],[6.055362,43.256253],[6.05556,43.256253],[6.055541,43.256485],[6.055526,43.256717],[6.055516,43.256924],[6.055474,43.257196],[6.055415,43.257376],[6.055268,43.257359],[6.055285,43.257145],[6.055307,43.256956],[6.055343,43.256699]]]]}},{"type":"Feature","properties":{"numero":"0315","section":"0C","code_insee":"83049","id_parc":"83049_0C_0315"},"geometry":{"type":"MultiPolygon","coordinates":[[[[6.070677,43.254681],[6.070956,43.254673],[6.071081,43.254455],[6.071505,43.254441],[6.071336,43.254639],[6.071187,43.254645],[6.07119,43.254681],[6.071192,43.254716],[6.070704,43.254738],[6.070677,43.254681]]]]}},{"type":"Feature","properties":{"numero":"0316","section":"0A","code_insee":"83049","id_parc":"83049_0A_0316"},"geometry":{"type":"MultiPolygon","coordinates":[[[[6.055061,43.257135],[6.055117,43.256623],[6.055059,43.256615],[6.055088,43.256322],[6.05507,43.256025],[6.05508,43.255893],[6.055378,43.255925],[6.055572,43.255966],[6.055618,43.256147],[6.055614,43.256169],[6.055564,43.256196],[6.05556,43.256253],[6.055362,43.256253],[6.055343,43.256699],[6.055307,43.256956],[6.055285,43.257145],[6.055268,43.257359],[6.055108,43.257332],[6.055065,43.257283],[6.055061,43.257135]]]]}},{"type":"Feature","properties":{"numero":"0316","section":"0C","code_insee":"83049","id_parc":"83049_0C_0316"},"geometry":{"type":"MultiPolygon","coordinates":[[[[6.070914,43.253951],[6.070944,43.253948],[6.070973,43.25395],[6.071081,43.254455],[6.070956,43.254673],[6.070677,43.254681],[6.070606,43.254527],[6.070526,43.254182],[6.070709,43.25405],[6.070815,43.253983],[6.070885,43.253955],[6.070914,43.253951]]]]}},{"type":"Feature","properties":{"numero":"0317","section":"0A","code_insee":"83049","id_parc":"83049_0A_0317"},"geometry":{"type":"MultiPolygon","coordinates":[[[[6.054559,43.256813],[6.054578,43.256653],[6.054588,43.256553],[6.055059,43.256615],[6.055117,43.256623],[6.055061,43.257135],[6.055065,43.257283],[6.05452,43.257228],[6.054536,43.256973],[6.054559,43.256813]]]]}},{"type":"Feature","properties":{"numero":"0318","section":"0H","code_insee":"83049","id_parc":"83049_0H_0318"},"geometry":{"type":"MultiPolygon","coordinates":[[[[6.040521,43.23887],[6.04092,43.238827],[6.041341,43.238779],[6.041719,43.238736],[6.041785,43.238729],[6.041854,43.23873],[6.041906,43.238731],[6.042183,43.238707],[6.042357,43.238685],[6.042578,43.23867],[6.042855,43.238611],[6.0429,43.238621],[6.042867,43.238651],[6.042782,43.238731],[6.042696,43.238808],[6.042655,43.23884],[6.04261,43.238869],[6.042563,43.238896],[6.04255,43.238903],[6.042326,43.238993],[6.042054,43.239126],[6.041962,43.239166],[6.041885,43.239164],[6.041857,43.239171],[6.041545,43.239357],[6.041391,43.239431],[6.041343,43.239446],[6.041154,43.239493],[6.040766,43.239616],[6.040644,43.239665],[6.040593,43.239679],[6.040519,43.239667],[6.04049,43.239675],[6.040354,43.239777],[6.040274,43.2398],[6.040218,43.23983],[6.040095,43.23984],[6.040009,43.239854],[6.039939,43.239875],[6.039889,43.239885],[6.03984,43.239898],[6.039806,43.239908],[6.039721,43.239941],[6.039638,43.239977],[6.039592,43.239998],[6.039504,43.240046],[6.039431,43.240056],[6.039274,43.240063],[6.039117,43.240073],[6.038961,43.240086],[6.038809,43.240101],[6.038584,43.240139],[6.038563,43.240137],[6.038458,43.240112],[6.038411,43.240113],[6.038282,43.240141],[6.038168,43.24015],[6.038054,43.240157],[6.038026,43.240158],[6.037932,43.240193],[6.037811,43.240169],[6.037736,43.240143],[6.038055,43.239961],[6.038123,43.23992],[6.038574,43.239623],[6.038945,43.239361],[6.039355,43.239051],[6.039451,43.238974],[6.039473,43.238951],[6.039653,43.238931],[6.039882,43.238936],[6.040177,43.238914],[6.040251,43.238903],[6.040386,43.238885],[6.040521,43.23887]]]]}},{"type":"Feature","properties":{"numero":"0318","section":"0A","code_insee":"83049","id_parc":"83049_0A_0318"},"geometry":{"type":"MultiPolygon","coordinates":[[[[6.054092,43.257203],[6.054129,43.256951],[6.054536,43.256973],[6.05452,43.257228],[6.05446,43.257222],[6.054092,43.257203]]]]}},{"type":"Feature","properties":{"numero":"0319","section":"0A","code_insee":"83049","id_parc":"83049_0A_0319"},"geometry":{"type":"MultiPolygon","coordinates":[[[[6.053496,43.25627],[6.0536,43.256253],[6.053865,43.25625],[6.053835,43.256424],[6.053846,43.256527],[6.053989,43.256526],[6.054072,43.25654],[6.054214,43.256528],[6.05448,43.256534],[6.054588,43.256553],[6.054578,43.256653],[6.054559,43.256813],[6.054536,43.256973],[6.054129,43.256951],[6.054092,43.257203],[6.053549,43.257158],[6.05352,43.256477],[6.053496,43.25627]]]]}},{"type":"Feature","properties":{"numero":"0319","section":"0C","code_insee":"83049","id_parc":"83049_0C_0319"},"geometry":{"type":"MultiPolygon","coordinates":[[[[6.069079,43.254525],[6.069022,43.254523],[6.069024,43.254479],[6.06908,43.254483],[6.069079,43.254525]]]]}},{"type":"Feature","properties":{"numero":"0032","section":"AD","code_insee":"83049","id_parc":"83049_AD_0032"},"geometry":{"type":"MultiPolygon","coordinates":[[[[6.06665,43.239505],[6.066733,43.239539],[6.066805,43.239568],[6.067194,43.239753],[6.067193,43.239791],[6.067693,43.240239],[6.067752,43.240293],[6.067534,43.240404],[6.0675,43.240369],[6.067459,43.24039],[6.067493,43.240425],[6.067443,43.24045],[6.067372,43.240486],[6.067163,43.240593],[6.066978,43.240441],[6.06687,43.24035],[6.066644,43.240578],[6.066561,43.240662],[6.066527,43.240647],[6.066351,43.240574],[6.066267,43.240549],[6.066248,43.240543],[6.066166,43.240518],[6.066116,43.240504],[6.066062,43.240459],[6.065891,43.24032],[6.065742,43.24019],[6.065716,43.240162],[6.065708,43.240154],[6.065684,43.240129],[6.065606,43.240089],[6.065736,43.239972],[6.065994,43.239699],[6.066292,43.239382],[6.066304,43.239365],[6.06656,43.239468],[6.06665,43.239505]]]]}},{"type":"Feature","properties":{"numero":"0032","section":"AH","code_insee":"83049","id_parc":"83049_AH_0032"},"geometry":{"type":"MultiPolygon","coordinates":[[[[6.058879,43.247215],[6.059032,43.247407],[6.059158,43.247564],[6.059264,43.247696],[6.059259,43.247793],[6.059178,43.247922],[6.059166,43.247934],[6.059007,43.247899],[6.05891,43.247768],[6.058908,43.24775],[6.058827,43.247644],[6.058642,43.247433],[6.058634,43.247425],[6.058602,43.247392],[6.058569,43.247358],[6.058257,43.246987],[6.058527,43.246812],[6.058661,43.246959],[6.058711,43.247015],[6.05882,43.247143],[6.058879,43.247215]]]]}},{"type":"Feature","properties":{"numero":"0032","section":"AI","code_insee":"83049","id_parc":"83049_AI_0032"},"geometry":{"type":"MultiPolygon","coordinates":[[[[6.06722,43.243169],[6.067205,43.24316],[6.067147,43.243127],[6.067178,43.243104],[6.067209,43.243076],[6.067289,43.24301],[6.067291,43.243008],[6.067571,43.243197],[6.067522,43.243253],[6.067469,43.243315],[6.06743,43.243292],[6.06738,43.243262],[6.067347,43.243243],[6.067323,43.243229],[6.067292,43.243212],[6.067269,43.243198],[6.06722,43.243169]]]]}},{"type":"Feature","properties":{"numero":"0320","section":"AK","code_insee":"83049","id_parc":"83049_AK_0320"},"geometry":{"type":"MultiPolygon","coordinates":[[[[6.071142,43.245202],[6.0711,43.245223],[6.070936,43.245302],[6.07087,43.245215],[6.071107,43.245102],[6.071107,43.2451],[6.071106,43.245098],[6.071105,43.245095],[6.071103,43.245092],[6.071102,43.24509],[6.0711,43.245087],[6.071098,43.245085],[6.071095,43.245082],[6.071093,43.24508],[6.07109,43.245078],[6.071088,43.245076],[6.071084,43.245074],[6.071081,43.245073],[6.071078,43.245071],[6.071075,43.24507],[6.071071,43.245069],[6.071068,43.245068],[6.070859,43.245013],[6.07084,43.245052],[6.070724,43.245021],[6.070765,43.24494],[6.070984,43.244998],[6.071204,43.245056],[6.071345,43.245098],[6.071604,43.245208],[6.071657,43.24523],[6.071721,43.245257],[6.071668,43.245324],[6.071564,43.245455],[6.071476,43.245564],[6.071436,43.245615],[6.071408,43.245625],[6.071375,43.245582],[6.071385,43.245547],[6.071355,43.245507],[6.071478,43.245475],[6.071559,43.245371],[6.0716,43.245318],[6.071609,43.245308],[6.071612,43.245304],[6.071615,43.245297],[6.071617,43.245291],[6.071618,43.245285],[6.071618,43.24528],[6.071616,43.245273],[6.071612,43.245268],[6.071606,43.245262],[6.071599,43.245257],[6.071588,43.24525],[6.071554,43.24529],[6.071517,43.245275],[6.071449,43.245247],[6.07141,43.245231],[6.071303,43.245186],[6.071287,43.245179],[6.071313,43.245144],[6.071314,43.245141],[6.071312,43.245138],[6.071306,43.245135],[6.071299,43.245132],[6.071291,43.245131],[6.071228,43.24516],[6.071142,43.245202]]]]}},{"type":"Feature","properties":{"numero":"0320","section":"0A","code_insee":"83049","id_parc":"83049_0A_0320"},"geometry":{"type":"MultiPolygon","coordinates":[[[[6.053549,43.257158],[6.053429,43.257148],[6.053295,43.257166],[6.052934,43.257196],[6.052666,43.257196],[6.052666,43.257256],[6.052571,43.25726],[6.052225,43.257283],[6.051391,43.257266],[6.051225,43.256674],[6.051595,43.256648],[6.051596,43.256633],[6.05187,43.256644],[6.051858,43.25644],[6.052251,43.256396],[6.052237,43.256315],[6.052238,43.256307],[6.052534,43.256292],[6.052538,43.256303],[6.05263,43.256332],[6.053048,43.256294],[6.053496,43.25627],[6.05352,43.256477],[6.053549,43.257158]]]]}},{"type":"Feature","properties":{"numero":"0320","section":"0C","code_insee":"83049","id_parc":"83049_0C_0320"},"geometry":{"type":"MultiPolygon","coordinates":[[[[6.068254,43.254506],[6.06807,43.25449],[6.067991,43.254452],[6.06824,43.254413],[6.068349,43.254391],[6.068459,43.254373],[6.068514,43.254365],[6.068728,43.254337],[6.068838,43.254338],[6.068894,43.254347],[6.068961,43.254553],[6.069004,43.254643],[6.06901,43.25467],[6.068999,43.254702],[6.069002,43.254729],[6.069046,43.254864],[6.069075,43.254904],[6.069083,43.254964],[6.069049,43.254945],[6.069044,43.254873],[6.068964,43.254805],[6.068955,43.25466],[6.068845,43.254578],[6.068817,43.254541],[6.06874,43.254542],[6.068564,43.254523],[6.068509,43.254521],[6.068449,43.254522],[6.06839,43.254525],[6.068254,43.254506]]]]}},{"type":"Feature","properties":{"numero":"0321","section":"AK","code_insee":"83049","id_parc":"83049_AK_0321"},"geometry":{"type":"MultiPolygon","coordinates":[[[[6.072658,43.247656],[6.072627,43.247617],[6.072575,43.247551],[6.072176,43.247039],[6.072089,43.246927],[6.071723,43.246472],[6.071528,43.246211],[6.071522,43.246203],[6.071327,43.245941],[6.071038,43.245567],[6.070958,43.245463],[6.070857,43.245328],[6.070793,43.245243],[6.070791,43.24524],[6.07064,43.245041],[6.070627,43.245023],[6.070544,43.244912],[6.070401,43.244723],[6.07036,43.244668],[6.070182,43.244473],[6.070126,43.24437],[6.070098,43.244319],[6.070011,43.244156],[6.069684,43.243548],[6.069745,43.243494],[6.06979,43.243577],[6.069908,43.243795],[6.069944,43.243862],[6.070088,43.244126],[6.070122,43.24419],[6.07017,43.244278],[6.070172,43.244283],[6.070233,43.244393],[6.070266,43.244438],[6.07031,43.244496],[6.07046,43.244691],[6.070478,43.244695],[6.070724,43.245021],[6.070789,43.245107],[6.07087,43.245215],[6.070936,43.245302],[6.07104,43.245441],[6.071058,43.245463],[6.071208,43.245653],[6.07139,43.245883],[6.071384,43.245887],[6.071603,43.246184],[6.071781,43.246425],[6.071879,43.246553],[6.071992,43.2467],[6.072107,43.24685],[6.072147,43.246903],[6.072239,43.247019],[6.072516,43.247374],[6.072636,43.247527],[6.072685,43.247591],[6.072704,43.247582],[6.072735,43.247621],[6.073086,43.248068],[6.072977,43.248062],[6.072887,43.247948],[6.072658,43.247656]]]]}},{"type":"Feature","properties":{"numero":"0321","section":"0A","code_insee":"83049","id_parc":"83049_0A_0321"},"geometry":{"type":"MultiPolygon","coordinates":[[[[6.052571,43.25726],[6.052506,43.257963],[6.051626,43.257948],[6.051602,43.257861],[6.051574,43.257774],[6.051391,43.257266],[6.052225,43.257283],[6.052571,43.25726]]]]}},{"type":"Feature","properties":{"numero":"0322","section":"0A","code_insee":"83049","id_parc":"83049_0A_0322"},"geometry":{"type":"MultiPolygon","coordinates":[[[[6.051964,43.258268],[6.051918,43.258275],[6.051781,43.258304],[6.051639,43.257999],[6.051626,43.257948],[6.052506,43.257963],[6.052705,43.257967],[6.052686,43.258251],[6.052661,43.258244],[6.052536,43.258241],[6.052272,43.25825],[6.051964,43.258268]]]]}},{"type":"Feature","properties":{"numero":"0323","section":"AK","code_insee":"83049","id_parc":"83049_AK_0323"},"geometry":{"type":"MultiPolygon","coordinates":[[[[6.070628,43.245899],[6.07063,43.245885],[6.07063,43.24588],[6.070767,43.24592],[6.070801,43.24593],[6.070836,43.245941],[6.070904,43.245961],[6.070973,43.245981],[6.071091,43.246014],[6.070985,43.246097],[6.071058,43.246146],[6.07105,43.246151],[6.070964,43.246218],[6.070905,43.246262],[6.070805,43.246206],[6.070659,43.246127],[6.070587,43.246088],[6.070591,43.246073],[6.070595,43.246056],[6.070599,43.246043],[6.070603,43.246025],[6.070606,43.246011],[6.07061,43.245993],[6.070613,43.24598],[6.070617,43.245962],[6.07062,43.245949],[6.070623,43.245931],[6.070626,43.245917],[6.070628,43.245899]]]]}},{"type":"Feature","properties":{"numero":"0323","section":"0A","code_insee":"83049","id_parc":"83049_0A_0323"},"geometry":{"type":"MultiPolygon","coordinates":[[[[6.052927,43.258269],[6.052743,43.258267],[6.052686,43.258251],[6.052705,43.257967],[6.052506,43.257963],[6.052571,43.25726],[6.052666,43.257256],[6.052666,43.257196],[6.052934,43.257196],[6.05297,43.258249],[6.05297,43.258263],[6.052927,43.258269]]]]}},{"type":"Feature","properties":{"numero":"0323","section":"0C","code_insee":"83049","id_parc":"83049_0C_0323"},"geometry":{"type":"MultiPolygon","coordinates":[[[[6.069473,43.252014],[6.069528,43.251984],[6.069608,43.252123],[6.069726,43.252331],[6.069128,43.252608],[6.069245,43.252912],[6.06885,43.253077],[6.068755,43.252939],[6.068666,43.252973],[6.068685,43.253002],[6.068675,43.253006],[6.068699,43.253043],[6.068748,43.253119],[6.068297,43.253295],[6.068018,43.252926],[6.068118,43.25286],[6.0682,43.252816],[6.068321,43.252777],[6.06836,43.252756],[6.06838,43.252735],[6.068403,43.252642],[6.068453,43.252633],[6.068729,43.252427],[6.068778,43.25242],[6.068809,43.252406],[6.068907,43.25234],[6.069007,43.252275],[6.069049,43.25225],[6.06929,43.252073],[6.069342,43.252052],[6.069395,43.252034],[6.06945,43.252019],[6.069473,43.252014]]]]}},{"type":"Feature","properties":{"numero":"0324","section":"0A","code_insee":"83049","id_parc":"83049_0A_0324"},"geometry":{"type":"MultiPolygon","coordinates":[[[[6.05303,43.258256],[6.05297,43.258263],[6.05297,43.258249],[6.052934,43.257196],[6.053295,43.257166],[6.05332,43.257378],[6.053345,43.257929],[6.053344,43.258211],[6.053343,43.258224],[6.053208,43.258247],[6.05303,43.258256]]]]}},{"type":"Feature","properties":{"numero":"0324","section":"0C","code_insee":"83049","id_parc":"83049_0C_0324"},"geometry":{"type":"MultiPolygon","coordinates":[[[[6.068666,43.252973],[6.068755,43.252939],[6.06885,43.253077],[6.068783,43.253105],[6.068748,43.253119],[6.068699,43.253043],[6.068675,43.253006],[6.068685,43.253002],[6.068666,43.252973]]]]}},{"type":"Feature","properties":{"numero":"0325","section":"0A","code_insee":"83049","id_parc":"83049_0A_0325"},"geometry":{"type":"MultiPolygon","coordinates":[[[[6.053295,43.257166],[6.053429,43.257148],[6.053549,43.257158],[6.054092,43.257203],[6.05446,43.257222],[6.05452,43.257228],[6.054508,43.257634],[6.054481,43.258289],[6.054247,43.258194],[6.053974,43.258181],[6.053731,43.258161],[6.053672,43.258169],[6.053343,43.258224],[6.053344,43.258211],[6.053345,43.257929],[6.05332,43.257378],[6.053295,43.257166]]]]}},{"type":"Feature","properties":{"numero":"0325","section":"0C","code_insee":"83049","id_parc":"83049_0C_0325"},"geometry":{"type":"MultiPolygon","coordinates":[[[[6.068104,43.253429],[6.068312,43.253315],[6.068297,43.253295],[6.068748,43.253119],[6.068783,43.253105],[6.068789,43.253369],[6.068799,43.253457],[6.068004,43.253642],[6.067996,43.253622],[6.068003,43.253568],[6.068017,43.253525],[6.068104,43.253429]]]]}},{"type":"Feature","properties":{"numero":"0326","section":"0A","code_insee":"83049","id_parc":"83049_0A_0326"},"geometry":{"type":"MultiPolygon","coordinates":[[[[6.054967,43.257856],[6.054945,43.257882],[6.054825,43.258006],[6.054481,43.258289],[6.054508,43.257634],[6.05452,43.257228],[6.055065,43.257283],[6.055108,43.257332],[6.055062,43.257578],[6.055009,43.257727],[6.054967,43.257856]]]]}},{"type":"Feature","properties":{"numero":"0326","section":"0C","code_insee":"83049","id_parc":"83049_0C_0326"},"geometry":{"type":"MultiPolygon","coordinates":[[[[6.068004,43.253642],[6.068799,43.253457],[6.06881,43.253553],[6.068842,43.253821],[6.06881,43.253827],[6.068142,43.253958],[6.068065,43.253822],[6.068004,43.253642]]]]}},{"type":"Feature","properties":{"numero":"0327","section":"0A","code_insee":"83049","id_parc":"83049_0A_0327"},"geometry":{"type":"MultiPolygon","coordinates":[[[[6.056997,43.258847],[6.057066,43.258948],[6.057365,43.259335],[6.057237,43.259375],[6.057194,43.259399],[6.057147,43.259429],[6.057102,43.259462],[6.05704,43.259492],[6.056862,43.259517],[6.056799,43.259533],[6.056709,43.25958],[6.056671,43.259602],[6.056568,43.259665],[6.056449,43.259744],[6.056315,43.259691],[6.056042,43.259624],[6.055931,43.259585],[6.055854,43.259556],[6.055625,43.25947],[6.05552,43.259434],[6.055318,43.259367],[6.055127,43.259305],[6.055005,43.259262],[6.054817,43.259185],[6.05471,43.259148],[6.054472,43.259054],[6.054421,43.259034],[6.054366,43.259016],[6.054264,43.25899],[6.054125,43.258952],[6.05397,43.258898],[6.053793,43.258828],[6.053716,43.258792],[6.053613,43.258742],[6.053494,43.258671],[6.053685,43.258601],[6.053977,43.258505],[6.05414,43.25842],[6.054481,43.258289],[6.054825,43.258006],[6.054945,43.257882],[6.054967,43.257856],[6.055009,43.257727],[6.055062,43.257578],[6.055108,43.257332],[6.055268,43.257359],[6.055415,43.257376],[6.055842,43.257418],[6.056129,43.257496],[6.056174,43.25752],[6.056277,43.257618],[6.056502,43.257871],[6.056618,43.258042],[6.056702,43.25825],[6.056722,43.258355],[6.05685,43.258607],[6.056869,43.258642],[6.056931,43.258745],[6.056997,43.258847]]]]}},{"type":"Feature","properties":{"numero":"0327","section":"0C","code_insee":"83049","id_parc":"83049_0C_0327"},"geometry":{"type":"MultiPolygon","coordinates":[[[[6.068799,43.253457],[6.068789,43.253369],[6.069572,43.252987],[6.069791,43.253437],[6.069712,43.253457],[6.069737,43.253506],[6.069816,43.253484],[6.069833,43.253524],[6.06881,43.253553],[6.068799,43.253457]]]]}},{"type":"Feature","properties":{"numero":"0328","section":"AK","code_insee":"83049","id_parc":"83049_AK_0328"},"geometry":{"type":"MultiPolygon","coordinates":[[[[6.071057,43.246587],[6.071064,43.246594],[6.071528,43.246211],[6.071723,43.246472],[6.071684,43.246504],[6.071618,43.246555],[6.071575,43.246588],[6.071569,43.246593],[6.071517,43.246631],[6.071366,43.246747],[6.071339,43.24677],[6.071308,43.246796],[6.071251,43.246769],[6.071198,43.246748],[6.071153,43.246733],[6.071062,43.246668],[6.071036,43.246642],[6.071023,43.246629],[6.070969,43.246576],[6.070929,43.246538],[6.070832,43.24644],[6.070779,43.246386],[6.07068,43.246288],[6.070626,43.246232],[6.07062,43.246227],[6.070568,43.24618],[6.070575,43.246135],[6.070577,43.246129],[6.070665,43.246211],[6.070897,43.246444],[6.071049,43.246594],[6.071057,43.246587]]]]}},{"type":"Feature","properties":{"numero":"0328","section":"0A","code_insee":"83049","id_parc":"83049_0A_0328"},"geometry":{"type":"MultiPolygon","coordinates":[[[[6.060116,43.256309],[6.060269,43.25658],[6.060505,43.256688],[6.060111,43.256828],[6.059839,43.25686],[6.059557,43.256958],[6.058393,43.257312],[6.059044,43.257661],[6.059634,43.257974],[6.059849,43.258109],[6.060145,43.258268],[6.060475,43.258443],[6.060225,43.258544],[6.059954,43.258641],[6.059842,43.258685],[6.059602,43.258791],[6.059331,43.258887],[6.059268,43.258901],[6.059048,43.258906],[6.058957,43.258944],[6.058764,43.258981],[6.058527,43.25904],[6.058246,43.259081],[6.058161,43.259102],[6.057996,43.259171],[6.057908,43.2592],[6.057735,43.259215],[6.057667,43.25923],[6.057365,43.259335],[6.057066,43.258948],[6.056997,43.258847],[6.056931,43.258745],[6.056869,43.258642],[6.05685,43.258607],[6.056722,43.258355],[6.056702,43.25825],[6.056618,43.258042],[6.056502,43.257871],[6.056277,43.257618],[6.056174,43.25752],[6.056218,43.257484],[6.056578,43.257408],[6.056664,43.2573],[6.056817,43.257015],[6.056931,43.256822],[6.05698,43.256658],[6.057021,43.256561],[6.057065,43.256466],[6.057114,43.256371],[6.057137,43.256329],[6.057394,43.255806],[6.057462,43.255556],[6.057616,43.255081],[6.057659,43.254951],[6.058108,43.255079],[6.058559,43.255204],[6.058714,43.255246],[6.058733,43.255251],[6.058705,43.255298],[6.05949,43.25561],[6.059542,43.255651],[6.059623,43.255717],[6.0597,43.255785],[6.059749,43.255868],[6.059808,43.255959],[6.05987,43.256048],[6.060051,43.256213],[6.060116,43.256309]]]]}},{"type":"Feature","properties":{"numero":"0328","section":"0C","code_insee":"83049","id_parc":"83049_0C_0328"},"geometry":{"type":"MultiPolygon","coordinates":[[[[6.069737,43.253506],[6.069712,43.253457],[6.069791,43.253437],[6.069809,43.253432],[6.069833,43.253479],[6.069816,43.253484],[6.069737,43.253506]]]]}},{"type":"Feature","properties":{"numero":"0329","section":"0A","code_insee":"83049","id_parc":"83049_0A_0329"},"geometry":{"type":"MultiPolygon","coordinates":[[[[6.059218,43.255307],[6.059419,43.255537],[6.05949,43.25561],[6.058705,43.255298],[6.058733,43.255251],[6.058714,43.255246],[6.058559,43.255204],[6.058108,43.255079],[6.057659,43.254951],[6.057755,43.254641],[6.057784,43.254566],[6.057817,43.254568],[6.058205,43.254568],[6.058236,43.254566],[6.058683,43.254671],[6.058775,43.254484],[6.058877,43.254506],[6.059504,43.254682],[6.059218,43.255307]]]]}},{"type":"Feature","properties":{"numero":"0329","section":"0C","code_insee":"83049","id_parc":"83049_0C_0329"},"geometry":{"type":"MultiPolygon","coordinates":[[[[6.068913,43.254167],[6.06889,43.254175],[6.068871,43.254196],[6.068842,43.253821],[6.06881,43.253553],[6.069833,43.253524],[6.069816,43.253484],[6.069833,43.253479],[6.069809,43.253432],[6.069791,43.253437],[6.069572,43.252987],[6.069822,43.252883],[6.070178,43.253483],[6.070177,43.253503],[6.070155,43.253539],[6.070109,43.253574],[6.070091,43.253595],[6.070076,43.253618],[6.070065,43.253643],[6.070021,43.253682],[6.069965,43.253713],[6.069885,43.253777],[6.0698,43.253827],[6.069731,43.253847],[6.069706,43.253866],[6.069685,43.253898],[6.069677,43.253935],[6.069662,43.253958],[6.069635,43.25398],[6.069619,43.254002],[6.069602,43.254019],[6.06956,43.25403],[6.069494,43.254072],[6.069457,43.254081],[6.069367,43.254084],[6.069342,43.254087],[6.069248,43.254101],[6.069154,43.254119],[6.069019,43.254154],[6.068913,43.254167]]]]}},{"type":"Feature","properties":{"numero":"0033","section":"AH","code_insee":"83049","id_parc":"83049_AH_0033"},"geometry":{"type":"MultiPolygon","coordinates":[[[[6.058433,43.24674],[6.058459,43.246738],[6.058527,43.246812],[6.058257,43.246987],[6.058245,43.246972],[6.058208,43.246917],[6.058206,43.246858],[6.058273,43.246749],[6.058364,43.246742],[6.058408,43.246742],[6.058433,43.24674]]]]}},{"type":"Feature","properties":{"numero":"0033","section":"AI","code_insee":"83049","id_parc":"83049_AI_0033"},"geometry":{"type":"MultiPolygon","coordinates":[[[[6.0673,43.242999],[6.067605,43.24273],[6.067642,43.242698],[6.067676,43.242725],[6.067861,43.242868],[6.067871,43.242876],[6.067571,43.243197],[6.067291,43.243008],[6.0673,43.242999]]]]}},{"type":"Feature","properties":{"numero":"0330","section":"AK","code_insee":"83049","id_parc":"83049_AK_0330"},"geometry":{"type":"MultiPolygon","coordinates":[[[[6.070568,43.24618],[6.07062,43.246227],[6.070586,43.246312],[6.070507,43.246335],[6.070545,43.246247],[6.070568,43.24618]]]]}},{"type":"Feature","properties":{"numero":"0330","section":"0A","code_insee":"83049","id_parc":"83049_0A_0330"},"geometry":{"type":"MultiPolygon","coordinates":[[[[6.060522,43.257874],[6.060452,43.25781],[6.060145,43.258268],[6.059849,43.258109],[6.059634,43.257974],[6.059044,43.257661],[6.058393,43.257312],[6.059557,43.256958],[6.059839,43.25686],[6.060111,43.256828],[6.060505,43.256688],[6.060568,43.256722],[6.060753,43.256846],[6.060828,43.256884],[6.060818,43.256933],[6.060811,43.256981],[6.060472,43.25713],[6.060266,43.257081],[6.060208,43.257216],[6.060431,43.257276],[6.060284,43.257552],[6.060471,43.257651],[6.060522,43.257874]]]]}},{"type":"Feature","properties":{"numero":"0330","section":"0C","code_insee":"83049","id_parc":"83049_0C_0330"},"geometry":{"type":"MultiPolygon","coordinates":[[[[6.070178,43.253483],[6.069822,43.252883],[6.070028,43.252796],[6.070354,43.253135],[6.070325,43.253165],[6.070296,43.253201],[6.07027,43.253239],[6.070242,43.253291],[6.070228,43.253324],[6.070218,43.253359],[6.070212,43.253393],[6.070179,43.253443],[6.070178,43.253483]]]]}},{"type":"Feature","properties":{"numero":"0331","section":"AK","code_insee":"83049","id_parc":"83049_AK_0331"},"geometry":{"type":"MultiPolygon","coordinates":[[[[6.070533,43.246389],[6.070507,43.246335],[6.070586,43.246312],[6.070547,43.246384],[6.070596,43.246508],[6.070608,43.246538],[6.070638,43.246612],[6.070656,43.246665],[6.070686,43.246752],[6.070702,43.246805],[6.070733,43.246862],[6.070741,43.246872],[6.070746,43.246878],[6.070799,43.246934],[6.070894,43.247033],[6.070938,43.247069],[6.07096,43.24709],[6.070949,43.247099],[6.070832,43.246994],[6.07069,43.246819],[6.070646,43.246664],[6.070615,43.246578],[6.070583,43.246504],[6.070551,43.246432],[6.070533,43.246389]]]]}},{"type":"Feature","properties":{"numero":"0331","section":"0C","code_insee":"83049","id_parc":"83049_0C_0331"},"geometry":{"type":"MultiPolygon","coordinates":[[[[6.069245,43.252912],[6.06971,43.252689],[6.069916,43.252602],[6.070028,43.252796],[6.069822,43.252883],[6.069572,43.252987],[6.068789,43.253369],[6.068783,43.253105],[6.06885,43.253077],[6.069245,43.252912]]]]}},{"type":"Feature","properties":{"numero":"0332","section":"0A","code_insee":"83049","id_parc":"83049_0A_0332"},"geometry":{"type":"MultiPolygon","coordinates":[[[[6.06105,43.257888],[6.061048,43.257848],[6.06107,43.257735],[6.061304,43.258008],[6.061497,43.258239],[6.061374,43.258258],[6.061287,43.258265],[6.061183,43.258263],[6.061057,43.258247],[6.060966,43.258227],[6.060977,43.258179],[6.061066,43.258074],[6.061081,43.258035],[6.061087,43.257988],[6.06105,43.257888]]]]}},{"type":"Feature","properties":{"numero":"0332","section":"0C","code_insee":"83049","id_parc":"83049_0C_0332"},"geometry":{"type":"MultiPolygon","coordinates":[[[[6.069245,43.252912],[6.069128,43.252608],[6.069726,43.252331],[6.069865,43.252515],[6.069916,43.252602],[6.06971,43.252689],[6.069245,43.252912]]]]}},{"type":"Feature","properties":{"numero":"0333","section":"AD","code_insee":"83049","id_parc":"83049_AD_0333"},"geometry":{"type":"MultiPolygon","coordinates":[[[[6.066784,43.238707],[6.06679,43.238695],[6.06681,43.238629],[6.067094,43.238685],[6.067098,43.238973],[6.067078,43.238982],[6.066988,43.238947],[6.066857,43.238893],[6.06674,43.238847],[6.066697,43.23883],[6.066709,43.23881],[6.06673,43.238776],[6.066735,43.238767],[6.066764,43.238728],[6.066767,43.238729],[6.066782,43.23871],[6.066784,43.238707]]]]}},{"type":"Feature","properties":{"numero":"0333","section":"0B","code_insee":"83049","id_parc":"83049_0B_0333"},"geometry":{"type":"MultiPolygon","coordinates":[[[[6.062165,43.259622],[6.062164,43.259619],[6.062141,43.259597],[6.062211,43.259542],[6.062234,43.259523],[6.062361,43.259418],[6.06258,43.259544],[6.062669,43.259602],[6.062759,43.259689],[6.062593,43.259807],[6.062522,43.259867],[6.062408,43.259934],[6.062223,43.260074],[6.062001,43.260236],[6.061841,43.260364],[6.061889,43.260392],[6.061934,43.260423],[6.061958,43.260441],[6.061505,43.260707],[6.061389,43.260789],[6.060613,43.261538],[6.060253,43.261877],[6.060128,43.261833],[6.060264,43.261656],[6.060404,43.261481],[6.06051,43.261351],[6.060721,43.261071],[6.061024,43.260724],[6.061155,43.260609],[6.061305,43.260525],[6.061458,43.260444],[6.061633,43.260355],[6.061634,43.260336],[6.061376,43.26026],[6.061363,43.260229],[6.061463,43.260183],[6.061682,43.259975],[6.061977,43.259739],[6.062057,43.259725],[6.0621,43.259727],[6.062094,43.259685],[6.062094,43.259675],[6.062099,43.259665],[6.062107,43.259656],[6.062115,43.259651],[6.062152,43.259639],[6.062159,43.259635],[6.062164,43.259629],[6.062165,43.259622]]]]}},{"type":"Feature","properties":{"numero":"0333","section":"0A","code_insee":"83049","id_parc":"83049_0A_0333"},"geometry":{"type":"MultiPolygon","coordinates":[[[[6.061734,43.258045],[6.061658,43.258208],[6.061497,43.258239],[6.061304,43.258008],[6.06107,43.257735],[6.06111,43.257607],[6.061127,43.257597],[6.061146,43.25759],[6.061167,43.257586],[6.061189,43.257584],[6.061208,43.257585],[6.061248,43.257602],[6.061285,43.257622],[6.061318,43.257643],[6.061352,43.257702],[6.061409,43.257734],[6.06158,43.257849],[6.061585,43.257867],[6.061639,43.257926],[6.061689,43.257986],[6.061734,43.258045]]]]}},{"type":"Feature","properties":{"numero":"0333","section":"0C","code_insee":"83049","id_parc":"83049_0C_0333"},"geometry":{"type":"MultiPolygon","coordinates":[[[[6.069608,43.252123],[6.069528,43.251984],[6.069698,43.251909],[6.069781,43.252065],[6.069608,43.252123]]]]}},{"type":"Feature","properties":{"numero":"0334","section":"AD","code_insee":"83049","id_parc":"83049_AD_0334"},"geometry":{"type":"MultiPolygon","coordinates":[[[[6.067094,43.238685],[6.06681,43.238629],[6.066842,43.238525],[6.067146,43.238532],[6.067147,43.238577],[6.067151,43.239011],[6.067078,43.238982],[6.067098,43.238973],[6.067094,43.238685]]]]}},{"type":"Feature","properties":{"numero":"0335","section":"AD","code_insee":"83049","id_parc":"83049_AD_0335"},"geometry":{"type":"MultiPolygon","coordinates":[[[[6.067112,43.238217],[6.067132,43.238196],[6.067154,43.238175],[6.067152,43.238199],[6.067149,43.238324],[6.067148,43.238372],[6.067145,43.238464],[6.067145,43.238495],[6.067145,43.238498],[6.067146,43.238532],[6.066842,43.238525],[6.066855,43.238482],[6.066858,43.238475],[6.066861,43.238469],[6.066873,43.238456],[6.066917,43.238412],[6.066958,43.238372],[6.066993,43.238339],[6.067022,43.23831],[6.067072,43.238259],[6.067112,43.238217]]]]}},{"type":"Feature","properties":{"numero":"0335","section":"0A","code_insee":"83049","id_parc":"83049_0A_0335"},"geometry":{"type":"MultiPolygon","coordinates":[[[[6.061223,43.257441],[6.061186,43.257483],[6.061147,43.257527],[6.060951,43.257406],[6.06095,43.257396],[6.060931,43.257379],[6.060916,43.257361],[6.060905,43.257341],[6.0609,43.257329],[6.0609,43.25729],[6.060923,43.257165],[6.060879,43.257034],[6.060863,43.25696],[6.060872,43.256923],[6.060892,43.256899],[6.061044,43.256869],[6.061133,43.257083],[6.061131,43.257104],[6.06119,43.257226],[6.061199,43.257242],[6.061216,43.257264],[6.061237,43.257285],[6.061261,43.257304],[6.061288,43.25732],[6.061317,43.257334],[6.061223,43.257441]]]]}},{"type":"Feature","properties":{"numero":"0335","section":"0C","code_insee":"83049","id_parc":"83049_0C_0335"},"geometry":{"type":"MultiPolygon","coordinates":[[[[6.070706,43.252904],[6.070672,43.252925],[6.070599,43.252949],[6.070596,43.252938],[6.070606,43.252922],[6.070954,43.252746],[6.070968,43.252794],[6.070898,43.252845],[6.07084,43.252873],[6.070706,43.252904]]]]}},{"type":"Feature","properties":{"numero":"0336","section":"0A","code_insee":"83049","id_parc":"83049_0A_0336"},"geometry":{"type":"MultiPolygon","coordinates":[[[[6.061221,43.25757],[6.06119,43.257561],[6.061147,43.257527],[6.061186,43.257483],[6.061223,43.257441],[6.061317,43.257334],[6.061343,43.257344],[6.061376,43.257353],[6.06141,43.25736],[6.061445,43.257363],[6.061559,43.257349],[6.061756,43.257336],[6.061469,43.257755],[6.061435,43.257728],[6.061369,43.257695],[6.061336,43.257641],[6.06128,43.257602],[6.061221,43.25757]]]]}},{"type":"Feature","properties":{"numero":"0337","section":"AD","code_insee":"83049","id_parc":"83049_AD_0337"},"geometry":{"type":"MultiPolygon","coordinates":[[[[6.066553,43.240995],[6.066683,43.241076],[6.066685,43.241113],[6.066534,43.241069],[6.066553,43.240995]]]]}},{"type":"Feature","properties":{"numero":"0337","section":"0B","code_insee":"83049","id_parc":"83049_0B_0337"},"geometry":{"type":"MultiPolygon","coordinates":[[[[6.060911,43.259857],[6.061136,43.260122],[6.061363,43.260229],[6.061376,43.26026],[6.06133,43.260296],[6.061133,43.260363],[6.060914,43.260462],[6.060653,43.260537],[6.060318,43.260882],[6.060275,43.260863],[6.06018,43.26082],[6.060112,43.260795],[6.060018,43.260757],[6.059926,43.260717],[6.060004,43.260702],[6.06003,43.260686],[6.059986,43.260567],[6.060034,43.260525],[6.060036,43.260502],[6.06003,43.260431],[6.060078,43.26042],[6.060138,43.260417],[6.060202,43.26041],[6.060266,43.260413],[6.060275,43.26041],[6.0603,43.260379],[6.060355,43.260364],[6.060365,43.260292],[6.0605,43.260327],[6.060567,43.260332],[6.060606,43.260348],[6.060621,43.260351],[6.060636,43.260352],[6.060646,43.26035],[6.060658,43.260312],[6.060647,43.260225],[6.060661,43.260191],[6.060671,43.260157],[6.060675,43.260135],[6.060687,43.260118],[6.06072,43.260144],[6.06079,43.260166],[6.060803,43.260166],[6.060816,43.260163],[6.060827,43.260157],[6.060833,43.260151],[6.060854,43.2601],[6.060857,43.260029],[6.060856,43.26],[6.06085,43.25997],[6.060839,43.259937],[6.060845,43.259918],[6.060877,43.259882],[6.060911,43.259857]]]]}},{"type":"Feature","properties":{"numero":"0337","section":"0A","code_insee":"83049","id_parc":"83049_0A_0337"},"geometry":{"type":"MultiPolygon","coordinates":[[[[6.061909,43.257411],[6.062033,43.257515],[6.062074,43.257559],[6.061842,43.257535],[6.061601,43.25786],[6.061595,43.257842],[6.061469,43.257755],[6.061756,43.257336],[6.061858,43.257336],[6.061909,43.257411]]]]}},{"type":"Feature","properties":{"numero":"0338","section":"AD","code_insee":"83049","id_parc":"83049_AD_0338"},"geometry":{"type":"MultiPolygon","coordinates":[[[[6.066534,43.240943],[6.0666,43.240895],[6.066668,43.240876],[6.066787,43.240965],[6.066683,43.241076],[6.066553,43.240995],[6.066534,43.241069],[6.066685,43.241113],[6.066638,43.241189],[6.06657,43.241168],[6.066348,43.241102],[6.06629,43.241085],[6.066325,43.241025],[6.066358,43.241013],[6.066391,43.241002],[6.066534,43.240943]]]]}},{"type":"Feature","properties":{"numero":"0338","section":"0B","code_insee":"83049","id_parc":"83049_0B_0338"},"geometry":{"type":"MultiPolygon","coordinates":[[[[6.061897,43.259767],[6.061939,43.259754],[6.061977,43.259739],[6.061682,43.259975],[6.061463,43.260183],[6.061363,43.260229],[6.061136,43.260122],[6.060911,43.259857],[6.060953,43.259827],[6.061017,43.25988],[6.061085,43.25993],[6.061135,43.259965],[6.061146,43.259974],[6.06116,43.259981],[6.061177,43.259985],[6.061217,43.259961],[6.061297,43.259852],[6.061322,43.259808],[6.061343,43.259762],[6.061355,43.25973],[6.061347,43.259693],[6.061351,43.259677],[6.061358,43.259671],[6.061369,43.259666],[6.06138,43.259665],[6.061388,43.259665],[6.061521,43.259695],[6.061565,43.259686],[6.0616,43.259728],[6.061618,43.259743],[6.061639,43.259755],[6.061662,43.259764],[6.061688,43.259771],[6.061701,43.259773],[6.061853,43.259777],[6.061897,43.259767]]]]}},{"type":"Feature","properties":{"numero":"0338","section":"0A","code_insee":"83049","id_parc":"83049_0A_0338"},"geometry":{"type":"MultiPolygon","coordinates":[[[[6.061623,43.25789],[6.061603,43.257867],[6.061601,43.25786],[6.061842,43.257535],[6.062074,43.257559],[6.062119,43.257632],[6.062124,43.257649],[6.062131,43.257681],[6.062134,43.257714],[6.062132,43.257746],[6.062076,43.257903],[6.062034,43.258021],[6.06201,43.258074],[6.061968,43.258146],[6.061672,43.258205],[6.061752,43.258048],[6.06169,43.257968],[6.061623,43.25789]]]]}},{"type":"Feature","properties":{"numero":"0339","section":"0B","code_insee":"83049","id_parc":"83049_0B_0339"},"geometry":{"type":"MultiPolygon","coordinates":[[[[6.062074,43.259712],[6.062004,43.259716],[6.062066,43.259663],[6.062074,43.259712]]]]}},{"type":"Feature","properties":{"numero":"0339","section":"0A","code_insee":"83049","id_parc":"83049_0A_0339"},"geometry":{"type":"MultiPolygon","coordinates":[[[[6.062259,43.258083],[6.062261,43.258042],[6.062258,43.258039],[6.062292,43.258033],[6.062379,43.258019],[6.06247,43.258004],[6.062517,43.258032],[6.062259,43.258083]]]]}},{"type":"Feature","properties":{"numero":"0034","section":"AH","code_insee":"83049","id_parc":"83049_AH_0034"},"geometry":{"type":"MultiPolygon","coordinates":[[[[6.058228,43.246749],[6.058206,43.246808],[6.058163,43.246906],[6.058119,43.246879],[6.058184,43.246772],[6.058198,43.246748],[6.058228,43.246749]]]]}},{"type":"Feature","properties":{"numero":"0034","section":"AI","code_insee":"83049","id_parc":"83049_AI_0034"},"geometry":{"type":"MultiPolygon","coordinates":[[[[6.067441,43.242476],[6.067354,43.24238],[6.067299,43.24232],[6.067445,43.242301],[6.067631,43.242276],[6.067741,43.242259],[6.067821,43.242294],[6.067865,43.24232],[6.067862,43.242322],[6.067913,43.242353],[6.06792,43.242347],[6.067953,43.242367],[6.067951,43.242369],[6.067957,43.242374],[6.068044,43.242385],[6.068036,43.242457],[6.068032,43.242471],[6.068029,43.242482],[6.068023,43.242493],[6.068017,43.242502],[6.068008,43.242515],[6.067999,43.242523],[6.067994,43.242528],[6.067892,43.242584],[6.067796,43.242643],[6.067706,43.242706],[6.067676,43.242725],[6.067642,43.242698],[6.067624,43.242677],[6.067615,43.242667],[6.067583,43.242632],[6.067541,43.242586],[6.067441,43.242476]]]]}},{"type":"Feature","properties":{"numero":"0340","section":"0B","code_insee":"83049","id_parc":"83049_0B_0340"},"geometry":{"type":"MultiPolygon","coordinates":[[[[6.062291,43.259345],[6.062289,43.259345],[6.062223,43.259342],[6.062104,43.259307],[6.06197,43.259252],[6.061857,43.259236],[6.061968,43.259084],[6.062002,43.259047],[6.062019,43.25904],[6.062058,43.259032],[6.062209,43.259011],[6.062271,43.25903],[6.06225,43.259058],[6.062271,43.259096],[6.062296,43.259133],[6.062321,43.259165],[6.062323,43.259189],[6.062317,43.259239],[6.062287,43.259266],[6.062282,43.259273],[6.062281,43.259281],[6.062283,43.259287],[6.0623,43.259327],[6.062301,43.259334],[6.062298,43.25934],[6.062291,43.259345]]]]}},{"type":"Feature","properties":{"numero":"0340","section":"0A","code_insee":"83049","id_parc":"83049_0A_0340"},"geometry":{"type":"MultiPolygon","coordinates":[[[[6.062258,43.258039],[6.062223,43.258005],[6.062275,43.257994],[6.062281,43.258003],[6.062367,43.257989],[6.062416,43.25798],[6.062453,43.257974],[6.06247,43.258004],[6.062379,43.258019],[6.062292,43.258033],[6.062258,43.258039]]]]}},{"type":"Feature","properties":{"numero":"0341","section":"AD","code_insee":"83049","id_parc":"83049_AD_0341"},"geometry":{"type":"MultiPolygon","coordinates":[[[[6.066297,43.241106],[6.066333,43.241121],[6.066348,43.241102],[6.06657,43.241168],[6.066638,43.241189],[6.066685,43.241113],[6.066683,43.241076],[6.066965,43.241197],[6.067112,43.240988],[6.067126,43.240992],[6.067211,43.241007],[6.067343,43.241023],[6.067555,43.241025],[6.067503,43.241094],[6.067449,43.241165],[6.06737,43.241275],[6.067333,43.241318],[6.067206,43.241475],[6.067083,43.241591],[6.067039,43.241632],[6.066919,43.241682],[6.066875,43.24169],[6.066818,43.241658],[6.066599,43.241464],[6.066453,43.241333],[6.066409,43.241299],[6.06643,43.241277],[6.066352,43.241237],[6.06628,43.241224],[6.066233,43.241226],[6.066165,43.241245],[6.065982,43.241327],[6.066039,43.241285],[6.06607,43.241262],[6.066143,43.241209],[6.066201,43.241155],[6.066246,43.241113],[6.066268,43.241114],[6.066289,43.241109],[6.066297,43.241106]]]]}},{"type":"Feature","properties":{"numero":"0341","section":"0B","code_insee":"83049","id_parc":"83049_0B_0341"},"geometry":{"type":"MultiPolygon","coordinates":[[[[6.060934,43.259794],[6.061385,43.259596],[6.061436,43.25957],[6.061554,43.259665],[6.061518,43.259675],[6.061389,43.259642],[6.061359,43.25964],[6.061324,43.259667],[6.061308,43.259691],[6.061325,43.25973],[6.061325,43.259757],[6.061259,43.259841],[6.061227,43.259888],[6.061201,43.259919],[6.061178,43.259953],[6.061171,43.259959],[6.061159,43.259963],[6.061014,43.25984],[6.060952,43.259804],[6.060895,43.259837],[6.060882,43.259822],[6.060934,43.259794]]]]}},{"type":"Feature","properties":{"numero":"0341","section":"0A","code_insee":"83049","id_parc":"83049_0A_0341"},"geometry":{"type":"MultiPolygon","coordinates":[[[[6.062402,43.257868],[6.06243,43.257922],[6.062453,43.257974],[6.062416,43.25798],[6.062367,43.257989],[6.062281,43.258003],[6.062275,43.257994],[6.062248,43.257953],[6.062202,43.257935],[6.062265,43.257881],[6.062303,43.257866],[6.062388,43.257844],[6.062402,43.257868]]]]}},{"type":"Feature","properties":{"numero":"0342","section":"AD","code_insee":"83049","id_parc":"83049_AD_0342"},"geometry":{"type":"MultiPolygon","coordinates":[[[[6.066683,43.241076],[6.066787,43.240965],[6.066668,43.240876],[6.06672,43.240861],[6.066733,43.24086],[6.066851,43.240902],[6.066876,43.240908],[6.066958,43.240938],[6.067036,43.240967],[6.067112,43.240988],[6.066965,43.241197],[6.066683,43.241076]]]]}},{"type":"Feature","properties":{"numero":"0342","section":"0B","code_insee":"83049","id_parc":"83049_0B_0342"},"geometry":{"type":"MultiPolygon","coordinates":[[[[6.061133,43.259549],[6.061315,43.259394],[6.061449,43.259266],[6.061529,43.25929],[6.061803,43.259323],[6.061589,43.259508],[6.061471,43.259545],[6.061436,43.25957],[6.061385,43.259596],[6.060934,43.259794],[6.060882,43.259822],[6.060617,43.260016],[6.060591,43.260026],[6.060431,43.260144],[6.060392,43.260164],[6.060239,43.260318],[6.06015,43.260368],[6.060122,43.26036],[6.060228,43.260248],[6.060335,43.260156],[6.060438,43.260061],[6.060538,43.259964],[6.060564,43.259939],[6.060823,43.259717],[6.060947,43.259655],[6.061078,43.259587],[6.061133,43.259549]]]]}},{"type":"Feature","properties":{"numero":"0342","section":"0A","code_insee":"83049","id_parc":"83049_0A_0342"},"geometry":{"type":"MultiPolygon","coordinates":[[[[6.062712,43.257937],[6.062653,43.258012],[6.062517,43.258032],[6.06247,43.258004],[6.062453,43.257974],[6.06243,43.257922],[6.062402,43.257868],[6.062388,43.257844],[6.062303,43.257866],[6.062265,43.257881],[6.062202,43.257935],[6.062248,43.257953],[6.062275,43.257994],[6.062223,43.258005],[6.062258,43.258039],[6.062261,43.258042],[6.062259,43.258083],[6.061988,43.258142],[6.062021,43.258078],[6.06201,43.258074],[6.062034,43.258021],[6.062076,43.257903],[6.062132,43.257746],[6.062163,43.257747],[6.062166,43.257733],[6.062169,43.257706],[6.062168,43.257679],[6.062162,43.257652],[6.062801,43.257725],[6.062766,43.257827],[6.062712,43.257937]]]]}},{"type":"Feature","properties":{"numero":"0343","section":"AD","code_insee":"83049","id_parc":"83049_AD_0343"},"geometry":{"type":"MultiPolygon","coordinates":[[[[6.066991,43.238002],[6.066998,43.237993],[6.067075,43.237909],[6.06727,43.237981],[6.067314,43.237997],[6.067305,43.238007],[6.06727,43.238041],[6.067284,43.238049],[6.067205,43.238128],[6.06719,43.238122],[6.067142,43.238104],[6.066964,43.23804],[6.066982,43.238013],[6.066987,43.238007],[6.066991,43.238002]]]]}},{"type":"Feature","properties":{"numero":"0343","section":"0B","code_insee":"83049","id_parc":"83049_0B_0343"},"geometry":{"type":"MultiPolygon","coordinates":[[[[6.059966,43.260684],[6.059885,43.260702],[6.059714,43.260656],[6.059819,43.2605],[6.059949,43.26036],[6.06006,43.260357],[6.060122,43.26036],[6.06015,43.260368],[6.060239,43.260318],[6.060392,43.260164],[6.060431,43.260144],[6.060591,43.260026],[6.060617,43.260016],[6.060882,43.259822],[6.060895,43.259837],[6.060843,43.259874],[6.060831,43.259887],[6.060822,43.259903],[6.06082,43.25993],[6.060822,43.259957],[6.060824,43.259969],[6.060822,43.260077],[6.060819,43.260096],[6.060813,43.260115],[6.060802,43.260133],[6.060798,43.260137],[6.060779,43.260138],[6.060761,43.260135],[6.060743,43.26013],[6.060735,43.260126],[6.060712,43.260109],[6.060692,43.260089],[6.060679,43.260073],[6.060671,43.260082],[6.060653,43.260125],[6.060626,43.260157],[6.060617,43.260176],[6.060619,43.260225],[6.060624,43.260274],[6.060633,43.260322],[6.060631,43.260332],[6.060564,43.260319],[6.0605,43.260303],[6.060435,43.260289],[6.060401,43.260283],[6.060344,43.260261],[6.060328,43.260302],[6.060328,43.260351],[6.060271,43.260366],[6.060263,43.260389],[6.060241,43.260396],[6.060161,43.260397],[6.060036,43.26041],[6.060022,43.260415],[6.06001,43.260423],[6.060001,43.260433],[6.059995,43.260444],[6.059994,43.260456],[6.059995,43.260461],[6.060003,43.260506],[6.059997,43.260521],[6.059953,43.260568],[6.059947,43.260581],[6.059946,43.260594],[6.059949,43.260607],[6.059955,43.26062],[6.05997,43.260637],[6.059981,43.260656],[6.059987,43.260673],[6.059966,43.260684]]]]}},{"type":"Feature","properties":{"numero":"0343","section":"0A","code_insee":"83049","id_parc":"83049_0A_0343"},"geometry":{"type":"MultiPolygon","coordinates":[[[[6.062434,43.257669],[6.062373,43.257663],[6.062382,43.257617],[6.062443,43.257623],[6.062434,43.257669]]]]}},{"type":"Feature","properties":{"numero":"0344","section":"0A","code_insee":"83049","id_parc":"83049_0A_0344"},"geometry":{"type":"MultiPolygon","coordinates":[[[[6.06216,43.257223],[6.062185,43.257215],[6.062207,43.257211],[6.062231,43.25721],[6.062278,43.257219],[6.062376,43.25724],[6.062472,43.257264],[6.062578,43.257305],[6.062693,43.257369],[6.062761,43.257428],[6.06282,43.257516],[6.062845,43.2576],[6.062801,43.257725],[6.062162,43.257652],[6.062135,43.257585],[6.062097,43.257532],[6.062059,43.257499],[6.062002,43.257453],[6.061942,43.257409],[6.061882,43.257326],[6.061947,43.257304],[6.062054,43.257265],[6.06216,43.257223]],[[6.062443,43.257623],[6.062382,43.257617],[6.062373,43.257663],[6.062434,43.257669],[6.062443,43.257623]]]]}},{"type":"Feature","properties":{"numero":"0345","section":"AD","code_insee":"83049","id_parc":"83049_AD_0345"},"geometry":{"type":"MultiPolygon","coordinates":[[[[6.067931,43.240001],[6.067953,43.239978],[6.06812,43.239806],[6.068123,43.239803],[6.068276,43.23988],[6.068111,43.240059],[6.068042,43.240024],[6.068021,43.240046],[6.06799,43.240031],[6.067931,43.240001]]]]}},{"type":"Feature","properties":{"numero":"0345","section":"0B","code_insee":"83049","id_parc":"83049_0B_0345"},"geometry":{"type":"MultiPolygon","coordinates":[[[[6.059647,43.258858],[6.059673,43.25885],[6.05981,43.258818],[6.059861,43.258892],[6.059916,43.258964],[6.059987,43.25905],[6.060137,43.259265],[6.060178,43.259318],[6.060272,43.25942],[6.060311,43.259456],[6.06034,43.259478],[6.060419,43.259519],[6.060467,43.25948],[6.060609,43.259163],[6.0607,43.259041],[6.06078,43.258899],[6.060909,43.258808],[6.061042,43.258877],[6.061157,43.258961],[6.061194,43.259029],[6.061237,43.259135],[6.061158,43.259213],[6.06106,43.259305],[6.060959,43.259395],[6.060642,43.259716],[6.060551,43.259797],[6.060463,43.259936],[6.06032,43.260075],[6.060201,43.26021],[6.060127,43.260284],[6.06006,43.260357],[6.059949,43.26036],[6.059819,43.2605],[6.059714,43.260656],[6.05964,43.260729],[6.059586,43.26086],[6.059514,43.260931],[6.059472,43.261094],[6.059427,43.261186],[6.059417,43.261203],[6.059398,43.261229],[6.059375,43.261255],[6.059329,43.261243],[6.059354,43.261116],[6.059361,43.26103],[6.059341,43.260925],[6.059237,43.260753],[6.059221,43.260656],[6.05922,43.260504],[6.059179,43.26042],[6.059171,43.260301],[6.059123,43.260161],[6.059085,43.260088],[6.059053,43.259986],[6.059,43.259883],[6.058961,43.259773],[6.058881,43.25964],[6.058792,43.259393],[6.058699,43.259125],[6.058861,43.259104],[6.05896,43.259073],[6.059062,43.259068],[6.059108,43.259055],[6.059252,43.259004],[6.059327,43.258997],[6.059397,43.258992],[6.0595,43.258961],[6.059552,43.258938],[6.059589,43.258911],[6.059623,43.258882],[6.059647,43.258858]]]]}},{"type":"Feature","properties":{"numero":"0345","section":"0A","code_insee":"83049","id_parc":"83049_0A_0345"},"geometry":{"type":"MultiPolygon","coordinates":[[[[6.06291,43.257375],[6.062849,43.257329],[6.063125,43.257277],[6.063266,43.258079],[6.063013,43.258091],[6.063016,43.258016],[6.062994,43.257682],[6.062979,43.257598],[6.062932,43.2574],[6.06291,43.257375]]]]}},{"type":"Feature","properties":{"numero":"0346","section":"AD","code_insee":"83049","id_parc":"83049_AD_0346"},"geometry":{"type":"MultiPolygon","coordinates":[[[[6.068276,43.23988],[6.068123,43.239803],[6.06812,43.239806],[6.068094,43.239744],[6.06815,43.239736],[6.068308,43.239755],[6.068351,43.239764],[6.068407,43.239775],[6.068276,43.23988]]]]}},{"type":"Feature","properties":{"numero":"0346","section":"0B","code_insee":"83049","id_parc":"83049_0B_0346"},"geometry":{"type":"MultiPolygon","coordinates":[[[[6.060228,43.260248],[6.060122,43.26036],[6.06006,43.260357],[6.060127,43.260284],[6.060201,43.26021],[6.06032,43.260075],[6.060463,43.259936],[6.060551,43.259797],[6.060642,43.259716],[6.060959,43.259395],[6.06106,43.259305],[6.061158,43.259213],[6.061237,43.259135],[6.061289,43.259157],[6.061449,43.259266],[6.061315,43.259394],[6.061133,43.259549],[6.061078,43.259587],[6.060947,43.259655],[6.060823,43.259717],[6.060564,43.259939],[6.060538,43.259964],[6.060438,43.260061],[6.060335,43.260156],[6.060228,43.260248]]]]}},{"type":"Feature","properties":{"numero":"0346","section":"0A","code_insee":"83049","id_parc":"83049_0A_0346"},"geometry":{"type":"MultiPolygon","coordinates":[[[[6.063546,43.258115],[6.06332,43.258075],[6.063266,43.258079],[6.063125,43.257277],[6.063336,43.257241],[6.063521,43.257651],[6.063528,43.2578],[6.063546,43.258115]]]]}},{"type":"Feature","properties":{"numero":"0347","section":"AD","code_insee":"83049","id_parc":"83049_AD_0347"},"geometry":{"type":"MultiPolygon","coordinates":[[[[6.064974,43.239839],[6.065028,43.239806],[6.065081,43.2398],[6.065082,43.239803],[6.065228,43.239788],[6.065403,43.239768],[6.065405,43.239783],[6.065425,43.23989],[6.065358,43.239897],[6.065364,43.239928],[6.065086,43.239945],[6.065017,43.239881],[6.064974,43.239839]]]]}},{"type":"Feature","properties":{"numero":"0347","section":"0B","code_insee":"83049","id_parc":"83049_0B_0347"},"geometry":{"type":"MultiPolygon","coordinates":[[[[6.059916,43.258964],[6.059861,43.258892],[6.05981,43.258818],[6.060046,43.258753],[6.060076,43.258738],[6.060128,43.258693],[6.060219,43.25865],[6.060474,43.25854],[6.060512,43.258525],[6.060553,43.258511],[6.060584,43.258504],[6.060623,43.258478],[6.060744,43.25832],[6.060771,43.258314],[6.060798,43.258306],[6.060819,43.258296],[6.060898,43.258278],[6.060943,43.258275],[6.06102,43.258283],[6.061099,43.258295],[6.061177,43.258322],[6.061212,43.258329],[6.061246,43.258339],[6.061271,43.258348],[6.061305,43.258372],[6.061395,43.258455],[6.061443,43.258543],[6.061515,43.258778],[6.06152,43.25889],[6.06148,43.258954],[6.061475,43.259034],[6.061491,43.259054],[6.061537,43.259096],[6.06155,43.259106],[6.061566,43.259113],[6.061584,43.259118],[6.061595,43.259119],[6.06167,43.259129],[6.061786,43.259109],[6.061903,43.259092],[6.061968,43.259084],[6.061857,43.259236],[6.06197,43.259252],[6.062104,43.259307],[6.062223,43.259342],[6.062188,43.259375],[6.062179,43.259385],[6.062174,43.259396],[6.062173,43.259408],[6.062176,43.259419],[6.062179,43.259424],[6.062209,43.259486],[6.062211,43.259495],[6.062209,43.259503],[6.062203,43.259511],[6.062194,43.259516],[6.062117,43.259544],[6.062106,43.259549],[6.062099,43.259556],[6.062095,43.259565],[6.062096,43.259574],[6.062123,43.259616],[6.062066,43.259663],[6.062004,43.259716],[6.061972,43.25972],[6.0619,43.259741],[6.061863,43.25975],[6.061825,43.259757],[6.06179,43.25976],[6.061758,43.259753],[6.061725,43.259749],[6.061695,43.259748],[6.061651,43.259735],[6.061616,43.259703],[6.061579,43.259672],[6.061564,43.259661],[6.061554,43.259665],[6.061436,43.25957],[6.061471,43.259545],[6.061589,43.259508],[6.061803,43.259323],[6.061529,43.25929],[6.061449,43.259266],[6.061289,43.259157],[6.061237,43.259135],[6.061194,43.259029],[6.061157,43.258961],[6.061042,43.258877],[6.060909,43.258808],[6.06078,43.258899],[6.0607,43.259041],[6.060609,43.259163],[6.060467,43.25948],[6.060419,43.259519],[6.06034,43.259478],[6.060311,43.259456],[6.060272,43.25942],[6.060178,43.259318],[6.060137,43.259265],[6.059987,43.25905],[6.059916,43.258964]]]]}},{"type":"Feature","properties":{"numero":"0347","section":"0A","code_insee":"83049","id_parc":"83049_0A_0347"},"geometry":{"type":"MultiPolygon","coordinates":[[[[6.062587,43.257099],[6.062543,43.257026],[6.062486,43.256857],[6.063219,43.256896],[6.063336,43.257241],[6.063125,43.257277],[6.062849,43.257329],[6.062639,43.257177],[6.062587,43.257099]]]]}},{"type":"Feature","properties":{"numero":"3470","section":"0C","code_insee":"83049","id_parc":"83049_0C_3470"},"geometry":{"type":"MultiPolygon","coordinates":[[[[6.07088,43.249918],[6.070889,43.250189],[6.071077,43.250193],[6.071288,43.250197],[6.071436,43.2502],[6.071427,43.250203],[6.071384,43.250269],[6.071358,43.250289],[6.071314,43.250306],[6.071266,43.250322],[6.071173,43.250345],[6.071148,43.250354],[6.071117,43.250362],[6.071084,43.250367],[6.071051,43.250369],[6.071018,43.250368],[6.070985,43.250365],[6.070954,43.250358],[6.070923,43.250348],[6.070858,43.250314],[6.070806,43.250289],[6.070762,43.250281],[6.070629,43.250305],[6.070577,43.250308],[6.070562,43.250305],[6.070585,43.250081],[6.070599,43.249947],[6.07064,43.249948],[6.070656,43.24978],[6.070787,43.249759],[6.070785,43.249911],[6.07088,43.249918]]]]}},{"type":"Feature","properties":{"numero":"0348","section":"AD","code_insee":"83049","id_parc":"83049_AD_0348"},"geometry":{"type":"MultiPolygon","coordinates":[[[[6.065405,43.239783],[6.065403,43.239768],[6.065465,43.239761],[6.065454,43.239823],[6.065513,43.240017],[6.065525,43.240059],[6.065507,43.240068],[6.065462,43.240077],[6.065415,43.240083],[6.065376,43.24008],[6.065295,43.240067],[6.065199,43.240049],[6.065192,43.240046],[6.065188,43.240043],[6.065146,43.240006],[6.065114,43.239974],[6.065088,43.239947],[6.065086,43.239945],[6.065364,43.239928],[6.065358,43.239897],[6.065425,43.23989],[6.065405,43.239783]]]]}},{"type":"Feature","properties":{"numero":"0348","section":"0B","code_insee":"83049","id_parc":"83049_0B_0348"},"geometry":{"type":"MultiPolygon","coordinates":[[[[6.060564,43.258481],[6.060542,43.25849],[6.06049,43.258456],[6.060601,43.25842],[6.060655,43.258371],[6.060668,43.25836],[6.060596,43.258462],[6.060585,43.25847],[6.060564,43.258481]]]]}},{"type":"Feature","properties":{"numero":"0348","section":"0A","code_insee":"83049","id_parc":"83049_0A_0348"},"geometry":{"type":"MultiPolygon","coordinates":[[[[6.062118,43.257171],[6.061987,43.257245],[6.061938,43.257253],[6.06169,43.256863],[6.06166,43.256816],[6.061654,43.256807],[6.061699,43.256825],[6.06185,43.256814],[6.062339,43.256767],[6.062376,43.256763],[6.06239,43.256804],[6.062398,43.256828],[6.062494,43.257126],[6.062516,43.257159],[6.06254,43.257187],[6.062567,43.257213],[6.062497,43.257213],[6.062414,43.257185],[6.062254,43.257161],[6.062175,43.257157],[6.062118,43.257171]]]]}},{"type":"Feature","properties":{"numero":"0349","section":"AD","code_insee":"83049","id_parc":"83049_AD_0349"},"geometry":{"type":"MultiPolygon","coordinates":[[[[6.067205,43.238128],[6.067191,43.238141],[6.067154,43.238175],[6.067132,43.238196],[6.067112,43.238217],[6.066989,43.238151],[6.066961,43.238179],[6.066914,43.238348],[6.066861,43.23834],[6.066924,43.238115],[6.066947,43.238064],[6.066964,43.23804],[6.067142,43.238104],[6.06719,43.238122],[6.067205,43.238128]]]]}},{"type":"Feature","properties":{"numero":"0349","section":"0B","code_insee":"83049","id_parc":"83049_0B_0349"},"geometry":{"type":"MultiPolygon","coordinates":[[[[6.060235,43.258568],[6.060348,43.258517],[6.06049,43.258456],[6.060542,43.25849],[6.060504,43.258506],[6.060352,43.258566],[6.060199,43.258624],[6.060163,43.25864],[6.060044,43.25872],[6.060016,43.258732],[6.05993,43.258756],[6.059666,43.25882],[6.059639,43.258832],[6.059501,43.258928],[6.059466,43.258946],[6.059432,43.25896],[6.059395,43.258971],[6.059307,43.258978],[6.059237,43.258986],[6.059196,43.259002],[6.059128,43.259026],[6.059058,43.259048],[6.058907,43.25906],[6.058861,43.259076],[6.058715,43.259103],[6.058593,43.259116],[6.058521,43.259142],[6.058383,43.259158],[6.058183,43.2592],[6.058018,43.25925],[6.057975,43.259262],[6.057941,43.259267],[6.057904,43.25927],[6.057866,43.25927],[6.057836,43.259283],[6.057753,43.259314],[6.057668,43.259343],[6.05757,43.259361],[6.057473,43.259375],[6.057375,43.259387],[6.057373,43.259364],[6.057431,43.259346],[6.057556,43.259292],[6.057641,43.259262],[6.057682,43.259251],[6.057931,43.259218],[6.058073,43.259171],[6.058203,43.259121],[6.058271,43.259103],[6.058449,43.259079],[6.058891,43.258978],[6.058959,43.25897],[6.059053,43.258934],[6.059297,43.258927],[6.059378,43.258903],[6.059774,43.258754],[6.059875,43.258701],[6.060068,43.258638],[6.060235,43.258568]]]]}},{"type":"Feature","properties":{"numero":"0349","section":"0A","code_insee":"83049","id_parc":"83049_0A_0349"},"geometry":{"type":"MultiPolygon","coordinates":[[[[6.061223,43.257139],[6.061216,43.257068],[6.061179,43.256841],[6.061587,43.256781],[6.061654,43.256807],[6.06166,43.256816],[6.06169,43.256863],[6.061938,43.257253],[6.061837,43.257268],[6.06177,43.257282],[6.061657,43.257296],[6.061507,43.257295],[6.061477,43.257292],[6.06144,43.257286],[6.061403,43.257277],[6.061368,43.257265],[6.061335,43.257251],[6.061305,43.257234],[6.061277,43.257214],[6.061223,43.257139]]]]}},{"type":"Feature","properties":{"numero":"0035","section":"AD","code_insee":"83049","id_parc":"83049_AD_0035"},"geometry":{"type":"MultiPolygon","coordinates":[[[[6.066905,43.240739],[6.06678,43.240764],[6.066561,43.240662],[6.066644,43.240578],[6.06687,43.24035],[6.066978,43.240441],[6.067163,43.240593],[6.067208,43.24063],[6.067193,43.240638],[6.067138,43.240661],[6.067018,43.24071],[6.066935,43.240734],[6.066905,43.240739]]]]}},{"type":"Feature","properties":{"numero":"0035","section":"AH","code_insee":"83049","id_parc":"83049_AH_0035"},"geometry":{"type":"MultiPolygon","coordinates":[[[[6.058116,43.246708],[6.058167,43.246584],[6.058275,43.246618],[6.058246,43.246714],[6.058165,43.24671],[6.058116,43.246708]]]]}},{"type":"Feature","properties":{"numero":"0035","section":"AI","code_insee":"83049","id_parc":"83049_AI_0035"},"geometry":{"type":"MultiPolygon","coordinates":[[[[6.067865,43.24232],[6.067821,43.242294],[6.067741,43.242259],[6.06808,43.242128],[6.068125,43.24211],[6.06814,43.242104],[6.068192,43.242084],[6.068217,43.242074],[6.068245,43.242064],[6.068311,43.242037],[6.068393,43.242169],[6.068421,43.242217],[6.068348,43.242254],[6.068336,43.24226],[6.068333,43.242263],[6.068253,43.242295],[6.068163,43.242331],[6.068052,43.242374],[6.068044,43.242385],[6.067957,43.242374],[6.067951,43.242369],[6.067953,43.242367],[6.06792,43.242347],[6.067913,43.242353],[6.067862,43.242322],[6.067865,43.24232]]]]}},{"type":"Feature","properties":{"numero":"0350","section":"AD","code_insee":"83049","id_parc":"83049_AD_0350"},"geometry":{"type":"MultiPolygon","coordinates":[[[[6.066961,43.238179],[6.066989,43.238151],[6.067112,43.238217],[6.067072,43.238259],[6.067022,43.23831],[6.066993,43.238339],[6.066958,43.238372],[6.066914,43.238348],[6.066961,43.238179]]]]}},{"type":"Feature","properties":{"numero":"0350","section":"0B","code_insee":"83049","id_parc":"83049_0B_0350"},"geometry":{"type":"MultiPolygon","coordinates":[[[[6.058602,43.259138],[6.058692,43.259126],[6.058699,43.259125],[6.058792,43.259393],[6.058881,43.25964],[6.058961,43.259773],[6.059,43.259883],[6.059053,43.259986],[6.059085,43.260088],[6.059123,43.260161],[6.059171,43.260301],[6.059179,43.26042],[6.05922,43.260504],[6.059221,43.260656],[6.059237,43.260753],[6.059341,43.260925],[6.059361,43.26103],[6.059354,43.261116],[6.059329,43.261243],[6.059267,43.261228],[6.059032,43.261212],[6.058719,43.261166],[6.058712,43.261177],[6.058587,43.261164],[6.05853,43.261154],[6.058345,43.261122],[6.058161,43.261086],[6.058145,43.261083],[6.058179,43.260855],[6.05815,43.26064],[6.058109,43.260206],[6.058043,43.259935],[6.057982,43.259664],[6.057961,43.25957],[6.057869,43.259296],[6.058032,43.259277],[6.058121,43.259251],[6.058207,43.259223],[6.058306,43.259203],[6.058406,43.259185],[6.058507,43.259171],[6.058565,43.259164],[6.058591,43.259154],[6.058602,43.259146],[6.058602,43.259138]]]]}},{"type":"Feature","properties":{"numero":"0350","section":"0A","code_insee":"83049","id_parc":"83049_0A_0350"},"geometry":{"type":"MultiPolygon","coordinates":[[[[6.06166,43.256773],[6.061642,43.256768],[6.061622,43.256762],[6.06162,43.256748],[6.061611,43.256748],[6.061607,43.256732],[6.061584,43.256734],[6.061576,43.256692],[6.0616,43.256689],[6.061593,43.256666],[6.061571,43.256577],[6.061605,43.256571],[6.061619,43.256569],[6.061657,43.256682],[6.061896,43.256652],[6.061906,43.256672],[6.061975,43.256664],[6.061995,43.256731],[6.062218,43.256708],[6.062227,43.256743],[6.062011,43.256765],[6.06201,43.256752],[6.061991,43.256755],[6.061977,43.256757],[6.061695,43.256798],[6.061693,43.256789],[6.061691,43.256782],[6.06166,43.256773]]]]}},{"type":"Feature","properties":{"numero":"3507","section":"0C","code_insee":"83049","id_parc":"83049_0C_3507"},"geometry":{"type":"MultiPolygon","coordinates":[[[[6.070024,43.254408],[6.070152,43.254382],[6.070234,43.254354],[6.070332,43.254924],[6.070056,43.254919],[6.069685,43.254908],[6.069137,43.254927],[6.069129,43.254937],[6.069117,43.25495],[6.069101,43.25496],[6.069081,43.254876],[6.06905,43.254823],[6.069031,43.254756],[6.069029,43.254727],[6.069026,43.254665],[6.06902,43.254643],[6.068981,43.254558],[6.068963,43.254491],[6.068949,43.254424],[6.068923,43.254353],[6.068992,43.25437],[6.06906,43.25439],[6.069111,43.254407],[6.069227,43.25443],[6.069318,43.254441],[6.0698,43.254427],[6.070024,43.254408]],[[6.069079,43.254525],[6.06908,43.254483],[6.069024,43.254479],[6.069022,43.254523],[6.069079,43.254525]]]]}},{"type":"Feature","properties":{"numero":"3508","section":"0C","code_insee":"83049","id_parc":"83049_0C_3508"},"geometry":{"type":"MultiPolygon","coordinates":[[[[6.070677,43.254681],[6.070704,43.254738],[6.070782,43.254907],[6.070768,43.254902],[6.070658,43.254911],[6.070525,43.254919],[6.070392,43.254924],[6.070332,43.254924],[6.070234,43.254354],[6.070289,43.254329],[6.070422,43.254256],[6.070526,43.254182],[6.070606,43.254527],[6.070677,43.254681]]]]}},{"type":"Feature","properties":{"numero":"3509","section":"0C","code_insee":"83049","id_parc":"83049_0C_3509"},"geometry":{"type":"MultiPolygon","coordinates":[[[[6.071011,43.251287],[6.070886,43.251293],[6.070761,43.251297],[6.070764,43.251296],[6.071651,43.250902],[6.071586,43.250763],[6.072113,43.25045],[6.072111,43.250364],[6.072189,43.25032],[6.072197,43.250329],[6.072347,43.250347],[6.072328,43.250496],[6.072424,43.250786],[6.072296,43.250827],[6.072124,43.250894],[6.071746,43.251041],[6.071754,43.251263],[6.071284,43.251272],[6.071101,43.251282],[6.071011,43.251287]]]]}},{"type":"Feature","properties":{"numero":"0351","section":"AD","code_insee":"83049","id_parc":"83049_AD_0351"},"geometry":{"type":"MultiPolygon","coordinates":[[[[6.066861,43.23834],[6.066914,43.238348],[6.066958,43.238372],[6.066917,43.238412],[6.066873,43.238456],[6.066859,43.238449],[6.066843,43.23844],[6.066844,43.238399],[6.066856,43.238361],[6.066861,43.23834]]]]}},{"type":"Feature","properties":{"numero":"0351","section":"0A","code_insee":"83049","id_parc":"83049_0A_0351"},"geometry":{"type":"MultiPolygon","coordinates":[[[[6.06227,43.256488],[6.062364,43.25673],[6.062227,43.256743],[6.062218,43.256708],[6.061995,43.256731],[6.061975,43.256664],[6.061906,43.256672],[6.061896,43.256652],[6.061657,43.256682],[6.061619,43.256569],[6.061605,43.256571],[6.061571,43.256577],[6.061593,43.256666],[6.0616,43.256689],[6.061576,43.256692],[6.061584,43.256734],[6.061607,43.256732],[6.061611,43.256748],[6.06162,43.256748],[6.061622,43.256762],[6.061578,43.256751],[6.061501,43.256756],[6.061346,43.256784],[6.061163,43.256808],[6.06117,43.256743],[6.061181,43.256678],[6.061197,43.256611],[6.061208,43.256487],[6.061228,43.256429],[6.061323,43.256238],[6.061326,43.256181],[6.061958,43.256297],[6.062274,43.256353],[6.06227,43.256488]]]]}},{"type":"Feature","properties":{"numero":"0352","section":"0B","code_insee":"83049","id_parc":"83049_0B_0352"},"geometry":{"type":"MultiPolygon","coordinates":[[[[6.057592,43.260134],[6.057544,43.259893],[6.057365,43.259406],[6.057669,43.259363],[6.057758,43.259335],[6.05786,43.259297],[6.057869,43.259296],[6.057961,43.25957],[6.057982,43.259664],[6.058043,43.259935],[6.058109,43.260206],[6.057641,43.260237],[6.057592,43.260134]]]]}},{"type":"Feature","properties":{"numero":"0353","section":"0B","code_insee":"83049","id_parc":"83049_0B_0353"},"geometry":{"type":"MultiPolygon","coordinates":[[[[6.05761,43.260815],[6.057649,43.26099],[6.05728,43.260996],[6.057253,43.260886],[6.057192,43.260762],[6.056782,43.260225],[6.056453,43.259837],[6.05651,43.259821],[6.056533,43.259794],[6.056621,43.259751],[6.056783,43.259644],[6.056851,43.259578],[6.056869,43.259574],[6.056956,43.259583],[6.056996,43.259572],[6.057097,43.259535],[6.057159,43.259504],[6.057218,43.259471],[6.057275,43.259435],[6.0573,43.259418],[6.057365,43.259406],[6.057544,43.259893],[6.057592,43.260134],[6.057199,43.26021],[6.057271,43.260341],[6.05747,43.260331],[6.05761,43.260815]]]]}},{"type":"Feature","properties":{"numero":"3538","section":"0C","code_insee":"83049","id_parc":"83049_0C_3538"},"geometry":{"type":"MultiPolygon","coordinates":[[[[6.070787,43.249759],[6.07107,43.249714],[6.071077,43.250193],[6.070889,43.250189],[6.07088,43.249918],[6.070785,43.249911],[6.070787,43.249759]]]]}},{"type":"Feature","properties":{"numero":"0354","section":"0B","code_insee":"83049","id_parc":"83049_0B_0354"},"geometry":{"type":"MultiPolygon","coordinates":[[[[6.057262,43.259398],[6.057373,43.259364],[6.057375,43.259387],[6.057308,43.259398],[6.057276,43.259412],[6.057142,43.259495],[6.057119,43.259507],[6.057068,43.259531],[6.057014,43.259552],[6.056991,43.259558],[6.056962,43.259562],[6.056933,43.259563],[6.056876,43.25955],[6.056861,43.25955],[6.056842,43.259567],[6.056776,43.259619],[6.056708,43.25967],[6.056637,43.259718],[6.056532,43.259764],[6.056485,43.259746],[6.056778,43.25958],[6.056837,43.259552],[6.056869,43.259541],[6.056903,43.259533],[6.056929,43.259529],[6.057024,43.259526],[6.057068,43.259513],[6.057105,43.259498],[6.057139,43.259479],[6.05716,43.259466],[6.057262,43.259398]]]]}},{"type":"Feature","properties":{"numero":"0355","section":"0B","code_insee":"83049","id_parc":"83049_0B_0355"},"geometry":{"type":"MultiPolygon","coordinates":[[[[6.056282,43.259866],[6.056485,43.259746],[6.056532,43.259764],[6.056519,43.259779],[6.056501,43.259794],[6.056481,43.259807],[6.056466,43.259814],[6.056424,43.259831],[6.056379,43.259846],[6.056238,43.259941],[6.056122,43.26],[6.056076,43.260059],[6.056053,43.260077],[6.056007,43.260101],[6.055967,43.260133],[6.055728,43.260268],[6.055686,43.260304],[6.055662,43.260288],[6.055732,43.26025],[6.0558,43.26021],[6.055873,43.260161],[6.055919,43.260125],[6.055962,43.260088],[6.05598,43.26007],[6.05608,43.260006],[6.056178,43.25994],[6.056282,43.259866]]]]}},{"type":"Feature","properties":{"numero":"0356","section":"AK","code_insee":"83049","id_parc":"83049_AK_0356"},"geometry":{"type":"MultiPolygon","coordinates":[[[[6.070675,43.243746],[6.070838,43.243536],[6.070858,43.243538],[6.070901,43.243542],[6.071006,43.24355],[6.071177,43.243562],[6.071182,43.243562],[6.071186,43.243562],[6.071191,43.243563],[6.071196,43.243563],[6.0712,43.243563],[6.071205,43.243563],[6.07121,43.243563],[6.071214,43.243563],[6.071219,43.243563],[6.071224,43.243563],[6.071229,43.243563],[6.071233,43.243563],[6.071238,43.243563],[6.071243,43.243563],[6.071247,43.243563],[6.071252,43.243563],[6.071257,43.243563],[6.071261,43.243562],[6.071266,43.243562],[6.071271,43.243562],[6.071275,43.243562],[6.07128,43.243562],[6.071285,43.243561],[6.071289,43.243561],[6.071294,43.243561],[6.071299,43.243561],[6.071303,43.24356],[6.071308,43.24356],[6.071313,43.243559],[6.071318,43.243559],[6.071322,43.243559],[6.071326,43.243559],[6.07133,43.243559],[6.071334,43.243559],[6.071338,43.243559],[6.071342,43.24356],[6.071345,43.243561],[6.071349,43.243562],[6.071353,43.243563],[6.071356,43.243564],[6.07136,43.243566],[6.071363,43.243567],[6.071366,43.243569],[6.071369,43.243571],[6.071372,43.243573],[6.071375,43.243575],[6.071378,43.243578],[6.071381,43.24358],[6.071383,43.243583],[6.071385,43.243585],[6.071387,43.243588],[6.071389,43.24359],[6.07139,43.243593],[6.071391,43.243596],[6.071392,43.243598],[6.071393,43.243601],[6.071393,43.243605],[6.071394,43.243609],[6.071394,43.243612],[6.071394,43.243615],[6.071394,43.243619],[6.071394,43.243622],[6.071393,43.243625],[6.071392,43.243628],[6.071391,43.243632],[6.07139,43.243635],[6.071388,43.243638],[6.071387,43.243641],[6.071385,43.243644],[6.071383,43.243647],[6.07121,43.243843],[6.070622,43.243815],[6.070675,43.243746]]]]}},{"type":"Feature","properties":{"numero":"0356","section":"0B","code_insee":"83049","id_parc":"83049_0B_0356"},"geometry":{"type":"MultiPolygon","coordinates":[[[[6.057195,43.261008],[6.057142,43.261019],[6.057077,43.261033],[6.057042,43.260977],[6.056983,43.260843],[6.056956,43.260814],[6.056877,43.260723],[6.056801,43.260631],[6.056616,43.260393],[6.056465,43.260233],[6.056249,43.259965],[6.056294,43.259928],[6.056453,43.259837],[6.056782,43.260225],[6.057192,43.260762],[6.057253,43.260886],[6.05728,43.260996],[6.057249,43.260999],[6.057195,43.261008]]]]}},{"type":"Feature","properties":{"numero":"0358","section":"AD","code_insee":"83049","id_parc":"83049_AD_0358"},"geometry":{"type":"MultiPolygon","coordinates":[[[[6.067719,43.240815],[6.067456,43.240832],[6.067362,43.240658],[6.067381,43.240648],[6.067517,43.240574],[6.067677,43.240659],[6.067727,43.240686],[6.067691,43.240722],[6.067769,43.240764],[6.067719,43.240815]]]]}},{"type":"Feature","properties":{"numero":"0358","section":"0A","code_insee":"83049","id_parc":"83049_0A_0358"},"geometry":{"type":"MultiPolygon","coordinates":[[[[6.063165,43.254572],[6.063193,43.254573],[6.063151,43.255006],[6.062789,43.254871],[6.063165,43.254572]]]]}},{"type":"Feature","properties":{"numero":"0359","section":"AD","code_insee":"83049","id_parc":"83049_AD_0359"},"geometry":{"type":"MultiPolygon","coordinates":[[[[6.067517,43.240574],[6.06762,43.240517],[6.067802,43.240418],[6.067883,43.240476],[6.067889,43.240481],[6.067894,43.240486],[6.067897,43.240492],[6.067898,43.240499],[6.067898,43.240505],[6.067897,43.240512],[6.067893,43.240518],[6.067889,43.240523],[6.067813,43.2406],[6.067785,43.240628],[6.067734,43.240633],[6.067714,43.240623],[6.067677,43.240659],[6.067517,43.240574]]]]}},{"type":"Feature","properties":{"numero":"0359","section":"0A","code_insee":"83049","id_parc":"83049_0A_0359"},"geometry":{"type":"MultiPolygon","coordinates":[[[[6.06248,43.255152],[6.062256,43.255111],[6.062437,43.254677],[6.062871,43.254734],[6.062611,43.254937],[6.062555,43.254996],[6.06248,43.255152]]]]}},{"type":"Feature","properties":{"numero":"0036","section":"AD","code_insee":"83049","id_parc":"83049_AD_0036"},"geometry":{"type":"MultiPolygon","coordinates":[[[[6.067699,43.240381],[6.067208,43.24063],[6.067163,43.240593],[6.067372,43.240486],[6.067443,43.24045],[6.067493,43.240425],[6.067459,43.24039],[6.0675,43.240369],[6.067534,43.240404],[6.067752,43.240293],[6.067771,43.24031],[6.067786,43.240324],[6.067699,43.240381]]]]}},{"type":"Feature","properties":{"numero":"0036","section":"AH","code_insee":"83049","id_parc":"83049_AH_0036"},"geometry":{"type":"MultiPolygon","coordinates":[[[[6.058275,43.246618],[6.058326,43.246626],[6.058434,43.246714],[6.058327,43.246716],[6.058246,43.246714],[6.058275,43.246618]]]]}},{"type":"Feature","properties":{"numero":"0036","section":"AI","code_insee":"83049","id_parc":"83049_AI_0036"},"geometry":{"type":"MultiPolygon","coordinates":[[[[6.067126,43.242034],[6.067086,43.241974],[6.067089,43.241972],[6.067106,43.241964],[6.067174,43.241924],[6.067276,43.241866],[6.067412,43.241785],[6.067635,43.242104],[6.06815,43.241903],[6.068192,43.241886],[6.068215,43.241878],[6.068311,43.242037],[6.068245,43.242064],[6.068217,43.242074],[6.068192,43.242084],[6.06814,43.242104],[6.068125,43.24211],[6.06808,43.242128],[6.067741,43.242259],[6.067631,43.242276],[6.067445,43.242301],[6.067299,43.24232],[6.067275,43.242292],[6.06725,43.242261],[6.067213,43.242216],[6.067126,43.242034]]]]}},{"type":"Feature","properties":{"numero":"0360","section":"AD","code_insee":"83049","id_parc":"83049_AD_0360"},"geometry":{"type":"MultiPolygon","coordinates":[[[[6.067889,43.240481],[6.067883,43.240476],[6.067802,43.240418],[6.067817,43.24041],[6.06785,43.240389],[6.067948,43.240459],[6.067989,43.240486],[6.068004,43.240495],[6.067999,43.240499],[6.067972,43.240524],[6.067922,43.240603],[6.067796,43.240735],[6.067769,43.240764],[6.067691,43.240722],[6.067727,43.240686],[6.067677,43.240659],[6.067714,43.240623],[6.067734,43.240633],[6.067785,43.240628],[6.067813,43.2406],[6.067889,43.240523],[6.067893,43.240518],[6.067897,43.240512],[6.067898,43.240505],[6.067898,43.240499],[6.067897,43.240492],[6.067894,43.240486],[6.067889,43.240481]]]]}},{"type":"Feature","properties":{"numero":"0360","section":"0A","code_insee":"83049","id_parc":"83049_0A_0360"},"geometry":{"type":"MultiPolygon","coordinates":[[[[6.062115,43.255085],[6.062152,43.254977],[6.062088,43.254966],[6.062213,43.254647],[6.062437,43.254677],[6.062256,43.255111],[6.062115,43.255085]]]]}},{"type":"Feature","properties":{"numero":"0361","section":"AD","code_insee":"83049","id_parc":"83049_AD_0361"},"geometry":{"type":"MultiPolygon","coordinates":[[[[6.067434,43.240995],[6.067276,43.240705],[6.067362,43.240658],[6.067456,43.240832],[6.067719,43.240815],[6.067695,43.24084],[6.067625,43.240911],[6.067561,43.240959],[6.067434,43.240995]]]]}},{"type":"Feature","properties":{"numero":"0361","section":"0A","code_insee":"83049","id_parc":"83049_0A_0361"},"geometry":{"type":"MultiPolygon","coordinates":[[[[6.06205,43.254993],[6.062062,43.254961],[6.062088,43.254966],[6.062152,43.254977],[6.062115,43.255085],[6.062023,43.255069],[6.062027,43.255057],[6.06205,43.254993]]]]}},{"type":"Feature","properties":{"numero":"0362","section":"AD","code_insee":"83049","id_parc":"83049_AD_0362"},"geometry":{"type":"MultiPolygon","coordinates":[[[[6.066314,43.23833],[6.066289,43.238326],[6.066299,43.238276],[6.066304,43.238252],[6.066307,43.238234],[6.066362,43.238237],[6.066394,43.238237],[6.066408,43.238236],[6.066424,43.238234],[6.066433,43.238233],[6.066435,43.238233],[6.066553,43.238222],[6.066718,43.238207],[6.066722,43.238243],[6.066708,43.238245],[6.066678,43.23825],[6.06668,43.238255],[6.066563,43.238269],[6.066539,43.238274],[6.06652,43.238354],[6.066798,43.238397],[6.066792,43.238406],[6.066786,43.238405],[6.066759,43.2384],[6.066723,43.238394],[6.066675,43.238387],[6.066525,43.238365],[6.06645,43.238352],[6.06643,43.238349],[6.066376,43.238341],[6.066327,43.238332],[6.066314,43.23833]]]]}},{"type":"Feature","properties":{"numero":"0362","section":"0A","code_insee":"83049","id_parc":"83049_0A_0362"},"geometry":{"type":"MultiPolygon","coordinates":[[[[6.061766,43.254586],[6.062213,43.254647],[6.062088,43.254966],[6.062062,43.254961],[6.06205,43.254993],[6.062027,43.255057],[6.062023,43.255069],[6.061981,43.255061],[6.061969,43.255059],[6.061533,43.254976],[6.061578,43.254822],[6.061598,43.254789],[6.061699,43.254719],[6.061766,43.254591],[6.061766,43.254586]]]]}},{"type":"Feature","properties":{"numero":"0363","section":"AD","code_insee":"83049","id_parc":"83049_AD_0363"},"geometry":{"type":"MultiPolygon","coordinates":[[[[6.066307,43.238234],[6.066334,43.238071],[6.066355,43.238071],[6.06638,43.238071],[6.066379,43.238086],[6.066379,43.23809],[6.066394,43.238237],[6.066362,43.238237],[6.066307,43.238234]]]]}},{"type":"Feature","properties":{"numero":"0363","section":"0A","code_insee":"83049","id_parc":"83049_0A_0363"},"geometry":{"type":"MultiPolygon","coordinates":[[[[6.061754,43.255193],[6.061723,43.25518],[6.061383,43.255128],[6.061492,43.255025],[6.061533,43.254976],[6.061969,43.255059],[6.061943,43.255274],[6.061846,43.255232],[6.061754,43.255193]]]]}},{"type":"Feature","properties":{"numero":"0364","section":"0A","code_insee":"83049","id_parc":"83049_0A_0364"},"geometry":{"type":"MultiPolygon","coordinates":[[[[6.061969,43.255059],[6.061981,43.255061],[6.062023,43.255069],[6.062115,43.255085],[6.062256,43.255111],[6.06248,43.255152],[6.062463,43.255188],[6.062452,43.255245],[6.062429,43.25538],[6.06241,43.255516],[6.061924,43.255454],[6.061222,43.255365],[6.061335,43.255179],[6.061383,43.255128],[6.061723,43.25518],[6.061754,43.255193],[6.061846,43.255232],[6.061943,43.255274],[6.061969,43.255059]]]]}},{"type":"Feature","properties":{"numero":"3642","section":"0C","code_insee":"83049","id_parc":"83049_0C_3642"},"geometry":{"type":"MultiPolygon","coordinates":[[[[6.065315,43.253918],[6.065158,43.253677],[6.065435,43.253447],[6.065719,43.253613],[6.065734,43.253641],[6.06579,43.253739],[6.065807,43.253768],[6.065825,43.253761],[6.06594,43.253976],[6.066005,43.253947],[6.066351,43.254534],[6.066264,43.254559],[6.066151,43.254525],[6.066119,43.254524],[6.065904,43.254568],[6.065836,43.254581],[6.065805,43.254591],[6.065796,43.25459],[6.065693,43.25457],[6.065578,43.254483],[6.065486,43.254262],[6.065467,43.254216],[6.065315,43.253918]]]]}},{"type":"Feature","properties":{"numero":"3643","section":"0C","code_insee":"83049","id_parc":"83049_0C_3643"},"geometry":{"type":"MultiPolygon","coordinates":[[[[6.066689,43.254359],[6.066457,43.254504],[6.066351,43.254534],[6.066005,43.253947],[6.066137,43.253887],[6.06609,43.253821],[6.066481,43.253649],[6.066548,43.253706],[6.066612,43.253764],[6.066673,43.253824],[6.066689,43.253841],[6.066795,43.253994],[6.066967,43.254227],[6.066927,43.254241],[6.066763,43.25432],[6.066689,43.254359]]]]}},{"type":"Feature","properties":{"numero":"3644","section":"0C","code_insee":"83049","id_parc":"83049_0C_3644"},"geometry":{"type":"MultiPolygon","coordinates":[[[[6.067051,43.254277],[6.066999,43.25422],[6.066872,43.254028],[6.066953,43.254019],[6.066995,43.254014],[6.067038,43.254009],[6.067123,43.253998],[6.06715,43.253995],[6.06725,43.253983],[6.067309,43.253975],[6.067455,43.253961],[6.067491,43.253969],[6.067499,43.25399],[6.067528,43.254073],[6.067553,43.254157],[6.067588,43.254242],[6.06756,43.254243],[6.0675,43.254248],[6.067392,43.254256],[6.067324,43.254262],[6.067215,43.254271],[6.06721,43.254256],[6.067051,43.254277]]]]}},{"type":"Feature","properties":{"numero":"3645","section":"0C","code_insee":"83049","id_parc":"83049_0C_3645"},"geometry":{"type":"MultiPolygon","coordinates":[[[[6.067987,43.252942],[6.068018,43.252926],[6.068297,43.253295],[6.068312,43.253315],[6.068104,43.253429],[6.068017,43.253525],[6.068003,43.253568],[6.067996,43.253622],[6.067897,43.253644],[6.067868,43.253723],[6.067726,43.253911],[6.0677,43.253925],[6.067491,43.253969],[6.067455,43.253961],[6.067309,43.253975],[6.06725,43.253983],[6.06715,43.253995],[6.067123,43.253998],[6.067038,43.254009],[6.066995,43.254014],[6.066953,43.254019],[6.066872,43.254028],[6.066711,43.253786],[6.066796,43.253734],[6.066852,43.253714],[6.066966,43.253653],[6.067014,43.253618],[6.067049,43.25358],[6.067087,43.253544],[6.067129,43.25351],[6.06714,43.253501],[6.067216,43.253455],[6.067346,43.253391],[6.067383,43.253377],[6.067436,43.253346],[6.067485,43.253299],[6.067546,43.253275],[6.067605,43.253249],[6.067661,43.25322],[6.067708,43.253193],[6.067723,43.253172],[6.067735,43.253149],[6.067741,43.25313],[6.067807,43.253072],[6.067838,43.253033],[6.067866,43.252994],[6.067873,43.252984],[6.067895,43.25297],[6.067987,43.252942]]]]}},{"type":"Feature","properties":{"numero":"0365","section":"0A","code_insee":"83049","id_parc":"83049_0A_0365"},"geometry":{"type":"MultiPolygon","coordinates":[[[[6.061924,43.255454],[6.061897,43.255731],[6.061895,43.255746],[6.061891,43.25579],[6.061887,43.255834],[6.061699,43.255818],[6.061221,43.255777],[6.061183,43.255667],[6.061175,43.255589],[6.061175,43.255533],[6.061199,43.255403],[6.061222,43.255365],[6.061924,43.255454]]]]}},{"type":"Feature","properties":{"numero":"3657","section":"0C","code_insee":"83049","id_parc":"83049_0C_3657"},"geometry":{"type":"MultiPolygon","coordinates":[[[[6.070437,43.247431],[6.07043,43.24728],[6.070122,43.247287],[6.07015,43.247254],[6.070152,43.247252],[6.070159,43.247239],[6.070221,43.247119],[6.070495,43.247103],[6.070821,43.247083],[6.070831,43.247092],[6.070723,43.247102],[6.070513,43.247116],[6.070518,43.247278],[6.07048,43.247279],[6.070486,43.24743],[6.070437,43.247431]]]]}},{"type":"Feature","properties":{"numero":"3658","section":"0C","code_insee":"83049","id_parc":"83049_0C_3658"},"geometry":{"type":"MultiPolygon","coordinates":[[[[6.070513,43.247116],[6.070723,43.247102],[6.070831,43.247092],[6.070845,43.247104],[6.070876,43.247131],[6.070906,43.247157],[6.070937,43.247183],[6.070803,43.247272],[6.070518,43.247278],[6.070513,43.247116]]]]}},{"type":"Feature","properties":{"numero":"3659","section":"0C","code_insee":"83049","id_parc":"83049_0C_3659"},"geometry":{"type":"MultiPolygon","coordinates":[[[[6.070488,43.247444],[6.070486,43.247435],[6.070486,43.24743],[6.07048,43.247279],[6.070518,43.247278],[6.070803,43.247272],[6.070812,43.247482],[6.070562,43.247487],[6.070553,43.247487],[6.070545,43.247486],[6.070533,43.247484],[6.070522,43.247479],[6.070512,43.247474],[6.070503,43.247468],[6.070496,43.247461],[6.070491,43.247452],[6.070488,43.247444]]]]}},{"type":"Feature","properties":{"numero":"3660","section":"0C","code_insee":"83049","id_parc":"83049_0C_3660"},"geometry":{"type":"MultiPolygon","coordinates":[[[[6.070812,43.247482],[6.070803,43.247272],[6.070937,43.247183],[6.070979,43.247215],[6.071023,43.247247],[6.071092,43.247292],[6.071078,43.247301],[6.07113,43.247342],[6.071131,43.247353],[6.071129,43.247367],[6.071125,43.24738],[6.071117,43.247392],[6.071107,43.247403],[6.071095,43.247413],[6.07108,43.247422],[6.071064,43.247428],[6.071031,43.247438],[6.070944,43.247466],[6.070926,43.247471],[6.070908,43.247475],[6.07089,43.247478],[6.070872,43.24748],[6.070853,43.247481],[6.070812,43.247482]]]]}},{"type":"Feature","properties":{"numero":"3661","section":"0C","code_insee":"83049","id_parc":"83049_0C_3661"},"geometry":{"type":"MultiPolygon","coordinates":[[[[6.070817,43.247625],[6.07079,43.247664],[6.070705,43.247779],[6.070699,43.247779],[6.070535,43.247771],[6.07045,43.247767],[6.070444,43.247612],[6.070506,43.24761],[6.070506,43.247606],[6.070506,43.247597],[6.070509,43.247588],[6.070514,43.24758],[6.07052,43.247572],[6.070528,43.247565],[6.070538,43.247559],[6.070548,43.247555],[6.07056,43.247552],[6.070568,43.247551],[6.070577,43.24755],[6.070749,43.247546],[6.070762,43.247547],[6.070774,43.247549],[6.070785,43.247552],[6.070795,43.247557],[6.070805,43.247563],[6.070813,43.24757],[6.070819,43.247578],[6.070823,43.247586],[6.070825,43.247595],[6.070825,43.247604],[6.070824,43.247613],[6.070821,43.24762],[6.070817,43.247625]]]]}},{"type":"Feature","properties":{"numero":"3662","section":"0C","code_insee":"83049","id_parc":"83049_0C_3662"},"geometry":{"type":"MultiPolygon","coordinates":[[[[6.071159,43.247331],[6.071202,43.247354],[6.07125,43.247375],[6.071204,43.247447],[6.070991,43.247516],[6.070808,43.247784],[6.070705,43.247779],[6.07079,43.247664],[6.070817,43.247625],[6.070821,43.24762],[6.070824,43.247613],[6.070825,43.247604],[6.070825,43.247595],[6.070823,43.247586],[6.070819,43.247578],[6.070813,43.24757],[6.070805,43.247563],[6.070795,43.247557],[6.070785,43.247552],[6.070774,43.247549],[6.070762,43.247547],[6.070749,43.247546],[6.070577,43.24755],[6.070568,43.247551],[6.07056,43.247552],[6.070548,43.247555],[6.070538,43.247559],[6.070528,43.247565],[6.07052,43.247572],[6.070514,43.24758],[6.070509,43.247588],[6.070506,43.247597],[6.070506,43.247606],[6.070506,43.24761],[6.070444,43.247612],[6.07044,43.247521],[6.070437,43.247431],[6.070486,43.24743],[6.070486,43.247435],[6.070488,43.247444],[6.070491,43.247452],[6.070496,43.247461],[6.070503,43.247468],[6.070512,43.247474],[6.070522,43.247479],[6.070533,43.247484],[6.070545,43.247486],[6.070553,43.247487],[6.070562,43.247487],[6.070812,43.247482],[6.070853,43.247481],[6.070872,43.24748],[6.07089,43.247478],[6.070908,43.247475],[6.070926,43.247471],[6.070944,43.247466],[6.071031,43.247438],[6.071064,43.247428],[6.07108,43.247422],[6.071095,43.247413],[6.071107,43.247403],[6.071117,43.247392],[6.071125,43.24738],[6.071129,43.247367],[6.071131,43.247353],[6.07113,43.247342],[6.071078,43.247301],[6.071092,43.247292],[6.071125,43.247312],[6.071159,43.247331]]]]}},{"type":"Feature","properties":{"numero":"3663","section":"0C","code_insee":"83049","id_parc":"83049_0C_3663"},"geometry":{"type":"MultiPolygon","coordinates":[[[[6.071069,43.247229],[6.071267,43.247348],[6.07125,43.247375],[6.071202,43.247354],[6.071159,43.247331],[6.071125,43.247312],[6.071092,43.247292],[6.071023,43.247247],[6.070979,43.247215],[6.070937,43.247183],[6.070906,43.247157],[6.070876,43.247131],[6.070845,43.247104],[6.070831,43.247092],[6.070821,43.247083],[6.070838,43.247082],[6.070991,43.247178],[6.071069,43.247229]]]]}},{"type":"Feature","properties":{"numero":"0368","section":"0A","code_insee":"83049","id_parc":"83049_0A_0368"},"geometry":{"type":"MultiPolygon","coordinates":[[[[6.061371,43.255992],[6.061315,43.255988],[6.061289,43.255986],[6.061221,43.255777],[6.061699,43.255818],[6.061887,43.255834],[6.061993,43.255843],[6.062305,43.25587],[6.062269,43.25597],[6.062272,43.256055],[6.061371,43.255992]]]]}},{"type":"Feature","properties":{"numero":"0369","section":"0A","code_insee":"83049","id_parc":"83049_0A_0369"},"geometry":{"type":"MultiPolygon","coordinates":[[[[6.061316,43.256108],[6.061301,43.256036],[6.061289,43.255986],[6.061315,43.255988],[6.061371,43.255992],[6.062272,43.256055],[6.062274,43.256353],[6.061958,43.256297],[6.061326,43.256181],[6.061316,43.256108]]]]}},{"type":"Feature","properties":{"numero":"3692","section":"0C","code_insee":"83049","id_parc":"83049_0C_3692"},"geometry":{"type":"MultiPolygon","coordinates":[[[[6.069953,43.247495],[6.069987,43.247462],[6.07004,43.247492],[6.070006,43.247525],[6.069953,43.247495]]]]}},{"type":"Feature","properties":{"numero":"3693","section":"0C","code_insee":"83049","id_parc":"83049_0C_3693"},"geometry":{"type":"MultiPolygon","coordinates":[[[[6.069721,43.247829],[6.069586,43.247832],[6.069565,43.247808],[6.069676,43.247651],[6.069732,43.247621],[6.069768,43.247599],[6.070196,43.247529],[6.070001,43.247806],[6.069953,43.247815],[6.069899,43.247826],[6.069721,43.247829]]]]}},{"type":"Feature","properties":{"numero":"3694","section":"0C","code_insee":"83049","id_parc":"83049_0C_3694"},"geometry":{"type":"MultiPolygon","coordinates":[[[[6.070255,43.247445],[6.070196,43.247529],[6.069768,43.247599],[6.069784,43.247589],[6.069814,43.247568],[6.070103,43.247308],[6.070255,43.247445]],[[6.069953,43.247495],[6.070006,43.247525],[6.07004,43.247492],[6.069987,43.247462],[6.069953,43.247495]]]]}},{"type":"Feature","properties":{"numero":"3695","section":"0C","code_insee":"83049","id_parc":"83049_0C_3695"},"geometry":{"type":"MultiPolygon","coordinates":[[[[6.070196,43.247529],[6.070208,43.247527],[6.07044,43.247521],[6.070444,43.247612],[6.07045,43.247767],[6.070351,43.247762],[6.070247,43.247757],[6.070151,43.247776],[6.070001,43.247806],[6.070196,43.247529]]]]}},{"type":"Feature","properties":{"numero":"3696","section":"0C","code_insee":"83049","id_parc":"83049_0C_3696"},"geometry":{"type":"MultiPolygon","coordinates":[[[[6.070196,43.247529],[6.070255,43.247445],[6.070103,43.247308],[6.070122,43.247287],[6.07043,43.24728],[6.070437,43.247431],[6.07044,43.247521],[6.070208,43.247527],[6.070196,43.247529]]]]}},{"type":"Feature","properties":{"numero":"3697","section":"0C","code_insee":"83049","id_parc":"83049_0C_3697"},"geometry":{"type":"MultiPolygon","coordinates":[[[[6.070495,43.247103],[6.070493,43.247086],[6.070221,43.247098],[6.07022,43.24702],[6.070713,43.246899],[6.070772,43.246963],[6.070858,43.247081],[6.070838,43.247082],[6.070821,43.247083],[6.070495,43.247103]]]]}},{"type":"Feature","properties":{"numero":"3698","section":"0C","code_insee":"83049","id_parc":"83049_0C_3698"},"geometry":{"type":"MultiPolygon","coordinates":[[[[6.070495,43.247103],[6.070221,43.247119],[6.070221,43.247098],[6.070493,43.247086],[6.070495,43.247103]]]]}},{"type":"Feature","properties":{"numero":"0037","section":"AD","code_insee":"83049","id_parc":"83049_AD_0037"},"geometry":{"type":"MultiPolygon","coordinates":[[[[6.066913,43.24082],[6.067002,43.240802],[6.067064,43.240783],[6.067129,43.240867],[6.067133,43.240873],[6.067185,43.240946],[6.067205,43.240973],[6.067218,43.240991],[6.067132,43.240973],[6.067024,43.240937],[6.066976,43.240921],[6.066906,43.240881],[6.066833,43.240839],[6.066913,43.24082]]]]}},{"type":"Feature","properties":{"numero":"0037","section":"AI","code_insee":"83049","id_parc":"83049_AI_0037"},"geometry":{"type":"MultiPolygon","coordinates":[[[[6.06815,43.241903],[6.067635,43.242104],[6.067412,43.241785],[6.067499,43.241735],[6.067602,43.241673],[6.067794,43.241558],[6.067839,43.241533],[6.067883,43.241507],[6.067904,43.241495],[6.067943,43.241472],[6.068063,43.24162],[6.068089,43.241653],[6.068122,43.241694],[6.068139,43.241725],[6.068144,43.241762],[6.068214,43.241877],[6.068215,43.241878],[6.068192,43.241886],[6.06815,43.241903]]]]}},{"type":"Feature","properties":{"numero":"0370","section":"0A","code_insee":"83049","id_parc":"83049_0A_0370"},"geometry":{"type":"MultiPolygon","coordinates":[[[[6.060873,43.256119],[6.060782,43.255922],[6.0607,43.255764],[6.061129,43.25572],[6.061224,43.255976],[6.061266,43.256118],[6.061265,43.256206],[6.061252,43.256275],[6.061233,43.25632],[6.061208,43.256358],[6.06118,43.256408],[6.061156,43.256459],[6.061136,43.256518],[6.06112,43.256623],[6.061109,43.256818],[6.061045,43.256833],[6.06108,43.256644],[6.061075,43.25659],[6.061052,43.256493],[6.061035,43.25644],[6.060873,43.256119]]]]}},{"type":"Feature","properties":{"numero":"0371","section":"0A","code_insee":"83049","id_parc":"83049_0A_0371"},"geometry":{"type":"MultiPolygon","coordinates":[[[[6.060813,43.25685],[6.060723,43.256794],[6.060536,43.256666],[6.061046,43.256729],[6.061027,43.256836],[6.060885,43.256865],[6.060813,43.25685]]]]}},{"type":"Feature","properties":{"numero":"3717","section":"0C","code_insee":"83049","id_parc":"83049_0C_3717"},"geometry":{"type":"MultiPolygon","coordinates":[[[[6.064208,43.25632],[6.064123,43.256389],[6.064028,43.256344],[6.064208,43.25632]]]]}},{"type":"Feature","properties":{"numero":"3718","section":"0C","code_insee":"83049","id_parc":"83049_0C_3718"},"geometry":{"type":"MultiPolygon","coordinates":[[[[6.063938,43.256291],[6.064407,43.255973],[6.064551,43.256055],[6.064363,43.256194],[6.064208,43.25632],[6.064028,43.256344],[6.063933,43.256299],[6.063938,43.256291]]]]}},{"type":"Feature","properties":{"numero":"0372","section":"AK","code_insee":"83049","id_parc":"83049_AK_0372"},"geometry":{"type":"MultiPolygon","coordinates":[[[[6.070659,43.246127],[6.070805,43.246206],[6.070905,43.246262],[6.070957,43.246281],[6.071066,43.246354],[6.071063,43.246357],[6.071131,43.246397],[6.071151,43.246376],[6.071155,43.246374],[6.07116,43.246373],[6.071164,43.246375],[6.071202,43.246393],[6.07121,43.246398],[6.071214,43.246404],[6.071214,43.246411],[6.07121,43.246417],[6.071239,43.246436],[6.071057,43.246587],[6.071049,43.246594],[6.070897,43.246444],[6.070665,43.246211],[6.070577,43.246129],[6.070581,43.246116],[6.070586,43.246091],[6.070587,43.246088],[6.070659,43.246127]]]]}},{"type":"Feature","properties":{"numero":"0373","section":"0A","code_insee":"83049","id_parc":"83049_0A_0373"},"geometry":{"type":"MultiPolygon","coordinates":[[[[6.060131,43.255609],[6.060173,43.255537],[6.060641,43.255699],[6.060645,43.255705],[6.060513,43.25583],[6.060448,43.255813],[6.060105,43.255713],[6.060092,43.25571],[6.060074,43.255704],[6.060131,43.255609]]]]}},{"type":"Feature","properties":{"numero":"3739","section":"0C","code_insee":"83049","id_parc":"83049_0C_3739"},"geometry":{"type":"MultiPolygon","coordinates":[[[[6.069796,43.248039],[6.069784,43.248039],[6.06953,43.248008],[6.069586,43.247832],[6.069721,43.247829],[6.069745,43.247908],[6.069771,43.247997],[6.069905,43.248001],[6.069904,43.248029],[6.069797,43.248024],[6.069796,43.248039]]]]}},{"type":"Feature","properties":{"numero":"3740","section":"0C","code_insee":"83049","id_parc":"83049_0C_3740"},"geometry":{"type":"MultiPolygon","coordinates":[[[[6.069771,43.247997],[6.069745,43.247908],[6.069721,43.247829],[6.069899,43.247826],[6.069953,43.247815],[6.069963,43.247875],[6.06997,43.247919],[6.069973,43.247942],[6.069935,43.247983],[6.069907,43.247985],[6.069905,43.248001],[6.069771,43.247997]]]]}},{"type":"Feature","properties":{"numero":"3741","section":"0C","code_insee":"83049","id_parc":"83049_0C_3741"},"geometry":{"type":"MultiPolygon","coordinates":[[[[6.069993,43.247872],[6.069963,43.247875],[6.069953,43.247815],[6.070001,43.247806],[6.070151,43.247776],[6.070161,43.247852],[6.07017,43.247919],[6.070176,43.247963],[6.070145,43.247965],[6.070084,43.247971],[6.070034,43.247937],[6.070024,43.24787],[6.069993,43.247872]]]]}},{"type":"Feature","properties":{"numero":"3742","section":"0C","code_insee":"83049","id_parc":"83049_0C_3742"},"geometry":{"type":"MultiPolygon","coordinates":[[[[6.07017,43.247919],[6.070161,43.247852],[6.070151,43.247776],[6.070247,43.247757],[6.070351,43.247762],[6.070298,43.247842],[6.070317,43.247977],[6.070297,43.247972],[6.070285,43.24797],[6.070274,43.247968],[6.070254,43.247965],[6.07023,43.247962],[6.0702,43.247961],[6.070176,43.247963],[6.07017,43.247919]]]]}},{"type":"Feature","properties":{"numero":"3743","section":"0C","code_insee":"83049","id_parc":"83049_0C_3743"},"geometry":{"type":"MultiPolygon","coordinates":[[[[6.070317,43.247977],[6.070298,43.247842],[6.070351,43.247762],[6.07045,43.247767],[6.070535,43.247771],[6.070464,43.247864],[6.070471,43.247931],[6.070486,43.248014],[6.070458,43.248016],[6.070429,43.248013],[6.070402,43.248006],[6.070364,43.247991],[6.070317,43.247977]]]]}},{"type":"Feature","properties":{"numero":"3744","section":"0C","code_insee":"83049","id_parc":"83049_0C_3744"},"geometry":{"type":"MultiPolygon","coordinates":[[[[6.070535,43.247771],[6.070699,43.247779],[6.070705,43.247779],[6.070697,43.247795],[6.070721,43.247801],[6.070716,43.247814],[6.070705,43.247838],[6.070683,43.247888],[6.070674,43.247901],[6.070663,43.247912],[6.070544,43.247994],[6.070531,43.248001],[6.070516,43.248007],[6.070501,43.248011],[6.070486,43.248014],[6.070471,43.247931],[6.070464,43.247864],[6.070535,43.247771]]]]}},{"type":"Feature","properties":{"numero":"3745","section":"0C","code_insee":"83049","id_parc":"83049_0C_3745"},"geometry":{"type":"MultiPolygon","coordinates":[[[[6.07074,43.247904],[6.070785,43.247802],[6.070808,43.247784],[6.07074,43.247924],[6.070662,43.247986],[6.07047,43.248119],[6.070386,43.248066],[6.070258,43.248023],[6.069998,43.248025],[6.069927,43.248044],[6.069796,43.248039],[6.069797,43.248024],[6.069904,43.248029],[6.069913,43.24803],[6.070202,43.248006],[6.070247,43.248009],[6.07029,43.248017],[6.070332,43.248029],[6.070372,43.248045],[6.070404,43.248054],[6.070431,43.248083],[6.070492,43.248084],[6.070539,43.248048],[6.070563,43.248039],[6.070585,43.248027],[6.070707,43.247943],[6.070726,43.247924],[6.07074,43.247904]]]]}},{"type":"Feature","properties":{"numero":"3746","section":"0C","code_insee":"83049","id_parc":"83049_0C_3746"},"geometry":{"type":"MultiPolygon","coordinates":[[[[6.070721,43.247801],[6.070697,43.247795],[6.070705,43.247779],[6.070808,43.247784],[6.070785,43.247802],[6.07074,43.247904],[6.070726,43.247924],[6.070707,43.247943],[6.070585,43.248027],[6.070563,43.248039],[6.070539,43.248048],[6.070492,43.248084],[6.070431,43.248083],[6.070404,43.248054],[6.070372,43.248045],[6.070332,43.248029],[6.07029,43.248017],[6.070247,43.248009],[6.070202,43.248006],[6.069913,43.24803],[6.069904,43.248029],[6.069905,43.248001],[6.069907,43.247985],[6.069935,43.247983],[6.069973,43.247942],[6.06997,43.247919],[6.069963,43.247875],[6.069993,43.247872],[6.070024,43.24787],[6.070034,43.247937],[6.070084,43.247971],[6.070145,43.247965],[6.070176,43.247963],[6.0702,43.247961],[6.07023,43.247962],[6.070254,43.247965],[6.070274,43.247968],[6.070285,43.24797],[6.070297,43.247972],[6.070317,43.247977],[6.070364,43.247991],[6.070402,43.248006],[6.070429,43.248013],[6.070458,43.248016],[6.070486,43.248014],[6.070501,43.248011],[6.070516,43.248007],[6.070531,43.248001],[6.070544,43.247994],[6.070663,43.247912],[6.070674,43.247901],[6.070683,43.247888],[6.070705,43.247838],[6.070716,43.247814],[6.070721,43.247801]]]]}},{"type":"Feature","properties":{"numero":"0375","section":"0A","code_insee":"83049","id_parc":"83049_0A_0375"},"geometry":{"type":"MultiPolygon","coordinates":[[[[6.061287,43.255038],[6.06114,43.255229],[6.061045,43.25535],[6.060446,43.255253],[6.060883,43.254667],[6.06143,43.254846],[6.061287,43.255038]]]]}},{"type":"Feature","properties":{"numero":"0376","section":"0A","code_insee":"83049","id_parc":"83049_0A_0376"},"geometry":{"type":"MultiPolygon","coordinates":[[[[6.060034,43.253713],[6.060063,43.253676],[6.060076,43.253661],[6.060417,43.253977],[6.060563,43.254111],[6.060608,43.254153],[6.060999,43.254512],[6.060883,43.254667],[6.060446,43.255253],[6.060439,43.255263],[6.060277,43.255131],[6.060119,43.254998],[6.059989,43.254886],[6.059746,43.254769],[6.05957,43.254693],[6.059653,43.254409],[6.059743,43.254155],[6.059806,43.254022],[6.059875,43.253929],[6.059947,43.253837],[6.059987,43.253789],[6.060009,43.25375],[6.060034,43.253713]]]]}},{"type":"Feature","properties":{"numero":"3761","section":"0C","code_insee":"83049","id_parc":"83049_0C_3761"},"geometry":{"type":"MultiPolygon","coordinates":[[[[6.069888,43.247],[6.069842,43.246955],[6.069769,43.246883],[6.069799,43.246869],[6.069844,43.24685],[6.06989,43.246927],[6.069875,43.246935],[6.069998,43.247066],[6.070022,43.247091],[6.070056,43.247072],[6.070092,43.247052],[6.070068,43.247027],[6.070035,43.247046],[6.069984,43.246996],[6.07004,43.246968],[6.070009,43.246936],[6.070037,43.246919],[6.069935,43.246814],[6.070004,43.246776],[6.070107,43.2467],[6.070162,43.246651],[6.070288,43.24652],[6.070421,43.246413],[6.070525,43.246445],[6.07063,43.246688],[6.070676,43.24685],[6.070713,43.246899],[6.07022,43.24702],[6.070221,43.247098],[6.070166,43.247126],[6.070152,43.247252],[6.070028,43.247136],[6.069996,43.247105],[6.069888,43.247]]]]}},{"type":"Feature","properties":{"numero":"3762","section":"0C","code_insee":"83049","id_parc":"83049_0C_3762"},"geometry":{"type":"MultiPolygon","coordinates":[[[[6.069233,43.247433],[6.069053,43.24723],[6.069769,43.246883],[6.069842,43.246955],[6.069888,43.247],[6.069996,43.247105],[6.070028,43.247136],[6.070152,43.247252],[6.07015,43.247254],[6.070122,43.247287],[6.070103,43.247308],[6.069814,43.247568],[6.069784,43.247589],[6.069768,43.247599],[6.069732,43.247621],[6.069676,43.247651],[6.069565,43.247808],[6.069405,43.247627],[6.06939,43.24761],[6.069233,43.247433]]]]}},{"type":"Feature","properties":{"numero":"3763","section":"0C","code_insee":"83049","id_parc":"83049_0C_3763"},"geometry":{"type":"MultiPolygon","coordinates":[[[[6.070221,43.247119],[6.070159,43.247239],[6.070152,43.247252],[6.070166,43.247126],[6.070221,43.247098],[6.070221,43.247119]]]]}},{"type":"Feature","properties":{"numero":"0377","section":"0A","code_insee":"83049","id_parc":"83049_0A_0377"},"geometry":{"type":"MultiPolygon","coordinates":[[[[6.061467,43.254796],[6.06143,43.254846],[6.060883,43.254667],[6.060999,43.254512],[6.061104,43.254376],[6.061693,43.254568],[6.061649,43.254685],[6.061579,43.254738],[6.061551,43.254769],[6.06153,43.254816],[6.061467,43.254796]]]]}},{"type":"Feature","properties":{"numero":"0378","section":"0A","code_insee":"83049","id_parc":"83049_0A_0378"},"geometry":{"type":"MultiPolygon","coordinates":[[[[6.0617,43.254499],[6.0617,43.254522],[6.061693,43.254568],[6.061104,43.254376],[6.061189,43.254265],[6.061659,43.254414],[6.061674,43.254432],[6.061686,43.254454],[6.061695,43.254476],[6.0617,43.254499]]]]}},{"type":"Feature","properties":{"numero":"0379","section":"0A","code_insee":"83049","id_parc":"83049_0A_0379"},"geometry":{"type":"MultiPolygon","coordinates":[[[[6.060791,43.253876],[6.0609,43.25381],[6.061075,43.253722],[6.06103,43.253869],[6.061028,43.253938],[6.061057,43.254066],[6.061078,43.254112],[6.061124,43.254138],[6.061204,43.25415],[6.061352,43.254159],[6.061411,43.254167],[6.061485,43.254207],[6.061659,43.254414],[6.061189,43.254265],[6.061104,43.254376],[6.060735,43.254002],[6.060747,43.253933],[6.060791,43.253876]]]]}},{"type":"Feature","properties":{"numero":"0038","section":"AD","code_insee":"83049","id_parc":"83049_AD_0038"},"geometry":{"type":"MultiPolygon","coordinates":[[[[6.067202,43.240744],[6.067208,43.240742],[6.067276,43.240705],[6.067434,43.240995],[6.067405,43.241003],[6.067314,43.240995],[6.06726,43.240997],[6.067218,43.240991],[6.067205,43.240973],[6.067185,43.240946],[6.067133,43.240873],[6.067129,43.240867],[6.067064,43.240783],[6.067137,43.240759],[6.06718,43.240754],[6.067202,43.240744]]]]}},{"type":"Feature","properties":{"numero":"0038","section":"AH","code_insee":"83049","id_parc":"83049_AH_0038"},"geometry":{"type":"MultiPolygon","coordinates":[[[[6.058711,43.247015],[6.058661,43.246959],[6.058527,43.246812],[6.058459,43.246738],[6.05855,43.24673],[6.058643,43.246708],[6.058689,43.246693],[6.05875,43.246671],[6.058912,43.246594],[6.058951,43.246578],[6.058985,43.246565],[6.059011,43.246559],[6.059052,43.246563],[6.059065,43.246596],[6.059075,43.246622],[6.059151,43.246772],[6.059172,43.246814],[6.059259,43.246981],[6.059269,43.247004],[6.05924,43.247012],[6.059247,43.247026],[6.059322,43.24718],[6.059456,43.247455],[6.059158,43.247564],[6.059032,43.247407],[6.058879,43.247215],[6.05882,43.247143],[6.058711,43.247015]]]]}},{"type":"Feature","properties":{"numero":"0038","section":"AI","code_insee":"83049","id_parc":"83049_AI_0038"},"geometry":{"type":"MultiPolygon","coordinates":[[[[6.068087,43.240921],[6.068223,43.24115],[6.068143,43.241207],[6.067996,43.241314],[6.067936,43.241358],[6.067911,43.241375],[6.067882,43.241397],[6.067932,43.241439],[6.067942,43.241446],[6.067937,43.241466],[6.067943,43.241472],[6.067904,43.241495],[6.067883,43.241507],[6.067839,43.241533],[6.067794,43.241558],[6.067602,43.241673],[6.067499,43.241735],[6.067412,43.241785],[6.067276,43.241866],[6.067174,43.241924],[6.067106,43.241964],[6.067089,43.241972],[6.067067,43.241939],[6.067036,43.241911],[6.06702,43.241905],[6.067,43.241906],[6.066976,43.241914],[6.06697,43.241903],[6.066921,43.241809],[6.066906,43.24178],[6.066895,43.241759],[6.066951,43.241738],[6.066978,43.241727],[6.067084,43.241679],[6.067175,43.241609],[6.06725,43.241521],[6.067457,43.241278],[6.06747,43.241263],[6.067527,43.241196],[6.067656,43.241044],[6.067717,43.240984],[6.067762,43.240939],[6.067848,43.240854],[6.067922,43.240781],[6.067974,43.24073],[6.068087,43.240921]]]]}},{"type":"Feature","properties":{"numero":"0380","section":"0B","code_insee":"83049","id_parc":"83049_0B_0380"},"geometry":{"type":"MultiPolygon","coordinates":[[[[6.063066,43.260041],[6.063355,43.259849],[6.063436,43.259795],[6.063544,43.259712],[6.063688,43.259884],[6.063768,43.25993],[6.063839,43.25999],[6.063904,43.26003],[6.063603,43.260196],[6.063545,43.260228],[6.06334,43.260342],[6.063063,43.260487],[6.062651,43.260306],[6.062773,43.26023],[6.063066,43.260041]]]]}},{"type":"Feature","properties":{"numero":"0380","section":"0A","code_insee":"83049","id_parc":"83049_0A_0380"},"geometry":{"type":"MultiPolygon","coordinates":[[[[6.060972,43.253343],[6.061011,43.253437],[6.061055,43.253529],[6.061087,43.253632],[6.061075,43.253722],[6.0609,43.25381],[6.060791,43.253876],[6.060747,43.253933],[6.060735,43.254002],[6.061104,43.254376],[6.060999,43.254512],[6.060608,43.254153],[6.060563,43.254111],[6.060417,43.253977],[6.060076,43.253661],[6.060254,43.253501],[6.060434,43.25329],[6.060418,43.253285],[6.060501,43.253193],[6.060704,43.252826],[6.060912,43.252459],[6.060977,43.25232],[6.061176,43.252303],[6.061242,43.252297],[6.06132,43.252289],[6.061099,43.252533],[6.061041,43.252674],[6.061093,43.252835],[6.061187,43.252992],[6.061094,43.253068],[6.061018,43.253156],[6.060927,43.253227],[6.060958,43.253306],[6.060972,43.253343]]]]}},{"type":"Feature","properties":{"numero":"0381","section":"0A","code_insee":"83049","id_parc":"83049_0A_0381"},"geometry":{"type":"MultiPolygon","coordinates":[[[[6.06103,43.253293],[6.061035,43.253415],[6.061055,43.253529],[6.061011,43.253437],[6.060972,43.253343],[6.060958,43.253306],[6.060927,43.253227],[6.061018,43.253156],[6.061094,43.253068],[6.061187,43.252992],[6.061093,43.252835],[6.061041,43.252674],[6.061099,43.252533],[6.06132,43.252289],[6.061428,43.252282],[6.061402,43.252336],[6.061377,43.252351],[6.061352,43.252371],[6.061331,43.252393],[6.06131,43.252425],[6.061308,43.252476],[6.061283,43.252514],[6.061349,43.252765],[6.061473,43.252912],[6.061473,43.252944],[6.061453,43.252971],[6.061387,43.253034],[6.06115,43.253151],[6.061083,43.253199],[6.061046,43.253236],[6.06103,43.253293]]]]}},{"type":"Feature","properties":{"numero":"0382","section":"0A","code_insee":"83049","id_parc":"83049_0A_0382"},"geometry":{"type":"MultiPolygon","coordinates":[[[[6.061236,43.25226],[6.061242,43.252297],[6.061176,43.252303],[6.061172,43.252265],[6.061236,43.25226]]]]}},{"type":"Feature","properties":{"numero":"0383","section":"0A","code_insee":"83049","id_parc":"83049_0A_0383"},"geometry":{"type":"MultiPolygon","coordinates":[[[[6.061236,43.25226],[6.061172,43.252265],[6.061176,43.252303],[6.060977,43.25232],[6.061042,43.252171],[6.061169,43.251694],[6.061504,43.251719],[6.061607,43.25173],[6.061665,43.251737],[6.061683,43.251737],[6.061782,43.251736],[6.061765,43.251818],[6.061735,43.251882],[6.061606,43.252029],[6.061454,43.252226],[6.061428,43.252282],[6.06132,43.252289],[6.061242,43.252297],[6.061236,43.25226]]]]}},{"type":"Feature","properties":{"numero":"0385","section":"0A","code_insee":"83049","id_parc":"83049_0A_0385"},"geometry":{"type":"MultiPolygon","coordinates":[[[[6.06121,43.253705],[6.061439,43.254078],[6.061431,43.254103],[6.06135,43.254127],[6.061176,43.254105],[6.061138,43.254079],[6.061105,43.253955],[6.061119,43.253826],[6.06119,43.253699],[6.06121,43.253705]]]]}},{"type":"Feature","properties":{"numero":"0388","section":"0C","code_insee":"83049","id_parc":"83049_0C_0388"},"geometry":{"type":"MultiPolygon","coordinates":[[[[6.070529,43.248628],[6.070608,43.248488],[6.070739,43.248531],[6.070684,43.248634],[6.070797,43.248671],[6.070742,43.248771],[6.070545,43.248712],[6.07049,43.248696],[6.070529,43.248628]]]]}},{"type":"Feature","properties":{"numero":"0389","section":"0C","code_insee":"83049","id_parc":"83049_0C_0389"},"geometry":{"type":"MultiPolygon","coordinates":[[[[6.070739,43.248531],[6.071368,43.248704],[6.071487,43.248753],[6.071395,43.248807],[6.071275,43.248816],[6.071239,43.248858],[6.071173,43.248982],[6.070815,43.248851],[6.070525,43.248744],[6.070545,43.248712],[6.070742,43.248771],[6.070797,43.248671],[6.070684,43.248634],[6.070739,43.248531]]]]}},{"type":"Feature","properties":{"numero":"0039","section":"AH","code_insee":"83049","id_parc":"83049_AH_0039"},"geometry":{"type":"MultiPolygon","coordinates":[[[[6.059541,43.247495],[6.059456,43.247455],[6.059322,43.24718],[6.05946,43.247231],[6.059493,43.247244],[6.059584,43.247287],[6.059616,43.247301],[6.059671,43.247383],[6.059662,43.247384],[6.059639,43.247386],[6.059581,43.247518],[6.059541,43.247495]]]]}},{"type":"Feature","properties":{"numero":"0039","section":"AI","code_insee":"83049","id_parc":"83049_AI_0039"},"geometry":{"type":"MultiPolygon","coordinates":[[[[6.067936,43.241358],[6.067996,43.241314],[6.068143,43.241207],[6.068212,43.24126],[6.068317,43.241341],[6.068418,43.241414],[6.068397,43.241421],[6.068326,43.241447],[6.068295,43.241458],[6.068129,43.241517],[6.068124,43.241508],[6.068059,43.241423],[6.068015,43.241405],[6.068007,43.241412],[6.067987,43.241397],[6.067936,43.241358]]]]}},{"type":"Feature","properties":{"numero":"0391","section":"0A","code_insee":"83049","id_parc":"83049_0A_0391"},"geometry":{"type":"MultiPolygon","coordinates":[[[[6.063433,43.253613],[6.063347,43.253589],[6.063367,43.253552],[6.063453,43.253577],[6.063433,43.253613]]]]}},{"type":"Feature","properties":{"numero":"0392","section":"AK","code_insee":"83049","id_parc":"83049_AK_0392"},"geometry":{"type":"MultiPolygon","coordinates":[[[[6.070702,43.246805],[6.070686,43.246752],[6.070656,43.246665],[6.070698,43.246668],[6.070747,43.246669],[6.070798,43.246667],[6.070969,43.246576],[6.071023,43.246629],[6.071036,43.246642],[6.071062,43.246668],[6.071153,43.246733],[6.071198,43.246748],[6.071251,43.246769],[6.071308,43.246796],[6.071304,43.2468],[6.071271,43.246827],[6.071176,43.246908],[6.071157,43.246924],[6.071065,43.247004],[6.071051,43.247016],[6.071029,43.247034],[6.07096,43.24709],[6.070938,43.247069],[6.070894,43.247033],[6.070799,43.246934],[6.070746,43.246878],[6.070741,43.246872],[6.070733,43.246862],[6.070702,43.246805]]]]}},{"type":"Feature","properties":{"numero":"0393","section":"AK","code_insee":"83049","id_parc":"83049_AK_0393"},"geometry":{"type":"MultiPolygon","coordinates":[[[[6.070656,43.246665],[6.070638,43.246612],[6.070608,43.246538],[6.070672,43.246525],[6.070832,43.24644],[6.070929,43.246538],[6.070969,43.246576],[6.070798,43.246667],[6.070747,43.246669],[6.070698,43.246668],[6.070656,43.246665]]]]}},{"type":"Feature","properties":{"numero":"0393","section":"0A","code_insee":"83049","id_parc":"83049_0A_0393"},"geometry":{"type":"MultiPolygon","coordinates":[[[[6.064073,43.252801],[6.063997,43.252892],[6.063924,43.252985],[6.06389,43.252976],[6.063821,43.252957],[6.063699,43.252933],[6.063354,43.252814],[6.063007,43.252697],[6.062909,43.252664],[6.063043,43.252564],[6.063068,43.252553],[6.063271,43.252565],[6.063321,43.252587],[6.063527,43.25262],[6.063558,43.252623],[6.063683,43.252636],[6.063807,43.252651],[6.063952,43.252677],[6.064128,43.252714],[6.064147,43.252718],[6.064073,43.252801]]]]}},{"type":"Feature","properties":{"numero":"0394","section":"AK","code_insee":"83049","id_parc":"83049_AK_0394"},"geometry":{"type":"MultiPolygon","coordinates":[[[[6.070596,43.246508],[6.070547,43.246384],[6.070586,43.246312],[6.07062,43.246227],[6.070626,43.246232],[6.07068,43.246288],[6.070779,43.246386],[6.070832,43.24644],[6.070672,43.246525],[6.070608,43.246538],[6.070596,43.246508]]]]}},{"type":"Feature","properties":{"numero":"0394","section":"0A","code_insee":"83049","id_parc":"83049_0A_0394"},"geometry":{"type":"MultiPolygon","coordinates":[[[[6.061745,43.252873],[6.061719,43.252721],[6.061742,43.252565],[6.062487,43.252514],[6.063028,43.252477],[6.063012,43.252556],[6.062827,43.252698],[6.062652,43.252785],[6.062505,43.252842],[6.062296,43.252883],[6.062068,43.252892],[6.06184,43.252926],[6.061739,43.252937],[6.061745,43.252873]]]]}},{"type":"Feature","properties":{"numero":"0394","section":"0C","code_insee":"83049","id_parc":"83049_0C_0394"},"geometry":{"type":"MultiPolygon","coordinates":[[[[6.071112,43.248298],[6.071039,43.248278],[6.070546,43.248094],[6.070626,43.248037],[6.07067,43.248014],[6.070718,43.247978],[6.070783,43.247904],[6.071253,43.24799],[6.071368,43.248011],[6.071336,43.248078],[6.071313,43.248124],[6.071404,43.248151],[6.071488,43.248177],[6.071485,43.248185],[6.071399,43.248375],[6.071112,43.248298]]]]}},{"type":"Feature","properties":{"numero":"0395","section":"0A","code_insee":"83049","id_parc":"83049_0A_0395"},"geometry":{"type":"MultiPolygon","coordinates":[[[[6.061932,43.252137],[6.061939,43.252036],[6.062587,43.252116],[6.062487,43.252514],[6.061742,43.252565],[6.061836,43.252357],[6.061932,43.252137]]]]}},{"type":"Feature","properties":{"numero":"0396","section":"0A","code_insee":"83049","id_parc":"83049_0A_0396"},"geometry":{"type":"MultiPolygon","coordinates":[[[[6.063115,43.252176],[6.063028,43.252477],[6.062487,43.252514],[6.062587,43.252116],[6.063115,43.252176]]]]}},{"type":"Feature","properties":{"numero":"0396","section":"0C","code_insee":"83049","id_parc":"83049_0C_0396"},"geometry":{"type":"MultiPolygon","coordinates":[[[[6.070783,43.247904],[6.070802,43.247872],[6.070826,43.247814],[6.07149,43.247915],[6.07146,43.248028],[6.071368,43.248011],[6.071253,43.24799],[6.070783,43.247904]]]]}},{"type":"Feature","properties":{"numero":"0397","section":"0A","code_insee":"83049","id_parc":"83049_0A_0397"},"geometry":{"type":"MultiPolygon","coordinates":[[[[6.063139,43.252167],[6.063299,43.251832],[6.063364,43.251769],[6.06351,43.251828],[6.063234,43.252545],[6.063092,43.25254],[6.063029,43.252546],[6.063056,43.252442],[6.063139,43.252167]]]]}},{"type":"Feature","properties":{"numero":"0399","section":"0A","code_insee":"83049","id_parc":"83049_0A_0399"},"geometry":{"type":"MultiPolygon","coordinates":[[[[6.06356,43.252463],[6.063389,43.252525],[6.063358,43.252534],[6.063366,43.252512],[6.063332,43.252507],[6.063344,43.252473],[6.063362,43.252476],[6.063378,43.252438],[6.063396,43.252441],[6.063408,43.252405],[6.063597,43.252443],[6.06356,43.252463]]]]}},{"type":"Feature","properties":{"numero":"0004","section":"AB","code_insee":"83049","id_parc":"83049_AB_0004"},"geometry":{"type":"MultiPolygon","coordinates":[[[[6.070214,43.238875],[6.070247,43.23885],[6.070327,43.238812],[6.070338,43.238824],[6.070401,43.238891],[6.070306,43.238967],[6.070249,43.239013],[6.07024,43.239021],[6.070214,43.239043],[6.070173,43.239053],[6.070142,43.239045],[6.070113,43.238948],[6.07015,43.238921],[6.070214,43.238875]]]]}},{"type":"Feature","properties":{"numero":"0004","section":"AD","code_insee":"83049","id_parc":"83049_AD_0004"},"geometry":{"type":"MultiPolygon","coordinates":[[[[6.065014,43.241334],[6.06508,43.241299],[6.065323,43.241173],[6.065355,43.241197],[6.064753,43.241501],[6.064722,43.241477],[6.065014,43.241334]]]]}},{"type":"Feature","properties":{"numero":"0004","section":"AH","code_insee":"83049","id_parc":"83049_AH_0004"},"geometry":{"type":"MultiPolygon","coordinates":[[[[6.055504,43.247355],[6.055451,43.247383],[6.055372,43.247422],[6.055368,43.24741],[6.055355,43.247396],[6.055353,43.247394],[6.055305,43.247313],[6.055302,43.247308],[6.0553,43.247305],[6.05527,43.247244],[6.055247,43.247198],[6.055182,43.247118],[6.055084,43.247017],[6.055081,43.247014],[6.055045,43.246973],[6.055026,43.246963],[6.05514,43.246916],[6.055233,43.246879],[6.055366,43.24683],[6.055468,43.246791],[6.055502,43.246787],[6.055532,43.246792],[6.055548,43.246798],[6.055559,43.246806],[6.055584,43.246826],[6.055711,43.246926],[6.055741,43.246954],[6.055615,43.247021],[6.05549,43.247093],[6.055661,43.247275],[6.055601,43.247307],[6.055504,43.247355]]]]}},{"type":"Feature","properties":{"numero":"0004","section":"AI","code_insee":"83049","id_parc":"83049_AI_0004"},"geometry":{"type":"MultiPolygon","coordinates":[[[[6.066896,43.241965],[6.066929,43.241944],[6.066976,43.241914],[6.067,43.241906],[6.06702,43.241905],[6.067036,43.241911],[6.067067,43.241939],[6.067089,43.241972],[6.067086,43.241974],[6.067126,43.242034],[6.067086,43.242052],[6.067001,43.242088],[6.066764,43.24219],[6.06673,43.242205],[6.06668,43.242226],[6.066675,43.242228],[6.066672,43.242229],[6.066627,43.242248],[6.066382,43.242352],[6.066252,43.242183],[6.066267,43.242183],[6.066339,43.242151],[6.066373,43.242139],[6.066403,43.242129],[6.066431,43.242122],[6.066478,43.242114],[6.066517,43.242109],[6.066572,43.242103],[6.066619,43.242096],[6.066663,43.242086],[6.06671,43.24207],[6.066759,43.242047],[6.066786,43.242034],[6.06682,43.242013],[6.066869,43.241982],[6.066896,43.241965]]]]}},{"type":"Feature","properties":{"numero":"0040","section":"AD","code_insee":"83049","id_parc":"83049_AD_0040"},"geometry":{"type":"MultiPolygon","coordinates":[[[[6.067517,43.240574],[6.067381,43.240648],[6.067362,43.240658],[6.067276,43.240705],[6.067208,43.240742],[6.067202,43.240744],[6.06718,43.240754],[6.067137,43.240759],[6.067064,43.240783],[6.067062,43.240779],[6.067135,43.240756],[6.067166,43.240737],[6.06719,43.240728],[6.067475,43.240571],[6.067841,43.240382],[6.06785,43.240389],[6.067817,43.24041],[6.067802,43.240418],[6.06762,43.240517],[6.067517,43.240574]]]]}},{"type":"Feature","properties":{"numero":"0040","section":"AH","code_insee":"83049","id_parc":"83049_AH_0040"},"geometry":{"type":"MultiPolygon","coordinates":[[[[6.059264,43.247696],[6.059158,43.247564],[6.059456,43.247455],[6.059533,43.247577],[6.059178,43.247922],[6.059259,43.247793],[6.059264,43.247696]]]]}},{"type":"Feature","properties":{"numero":"0040","section":"AI","code_insee":"83049","id_parc":"83049_AI_0040"},"geometry":{"type":"MultiPolygon","coordinates":[[[[6.068089,43.241653],[6.068063,43.24162],[6.067943,43.241472],[6.067937,43.241466],[6.067942,43.241446],[6.067932,43.241439],[6.067882,43.241397],[6.067911,43.241375],[6.067936,43.241358],[6.067987,43.241397],[6.068007,43.241412],[6.068015,43.241405],[6.068059,43.241423],[6.068124,43.241508],[6.068129,43.241517],[6.068295,43.241458],[6.068326,43.241447],[6.068397,43.241421],[6.068418,43.241414],[6.068443,43.24143],[6.068428,43.241538],[6.068089,43.241653]]]]}},{"type":"Feature","properties":{"numero":"0400","section":"0A","code_insee":"83049","id_parc":"83049_0A_0400"},"geometry":{"type":"MultiPolygon","coordinates":[[[[6.063359,43.25255],[6.063584,43.252471],[6.063784,43.252366],[6.064343,43.252631],[6.064259,43.252742],[6.064226,43.252735],[6.06424,43.252699],[6.064193,43.252687],[6.064145,43.252676],[6.064128,43.252714],[6.063952,43.252677],[6.063807,43.252651],[6.063683,43.252636],[6.063558,43.252623],[6.063527,43.25262],[6.063321,43.252587],[6.063271,43.252565],[6.063359,43.25255]]]]}},{"type":"Feature","properties":{"numero":"0401","section":"0H","code_insee":"83049","id_parc":"83049_0H_0401"},"geometry":{"type":"MultiPolygon","coordinates":[[[[6.042293,43.241777],[6.042245,43.241696],[6.043013,43.241537],[6.043039,43.241629],[6.043141,43.241809],[6.043166,43.241925],[6.043195,43.24204],[6.043225,43.242142],[6.04329,43.242292],[6.043173,43.242309],[6.042839,43.2423],[6.042684,43.242333],[6.042537,43.242169],[6.042503,43.242128],[6.042461,43.242065],[6.042385,43.241933],[6.042353,43.241879],[6.042293,43.241777]]]]}},{"type":"Feature","properties":{"numero":"0401","section":"0A","code_insee":"83049","id_parc":"83049_0A_0401"},"geometry":{"type":"MultiPolygon","coordinates":[[[[6.064145,43.252676],[6.064193,43.252687],[6.064178,43.252725],[6.064147,43.252718],[6.064128,43.252714],[6.064145,43.252676]]]]}},{"type":"Feature","properties":{"numero":"0402","section":"0H","code_insee":"83049","id_parc":"83049_0H_0402"},"geometry":{"type":"MultiPolygon","coordinates":[[[[6.044871,43.241771],[6.044784,43.241807],[6.044285,43.241957],[6.044181,43.241808],[6.04416,43.241753],[6.044119,43.241596],[6.044086,43.24153],[6.044008,43.241439],[6.046112,43.241012],[6.046127,43.241005],[6.046353,43.240944],[6.046468,43.241192],[6.04628,43.241228],[6.045969,43.241336],[6.045852,43.241379],[6.045501,43.241534],[6.045289,43.24161],[6.045079,43.24169],[6.044871,43.241771]]]]}},{"type":"Feature","properties":{"numero":"0402","section":"0A","code_insee":"83049","id_parc":"83049_0A_0402"},"geometry":{"type":"MultiPolygon","coordinates":[[[[6.064226,43.252735],[6.064178,43.252725],[6.064193,43.252687],[6.06424,43.252699],[6.064226,43.252735]]]]}},{"type":"Feature","properties":{"numero":"0403","section":"0H","code_insee":"83049","id_parc":"83049_0H_0403"},"geometry":{"type":"MultiPolygon","coordinates":[[[[6.046699,43.241072],[6.046689,43.241036],[6.046762,43.241024],[6.046771,43.24106],[6.046699,43.241072]]]]}},{"type":"Feature","properties":{"numero":"0404","section":"0H","code_insee":"83049","id_parc":"83049_0H_0404"},"geometry":{"type":"MultiPolygon","coordinates":[[[[6.047166,43.241037],[6.047328,43.240964],[6.047422,43.240935],[6.047481,43.241187],[6.047373,43.2412],[6.047329,43.241198],[6.047117,43.241161],[6.046948,43.241161],[6.046954,43.24109],[6.047166,43.241037]]]]}},{"type":"Feature","properties":{"numero":"0404","section":"0A","code_insee":"83049","id_parc":"83049_0A_0404"},"geometry":{"type":"MultiPolygon","coordinates":[[[[6.064337,43.252484],[6.064364,43.252455],[6.06441,43.25248],[6.064383,43.252508],[6.064337,43.252484]]]]}},{"type":"Feature","properties":{"numero":"0405","section":"0H","code_insee":"83049","id_parc":"83049_0H_0405"},"geometry":{"type":"MultiPolygon","coordinates":[[[[6.047867,43.240794],[6.048146,43.240713],[6.047975,43.240484],[6.048443,43.240335],[6.048574,43.240492],[6.048901,43.240858],[6.048859,43.240886],[6.048778,43.240909],[6.04863,43.240951],[6.048402,43.240966],[6.048221,43.241003],[6.048052,43.241045],[6.047882,43.241085],[6.047817,43.241099],[6.047691,43.241147],[6.047574,43.241175],[6.047481,43.241187],[6.047422,43.240935],[6.047867,43.240794]]]]}},{"type":"Feature","properties":{"numero":"0405","section":"0A","code_insee":"83049","id_parc":"83049_0A_0405"},"geometry":{"type":"MultiPolygon","coordinates":[[[[6.06447,43.252465],[6.064343,43.252631],[6.063784,43.252366],[6.064034,43.252222],[6.064244,43.252342],[6.064429,43.252443],[6.06447,43.252465]],[[6.06441,43.25248],[6.064364,43.252455],[6.064337,43.252484],[6.064383,43.252508],[6.06441,43.25248]]]]}},{"type":"Feature","properties":{"numero":"0406","section":"0H","code_insee":"83049","id_parc":"83049_0H_0406"},"geometry":{"type":"MultiPolygon","coordinates":[[[[6.048325,43.239876],[6.048523,43.240004],[6.048894,43.240201],[6.048702,43.240247],[6.048622,43.240278],[6.048539,43.240306],[6.048443,43.240335],[6.047975,43.240484],[6.047545,43.240594],[6.047245,43.240654],[6.047196,43.240681],[6.04713,43.240672],[6.047066,43.240704],[6.046784,43.2408],[6.046684,43.24073],[6.046635,43.240664],[6.046367,43.240332],[6.04722,43.240199],[6.0474,43.240164],[6.047668,43.240109],[6.047935,43.240051],[6.048174,43.239955],[6.048325,43.239876]]]]}},{"type":"Feature","properties":{"numero":"0407","section":"0H","code_insee":"83049","id_parc":"83049_0H_0407"},"geometry":{"type":"MultiPolygon","coordinates":[[[[6.046684,43.24073],[6.046784,43.2408],[6.046353,43.240944],[6.046127,43.241005],[6.045766,43.24043],[6.046367,43.240332],[6.046635,43.240664],[6.046684,43.24073]]]]}},{"type":"Feature","properties":{"numero":"0408","section":"0H","code_insee":"83049","id_parc":"83049_0H_0408"},"geometry":{"type":"MultiPolygon","coordinates":[[[[6.046127,43.241005],[6.046112,43.241012],[6.044008,43.241439],[6.04403,43.241275],[6.044082,43.241047],[6.044063,43.24097],[6.044053,43.24093],[6.044102,43.24092],[6.044628,43.240814],[6.044582,43.24052],[6.044437,43.239576],[6.044626,43.239561],[6.044957,43.239541],[6.045279,43.239526],[6.04557,43.240123],[6.045766,43.24043],[6.046127,43.241005]]]]}},{"type":"Feature","properties":{"numero":"0409","section":"AB","code_insee":"83049","id_parc":"83049_AB_0409"},"geometry":{"type":"MultiPolygon","coordinates":[[[[6.070488,43.238042],[6.070498,43.238033],[6.070519,43.238019],[6.070561,43.23799],[6.070595,43.237967],[6.070618,43.237953],[6.070642,43.238019],[6.070626,43.23803],[6.070501,43.238123],[6.070466,43.238147],[6.070422,43.238092],[6.070484,43.238047],[6.070488,43.238042]]]]}},{"type":"Feature","properties":{"numero":"0041","section":"AC","code_insee":"83049","id_parc":"83049_AC_0041"},"geometry":{"type":"MultiPolygon","coordinates":[[[[6.069388,43.238135],[6.069216,43.23808],[6.069227,43.238003],[6.069289,43.238008],[6.069386,43.238016],[6.069406,43.238017],[6.069441,43.23802],[6.069561,43.238029],[6.069388,43.238135]]]]}},{"type":"Feature","properties":{"numero":"0041","section":"AD","code_insee":"83049","id_parc":"83049_AD_0041"},"geometry":{"type":"MultiPolygon","coordinates":[[[[6.067938,43.240326],[6.068021,43.240484],[6.068004,43.240495],[6.067989,43.240486],[6.067948,43.240459],[6.06785,43.240389],[6.067906,43.240348],[6.067938,43.240326]]]]}},{"type":"Feature","properties":{"numero":"0041","section":"AH","code_insee":"83049","id_parc":"83049_AH_0041"},"geometry":{"type":"MultiPolygon","coordinates":[[[[6.059247,43.247026],[6.05924,43.247012],[6.059269,43.247004],[6.059373,43.247016],[6.059419,43.24702],[6.059471,43.247026],[6.059524,43.247029],[6.059578,43.247033],[6.059662,43.247037],[6.059732,43.247041],[6.059884,43.247065],[6.060075,43.24709],[6.060036,43.247157],[6.059867,43.247446],[6.059841,43.247491],[6.05976,43.247606],[6.059701,43.247693],[6.059644,43.247778],[6.059608,43.247826],[6.05955,43.24791],[6.059166,43.247934],[6.059178,43.247922],[6.059533,43.247577],[6.059456,43.247455],[6.059541,43.247495],[6.059581,43.247518],[6.059639,43.247386],[6.059662,43.247384],[6.059671,43.247383],[6.059616,43.247301],[6.059584,43.247287],[6.059493,43.247244],[6.05946,43.247231],[6.059322,43.24718],[6.059247,43.247026]]]]}},{"type":"Feature","properties":{"numero":"0041","section":"AI","code_insee":"83049","id_parc":"83049_AI_0041"},"geometry":{"type":"MultiPolygon","coordinates":[[[[6.068087,43.240921],[6.067974,43.24073],[6.068091,43.240618],[6.068101,43.240637],[6.068406,43.241177],[6.068539,43.241415],[6.06852,43.24142],[6.068443,43.24143],[6.068418,43.241414],[6.068317,43.241341],[6.068212,43.24126],[6.068143,43.241207],[6.068223,43.24115],[6.068087,43.240921]]]]}},{"type":"Feature","properties":{"numero":"0410","section":"AB","code_insee":"83049","id_parc":"83049_AB_0410"},"geometry":{"type":"MultiPolygon","coordinates":[[[[6.070662,43.238087],[6.07064,43.238103],[6.070551,43.238173],[6.070511,43.238205],[6.070466,43.238147],[6.070501,43.238123],[6.070626,43.23803],[6.070642,43.238019],[6.070662,43.238087]]]]}},{"type":"Feature","properties":{"numero":"0410","section":"0H","code_insee":"83049","id_parc":"83049_0H_0410"},"geometry":{"type":"MultiPolygon","coordinates":[[[[6.041879,43.240611],[6.0419,43.240535],[6.041929,43.240419],[6.04253,43.240577],[6.042839,43.240657],[6.043055,43.240658],[6.043044,43.240845],[6.043028,43.241032],[6.043008,43.241218],[6.043001,43.24128],[6.043013,43.241537],[6.042245,43.241696],[6.04212,43.241503],[6.04197,43.241292],[6.041899,43.241197],[6.041847,43.241134],[6.041823,43.24111],[6.041825,43.240855],[6.041825,43.240801],[6.041879,43.240611]]]]}},{"type":"Feature","properties":{"numero":"0410","section":"0A","code_insee":"83049","id_parc":"83049_0A_0410"},"geometry":{"type":"MultiPolygon","coordinates":[[[[6.062943,43.250529],[6.062802,43.250519],[6.062803,43.250495],[6.063065,43.250096],[6.064027,43.250245],[6.063919,43.250508],[6.06387,43.250573],[6.063814,43.250571],[6.063723,43.250568],[6.063544,43.250562],[6.063243,43.250547],[6.062943,43.250529]],[[6.062998,43.250491],[6.06283,43.250474],[6.062824,43.25051],[6.062991,43.250528],[6.062998,43.250491]]]]}},{"type":"Feature","properties":{"numero":"0411","section":"AB","code_insee":"83049","id_parc":"83049_AB_0411"},"geometry":{"type":"MultiPolygon","coordinates":[[[[6.070677,43.23814],[6.070593,43.238207],[6.070551,43.238173],[6.07064,43.238103],[6.070662,43.238087],[6.070677,43.23814]]]]}},{"type":"Feature","properties":{"numero":"0411","section":"0H","code_insee":"83049","id_parc":"83049_0H_0411"},"geometry":{"type":"MultiPolygon","coordinates":[[[[6.043058,43.240064],[6.043104,43.239894],[6.043337,43.23993],[6.043293,43.240097],[6.043203,43.240084],[6.043131,43.240074],[6.043058,43.240064]]]]}},{"type":"Feature","properties":{"numero":"0411","section":"0A","code_insee":"83049","id_parc":"83049_0A_0411"},"geometry":{"type":"MultiPolygon","coordinates":[[[[6.064043,43.250077],[6.064095,43.250085],[6.064027,43.250245],[6.063065,43.250096],[6.063161,43.249941],[6.063451,43.249984],[6.063699,43.250023],[6.064043,43.250077]]]]}},{"type":"Feature","properties":{"numero":"0412","section":"AB","code_insee":"83049","id_parc":"83049_AB_0412"},"geometry":{"type":"MultiPolygon","coordinates":[[[[6.070542,43.238245],[6.070511,43.238205],[6.070551,43.238173],[6.070593,43.238207],[6.070542,43.238245]]]]}},{"type":"Feature","properties":{"numero":"0412","section":"AK","code_insee":"83049","id_parc":"83049_AK_0412"},"geometry":{"type":"MultiPolygon","coordinates":[[[[6.070756,43.245646],[6.070819,43.245657],[6.071038,43.245567],[6.071327,43.245941],[6.071196,43.246042],[6.07117,43.246059],[6.071121,43.246097],[6.071058,43.246146],[6.070985,43.246097],[6.071091,43.246014],[6.070973,43.245981],[6.070904,43.245961],[6.070836,43.245941],[6.070801,43.24593],[6.070767,43.24592],[6.07063,43.24588],[6.070632,43.245867],[6.070633,43.245853],[6.070632,43.245835],[6.070631,43.245821],[6.07063,43.245803],[6.070627,43.245789],[6.070623,43.245771],[6.07062,43.245757],[6.070615,43.245739],[6.070612,43.245726],[6.070607,43.245708],[6.070601,43.245694],[6.070595,43.245677],[6.07059,43.245664],[6.070583,43.245647],[6.070578,43.245634],[6.07057,43.245616],[6.070568,43.245611],[6.070756,43.245646]]]]}},{"type":"Feature","properties":{"numero":"0412","section":"0H","code_insee":"83049","id_parc":"83049_0H_0412"},"geometry":{"type":"MultiPolygon","coordinates":[[[[6.043408,43.238866],[6.043432,43.238896],[6.043406,43.239414],[6.043405,43.239429],[6.042744,43.239733],[6.042671,43.240034],[6.04253,43.240577],[6.041929,43.240419],[6.041931,43.240415],[6.041935,43.2404],[6.041879,43.24036],[6.041858,43.240351],[6.041732,43.240322],[6.041841,43.240087],[6.041897,43.240052],[6.041918,43.239926],[6.042026,43.239908],[6.042024,43.239885],[6.042009,43.239853],[6.04195,43.239789],[6.041927,43.239757],[6.042028,43.239664],[6.042046,43.239647],[6.041906,43.239622],[6.041781,43.239604],[6.041425,43.239592],[6.041322,43.239591],[6.041301,43.23954],[6.041281,43.23949],[6.041327,43.23948],[6.041433,43.239438],[6.041533,43.239396],[6.041719,43.23928],[6.041843,43.239192],[6.041959,43.239182],[6.042215,43.239074],[6.042469,43.238963],[6.042541,43.238931],[6.042589,43.238902],[6.042634,43.238872],[6.042648,43.238862],[6.042781,43.238752],[6.0429,43.238621],[6.043091,43.238769],[6.043159,43.238807],[6.043364,43.238844],[6.043408,43.238866]]]]}},{"type":"Feature","properties":{"numero":"0412","section":"0A","code_insee":"83049","id_parc":"83049_0A_0412"},"geometry":{"type":"MultiPolygon","coordinates":[[[[6.062928,43.250181],[6.062881,43.250166],[6.062902,43.250131],[6.062983,43.250158],[6.062962,43.250193],[6.062928,43.250181]]]]}},{"type":"Feature","properties":{"numero":"0413","section":"AK","code_insee":"83049","id_parc":"83049_AK_0413"},"geometry":{"type":"MultiPolygon","coordinates":[[[[6.070707,43.245363],[6.070737,43.245359],[6.070857,43.245328],[6.070958,43.245463],[6.071038,43.245567],[6.070819,43.245657],[6.070756,43.245646],[6.070762,43.245552],[6.070677,43.245365],[6.070707,43.245363]]]]}},{"type":"Feature","properties":{"numero":"0413","section":"0H","code_insee":"83049","id_parc":"83049_0H_0413"},"geometry":{"type":"MultiPolygon","coordinates":[[[[6.044043,43.239351],[6.043967,43.239343],[6.043973,43.239302],[6.044051,43.239313],[6.044043,43.239351]]]]}},{"type":"Feature","properties":{"numero":"0413","section":"0A","code_insee":"83049","id_parc":"83049_0A_0413"},"geometry":{"type":"MultiPolygon","coordinates":[[[[6.062901,43.249959],[6.062898,43.249935],[6.06289,43.249912],[6.062873,43.249904],[6.06315,43.24994],[6.06313,43.249964],[6.063051,43.250085],[6.062976,43.250208],[6.062787,43.250495],[6.062336,43.250443],[6.062322,43.250433],[6.062307,43.250418],[6.06228,43.250316],[6.062285,43.25027],[6.062298,43.250254],[6.062314,43.25024],[6.062332,43.250228],[6.062354,43.250218],[6.062377,43.250212],[6.062401,43.250208],[6.062426,43.250207],[6.062489,43.250213],[6.062527,43.250213],[6.062564,43.25021],[6.062601,43.250205],[6.062636,43.250196],[6.062657,43.25019],[6.062699,43.250174],[6.062739,43.250156],[6.062776,43.250135],[6.062811,43.250112],[6.062843,43.250086],[6.062858,43.250073],[6.062874,43.250052],[6.062887,43.25003],[6.062896,43.250007],[6.062901,43.249983],[6.062901,43.249959]],[[6.062902,43.250131],[6.062899,43.250137],[6.062881,43.250166],[6.062928,43.250181],[6.062962,43.250193],[6.062983,43.250158],[6.062902,43.250131]]]]}},{"type":"Feature","properties":{"numero":"0414","section":"AK","code_insee":"83049","id_parc":"83049_AK_0414"},"geometry":{"type":"MultiPolygon","coordinates":[[[[6.070762,43.245552],[6.070756,43.245646],[6.070568,43.245611],[6.070565,43.245603],[6.070557,43.245586],[6.070551,43.245573],[6.070544,43.245556],[6.070538,43.245543],[6.07053,43.245526],[6.070524,43.245513],[6.070516,43.245496],[6.070509,43.245484],[6.070501,43.245467],[6.070495,43.245454],[6.070487,43.245437],[6.070481,43.245424],[6.070473,43.245407],[6.070466,43.245395],[6.070458,43.245378],[6.070452,43.245365],[6.070444,43.245348],[6.070543,43.245368],[6.070549,43.24535],[6.070612,43.245362],[6.070677,43.245365],[6.070762,43.245552]]]]}},{"type":"Feature","properties":{"numero":"0414","section":"0H","code_insee":"83049","id_parc":"83049_0H_0414"},"geometry":{"type":"MultiPolygon","coordinates":[[[[6.044957,43.239541],[6.044626,43.239561],[6.043406,43.239414],[6.043432,43.238896],[6.043959,43.23883],[6.044588,43.238733],[6.044732,43.238694],[6.044867,43.238684],[6.044877,43.238663],[6.045104,43.238729],[6.045308,43.238811],[6.045355,43.238826],[6.045755,43.239],[6.045888,43.239046],[6.046022,43.23909],[6.046155,43.239129],[6.046426,43.239238],[6.046272,43.239286],[6.045587,43.239482],[6.045325,43.239523],[6.045279,43.239526],[6.044957,43.239541]],[[6.044043,43.239351],[6.044051,43.239313],[6.043973,43.239302],[6.043967,43.239343],[6.044043,43.239351]]]]}},{"type":"Feature","properties":{"numero":"0414","section":"0A","code_insee":"83049","id_parc":"83049_0A_0414"},"geometry":{"type":"MultiPolygon","coordinates":[[[[6.062824,43.25051],[6.06283,43.250474],[6.062998,43.250491],[6.062991,43.250528],[6.062824,43.25051]]]]}},{"type":"Feature","properties":{"numero":"0415","section":"AK","code_insee":"83049","id_parc":"83049_AK_0415"},"geometry":{"type":"MultiPolygon","coordinates":[[[[6.070543,43.245368],[6.070444,43.245348],[6.070433,43.245329],[6.07052,43.245339],[6.070534,43.245345],[6.070549,43.24535],[6.070543,43.245368]]]]}},{"type":"Feature","properties":{"numero":"0415","section":"0H","code_insee":"83049","id_parc":"83049_0H_0415"},"geometry":{"type":"MultiPolygon","coordinates":[[[[6.046066,43.240176],[6.046367,43.240332],[6.045766,43.24043],[6.04557,43.240123],[6.045279,43.239526],[6.045325,43.239523],[6.045587,43.239482],[6.046066,43.240176]]]]}},{"type":"Feature","properties":{"numero":"0417","section":"0A","code_insee":"83049","id_parc":"83049_0A_0417"},"geometry":{"type":"MultiPolygon","coordinates":[[[[6.063124,43.252164],[6.062737,43.25212],[6.063049,43.251484],[6.063101,43.251501],[6.063295,43.251564],[6.06343,43.251608],[6.063487,43.251627],[6.063275,43.251836],[6.063236,43.251915],[6.063178,43.252039],[6.063124,43.252164]]]]}},{"type":"Feature","properties":{"numero":"0418","section":"AB","code_insee":"83049","id_parc":"83049_AB_0418"},"geometry":{"type":"MultiPolygon","coordinates":[[[[6.07024,43.239021],[6.070249,43.239013],[6.070306,43.238967],[6.070338,43.238989],[6.070394,43.239061],[6.070326,43.239089],[6.070262,43.239115],[6.07024,43.239124],[6.070238,43.239122],[6.070211,43.239133],[6.070202,43.239137],[6.070196,43.23914],[6.070191,43.239145],[6.070185,43.239151],[6.07018,43.239159],[6.070178,43.239167],[6.070178,43.239173],[6.070142,43.239045],[6.070173,43.239053],[6.070214,43.239043],[6.07024,43.239021]]]]}},{"type":"Feature","properties":{"numero":"0418","section":"0H","code_insee":"83049","id_parc":"83049_0H_0418"},"geometry":{"type":"MultiPolygon","coordinates":[[[[6.046229,43.240084],[6.046066,43.240176],[6.045587,43.239482],[6.046272,43.239286],[6.046426,43.239238],[6.046666,43.239321],[6.046795,43.239356],[6.047199,43.239505],[6.047277,43.239516],[6.047187,43.239561],[6.046229,43.240084]],[[6.046779,43.239775],[6.046819,43.239752],[6.046799,43.23973],[6.046756,43.239753],[6.046779,43.239775]]]]}},{"type":"Feature","properties":{"numero":"0419","section":"AB","code_insee":"83049","id_parc":"83049_AB_0419"},"geometry":{"type":"MultiPolygon","coordinates":[[[[6.070511,43.239047],[6.070539,43.239108],[6.070712,43.239301],[6.070671,43.239344],[6.070662,43.239338],[6.070642,43.239326],[6.07064,43.239325],[6.070633,43.239326],[6.070625,43.239327],[6.070603,43.239331],[6.070586,43.239308],[6.070485,43.23918],[6.070438,43.239121],[6.070394,43.239061],[6.070338,43.238989],[6.070306,43.238967],[6.070401,43.238891],[6.070338,43.238824],[6.070327,43.238812],[6.070305,43.23879],[6.070269,43.238756],[6.070291,43.238738],[6.070314,43.238718],[6.070358,43.238682],[6.070345,43.238675],[6.070401,43.238626],[6.070461,43.238663],[6.070465,43.238659],[6.070504,43.238623],[6.070546,43.238581],[6.070565,43.238562],[6.070574,43.238566],[6.070588,43.238553],[6.070596,43.238546],[6.070604,43.238539],[6.070608,43.238542],[6.070666,43.23849],[6.070713,43.238447],[6.07072,43.23844],[6.070699,43.23843],[6.070663,43.238411],[6.070709,43.238366],[6.070747,43.238384],[6.07077,43.238395],[6.070799,43.23841],[6.070832,43.238425],[6.070836,43.238428],[6.070822,43.238441],[6.070841,43.238458],[6.070839,43.238464],[6.070848,43.238466],[6.070879,43.238471],[6.070876,43.238474],[6.070898,43.238487],[6.070931,43.238506],[6.070944,43.238493],[6.07099,43.238519],[6.07098,43.238528],[6.071025,43.238555],[6.071031,43.238559],[6.071028,43.238562],[6.071047,43.238574],[6.07107,43.238588],[6.071067,43.238591],[6.071134,43.23863],[6.071187,43.238662],[6.071242,43.238698],[6.071246,43.238694],[6.071265,43.238703],[6.071278,43.23871],[6.071264,43.238725],[6.071244,43.238745],[6.071231,43.238759],[6.071118,43.238878],[6.070779,43.238687],[6.070513,43.238913],[6.070504,43.238927],[6.070498,43.23894],[6.070494,43.238954],[6.070493,43.238959],[6.070497,43.239001],[6.070511,43.239047]]]]}},{"type":"Feature","properties":{"numero":"0419","section":"0H","code_insee":"83049","id_parc":"83049_0H_0419"},"geometry":{"type":"MultiPolygon","coordinates":[[[[6.045394,43.23866],[6.045409,43.238525],[6.045433,43.238413],[6.045475,43.238419],[6.045563,43.238465],[6.045931,43.238617],[6.04602,43.238528],[6.046196,43.238305],[6.046628,43.238503],[6.046795,43.238595],[6.047123,43.238725],[6.047191,43.238755],[6.047747,43.239015],[6.047558,43.239213],[6.047526,43.239249],[6.047403,43.239384],[6.047277,43.239516],[6.047199,43.239505],[6.046795,43.239356],[6.046666,43.239321],[6.046426,43.239238],[6.046155,43.239129],[6.046022,43.23909],[6.045888,43.239046],[6.045755,43.239],[6.045355,43.238826],[6.045394,43.23866]]]]}},{"type":"Feature","properties":{"numero":"0419","section":"0A","code_insee":"83049","id_parc":"83049_0A_0419"},"geometry":{"type":"MultiPolygon","coordinates":[[[[6.062232,43.251569],[6.062344,43.251598],[6.062447,43.251416],[6.062546,43.251309],[6.062713,43.251374],[6.062826,43.25141],[6.062461,43.252086],[6.061938,43.252022],[6.06195,43.251786],[6.061972,43.251775],[6.062014,43.251751],[6.062053,43.251725],[6.06209,43.251696],[6.062232,43.251569]]]]}},{"type":"Feature","properties":{"numero":"0042","section":"AC","code_insee":"83049","id_parc":"83049_AC_0042"},"geometry":{"type":"MultiPolygon","coordinates":[[[[6.069241,43.238515],[6.069166,43.23859],[6.069091,43.238497],[6.069191,43.238453],[6.069313,43.238401],[6.069332,43.238425],[6.069241,43.238515]]]]}},{"type":"Feature","properties":{"numero":"0042","section":"AD","code_insee":"83049","id_parc":"83049_AD_0042"},"geometry":{"type":"MultiPolygon","coordinates":[[[[6.068002,43.240279],[6.068058,43.240389],[6.068091,43.240454],[6.06808,43.24046],[6.068033,43.240476],[6.068021,43.240484],[6.067938,43.240326],[6.067979,43.240294],[6.068002,43.240279]]]]}},{"type":"Feature","properties":{"numero":"0042","section":"AE","code_insee":"83049","id_parc":"83049_AE_0042"},"geometry":{"type":"MultiPolygon","coordinates":[[[[6.055518,43.237991],[6.055245,43.237971],[6.055261,43.237921],[6.05551,43.237907],[6.057469,43.237465],[6.057569,43.237732],[6.058256,43.237605],[6.0583,43.237867],[6.058345,43.23801],[6.058357,43.238079],[6.058373,43.238164],[6.058323,43.238175],[6.058268,43.238165],[6.058229,43.238177],[6.058183,43.238164],[6.058095,43.238185],[6.05792,43.238197],[6.057889,43.238199],[6.057396,43.238226],[6.057404,43.238108],[6.057408,43.238035],[6.057373,43.23788],[6.057371,43.237754],[6.057003,43.237821],[6.056928,43.237836],[6.056844,43.237853],[6.056698,43.237875],[6.056624,43.237879],[6.056309,43.237932],[6.056101,43.237945],[6.055518,43.237991]]]]}},{"type":"Feature","properties":{"numero":"0042","section":"AH","code_insee":"83049","id_parc":"83049_AH_0042"},"geometry":{"type":"MultiPolygon","coordinates":[[[[6.059841,43.247491],[6.059867,43.247446],[6.060489,43.247513],[6.060353,43.247641],[6.060262,43.247732],[6.060178,43.247816],[6.060099,43.247834],[6.060028,43.247848],[6.060009,43.247849],[6.059969,43.247764],[6.0599,43.247782],[6.059917,43.247819],[6.05955,43.24791],[6.059608,43.247826],[6.059644,43.247778],[6.059701,43.247693],[6.05976,43.247606],[6.059841,43.247491]]]]}},{"type":"Feature","properties":{"numero":"0042","section":"AI","code_insee":"83049","id_parc":"83049_AI_0042"},"geometry":{"type":"MultiPolygon","coordinates":[[[[6.068868,43.241329],[6.068857,43.241334],[6.068621,43.241394],[6.068192,43.240633],[6.068552,43.240553],[6.068838,43.240577],[6.068844,43.240585],[6.068864,43.240613],[6.068887,43.240647],[6.068913,43.240689],[6.068932,43.240726],[6.068941,43.240753],[6.068947,43.240783],[6.068949,43.240807],[6.068948,43.240834],[6.068945,43.240852],[6.068933,43.240887],[6.068908,43.240968],[6.068877,43.241085],[6.068867,43.241123],[6.068859,43.241173],[6.068857,43.241206],[6.068857,43.241262],[6.068859,43.241283],[6.068863,43.241309],[6.068868,43.241329]]]]}},{"type":"Feature","properties":{"numero":"0420","section":"AB","code_insee":"83049","id_parc":"83049_AB_0420"},"geometry":{"type":"MultiPolygon","coordinates":[[[[6.070546,43.238506],[6.070569,43.238519],[6.070604,43.238539],[6.070596,43.238546],[6.070588,43.238553],[6.070574,43.238566],[6.070565,43.238562],[6.070546,43.238581],[6.070492,43.238551],[6.070511,43.238535],[6.070544,43.238505],[6.070546,43.238506]]]]}},{"type":"Feature","properties":{"numero":"0420","section":"0A","code_insee":"83049","id_parc":"83049_0A_0420"},"geometry":{"type":"MultiPolygon","coordinates":[[[[6.06244,43.251413],[6.062113,43.251281],[6.062211,43.251178],[6.062546,43.251309],[6.062447,43.251416],[6.06244,43.251413]]]]}},{"type":"Feature","properties":{"numero":"0421","section":"0H","code_insee":"83049","id_parc":"83049_0H_0421"},"geometry":{"type":"MultiPolygon","coordinates":[[[[6.045969,43.23775],[6.045957,43.237555],[6.045926,43.237394],[6.046006,43.237406],[6.046363,43.237472],[6.046408,43.237497],[6.04648,43.23752],[6.04666,43.237568],[6.046781,43.237607],[6.046885,43.237644],[6.047034,43.237712],[6.047191,43.237788],[6.047347,43.237867],[6.047421,43.237906],[6.047539,43.23798],[6.047737,43.238089],[6.04801,43.23822],[6.048286,43.238375],[6.048376,43.238425],[6.048351,43.238479],[6.048043,43.238787],[6.047959,43.23887],[6.047747,43.239015],[6.047191,43.238755],[6.047123,43.238725],[6.046795,43.238595],[6.046628,43.238503],[6.046196,43.238305],[6.04602,43.238528],[6.045931,43.238617],[6.045563,43.238465],[6.045475,43.238419],[6.045433,43.238413],[6.045352,43.237956],[6.045969,43.23775]],[[6.045716,43.238082],[6.045713,43.238026],[6.045646,43.238027],[6.045648,43.238083],[6.045716,43.238082]],[[6.047488,43.238033],[6.047435,43.238007],[6.047396,43.237988],[6.047353,43.238032],[6.047335,43.23805],[6.047313,43.238072],[6.047354,43.238093],[6.047376,43.238071],[6.047394,43.238052],[6.047448,43.238078],[6.047488,43.238033]]]]}},{"type":"Feature","properties":{"numero":"0421","section":"0A","code_insee":"83049","id_parc":"83049_0A_0421"},"geometry":{"type":"MultiPolygon","coordinates":[[[[6.062339,43.251582],[6.06226,43.251564],[6.062226,43.251556],[6.062232,43.25154],[6.062241,43.251516],[6.061896,43.251462],[6.061899,43.251449],[6.061986,43.251254],[6.062054,43.251116],[6.062211,43.251178],[6.062113,43.251281],[6.06244,43.251413],[6.062339,43.251582]]]]}},{"type":"Feature","properties":{"numero":"0422","section":"0A","code_insee":"83049","id_parc":"83049_0A_0422"},"geometry":{"type":"MultiPolygon","coordinates":[[[[6.061935,43.251612],[6.061932,43.251649],[6.061862,43.251644],[6.061896,43.251462],[6.062241,43.251516],[6.062232,43.25154],[6.062226,43.251556],[6.062083,43.251691],[6.062009,43.251739],[6.061949,43.25177],[6.061951,43.251721],[6.061939,43.25172],[6.061949,43.251613],[6.061935,43.251612]]]]}},{"type":"Feature","properties":{"numero":"0423","section":"0H","code_insee":"83049","id_parc":"83049_0H_0423"},"geometry":{"type":"MultiPolygon","coordinates":[[[[6.044834,43.238122],[6.044971,43.238082],[6.045352,43.237956],[6.045433,43.238413],[6.045391,43.238406],[6.045216,43.238393],[6.045178,43.238335],[6.045132,43.238296],[6.044834,43.238122]]]]}},{"type":"Feature","properties":{"numero":"0424","section":"0H","code_insee":"83049","id_parc":"83049_0H_0424"},"geometry":{"type":"MultiPolygon","coordinates":[[[[6.045216,43.238393],[6.045391,43.238406],[6.045433,43.238413],[6.045409,43.238525],[6.045394,43.23866],[6.045355,43.238826],[6.045308,43.238811],[6.045104,43.238729],[6.044877,43.238663],[6.044386,43.238524],[6.044204,43.238443],[6.044067,43.238411],[6.04404,43.238384],[6.044244,43.238321],[6.044395,43.238257],[6.044834,43.238122],[6.045132,43.238296],[6.045178,43.238335],[6.045216,43.238393]]]]}},{"type":"Feature","properties":{"numero":"0425","section":"0A","code_insee":"83049","id_parc":"83049_0A_0425"},"geometry":{"type":"MultiPolygon","coordinates":[[[[6.061504,43.251719],[6.061169,43.251694],[6.061224,43.251391],[6.061563,43.251442],[6.061504,43.251719]]]]}},{"type":"Feature","properties":{"numero":"0425","section":"0H","code_insee":"83049","id_parc":"83049_0H_0425"},"geometry":{"type":"MultiPolygon","coordinates":[[[[6.043894,43.238574],[6.043836,43.238507],[6.043853,43.238353],[6.04404,43.238384],[6.044067,43.238411],[6.044204,43.238443],[6.044386,43.238524],[6.044877,43.238663],[6.044867,43.238684],[6.044732,43.238694],[6.044588,43.238733],[6.043959,43.23883],[6.043954,43.238811],[6.043942,43.238759],[6.043935,43.238707],[6.044091,43.238695],[6.044068,43.238562],[6.043894,43.238574]]]]}},{"type":"Feature","properties":{"numero":"0426","section":"0H","code_insee":"83049","id_parc":"83049_0H_0426"},"geometry":{"type":"MultiPolygon","coordinates":[[[[6.044068,43.238562],[6.044091,43.238695],[6.043935,43.238707],[6.043928,43.238669],[6.043921,43.238631],[6.043921,43.238625],[6.043916,43.238607],[6.043907,43.23859],[6.043894,43.238574],[6.044068,43.238562]]]]}},{"type":"Feature","properties":{"numero":"0426","section":"0A","code_insee":"83049","id_parc":"83049_0A_0426"},"geometry":{"type":"MultiPolygon","coordinates":[[[[6.061843,43.251448],[6.061675,43.251426],[6.061231,43.251357],[6.061278,43.251104],[6.061329,43.250858],[6.061309,43.250824],[6.061259,43.250788],[6.062091,43.250863],[6.062124,43.250904],[6.062177,43.250942],[6.062175,43.250955],[6.062038,43.251058],[6.061922,43.251262],[6.061843,43.251448]]]]}},{"type":"Feature","properties":{"numero":"0427","section":"0H","code_insee":"83049","id_parc":"83049_0H_0427"},"geometry":{"type":"MultiPolygon","coordinates":[[[[6.043954,43.238811],[6.043959,43.23883],[6.043432,43.238896],[6.043408,43.238866],[6.043364,43.238844],[6.043159,43.238807],[6.043091,43.238769],[6.0429,43.238621],[6.042933,43.238563],[6.043032,43.238403],[6.043073,43.238347],[6.043103,43.238308],[6.043144,43.238264],[6.043188,43.238224],[6.043238,43.238184],[6.043293,43.238152],[6.043671,43.238285],[6.043853,43.238353],[6.043836,43.238507],[6.043894,43.238574],[6.043907,43.23859],[6.043916,43.238607],[6.043921,43.238625],[6.043921,43.238631],[6.043928,43.238669],[6.043935,43.238707],[6.043942,43.238759],[6.043954,43.238811]]]]}},{"type":"Feature","properties":{"numero":"0428","section":"0A","code_insee":"83049","id_parc":"83049_0A_0428"},"geometry":{"type":"MultiPolygon","coordinates":[[[[6.062187,43.250057],[6.062171,43.249959],[6.062162,43.249903],[6.062207,43.249905],[6.062372,43.249909],[6.062382,43.249823],[6.062386,43.249791],[6.062467,43.249822],[6.062501,43.250166],[6.062452,43.250168],[6.062393,43.250173],[6.062335,43.250181],[6.062278,43.250213],[6.062224,43.250205],[6.062219,43.2502],[6.062187,43.250057]]]]}},{"type":"Feature","properties":{"numero":"0429","section":"0H","code_insee":"83049","id_parc":"83049_0H_0429"},"geometry":{"type":"MultiPolygon","coordinates":[[[[6.045908,43.237129],[6.04591,43.237302],[6.045926,43.237394],[6.045957,43.237555],[6.045969,43.23775],[6.045352,43.237956],[6.044971,43.238082],[6.044834,43.238122],[6.044395,43.238257],[6.044244,43.238321],[6.04404,43.238384],[6.043853,43.238353],[6.043671,43.238285],[6.043712,43.238215],[6.043722,43.238194],[6.043728,43.238173],[6.04373,43.238151],[6.043728,43.23813],[6.043722,43.238108],[6.043693,43.23799],[6.043823,43.237902],[6.04391,43.237824],[6.043974,43.237657],[6.04409,43.237563],[6.044179,43.237436],[6.044359,43.237302],[6.044423,43.237246],[6.044497,43.237177],[6.044567,43.237106],[6.04467,43.237125],[6.044709,43.237114],[6.044827,43.236966],[6.044905,43.236938],[6.044968,43.236941],[6.045046,43.236941],[6.045124,43.236939],[6.045172,43.236934],[6.04522,43.236926],[6.045266,43.236914],[6.045333,43.236892],[6.045379,43.236872],[6.045485,43.236827],[6.045593,43.236785],[6.045703,43.236746],[6.045808,43.236699],[6.045963,43.236611],[6.045965,43.236852],[6.045825,43.236862],[6.045731,43.2369],[6.045737,43.236911],[6.045825,43.236876],[6.045951,43.236869],[6.045944,43.236971],[6.045908,43.237129]],[[6.0446,43.23766],[6.044643,43.237621],[6.044585,43.237588],[6.044541,43.237629],[6.044507,43.237661],[6.044564,43.237693],[6.0446,43.23766]]]]}},{"type":"Feature","properties":{"numero":"0429","section":"0A","code_insee":"83049","id_parc":"83049_0A_0429"},"geometry":{"type":"MultiPolygon","coordinates":[[[[6.062162,43.249903],[6.062167,43.249784],[6.062386,43.249791],[6.062382,43.249823],[6.062372,43.249909],[6.062207,43.249905],[6.062162,43.249903]]]]}},{"type":"Feature","properties":{"numero":"0043","section":"AC","code_insee":"83049","id_parc":"83049_AC_0043"},"geometry":{"type":"MultiPolygon","coordinates":[[[[6.069191,43.238453],[6.069091,43.238497],[6.069048,43.238443],[6.069148,43.238399],[6.069269,43.238346],[6.069313,43.238401],[6.069191,43.238453]]]]}},{"type":"Feature","properties":{"numero":"0043","section":"AD","code_insee":"83049","id_parc":"83049_AD_0043"},"geometry":{"type":"MultiPolygon","coordinates":[[[[6.068207,43.240309],[6.068263,43.240353],[6.068307,43.240386],[6.068277,43.240391],[6.068204,43.240407],[6.06812,43.240436],[6.068091,43.240454],[6.068058,43.240389],[6.068002,43.240279],[6.068085,43.240216],[6.068102,43.240229],[6.068207,43.240309]]]]}},{"type":"Feature","properties":{"numero":"0043","section":"AH","code_insee":"83049","id_parc":"83049_AH_0043"},"geometry":{"type":"MultiPolygon","coordinates":[[[[6.060522,43.247144],[6.060596,43.247152],[6.060607,43.247155],[6.060603,43.24716],[6.060502,43.247261],[6.060501,43.247276],[6.060647,43.247362],[6.060501,43.247501],[6.060489,43.247513],[6.059867,43.247446],[6.060036,43.247157],[6.060075,43.24709],[6.060193,43.247106],[6.060195,43.247102],[6.060209,43.247104],[6.060369,43.247129],[6.060443,43.247136],[6.060522,43.247144]]]]}},{"type":"Feature","properties":{"numero":"0043","section":"AI","code_insee":"83049","id_parc":"83049_AI_0043"},"geometry":{"type":"MultiPolygon","coordinates":[[[[6.068838,43.240577],[6.068552,43.240553],[6.068192,43.240633],[6.068156,43.24057],[6.068214,43.240535],[6.068738,43.240483],[6.068743,43.240482],[6.068763,43.240496],[6.068827,43.240565],[6.068838,43.240577]]]]}},{"type":"Feature","properties":{"numero":"0430","section":"0A","code_insee":"83049","id_parc":"83049_0A_0430"},"geometry":{"type":"MultiPolygon","coordinates":[[[[6.062501,43.250166],[6.062467,43.249822],[6.062647,43.249728],[6.062812,43.249899],[6.062839,43.249936],[6.062837,43.24995],[6.062831,43.249978],[6.062821,43.250006],[6.062807,43.250033],[6.062789,43.250059],[6.062767,43.250083],[6.062742,43.250105],[6.062727,43.250114],[6.062692,43.25013],[6.062654,43.250143],[6.062615,43.250154],[6.062575,43.250162],[6.062501,43.250166]]]]}},{"type":"Feature","properties":{"numero":"0432","section":"0H","code_insee":"83049","id_parc":"83049_0H_0432"},"geometry":{"type":"MultiPolygon","coordinates":[[[[6.043825,43.237877],[6.043663,43.23799],[6.043722,43.238108],[6.043728,43.23813],[6.04373,43.238151],[6.043728,43.238173],[6.043722,43.238194],[6.043712,43.238215],[6.043671,43.238285],[6.043293,43.238152],[6.043257,43.238019],[6.043235,43.237975],[6.04347,43.237285],[6.043516,43.237147],[6.043687,43.237097],[6.043822,43.237029],[6.043934,43.236957],[6.043955,43.237046],[6.043963,43.237076],[6.043949,43.237653],[6.043884,43.237824],[6.043825,43.237877]]]]}},{"type":"Feature","properties":{"numero":"0432","section":"0A","code_insee":"83049","id_parc":"83049_0A_0432"},"geometry":{"type":"MultiPolygon","coordinates":[[[[6.062601,43.249294],[6.062514,43.249423],[6.06239,43.24942],[6.062398,43.248778],[6.062431,43.248781],[6.062464,43.248854],[6.062546,43.248991],[6.062578,43.249107],[6.06261,43.249159],[6.062608,43.249234],[6.062601,43.249294]]]]}},{"type":"Feature","properties":{"numero":"0433","section":"0A","code_insee":"83049","id_parc":"83049_0A_0433"},"geometry":{"type":"MultiPolygon","coordinates":[[[[6.062431,43.248781],[6.062398,43.248778],[6.062075,43.248514],[6.062046,43.24847],[6.062004,43.248432],[6.06193,43.248382],[6.061859,43.24833],[6.061791,43.248275],[6.061774,43.248266],[6.061797,43.248251],[6.061918,43.248325],[6.061992,43.248355],[6.062206,43.248434],[6.062259,43.24847],[6.06232,43.248528],[6.062362,43.248585],[6.062394,43.248645],[6.062431,43.248781]]]]}},{"type":"Feature","properties":{"numero":"0434","section":"0A","code_insee":"83049","id_parc":"83049_0A_0434"},"geometry":{"type":"MultiPolygon","coordinates":[[[[6.062075,43.248514],[6.062398,43.248778],[6.06239,43.24942],[6.061991,43.249412],[6.061987,43.249061],[6.062044,43.248905],[6.062078,43.248773],[6.062083,43.248677],[6.062075,43.248514]]]]}},{"type":"Feature","properties":{"numero":"0436","section":"0A","code_insee":"83049","id_parc":"83049_0A_0436"},"geometry":{"type":"MultiPolygon","coordinates":[[[[6.060918,43.250735],[6.060646,43.250695],[6.06063,43.250692],[6.06065,43.250631],[6.060899,43.249887],[6.061183,43.249922],[6.061112,43.250188],[6.061058,43.250579],[6.061064,43.250671],[6.06117,43.250769],[6.060918,43.250735]]]]}},{"type":"Feature","properties":{"numero":"0437","section":"0A","code_insee":"83049","id_parc":"83049_0A_0437"},"geometry":{"type":"MultiPolygon","coordinates":[[[[6.060579,43.25058],[6.060559,43.250607],[6.06051,43.250672],[6.060031,43.25056],[6.059998,43.250449],[6.060004,43.250408],[6.060069,43.250343],[6.060179,43.250134],[6.060191,43.250075],[6.0602,43.250012],[6.060244,43.249929],[6.060277,43.249795],[6.060632,43.249852],[6.060899,43.249887],[6.06065,43.250631],[6.060625,43.250624],[6.060638,43.250597],[6.060579,43.25058]]]]}},{"type":"Feature","properties":{"numero":"0438","section":"0A","code_insee":"83049","id_parc":"83049_0A_0438"},"geometry":{"type":"MultiPolygon","coordinates":[[[[6.06065,43.250631],[6.06063,43.250692],[6.06051,43.250672],[6.060559,43.250607],[6.060579,43.25058],[6.060638,43.250597],[6.060625,43.250624],[6.06065,43.250631]]]]}},{"type":"Feature","properties":{"numero":"0439","section":"0A","code_insee":"83049","id_parc":"83049_0A_0439"},"geometry":{"type":"MultiPolygon","coordinates":[[[[6.059909,43.25071],[6.059937,43.25065],[6.060023,43.250581],[6.060031,43.25056],[6.06051,43.250672],[6.06063,43.250692],[6.060646,43.250695],[6.060918,43.250735],[6.06117,43.250769],[6.061285,43.250849],[6.061114,43.251733],[6.061056,43.251943],[6.060884,43.251898],[6.060445,43.251832],[6.060258,43.2518],[6.059675,43.251681],[6.05969,43.251666],[6.059751,43.251575],[6.059777,43.251548],[6.059833,43.251516],[6.059859,43.251462],[6.059886,43.251317],[6.059921,43.251239],[6.059922,43.251178],[6.059897,43.25108],[6.059896,43.251029],[6.059924,43.250943],[6.059922,43.250893],[6.059903,43.250755],[6.059909,43.25071]],[[6.060618,43.251329],[6.060399,43.251318],[6.060391,43.251412],[6.060433,43.251414],[6.060484,43.251418],[6.060609,43.251426],[6.060618,43.251329]]]]}},{"type":"Feature","properties":{"numero":"0044","section":"AC","code_insee":"83049","id_parc":"83049_AC_0044"},"geometry":{"type":"MultiPolygon","coordinates":[[[[6.069269,43.238346],[6.069148,43.238399],[6.069048,43.238443],[6.069004,43.238389],[6.069031,43.238377],[6.069069,43.238361],[6.069104,43.238346],[6.069154,43.238325],[6.069164,43.23832],[6.069286,43.238268],[6.069252,43.238324],[6.069269,43.238346]]]]}},{"type":"Feature","properties":{"numero":"0044","section":"AD","code_insee":"83049","id_parc":"83049_AD_0044"},"geometry":{"type":"MultiPolygon","coordinates":[[[[6.068085,43.240216],[6.068094,43.240208],[6.068171,43.24013],[6.068464,43.240357],[6.068307,43.240386],[6.068263,43.240353],[6.068207,43.240309],[6.068102,43.240229],[6.068085,43.240216]]]]}},{"type":"Feature","properties":{"numero":"0044","section":"AE","code_insee":"83049","id_parc":"83049_AE_0044"},"geometry":{"type":"MultiPolygon","coordinates":[[[[6.0583,43.237867],[6.058499,43.237824],[6.058862,43.237708],[6.058945,43.23784],[6.059002,43.23793],[6.059084,43.238068],[6.059094,43.238108],[6.058939,43.23812],[6.058771,43.238135],[6.058688,43.238142],[6.058619,43.23815],[6.058552,43.238156],[6.058373,43.238164],[6.058357,43.238079],[6.058345,43.23801],[6.0583,43.237867]]]]}},{"type":"Feature","properties":{"numero":"0044","section":"AH","code_insee":"83049","id_parc":"83049_AH_0044"},"geometry":{"type":"MultiPolygon","coordinates":[[[[6.060975,43.24676],[6.061003,43.246729],[6.061031,43.2467],[6.061092,43.246702],[6.061297,43.246731],[6.061236,43.246792],[6.060993,43.247081],[6.060915,43.247156],[6.06068,43.24733],[6.060647,43.247362],[6.060501,43.247276],[6.060502,43.247261],[6.060603,43.24716],[6.060607,43.247155],[6.060653,43.247105],[6.060719,43.247034],[6.060829,43.246921],[6.060957,43.246779],[6.060975,43.24676]]]]}},{"type":"Feature","properties":{"numero":"0044","section":"AI","code_insee":"83049","id_parc":"83049_AI_0044"},"geometry":{"type":"MultiPolygon","coordinates":[[[[6.068621,43.241394],[6.068708,43.241548],[6.068777,43.241669],[6.068949,43.241972],[6.068875,43.242006],[6.068856,43.241972],[6.068697,43.241693],[6.068558,43.241448],[6.068539,43.241415],[6.068406,43.241177],[6.068101,43.240637],[6.068091,43.240618],[6.068118,43.240592],[6.068156,43.24057],[6.068192,43.240633],[6.068621,43.241394]]]]}},{"type":"Feature","properties":{"numero":"0440","section":"0A","code_insee":"83049","id_parc":"83049_0A_0440"},"geometry":{"type":"MultiPolygon","coordinates":[[[[6.060618,43.251329],[6.060609,43.251426],[6.060484,43.251418],[6.060433,43.251414],[6.060391,43.251412],[6.060399,43.251318],[6.060618,43.251329]]]]}},{"type":"Feature","properties":{"numero":"0442","section":"0A","code_insee":"83049","id_parc":"83049_0A_0442"},"geometry":{"type":"MultiPolygon","coordinates":[[[[6.059657,43.252343],[6.059689,43.252685],[6.059343,43.253014],[6.059221,43.252948],[6.058624,43.252623],[6.058302,43.252447],[6.058323,43.252424],[6.058403,43.252357],[6.058535,43.252256],[6.058622,43.25222],[6.058683,43.252165],[6.058787,43.252135],[6.059024,43.251977],[6.0591,43.25196],[6.059227,43.251902],[6.059244,43.251889],[6.059272,43.251924],[6.059295,43.251989],[6.059593,43.25229],[6.059614,43.252293],[6.059657,43.252343]]]]}},{"type":"Feature","properties":{"numero":"0443","section":"0A","code_insee":"83049","id_parc":"83049_0A_0443"},"geometry":{"type":"MultiPolygon","coordinates":[[[[6.059689,43.252685],[6.059736,43.253241],[6.059343,43.253014],[6.059689,43.252685]],[[6.05972,43.253163],[6.05971,43.253114],[6.059599,43.253118],[6.059605,43.253148],[6.059641,43.253166],[6.05972,43.253163]]]]}},{"type":"Feature","properties":{"numero":"0444","section":"0A","code_insee":"83049","id_parc":"83049_0A_0444"},"geometry":{"type":"MultiPolygon","coordinates":[[[[6.05972,43.253163],[6.059641,43.253166],[6.059605,43.253148],[6.059599,43.253118],[6.05971,43.253114],[6.05972,43.253163]]]]}},{"type":"Feature","properties":{"numero":"0445","section":"0A","code_insee":"83049","id_parc":"83049_0A_0445"},"geometry":{"type":"MultiPolygon","coordinates":[[[[6.060417,43.252401],[6.060251,43.252937],[6.060093,43.253447],[6.059878,43.253323],[6.059937,43.25301],[6.059992,43.252697],[6.060047,43.25235],[6.060244,43.252377],[6.060417,43.252401]]]]}},{"type":"Feature","properties":{"numero":"0446","section":"0A","code_insee":"83049","id_parc":"83049_0A_0446"},"geometry":{"type":"MultiPolygon","coordinates":[[[[6.060301,43.252956],[6.060316,43.252951],[6.06053,43.252999],[6.060522,43.253019],[6.060499,43.253075],[6.060384,43.253051],[6.060299,43.253033],[6.060287,43.253026],[6.060277,43.253016],[6.060271,43.253006],[6.060269,43.252994],[6.060272,43.252982],[6.060278,43.252972],[6.060288,43.252963],[6.060301,43.252956]]]]}},{"type":"Feature","properties":{"numero":"0447","section":"0A","code_insee":"83049","id_parc":"83049_0A_0447"},"geometry":{"type":"MultiPolygon","coordinates":[[[[6.060483,43.253104],[6.060365,43.253264],[6.060167,43.253488],[6.060093,43.253447],[6.060251,43.252937],[6.060316,43.252951],[6.060301,43.252956],[6.060288,43.252963],[6.060278,43.252972],[6.060272,43.252982],[6.060269,43.252994],[6.060271,43.253006],[6.060277,43.253016],[6.060287,43.253026],[6.060299,43.253033],[6.060384,43.253051],[6.060499,43.253075],[6.060493,43.253091],[6.060483,43.253104]]]]}},{"type":"Feature","properties":{"numero":"0448","section":"0A","code_insee":"83049","id_parc":"83049_0A_0448"},"geometry":{"type":"MultiPolygon","coordinates":[[[[6.060061,43.253523],[6.060105,43.253546],[6.060074,43.253577],[6.060031,43.253553],[6.060061,43.253523]]]]}},{"type":"Feature","properties":{"numero":"0449","section":"AK","code_insee":"83049","id_parc":"83049_AK_0449"},"geometry":{"type":"MultiPolygon","coordinates":[[[[6.06989,43.244765],[6.06986,43.244746],[6.069821,43.244721],[6.069848,43.244686],[6.070013,43.244467],[6.07018,43.244477],[6.070116,43.244616],[6.070074,43.24469],[6.069995,43.244835],[6.069977,43.244822],[6.069915,43.244781],[6.06989,43.244765]]]]}},{"type":"Feature","properties":{"numero":"0449","section":"0A","code_insee":"83049","id_parc":"83049_0A_0449"},"geometry":{"type":"MultiPolygon","coordinates":[[[[6.058129,43.252596],[6.058234,43.252521],[6.058302,43.252447],[6.058624,43.252623],[6.059221,43.252948],[6.059343,43.253014],[6.059736,43.253241],[6.059878,43.253323],[6.060093,43.253447],[6.060167,43.253488],[6.060105,43.253546],[6.060061,43.253523],[6.060031,43.253553],[6.060074,43.253577],[6.05997,43.253675],[6.059923,43.253778],[6.059808,43.25391],[6.059742,43.254017],[6.058654,43.253617],[6.057994,43.253376],[6.0575,43.253195],[6.057767,43.252864],[6.057946,43.252729],[6.058129,43.252596]]]]}},{"type":"Feature","properties":{"numero":"0045","section":"AC","code_insee":"83049","id_parc":"83049_AC_0045"},"geometry":{"type":"MultiPolygon","coordinates":[[[[6.069136,43.238259],[6.069243,43.238214],[6.069286,43.238268],[6.069164,43.23832],[6.069154,43.238325],[6.069104,43.238346],[6.069069,43.238361],[6.069031,43.238377],[6.068988,43.238323],[6.069025,43.238307],[6.069041,43.2383],[6.069111,43.23827],[6.069122,43.238265],[6.069136,43.238259]]]]}},{"type":"Feature","properties":{"numero":"0045","section":"AD","code_insee":"83049","id_parc":"83049_AD_0045"},"geometry":{"type":"MultiPolygon","coordinates":[[[[6.068503,43.240358],[6.068464,43.240357],[6.068171,43.24013],[6.068178,43.240122],[6.068201,43.240096],[6.068503,43.240358]]]]}},{"type":"Feature","properties":{"numero":"0045","section":"AE","code_insee":"83049","id_parc":"83049_AE_0045"},"geometry":{"type":"MultiPolygon","coordinates":[[[[6.060151,43.238023],[6.060142,43.238024],[6.059896,43.238063],[6.059471,43.238083],[6.059212,43.238113],[6.059111,43.238107],[6.059094,43.238108],[6.059084,43.238068],[6.059002,43.23793],[6.058945,43.23784],[6.058862,43.237708],[6.058738,43.237542],[6.058698,43.237506],[6.058829,43.23739],[6.058837,43.237401],[6.058939,43.237368],[6.05927,43.237252],[6.059335,43.237228],[6.059363,43.237222],[6.059417,43.237213],[6.059462,43.23721],[6.059539,43.23721],[6.05954,43.237205],[6.059538,43.237201],[6.059531,43.237193],[6.059523,43.237184],[6.059511,43.237175],[6.059492,43.237162],[6.059491,43.237155],[6.059493,43.237143],[6.059497,43.237129],[6.059507,43.237119],[6.059667,43.237135],[6.059707,43.237179],[6.059695,43.237183],[6.059682,43.237199],[6.059694,43.237213],[6.059752,43.237275],[6.059842,43.237409],[6.059884,43.237471],[6.06001,43.237592],[6.06009,43.237695],[6.06015,43.237769],[6.06024,43.237807],[6.060271,43.237817],[6.060335,43.237835],[6.060395,43.237853],[6.060439,43.237866],[6.060509,43.237887],[6.06059,43.237931],[6.060549,43.237939],[6.060151,43.238023]],[[6.059803,43.237796],[6.059848,43.237775],[6.059768,43.23768],[6.059723,43.2377],[6.059803,43.237796]],[[6.059251,43.237725],[6.059307,43.237707],[6.059248,43.237608],[6.059191,43.237626],[6.059251,43.237725]]]]}},{"type":"Feature","properties":{"numero":"0045","section":"AH","code_insee":"83049","id_parc":"83049_AH_0045"},"geometry":{"type":"MultiPolygon","coordinates":[[[[6.060327,43.246926],[6.060364,43.246871],[6.060517,43.246642],[6.060592,43.246672],[6.060637,43.246682],[6.060735,43.246691],[6.061031,43.2467],[6.061003,43.246729],[6.060975,43.24676],[6.060957,43.246779],[6.060829,43.246921],[6.060719,43.247034],[6.060653,43.247105],[6.060607,43.247155],[6.060596,43.247152],[6.060522,43.247144],[6.060443,43.247136],[6.060369,43.247129],[6.060209,43.247104],[6.060327,43.246926]]]]}},{"type":"Feature","properties":{"numero":"0045","section":"AI","code_insee":"83049","id_parc":"83049_AI_0045"},"geometry":{"type":"MultiPolygon","coordinates":[[[[6.068916,43.241485],[6.068979,43.241607],[6.068777,43.241669],[6.068708,43.241548],[6.068621,43.241394],[6.068857,43.241334],[6.068866,43.24137],[6.068869,43.241376],[6.068901,43.241456],[6.068916,43.241485]]]]}},{"type":"Feature","properties":{"numero":"0450","section":"0A","code_insee":"83049","id_parc":"83049_0A_0450"},"geometry":{"type":"MultiPolygon","coordinates":[[[[6.059038,43.254536],[6.058796,43.254472],[6.058712,43.254469],[6.058768,43.254366],[6.058568,43.254309],[6.058543,43.254356],[6.058529,43.254381],[6.058458,43.254512],[6.058231,43.254555],[6.058308,43.254406],[6.058713,43.253652],[6.059738,43.254026],[6.059623,43.254329],[6.059598,43.254345],[6.05951,43.254669],[6.059275,43.254601],[6.059038,43.254536]]]]}},{"type":"Feature","properties":{"numero":"0451","section":"0A","code_insee":"83049","id_parc":"83049_0A_0451"},"geometry":{"type":"MultiPolygon","coordinates":[[[[6.058712,43.254469],[6.058652,43.254476],[6.058458,43.254512],[6.058529,43.254381],[6.058543,43.254356],[6.058568,43.254309],[6.058768,43.254366],[6.058712,43.254469]]]]}},{"type":"Feature","properties":{"numero":"0452","section":"0A","code_insee":"83049","id_parc":"83049_0A_0452"},"geometry":{"type":"MultiPolygon","coordinates":[[[[6.058236,43.254566],[6.058672,43.254488],[6.058775,43.254484],[6.058683,43.254671],[6.058236,43.254566]]]]}},{"type":"Feature","properties":{"numero":"0458","section":"0A","code_insee":"83049","id_parc":"83049_0A_0458"},"geometry":{"type":"MultiPolygon","coordinates":[[[[6.056106,43.253749],[6.056041,43.253684],[6.05597,43.253509],[6.056177,43.253331],[6.056374,43.253158],[6.056416,43.253121],[6.056423,43.253114],[6.056545,43.253007],[6.056308,43.253015],[6.056096,43.253021],[6.056098,43.253017],[6.056191,43.252946],[6.056252,43.25285],[6.056279,43.252817],[6.056308,43.252786],[6.056342,43.252756],[6.056376,43.252704],[6.056451,43.25271],[6.056608,43.252724],[6.056764,43.25274],[6.056888,43.252766],[6.057134,43.252858],[6.057213,43.252891],[6.057399,43.252944],[6.057537,43.252964],[6.057635,43.252998],[6.057491,43.253181],[6.057412,43.253298],[6.057,43.253843],[6.056927,43.253935],[6.056828,43.254021],[6.056652,43.254153],[6.056588,43.25412],[6.05654,43.254083],[6.056333,43.253906],[6.056312,43.253893],[6.05624,43.253847],[6.056172,43.253799],[6.056106,43.253749]]]]}},{"type":"Feature","properties":{"numero":"0459","section":"0A","code_insee":"83049","id_parc":"83049_0A_0459"},"geometry":{"type":"MultiPolygon","coordinates":[[[[6.056314,43.253121],[6.05631,43.253054],[6.056308,43.253015],[6.056545,43.253007],[6.056423,43.253114],[6.056416,43.253121],[6.056381,43.253121],[6.056348,43.253121],[6.056314,43.253121]]]]}},{"type":"Feature","properties":{"numero":"0046","section":"AC","code_insee":"83049","id_parc":"83049_AC_0046"},"geometry":{"type":"MultiPolygon","coordinates":[[[[6.069111,43.23827],[6.069041,43.2383],[6.068997,43.238245],[6.069034,43.238229],[6.069009,43.238198],[6.069034,43.238187],[6.069035,43.238186],[6.069041,43.238178],[6.06909,43.238098],[6.069171,43.238123],[6.069243,43.238214],[6.069136,43.238259],[6.069122,43.238265],[6.069111,43.23827]]]]}},{"type":"Feature","properties":{"numero":"0046","section":"AD","code_insee":"83049","id_parc":"83049_AD_0046"},"geometry":{"type":"MultiPolygon","coordinates":[[[[6.068673,43.240376],[6.068639,43.240361],[6.068503,43.240358],[6.068201,43.240096],[6.068389,43.239882],[6.068343,43.240012],[6.068412,43.240025],[6.068435,43.239956],[6.068489,43.239967],[6.068495,43.239982],[6.068548,43.240094],[6.068654,43.24033],[6.068673,43.240376]]]]}},{"type":"Feature","properties":{"numero":"0046","section":"AH","code_insee":"83049","id_parc":"83049_AH_0046"},"geometry":{"type":"MultiPolygon","coordinates":[[[[6.060364,43.246871],[6.060327,43.246926],[6.060209,43.247104],[6.060195,43.247102],[6.060193,43.247106],[6.060075,43.24709],[6.059884,43.247065],[6.059732,43.247041],[6.059662,43.247037],[6.059771,43.246897],[6.059594,43.246644],[6.059562,43.24658],[6.059619,43.246574],[6.05993,43.24654],[6.060016,43.246533],[6.060108,43.24653],[6.060207,43.246535],[6.060329,43.246566],[6.060446,43.246614],[6.060517,43.246642],[6.060364,43.246871]]]]}},{"type":"Feature","properties":{"numero":"0046","section":"AI","code_insee":"83049","id_parc":"83049_AI_0046"},"geometry":{"type":"MultiPolygon","coordinates":[[[[6.068539,43.241462],[6.068535,43.241454],[6.068558,43.241448],[6.068697,43.241693],[6.068675,43.2417],[6.068606,43.241578],[6.068539,43.241462]]]]}},{"type":"Feature","properties":{"numero":"0460","section":"0A","code_insee":"83049","id_parc":"83049_0A_0460"},"geometry":{"type":"MultiPolygon","coordinates":[[[[6.055934,43.253392],[6.056068,43.253072],[6.056096,43.253021],[6.056308,43.253015],[6.05631,43.253054],[6.056314,43.253121],[6.056348,43.253121],[6.056381,43.253121],[6.056416,43.253121],[6.056374,43.253158],[6.056177,43.253331],[6.05597,43.253509],[6.055934,43.253392]]]]}},{"type":"Feature","properties":{"numero":"0461","section":"0A","code_insee":"83049","id_parc":"83049_0A_0461"},"geometry":{"type":"MultiPolygon","coordinates":[[[[6.055907,43.253634],[6.05593,43.253508],[6.055956,43.253505],[6.056024,43.253688],[6.056101,43.253765],[6.05618,43.253822],[6.056261,43.253877],[6.056328,43.253919],[6.056422,43.253996],[6.056513,43.254075],[6.056561,43.254118],[6.056631,43.254162],[6.056601,43.254168],[6.056509,43.254163],[6.056372,43.25413],[6.056165,43.254109],[6.056011,43.254062],[6.05598,43.254039],[6.055947,43.253998],[6.055941,43.253973],[6.055945,43.253917],[6.055911,43.253728],[6.055907,43.253634]]]]}},{"type":"Feature","properties":{"numero":"0462","section":"0H","code_insee":"83049","id_parc":"83049_0H_0462"},"geometry":{"type":"MultiPolygon","coordinates":[[[[6.049308,43.238133],[6.049321,43.238119],[6.049288,43.23806],[6.049351,43.238022],[6.049451,43.237979],[6.049449,43.237921],[6.049494,43.237742],[6.049544,43.237566],[6.049701,43.236961],[6.049776,43.236794],[6.049815,43.236789],[6.049857,43.236796],[6.049976,43.236878],[6.050003,43.236904],[6.05006,43.236998],[6.050202,43.23716],[6.050527,43.237516],[6.050524,43.237526],[6.050593,43.237597],[6.050771,43.237798],[6.050822,43.23785],[6.050893,43.237962],[6.050752,43.237966],[6.050689,43.237976],[6.050597,43.23799],[6.050402,43.237991],[6.05017,43.238002],[6.050101,43.238062],[6.050054,43.238082],[6.049919,43.238076],[6.049832,43.238094],[6.049685,43.238114],[6.049341,43.238191],[6.049308,43.238133]]]]}},{"type":"Feature","properties":{"numero":"0462","section":"0A","code_insee":"83049","id_parc":"83049_0A_0462"},"geometry":{"type":"MultiPolygon","coordinates":[[[[6.055585,43.253952],[6.055697,43.254039],[6.055717,43.253502],[6.055766,43.253341],[6.055635,43.253312],[6.055775,43.253164],[6.055894,43.253273],[6.055886,43.25334],[6.055916,43.253381],[6.055913,43.253388],[6.055956,43.253505],[6.05593,43.253508],[6.055907,43.253634],[6.055911,43.253728],[6.055945,43.253917],[6.055941,43.253973],[6.055947,43.253998],[6.05598,43.254039],[6.056011,43.254062],[6.056001,43.254067],[6.055837,43.254158],[6.055641,43.254185],[6.055472,43.254024],[6.055585,43.253952]]]]}},{"type":"Feature","properties":{"numero":"0463","section":"0A","code_insee":"83049","id_parc":"83049_0A_0463"},"geometry":{"type":"MultiPolygon","coordinates":[[[[6.055466,43.253348],[6.055516,43.253286],[6.055635,43.253312],[6.055766,43.253341],[6.055717,43.253502],[6.055529,43.253437],[6.055427,43.253396],[6.055466,43.253348]]]]}},{"type":"Feature","properties":{"numero":"0464","section":"0A","code_insee":"83049","id_parc":"83049_0A_0464"},"geometry":{"type":"MultiPolygon","coordinates":[[[[6.055528,43.253444],[6.055529,43.253437],[6.055717,43.253502],[6.055697,43.254039],[6.055585,43.253952],[6.055248,43.253692],[6.054618,43.253299],[6.05476,43.253189],[6.054819,43.253189],[6.055355,43.253501],[6.055484,43.253638],[6.055528,43.253444]]]]}},{"type":"Feature","properties":{"numero":"0465","section":"0A","code_insee":"83049","id_parc":"83049_0A_0465"},"geometry":{"type":"MultiPolygon","coordinates":[[[[6.055248,43.253692],[6.055585,43.253952],[6.055472,43.254024],[6.055252,43.253813],[6.054858,43.253533],[6.054681,43.253417],[6.054554,43.253349],[6.054618,43.253299],[6.055248,43.253692]]]]}},{"type":"Feature","properties":{"numero":"0466","section":"0A","code_insee":"83049","id_parc":"83049_0A_0466"},"geometry":{"type":"MultiPolygon","coordinates":[[[[6.054653,43.253188],[6.05476,43.253189],[6.054618,43.253299],[6.054554,43.253349],[6.054539,43.253341],[6.054431,43.253283],[6.054278,43.253256],[6.054041,43.253244],[6.054051,43.253225],[6.054073,43.253214],[6.054293,43.253167],[6.054456,43.253157],[6.054653,43.253188]]]]}},{"type":"Feature","properties":{"numero":"0467","section":"0A","code_insee":"83049","id_parc":"83049_0A_0467"},"geometry":{"type":"MultiPolygon","coordinates":[[[[6.054819,43.253189],[6.055662,43.253195],[6.055775,43.253164],[6.055635,43.253312],[6.055516,43.253286],[6.055466,43.253348],[6.055427,43.253396],[6.055529,43.253437],[6.055528,43.253444],[6.055484,43.253638],[6.055355,43.253501],[6.054819,43.253189]]]]}},{"type":"Feature","properties":{"numero":"0468","section":"0A","code_insee":"83049","id_parc":"83049_0A_0468"},"geometry":{"type":"MultiPolygon","coordinates":[[[[6.055762,43.253158],[6.055655,43.253189],[6.055218,43.253183],[6.055009,43.25305],[6.055241,43.252839],[6.055693,43.253097],[6.055782,43.253144],[6.055762,43.253158]]]]}},{"type":"Feature","properties":{"numero":"0047","section":"AC","code_insee":"83049","id_parc":"83049_AC_0047"},"geometry":{"type":"MultiPolygon","coordinates":[[[[6.068884,43.238167],[6.068878,43.23816],[6.068819,43.238086],[6.06892,43.238043],[6.06909,43.238098],[6.069041,43.238178],[6.069035,43.238186],[6.069034,43.238187],[6.069009,43.238198],[6.069034,43.238229],[6.068997,43.238245],[6.06896,43.238261],[6.068938,43.238234],[6.068884,43.238167]]]]}},{"type":"Feature","properties":{"numero":"0047","section":"AH","code_insee":"83049","id_parc":"83049_AH_0047"},"geometry":{"type":"MultiPolygon","coordinates":[[[[6.059075,43.246622],[6.059065,43.246596],[6.059052,43.246563],[6.059076,43.24657],[6.059196,43.246597],[6.05929,43.246602],[6.059497,43.246588],[6.059562,43.24658],[6.059594,43.246644],[6.059771,43.246897],[6.059662,43.247037],[6.059578,43.247033],[6.059524,43.247029],[6.059471,43.247026],[6.059419,43.24702],[6.059373,43.247016],[6.059269,43.247004],[6.059259,43.246981],[6.059172,43.246814],[6.059151,43.246772],[6.059075,43.246622]]]]}},{"type":"Feature","properties":{"numero":"0047","section":"AI","code_insee":"83049","id_parc":"83049_AI_0047"},"geometry":{"type":"MultiPolygon","coordinates":[[[[6.068443,43.24143],[6.06852,43.24142],[6.068539,43.241415],[6.068558,43.241448],[6.068535,43.241454],[6.068539,43.241462],[6.068606,43.241578],[6.068675,43.2417],[6.068686,43.241721],[6.06861,43.241746],[6.068562,43.241762],[6.068215,43.241878],[6.068214,43.241877],[6.068144,43.241762],[6.068139,43.241725],[6.068122,43.241694],[6.068089,43.241653],[6.068428,43.241538],[6.068443,43.24143]]]]}},{"type":"Feature","properties":{"numero":"0470","section":"0A","code_insee":"83049","id_parc":"83049_0A_0470"},"geometry":{"type":"MultiPolygon","coordinates":[[[[6.055889,43.252887],[6.056082,43.252674],[6.056163,43.252584],[6.05621,43.252646],[6.056252,43.25271],[6.056291,43.252775],[6.056254,43.25282],[6.05621,43.252878],[6.056171,43.252937],[6.056128,43.252975],[6.055979,43.25302],[6.055914,43.253057],[6.055846,43.2531],[6.055782,43.253144],[6.055693,43.253097],[6.055889,43.252887]]]]}},{"type":"Feature","properties":{"numero":"0471","section":"0A","code_insee":"83049","id_parc":"83049_0A_0471"},"geometry":{"type":"MultiPolygon","coordinates":[[[[6.054124,43.253193],[6.054037,43.253215],[6.054024,43.253243],[6.053954,43.253235],[6.053958,43.253187],[6.054017,43.25315],[6.054077,43.253114],[6.054204,43.253048],[6.054615,43.25289],[6.054876,43.25278],[6.054942,43.252744],[6.054829,43.252653],[6.055054,43.252561],[6.055278,43.25247],[6.05555,43.252412],[6.055977,43.252319],[6.056163,43.252584],[6.056082,43.252674],[6.055889,43.252887],[6.055693,43.253097],[6.055241,43.252839],[6.055009,43.25305],[6.055218,43.253183],[6.054643,43.253174],[6.054441,43.253145],[6.054284,43.253157],[6.054124,43.253193]]]]}},{"type":"Feature","properties":{"numero":"0475","section":"0H","code_insee":"83049","id_parc":"83049_0H_0475"},"geometry":{"type":"MultiPolygon","coordinates":[[[[6.050523,43.23873],[6.050345,43.238677],[6.050689,43.237976],[6.050752,43.237966],[6.050893,43.237962],[6.051338,43.237991],[6.051472,43.238062],[6.051304,43.238228],[6.051041,43.238453],[6.050934,43.238545],[6.05063,43.238761],[6.050584,43.238748],[6.050601,43.238715],[6.050539,43.238698],[6.050523,43.23873]]]]}},{"type":"Feature","properties":{"numero":"0476","section":"0H","code_insee":"83049","id_parc":"83049_0H_0476"},"geometry":{"type":"MultiPolygon","coordinates":[[[[6.050345,43.238677],[6.05007,43.238489],[6.049832,43.238094],[6.049919,43.238076],[6.050054,43.238082],[6.050101,43.238062],[6.05017,43.238002],[6.050402,43.237991],[6.050597,43.23799],[6.050689,43.237976],[6.050345,43.238677]]]]}},{"type":"Feature","properties":{"numero":"0477","section":"0H","code_insee":"83049","id_parc":"83049_0H_0477"},"geometry":{"type":"MultiPolygon","coordinates":[[[[6.048619,43.238555],[6.048445,43.238461],[6.048376,43.238425],[6.048286,43.238375],[6.048607,43.238013],[6.048664,43.238054],[6.048856,43.237916],[6.049165,43.238078],[6.049227,43.238095],[6.049288,43.23806],[6.049321,43.238119],[6.049308,43.238133],[6.049341,43.238191],[6.049368,43.238244],[6.049409,43.23829],[6.049491,43.238441],[6.04951,43.238628],[6.049489,43.238708],[6.049476,43.238713],[6.04941,43.238736],[6.049342,43.238758],[6.049273,43.238776],[6.04924,43.238783],[6.04879,43.23865],[6.048619,43.238555]]]]}},{"type":"Feature","properties":{"numero":"0477","section":"0A","code_insee":"83049","id_parc":"83049_0A_0477"},"geometry":{"type":"MultiPolygon","coordinates":[[[[6.056353,43.252686],[6.056319,43.252754],[6.056291,43.252775],[6.056252,43.25271],[6.05621,43.252646],[6.056163,43.252584],[6.055977,43.252319],[6.056597,43.252184],[6.056612,43.252184],[6.056603,43.252238],[6.0566,43.252267],[6.056602,43.252295],[6.056608,43.252324],[6.056618,43.252352],[6.056632,43.252378],[6.05665,43.252404],[6.05676,43.252478],[6.056781,43.252508],[6.056801,43.252566],[6.056792,43.25263],[6.056747,43.252719],[6.056353,43.252686]]]]}},{"type":"Feature","properties":{"numero":"0478","section":"0A","code_insee":"83049","id_parc":"83049_0A_0478"},"geometry":{"type":"MultiPolygon","coordinates":[[[[6.056814,43.252579],[6.056804,43.252521],[6.05679,43.252487],[6.056822,43.252246],[6.057509,43.2524],[6.058167,43.252543],[6.058057,43.252629],[6.057947,43.252704],[6.057854,43.252771],[6.057764,43.25284],[6.057738,43.252868],[6.057688,43.252924],[6.057642,43.252983],[6.057547,43.252953],[6.057382,43.252923],[6.057251,43.252885],[6.057001,43.252789],[6.056878,43.252747],[6.056776,43.252724],[6.056783,43.252703],[6.056801,43.252641],[6.056814,43.252579]]]]}},{"type":"Feature","properties":{"numero":"0479","section":"0H","code_insee":"83049","id_parc":"83049_0H_0479"},"geometry":{"type":"MultiPolygon","coordinates":[[[[6.049041,43.23903],[6.049183,43.238992],[6.049305,43.239104],[6.048674,43.239336],[6.048243,43.239514],[6.048027,43.239406],[6.047845,43.239341],[6.048023,43.239194],[6.048213,43.239042],[6.048547,43.239225],[6.048893,43.239117],[6.048965,43.239059],[6.049041,43.23903]]]]}},{"type":"Feature","properties":{"numero":"0479","section":"0A","code_insee":"83049","id_parc":"83049_0A_0479"},"geometry":{"type":"MultiPolygon","coordinates":[[[[6.057517,43.252301],[6.057501,43.252346],[6.058213,43.252508],[6.058167,43.252543],[6.057509,43.2524],[6.056822,43.252246],[6.05679,43.252487],[6.056766,43.252459],[6.056667,43.25239],[6.056642,43.252356],[6.056624,43.252299],[6.056622,43.252267],[6.056667,43.252044],[6.056748,43.252073],[6.056838,43.252105],[6.056923,43.252136],[6.057517,43.252301]]]]}},{"type":"Feature","properties":{"numero":"0048","section":"AC","code_insee":"83049","id_parc":"83049_AC_0048"},"geometry":{"type":"MultiPolygon","coordinates":[[[[6.068933,43.238272],[6.068932,43.238309],[6.068906,43.238321],[6.068872,43.238279],[6.068862,43.238266],[6.068813,43.238204],[6.068803,43.238192],[6.068745,43.238118],[6.068819,43.238086],[6.068878,43.23816],[6.068884,43.238167],[6.068938,43.238234],[6.06896,43.238261],[6.068933,43.238272]]]]}},{"type":"Feature","properties":{"numero":"0048","section":"AD","code_insee":"83049","id_parc":"83049_AD_0048"},"geometry":{"type":"MultiPolygon","coordinates":[[[[6.068454,43.239896],[6.068489,43.239967],[6.068435,43.239956],[6.068454,43.239896]]]]}},{"type":"Feature","properties":{"numero":"0048","section":"AH","code_insee":"83049","id_parc":"83049_AH_0048"},"geometry":{"type":"MultiPolygon","coordinates":[[[[6.059078,43.246542],[6.059044,43.246512],[6.059043,43.246475],[6.059043,43.246418],[6.059042,43.246393],[6.059042,43.246377],[6.059057,43.24637],[6.059059,43.246357],[6.059042,43.246348],[6.059039,43.246325],[6.059034,43.24631],[6.059029,43.246286],[6.059041,43.246268],[6.059006,43.246209],[6.058954,43.246118],[6.058913,43.246063],[6.05888,43.245992],[6.05887,43.245972],[6.058846,43.24592],[6.058848,43.245884],[6.058855,43.245876],[6.058876,43.245841],[6.05928,43.245841],[6.059282,43.246169],[6.059299,43.246575],[6.059285,43.246577],[6.059179,43.246569],[6.059128,43.246558],[6.059078,43.246542]]]]}},{"type":"Feature","properties":{"numero":"0048","section":"AI","code_insee":"83049","id_parc":"83049_AI_0048"},"geometry":{"type":"MultiPolygon","coordinates":[[[[6.068729,43.241795],[6.068835,43.241982],[6.068856,43.241972],[6.068875,43.242006],[6.068445,43.242204],[6.068421,43.242217],[6.068393,43.242169],[6.068311,43.242037],[6.068215,43.241878],[6.068562,43.241762],[6.06861,43.241746],[6.068686,43.241721],[6.068729,43.241795]]]]}},{"type":"Feature","properties":{"numero":"0480","section":"0H","code_insee":"83049","id_parc":"83049_0H_0480"},"geometry":{"type":"MultiPolygon","coordinates":[[[[6.048709,43.238997],[6.048608,43.238967],[6.048043,43.238787],[6.048351,43.238479],[6.048376,43.238425],[6.048445,43.238461],[6.048619,43.238555],[6.04879,43.23865],[6.04924,43.238783],[6.049273,43.238776],[6.049342,43.238758],[6.04941,43.238736],[6.049476,43.238713],[6.049706,43.238858],[6.049843,43.238935],[6.049904,43.238976],[6.049967,43.239014],[6.049997,43.23903],[6.049809,43.23916],[6.049637,43.239224],[6.049485,43.239262],[6.049433,43.23923],[6.049305,43.239104],[6.049183,43.238992],[6.049041,43.23903],[6.048965,43.239059],[6.048893,43.239117],[6.048709,43.238997]]]]}},{"type":"Feature","properties":{"numero":"0480","section":"0A","code_insee":"83049","id_parc":"83049_0A_0480"},"geometry":{"type":"MultiPolygon","coordinates":[[[[6.056748,43.252073],[6.056667,43.252044],[6.056681,43.251974],[6.056684,43.251886],[6.056756,43.251886],[6.056796,43.251902],[6.056806,43.251909],[6.056823,43.251928],[6.056837,43.251947],[6.056846,43.251968],[6.056999,43.252019],[6.056923,43.252136],[6.056838,43.252105],[6.056748,43.252073]],[[6.056839,43.252012],[6.056799,43.251997],[6.056774,43.252034],[6.056814,43.252049],[6.056839,43.252012]]]]}},{"type":"Feature","properties":{"numero":"0481","section":"0H","code_insee":"83049","id_parc":"83049_0H_0481"},"geometry":{"type":"MultiPolygon","coordinates":[[[[6.049409,43.23829],[6.049368,43.238244],[6.049341,43.238191],[6.049685,43.238114],[6.049832,43.238094],[6.05007,43.238489],[6.050304,43.238963],[6.050112,43.239102],[6.050071,43.23914],[6.049911,43.239292],[6.049754,43.239446],[6.049679,43.239414],[6.049617,43.23937],[6.04953,43.239294],[6.049485,43.239262],[6.049637,43.239224],[6.049809,43.23916],[6.049997,43.23903],[6.049967,43.239014],[6.049904,43.238976],[6.049843,43.238935],[6.049706,43.238858],[6.049476,43.238713],[6.049489,43.238708],[6.04951,43.238628],[6.049491,43.238441],[6.049409,43.23829]]]]}},{"type":"Feature","properties":{"numero":"0481","section":"0A","code_insee":"83049","id_parc":"83049_0A_0481"},"geometry":{"type":"MultiPolygon","coordinates":[[[[6.056839,43.252012],[6.056814,43.252049],[6.056774,43.252034],[6.056799,43.251997],[6.056839,43.252012]]]]}},{"type":"Feature","properties":{"numero":"0482","section":"0H","code_insee":"83049","id_parc":"83049_0H_0482"},"geometry":{"type":"MultiPolygon","coordinates":[[[[6.050584,43.238748],[6.05063,43.238761],[6.050304,43.238963],[6.05007,43.238489],[6.050345,43.238677],[6.050523,43.23873],[6.050584,43.238748]]]]}},{"type":"Feature","properties":{"numero":"0483","section":"0H","code_insee":"83049","id_parc":"83049_0H_0483"},"geometry":{"type":"MultiPolygon","coordinates":[[[[6.050601,43.238715],[6.050584,43.238748],[6.050523,43.23873],[6.050539,43.238698],[6.050601,43.238715]]]]}},{"type":"Feature","properties":{"numero":"0483","section":"0A","code_insee":"83049","id_parc":"83049_0A_0483"},"geometry":{"type":"MultiPolygon","coordinates":[[[[6.057184,43.251833],[6.057841,43.252076],[6.058435,43.252299],[6.058213,43.252508],[6.057501,43.252346],[6.057517,43.252301],[6.056923,43.252136],[6.056999,43.252019],[6.057184,43.251833]]]]}},{"type":"Feature","properties":{"numero":"0485","section":"0H","code_insee":"83049","id_parc":"83049_0H_0485"},"geometry":{"type":"MultiPolygon","coordinates":[[[[6.050848,43.239513],[6.050802,43.239489],[6.050835,43.239454],[6.050858,43.239427],[6.050904,43.239449],[6.050874,43.239483],[6.050848,43.239513]]]]}},{"type":"Feature","properties":{"numero":"0485","section":"0A","code_insee":"83049","id_parc":"83049_0A_0485"},"geometry":{"type":"MultiPolygon","coordinates":[[[[6.056525,43.251552],[6.056469,43.251483],[6.05644,43.251447],[6.056504,43.25142],[6.056538,43.251405],[6.056571,43.251442],[6.056595,43.251518],[6.056554,43.251538],[6.056525,43.251552]]]]}},{"type":"Feature","properties":{"numero":"0486","section":"0H","code_insee":"83049","id_parc":"83049_0H_0486"},"geometry":{"type":"MultiPolygon","coordinates":[[[[6.050359,43.239472],[6.050543,43.239364],[6.050649,43.239308],[6.050731,43.239369],[6.050796,43.239422],[6.05081,43.239433],[6.050827,43.239448],[6.050835,43.239454],[6.050802,43.239489],[6.050848,43.239513],[6.050874,43.239483],[6.050952,43.239509],[6.050977,43.239512],[6.051001,43.239519],[6.051022,43.239528],[6.051038,43.239537],[6.051152,43.239638],[6.051225,43.2397],[6.051246,43.239729],[6.051174,43.239753],[6.050824,43.23987],[6.050729,43.239974],[6.050508,43.239866],[6.050577,43.239789],[6.050672,43.239702],[6.050359,43.239472]]]]}},{"type":"Feature","properties":{"numero":"0486","section":"0A","code_insee":"83049","id_parc":"83049_0A_0486"},"geometry":{"type":"MultiPolygon","coordinates":[[[[6.056984,43.251554],[6.056638,43.251692],[6.056525,43.251552],[6.056554,43.251538],[6.056595,43.251518],[6.056571,43.251442],[6.056538,43.251405],[6.056504,43.25142],[6.05644,43.251447],[6.056163,43.251102],[6.056297,43.251022],[6.05664,43.25085],[6.056798,43.250791],[6.057207,43.251334],[6.056933,43.251476],[6.056984,43.251554]]]]}},{"type":"Feature","properties":{"numero":"0487","section":"0H","code_insee":"83049","id_parc":"83049_0H_0487"},"geometry":{"type":"MultiPolygon","coordinates":[[[[6.049916,43.239606],[6.049864,43.239543],[6.049754,43.239446],[6.049911,43.239292],[6.050071,43.23914],[6.050112,43.239102],[6.050226,43.239154],[6.050342,43.239203],[6.050429,43.239238],[6.050649,43.239308],[6.050543,43.239364],[6.050359,43.239472],[6.050672,43.239702],[6.050577,43.239789],[6.050508,43.239866],[6.050729,43.239974],[6.050575,43.240145],[6.050282,43.240426],[6.050237,43.240492],[6.049873,43.240443],[6.050006,43.240259],[6.050038,43.240183],[6.050041,43.240161],[6.050041,43.240139],[6.050035,43.240117],[6.050026,43.240096],[6.050013,43.240076],[6.050003,43.240064],[6.050033,43.24001],[6.050098,43.239864],[6.050082,43.239861],[6.050087,43.239853],[6.050098,43.23983],[6.050104,43.239806],[6.050106,43.239782],[6.050104,43.239758],[6.050098,43.239734],[6.049992,43.239649],[6.049916,43.239606]]]]}},{"type":"Feature","properties":{"numero":"0487","section":"0A","code_insee":"83049","id_parc":"83049_0A_0487"},"geometry":{"type":"MultiPolygon","coordinates":[[[[6.057674,43.250784],[6.057845,43.251],[6.057874,43.251054],[6.057882,43.251095],[6.057842,43.251142],[6.057864,43.251097],[6.057846,43.251093],[6.057797,43.251205],[6.057675,43.251313],[6.057652,43.251333],[6.057572,43.251394],[6.05749,43.251454],[6.057404,43.251511],[6.057059,43.251655],[6.056984,43.251554],[6.056933,43.251476],[6.057207,43.251334],[6.056798,43.250791],[6.057068,43.250673],[6.057177,43.250628],[6.057443,43.250533],[6.057674,43.250784]]]]}},{"type":"Feature","properties":{"numero":"0488","section":"0H","code_insee":"83049","id_parc":"83049_0H_0488"},"geometry":{"type":"MultiPolygon","coordinates":[[[[6.049226,43.23954],[6.049274,43.239515],[6.049617,43.23937],[6.049679,43.239414],[6.049754,43.239446],[6.049864,43.239543],[6.049916,43.239606],[6.049992,43.239649],[6.050098,43.239734],[6.050104,43.239758],[6.050106,43.239782],[6.050104,43.239806],[6.050098,43.23983],[6.050087,43.239853],[6.050082,43.239861],[6.04997,43.240076],[6.049937,43.240161],[6.049925,43.240211],[6.049838,43.240264],[6.049727,43.240173],[6.049596,43.240119],[6.049402,43.239977],[6.049352,43.239961],[6.049257,43.239947],[6.049052,43.239877],[6.048977,43.239835],[6.04893,43.239833],[6.048835,43.239785],[6.049226,43.23954]]]]}},{"type":"Feature","properties":{"numero":"0488","section":"0A","code_insee":"83049","id_parc":"83049_0A_0488"},"geometry":{"type":"MultiPolygon","coordinates":[[[[6.05879,43.252113],[6.058683,43.252142],[6.058654,43.25216],[6.05852,43.252072],[6.058262,43.251939],[6.05793,43.251794],[6.057357,43.251544],[6.057409,43.251522],[6.057498,43.251464],[6.057542,43.251432],[6.057642,43.251354],[6.057739,43.251274],[6.058429,43.251414],[6.058795,43.251491],[6.059651,43.251668],[6.059584,43.251683],[6.059274,43.251842],[6.059204,43.251893],[6.059111,43.25194],[6.059005,43.251965],[6.058962,43.251993],[6.058875,43.252052],[6.05879,43.252113]]]]}},{"type":"Feature","properties":{"numero":"0489","section":"0A","code_insee":"83049","id_parc":"83049_0A_0489"},"geometry":{"type":"MultiPolygon","coordinates":[[[[6.058616,43.251415],[6.058551,43.251404],[6.058565,43.25136],[6.058629,43.251371],[6.058616,43.251415]]]]}},{"type":"Feature","properties":{"numero":"0489","section":"0H","code_insee":"83049","id_parc":"83049_0H_0489"},"geometry":{"type":"MultiPolygon","coordinates":[[[[6.049305,43.239104],[6.049433,43.23923],[6.049485,43.239262],[6.04953,43.239294],[6.049617,43.23937],[6.049274,43.239515],[6.049226,43.23954],[6.048835,43.239785],[6.048647,43.239695],[6.048325,43.239876],[6.048048,43.239774],[6.04798,43.239757],[6.047757,43.239683],[6.047605,43.239615],[6.047277,43.239516],[6.047403,43.239384],[6.047526,43.239249],[6.047558,43.239213],[6.047845,43.239341],[6.048027,43.239406],[6.048243,43.239514],[6.048674,43.239336],[6.049305,43.239104]]]]}},{"type":"Feature","properties":{"numero":"0049","section":"AC","code_insee":"83049","id_parc":"83049_AC_0049"},"geometry":{"type":"MultiPolygon","coordinates":[[[[6.068798,43.23831],[6.068776,43.238283],[6.068748,43.238248],[6.068738,43.238236],[6.068723,43.238217],[6.06867,43.238151],[6.068745,43.238118],[6.068803,43.238192],[6.068813,43.238204],[6.068862,43.238266],[6.068872,43.238279],[6.068906,43.238321],[6.068832,43.238353],[6.06881,43.238325],[6.068798,43.23831]]]]}},{"type":"Feature","properties":{"numero":"0049","section":"AD","code_insee":"83049","id_parc":"83049_AD_0049"},"geometry":{"type":"MultiPolygon","coordinates":[[[[6.068145,43.239557],[6.068114,43.2395],[6.068098,43.239503],[6.068088,43.239489],[6.068249,43.239443],[6.068263,43.239453],[6.068281,43.239481],[6.068307,43.239513],[6.068331,43.239545],[6.068407,43.239647],[6.068429,43.23969],[6.068441,43.239707],[6.068449,43.23973],[6.068447,43.239743],[6.068417,43.239766],[6.06841,43.239772],[6.068257,43.239652],[6.068251,43.239641],[6.068237,43.239618],[6.068185,43.23963],[6.068145,43.239557]]]]}},{"type":"Feature","properties":{"numero":"0049","section":"AE","code_insee":"83049","id_parc":"83049_AE_0049"},"geometry":{"type":"MultiPolygon","coordinates":[[[[6.060764,43.237961],[6.06069,43.237906],[6.060593,43.237854],[6.06062,43.237824],[6.060695,43.237863],[6.060733,43.237894],[6.0608,43.237956],[6.060858,43.238022],[6.060908,43.238124],[6.060989,43.23833],[6.061017,43.238453],[6.061047,43.238518],[6.061077,43.238558],[6.061118,43.238596],[6.06116,43.238625],[6.061222,43.23865],[6.061249,43.238657],[6.061267,43.238662],[6.061304,43.238667],[6.061272,43.238675],[6.061266,43.238669],[6.061182,43.23866],[6.061116,43.238654],[6.061098,43.238644],[6.061076,43.238627],[6.061052,43.238599],[6.061035,43.238559],[6.061005,43.238496],[6.060986,43.238443],[6.060979,43.238398],[6.060976,43.238338],[6.060943,43.238256],[6.060897,43.238144],[6.060841,43.238059],[6.060813,43.238017],[6.060773,43.237969],[6.060764,43.237961]]]]}},{"type":"Feature","properties":{"numero":"0049","section":"AH","code_insee":"83049","id_parc":"83049_AH_0049"},"geometry":{"type":"MultiPolygon","coordinates":[[[[6.059354,43.245331],[6.059366,43.245341],[6.059462,43.245376],[6.059457,43.245794],[6.059344,43.245795],[6.059303,43.245794],[6.05928,43.245794],[6.05928,43.245841],[6.058876,43.245841],[6.058879,43.245838],[6.058896,43.245811],[6.058946,43.245734],[6.05897,43.2457],[6.058995,43.245642],[6.059052,43.245543],[6.059058,43.245498],[6.05907,43.245478],[6.059129,43.245327],[6.059164,43.245275],[6.059169,43.245264],[6.059338,43.245323],[6.059354,43.245331]]]]}},{"type":"Feature","properties":{"numero":"0049","section":"AI","code_insee":"83049","id_parc":"83049_AI_0049"},"geometry":{"type":"MultiPolygon","coordinates":[[[[6.069127,43.241889],[6.068949,43.241972],[6.068777,43.241669],[6.068979,43.241607],[6.069044,43.241736],[6.069107,43.241855],[6.069127,43.241889]]]]}},{"type":"Feature","properties":{"numero":"0490","section":"0H","code_insee":"83049","id_parc":"83049_0H_0490"},"geometry":{"type":"MultiPolygon","coordinates":[[[[6.04904,43.240156],[6.048996,43.240174],[6.048894,43.240201],[6.048523,43.240004],[6.048325,43.239876],[6.048647,43.239695],[6.048835,43.239785],[6.04893,43.239833],[6.048977,43.239835],[6.049052,43.239877],[6.049257,43.239947],[6.049352,43.239961],[6.049402,43.239977],[6.049219,43.240119],[6.04904,43.240156]]]]}},{"type":"Feature","properties":{"numero":"0490","section":"0A","code_insee":"83049","id_parc":"83049_0A_0490"},"geometry":{"type":"MultiPolygon","coordinates":[[[[6.058241,43.251364],[6.058997,43.251077],[6.059333,43.25095],[6.059873,43.250746],[6.059876,43.250778],[6.059884,43.250854],[6.059897,43.25093],[6.059894,43.25097],[6.059866,43.251044],[6.059865,43.251087],[6.059893,43.251189],[6.05988,43.251234],[6.059861,43.25131],[6.059846,43.251386],[6.059835,43.251463],[6.059815,43.251501],[6.059747,43.251547],[6.059669,43.251658],[6.058241,43.251364]],[[6.058629,43.251371],[6.058565,43.25136],[6.058551,43.251404],[6.058616,43.251415],[6.058629,43.251371]]]]}},{"type":"Feature","properties":{"numero":"0491","section":"0H","code_insee":"83049","id_parc":"83049_0H_0491"},"geometry":{"type":"MultiPolygon","coordinates":[[[[6.048622,43.240278],[6.048702,43.240247],[6.048894,43.240201],[6.048996,43.240174],[6.04904,43.240156],[6.049219,43.240119],[6.049402,43.239977],[6.049596,43.240119],[6.049727,43.240173],[6.049838,43.240264],[6.049671,43.240363],[6.049583,43.240443],[6.04948,43.240515],[6.049148,43.240694],[6.048901,43.240858],[6.048574,43.240492],[6.048443,43.240335],[6.048539,43.240306],[6.048622,43.240278]]]]}},{"type":"Feature","properties":{"numero":"0492","section":"0A","code_insee":"83049","id_parc":"83049_0A_0492"},"geometry":{"type":"MultiPolygon","coordinates":[[[[6.057904,43.251164],[6.057811,43.251206],[6.057842,43.251142],[6.057882,43.251095],[6.057874,43.251054],[6.057972,43.251007],[6.058049,43.251098],[6.057994,43.251123],[6.057904,43.251164]]]]}},{"type":"Feature","properties":{"numero":"0493","section":"0H","code_insee":"83049","id_parc":"83049_0H_0493"},"geometry":{"type":"MultiPolygon","coordinates":[[[[6.049705,43.240367],[6.049873,43.240443],[6.050237,43.240492],[6.050231,43.24053],[6.050236,43.240557],[6.050378,43.240798],[6.050514,43.241035],[6.050398,43.241055],[6.050191,43.241118],[6.050067,43.241165],[6.049824,43.241235],[6.049451,43.240558],[6.049605,43.240457],[6.049671,43.240392],[6.049705,43.240367]]]]}},{"type":"Feature","properties":{"numero":"0493","section":"0A","code_insee":"83049","id_parc":"83049_0A_0493"},"geometry":{"type":"MultiPolygon","coordinates":[[[[6.057771,43.250297],[6.058011,43.250152],[6.058148,43.25044],[6.057981,43.250482],[6.058034,43.250583],[6.058208,43.250542],[6.05824,43.250595],[6.057674,43.250784],[6.057443,43.250533],[6.057771,43.250297]]]]}},{"type":"Feature","properties":{"numero":"0494","section":"0H","code_insee":"83049","id_parc":"83049_0H_0494"},"geometry":{"type":"MultiPolygon","coordinates":[[[[6.050237,43.240492],[6.050282,43.240426],[6.050575,43.240145],[6.051277,43.240941],[6.051075,43.240991],[6.05088,43.241027],[6.050514,43.241035],[6.050378,43.240798],[6.050236,43.240557],[6.050231,43.24053],[6.050237,43.240492]]]]}},{"type":"Feature","properties":{"numero":"0494","section":"0A","code_insee":"83049","id_parc":"83049_0A_0494"},"geometry":{"type":"MultiPolygon","coordinates":[[[[6.057981,43.250482],[6.058148,43.25044],[6.058208,43.250542],[6.058034,43.250583],[6.057981,43.250482]]]]}},{"type":"Feature","properties":{"numero":"0495","section":"0H","code_insee":"83049","id_parc":"83049_0H_0495"},"geometry":{"type":"MultiPolygon","coordinates":[[[[6.051277,43.240941],[6.050575,43.240145],[6.050729,43.239974],[6.050824,43.23987],[6.051174,43.239753],[6.052094,43.240779],[6.051998,43.240787],[6.051906,43.240792],[6.051667,43.240843],[6.051277,43.240941]]]]}},{"type":"Feature","properties":{"numero":"0495","section":"0A","code_insee":"83049","id_parc":"83049_0A_0495"},"geometry":{"type":"MultiPolygon","coordinates":[[[[6.05824,43.250595],[6.058208,43.250542],[6.058148,43.25044],[6.058011,43.250152],[6.058088,43.25011],[6.058364,43.250009],[6.058704,43.249879],[6.058883,43.249787],[6.05898,43.249724],[6.059547,43.249913],[6.059931,43.25004],[6.059144,43.250301],[6.05824,43.250595]]]]}},{"type":"Feature","properties":{"numero":"0496","section":"0H","code_insee":"83049","id_parc":"83049_0H_0496"},"geometry":{"type":"MultiPolygon","coordinates":[[[[6.052322,43.240529],[6.052457,43.240729],[6.052094,43.240779],[6.051174,43.239753],[6.051246,43.239729],[6.051271,43.239793],[6.051365,43.239739],[6.051521,43.239668],[6.051816,43.239952],[6.052085,43.240233],[6.052322,43.240529]]]]}},{"type":"Feature","properties":{"numero":"0496","section":"0A","code_insee":"83049","id_parc":"83049_0A_0496"},"geometry":{"type":"MultiPolygon","coordinates":[[[[6.059014,43.249536],[6.059086,43.249488],[6.059131,43.249524],[6.059165,43.249551],[6.059094,43.249599],[6.059058,43.24957],[6.059014,43.249536]]]]}},{"type":"Feature","properties":{"numero":"0497","section":"0H","code_insee":"83049","id_parc":"83049_0H_0497"},"geometry":{"type":"MultiPolygon","coordinates":[[[[6.052085,43.240233],[6.051816,43.239952],[6.051521,43.239668],[6.051621,43.239623],[6.051764,43.239535],[6.052225,43.239397],[6.052982,43.240364],[6.053185,43.240627],[6.053046,43.240638],[6.052889,43.24066],[6.052732,43.240686],[6.052591,43.240711],[6.052457,43.240729],[6.052322,43.240529],[6.052085,43.240233]]]]}},{"type":"Feature","properties":{"numero":"0497","section":"0A","code_insee":"83049","id_parc":"83049_0A_0497"},"geometry":{"type":"MultiPolygon","coordinates":[[[[6.058159,43.249433],[6.058195,43.249415],[6.058483,43.249176],[6.05855,43.249095],[6.058772,43.249209],[6.059291,43.249478],[6.059006,43.249666],[6.058672,43.249851],[6.058474,43.249686],[6.058272,43.249523],[6.058159,43.249433]],[[6.059131,43.249524],[6.059086,43.249488],[6.059014,43.249536],[6.059058,43.24957],[6.059094,43.249599],[6.059165,43.249551],[6.059131,43.249524]]]]}},{"type":"Feature","properties":{"numero":"0498","section":"0H","code_insee":"83049","id_parc":"83049_0H_0498"},"geometry":{"type":"MultiPolygon","coordinates":[[[[6.052296,43.239374],[6.052441,43.239338],[6.052886,43.239197],[6.053077,43.239359],[6.053289,43.239288],[6.053531,43.239196],[6.0536,43.239169],[6.053826,43.239407],[6.054036,43.239634],[6.054209,43.239811],[6.05478,43.240377],[6.054642,43.240362],[6.054556,43.240375],[6.05439,43.240407],[6.05398,43.240505],[6.053724,43.240555],[6.053557,43.240581],[6.053389,43.240604],[6.053185,43.240627],[6.052982,43.240364],[6.052225,43.239397],[6.052296,43.239374]]]]}},{"type":"Feature","properties":{"numero":"0499","section":"0H","code_insee":"83049","id_parc":"83049_0H_0499"},"geometry":{"type":"MultiPolygon","coordinates":[[[[6.053826,43.239407],[6.0536,43.239169],[6.053694,43.239127],[6.053731,43.23911],[6.054313,43.239634],[6.054654,43.239918],[6.054711,43.239969],[6.054979,43.240227],[6.055127,43.240382],[6.055013,43.240384],[6.054899,43.240382],[6.05478,43.240377],[6.054209,43.239811],[6.054036,43.239634],[6.053826,43.239407]]]]}},{"type":"Feature","properties":{"numero":"0499","section":"0A","code_insee":"83049","id_parc":"83049_0A_0499"},"geometry":{"type":"MultiPolygon","coordinates":[[[[6.05666,43.250619],[6.056659,43.250608],[6.0566,43.250612],[6.056584,43.250528],[6.056743,43.250511],[6.056742,43.250503],[6.056893,43.250488],[6.056904,43.250548],[6.05683,43.250555],[6.056837,43.250585],[6.056761,43.250592],[6.056754,43.250563],[6.056697,43.250568],[6.056706,43.250617],[6.05666,43.250619]]]]}},{"type":"Feature","properties":{"numero":"0005","section":"AB","code_insee":"83049","id_parc":"83049_AB_0005"},"geometry":{"type":"MultiPolygon","coordinates":[[[[6.070113,43.238948],[6.070111,43.238944],[6.070068,43.238819],[6.070112,43.238802],[6.07016,43.238833],[6.070174,43.238844],[6.070206,43.23882],[6.070247,43.23885],[6.070214,43.238875],[6.07015,43.238921],[6.070113,43.238948]]]]}},{"type":"Feature","properties":{"numero":"0005","section":"AD","code_insee":"83049","id_parc":"83049_AD_0005"},"geometry":{"type":"MultiPolygon","coordinates":[[[[6.064757,43.241505],[6.064753,43.241501],[6.065355,43.241197],[6.065442,43.241259],[6.065448,43.241279],[6.065474,43.241324],[6.065498,43.241357],[6.065525,43.241384],[6.065515,43.241389],[6.065445,43.241317],[6.065417,43.24129],[6.06535,43.241243],[6.065293,43.241241],[6.064757,43.241505]]]]}},{"type":"Feature","properties":{"numero":"0005","section":"AI","code_insee":"83049","id_parc":"83049_AI_0005"},"geometry":{"type":"MultiPolygon","coordinates":[[[[6.066825,43.241754],[6.066863,43.241758],[6.066895,43.241759],[6.066906,43.24178],[6.066921,43.241809],[6.06697,43.241903],[6.066976,43.241914],[6.066929,43.241944],[6.066896,43.241965],[6.066869,43.241982],[6.06682,43.242013],[6.066786,43.242034],[6.066759,43.242047],[6.06671,43.24207],[6.066663,43.242086],[6.066619,43.242096],[6.066572,43.242103],[6.066517,43.242109],[6.066478,43.242114],[6.066431,43.242122],[6.066403,43.242129],[6.066112,43.241912],[6.066086,43.241893],[6.066093,43.241885],[6.066045,43.241818],[6.066219,43.241718],[6.066254,43.241756],[6.066341,43.241695],[6.06628,43.241633],[6.066052,43.241405],[6.066105,43.241369],[6.066234,43.241328],[6.066303,43.241319],[6.066343,43.241338],[6.066406,43.24137],[6.066542,43.241501],[6.066594,43.241566],[6.066782,43.241732],[6.066825,43.241754]]]]}},{"type":"Feature","properties":{"numero":"0050","section":"AC","code_insee":"83049","id_parc":"83049_AC_0050"},"geometry":{"type":"MultiPolygon","coordinates":[[[[6.068678,43.238211],[6.068718,43.238261],[6.068748,43.238248],[6.068776,43.238283],[6.068798,43.23831],[6.06881,43.238325],[6.068779,43.238338],[6.06879,43.238352],[6.068801,43.238366],[6.068727,43.238397],[6.068721,43.23839],[6.068709,43.238376],[6.06866,43.238315],[6.068656,43.23831],[6.068636,43.238284],[6.068565,43.238196],[6.068607,43.238177],[6.06864,43.238163],[6.068678,43.238211]]]]}},{"type":"Feature","properties":{"numero":"0050","section":"AD","code_insee":"83049","id_parc":"83049_AD_0050"},"geometry":{"type":"MultiPolygon","coordinates":[[[[6.068094,43.239744],[6.068004,43.239525],[6.068098,43.239503],[6.068114,43.2395],[6.068145,43.239557],[6.068185,43.23963],[6.068237,43.239618],[6.068251,43.239641],[6.068257,43.239652],[6.06841,43.239772],[6.068407,43.239775],[6.068351,43.239764],[6.068308,43.239755],[6.06815,43.239736],[6.068094,43.239744]]]]}},{"type":"Feature","properties":{"numero":"0050","section":"AE","code_insee":"83049","id_parc":"83049_AE_0050"},"geometry":{"type":"MultiPolygon","coordinates":[[[[6.060657,43.23869],[6.06061,43.2387],[6.060142,43.238024],[6.060151,43.238023],[6.060549,43.237939],[6.06059,43.237931],[6.060684,43.237973],[6.060734,43.238008],[6.060765,43.238049],[6.0608,43.238087],[6.060844,43.238163],[6.060882,43.238242],[6.060917,43.238333],[6.060937,43.238399],[6.06095,43.238448],[6.06097,43.238504],[6.060996,43.238574],[6.061015,43.238617],[6.061045,43.238648],[6.061075,43.238665],[6.061102,43.23868],[6.061186,43.238685],[6.061024,43.238713],[6.060683,43.238735],[6.060657,43.23869]]]]}},{"type":"Feature","properties":{"numero":"0050","section":"AH","code_insee":"83049","id_parc":"83049_AH_0050"},"geometry":{"type":"MultiPolygon","coordinates":[[[[6.059871,43.245502],[6.059933,43.245515],[6.060017,43.245532],[6.060018,43.245751],[6.060015,43.245912],[6.059682,43.245907],[6.059682,43.245793],[6.059457,43.245794],[6.059462,43.245376],[6.059502,43.245397],[6.059539,43.245413],[6.059567,43.245429],[6.059695,43.245461],[6.059766,43.245475],[6.059835,43.245491],[6.059871,43.245502]]]]}},{"type":"Feature","properties":{"numero":"0050","section":"AI","code_insee":"83049","id_parc":"83049_AI_0050"},"geometry":{"type":"MultiPolygon","coordinates":[[[[6.068686,43.241721],[6.068675,43.2417],[6.068697,43.241693],[6.068856,43.241972],[6.068835,43.241982],[6.068729,43.241795],[6.068686,43.241721]]]]}},{"type":"Feature","properties":{"numero":"0500","section":"0H","code_insee":"83049","id_parc":"83049_0H_0500"},"geometry":{"type":"MultiPolygon","coordinates":[[[[6.054313,43.239634],[6.053731,43.23911],[6.053874,43.239045],[6.054003,43.238978],[6.054616,43.23936],[6.054682,43.239409],[6.055759,43.240251],[6.055659,43.240266],[6.05556,43.240284],[6.055483,43.2403],[6.055292,43.240355],[6.055243,43.240367],[6.055194,43.240376],[6.055143,43.240381],[6.055127,43.240382],[6.054979,43.240227],[6.054711,43.239969],[6.054654,43.239918],[6.054313,43.239634]]]]}},{"type":"Feature","properties":{"numero":"0500","section":"0A","code_insee":"83049","id_parc":"83049_0A_0500"},"geometry":{"type":"MultiPolygon","coordinates":[[[[6.056356,43.250592],[6.056295,43.250611],[6.05627,43.250568],[6.056332,43.25055],[6.056356,43.250592]]]]}},{"type":"Feature","properties":{"numero":"0501","section":"0H","code_insee":"83049","id_parc":"83049_0H_0501"},"geometry":{"type":"MultiPolygon","coordinates":[[[[6.054003,43.238978],[6.054081,43.238931],[6.054231,43.238823],[6.054558,43.238989],[6.054738,43.239095],[6.054937,43.239191],[6.055139,43.239284],[6.055237,43.239328],[6.055342,43.239372],[6.055473,43.239419],[6.05561,43.239474],[6.05575,43.239526],[6.055813,43.239548],[6.056163,43.239663],[6.056306,43.239716],[6.056556,43.239797],[6.056614,43.239822],[6.056729,43.239861],[6.056838,43.239904],[6.056888,43.23992],[6.056948,43.239969],[6.056775,43.240019],[6.056515,43.240075],[6.05621,43.240138],[6.05595,43.240214],[6.055759,43.240251],[6.054682,43.239409],[6.054616,43.23936],[6.054003,43.238978]]]]}},{"type":"Feature","properties":{"numero":"0501","section":"0A","code_insee":"83049","id_parc":"83049_0A_0501"},"geometry":{"type":"MultiPolygon","coordinates":[[[[6.05618,43.250885],[6.056201,43.250612],[6.056209,43.250294],[6.056229,43.250225],[6.056496,43.250234],[6.056518,43.250334],[6.056562,43.250545],[6.056601,43.250757],[6.056619,43.250828],[6.056211,43.251042],[6.056179,43.251062],[6.056152,43.251027],[6.05618,43.250885]],[[6.056356,43.250592],[6.056332,43.25055],[6.05627,43.250568],[6.056295,43.250611],[6.056356,43.250592]]]]}},{"type":"Feature","properties":{"numero":"0502","section":"0H","code_insee":"83049","id_parc":"83049_0H_0502"},"geometry":{"type":"MultiPolygon","coordinates":[[[[6.052042,43.236773],[6.052209,43.236777],[6.052387,43.236778],[6.052361,43.237168],[6.052374,43.237235],[6.05256,43.237692],[6.052667,43.238034],[6.052822,43.238342],[6.052808,43.238404],[6.052926,43.238621],[6.05304,43.23884],[6.053131,43.239021],[6.053289,43.239288],[6.053077,43.239359],[6.052886,43.239197],[6.052846,43.239125],[6.052622,43.238763],[6.052391,43.238392],[6.052363,43.238373],[6.05235,43.238346],[6.052328,43.238276],[6.052317,43.23824],[6.052252,43.238161],[6.052196,43.23815],[6.051854,43.237732],[6.05174,43.23762],[6.051429,43.237343],[6.051241,43.237162],[6.051113,43.237051],[6.051079,43.23701],[6.051057,43.236826],[6.051344,43.236803],[6.051623,43.236778],[6.051876,43.236765],[6.052042,43.236773]]]]}},{"type":"Feature","properties":{"numero":"0502","section":"0A","code_insee":"83049","id_parc":"83049_0A_0502"},"geometry":{"type":"MultiPolygon","coordinates":[[[[6.055933,43.250192],[6.056092,43.250186],[6.056229,43.250225],[6.056209,43.250294],[6.056201,43.250612],[6.05618,43.250885],[6.056152,43.251027],[6.056179,43.251062],[6.056143,43.251084],[6.055854,43.251014],[6.055681,43.250971],[6.05516,43.250842],[6.055282,43.250544],[6.055387,43.250259],[6.055418,43.25026],[6.055933,43.250192]]]]}},{"type":"Feature","properties":{"numero":"0503","section":"0H","code_insee":"83049","id_parc":"83049_0H_0503"},"geometry":{"type":"MultiPolygon","coordinates":[[[[6.052374,43.237235],[6.052361,43.237168],[6.052387,43.236778],[6.052759,43.236805],[6.052925,43.236835],[6.053061,43.236846],[6.052991,43.23719],[6.052989,43.237876],[6.052995,43.238066],[6.053005,43.238127],[6.053027,43.238194],[6.053058,43.238302],[6.053086,43.238411],[6.053109,43.23852],[6.053114,43.23854],[6.053134,43.238604],[6.053159,43.238667],[6.053187,43.238729],[6.053239,43.238819],[6.053331,43.238921],[6.053384,43.239011],[6.053531,43.239196],[6.053289,43.239288],[6.053131,43.239021],[6.05304,43.23884],[6.052926,43.238621],[6.052808,43.238404],[6.052822,43.238342],[6.052667,43.238034],[6.05256,43.237692],[6.052374,43.237235]]]]}},{"type":"Feature","properties":{"numero":"0503","section":"0A","code_insee":"83049","id_parc":"83049_0A_0503"},"geometry":{"type":"MultiPolygon","coordinates":[[[[6.055648,43.251042],[6.055674,43.250984],[6.055681,43.250971],[6.055854,43.251014],[6.055799,43.251093],[6.055766,43.251083],[6.055695,43.251062],[6.055645,43.251048],[6.055648,43.251042]]]]}},{"type":"Feature","properties":{"numero":"0505","section":"0H","code_insee":"83049","id_parc":"83049_0H_0505"},"geometry":{"type":"MultiPolygon","coordinates":[[[[6.05349,43.235831],[6.053481,43.235482],[6.053477,43.235376],[6.053591,43.235375],[6.053616,43.235376],[6.053665,43.235375],[6.053713,43.235371],[6.053761,43.235365],[6.053769,43.235658],[6.053774,43.235866],[6.053728,43.236564],[6.053758,43.236565],[6.05373,43.236837],[6.053672,43.237061],[6.053612,43.237278],[6.053608,43.237321],[6.053604,43.237526],[6.053594,43.23769],[6.053541,43.237901],[6.053568,43.238214],[6.053663,43.238492],[6.053677,43.238543],[6.053697,43.238697],[6.053776,43.238817],[6.053874,43.239045],[6.053731,43.23911],[6.053694,43.239127],[6.053572,43.238956],[6.053413,43.238672],[6.053342,43.238422],[6.053323,43.238259],[6.053292,43.238119],[6.053281,43.237935],[6.053275,43.237809],[6.053335,43.237377],[6.053342,43.237294],[6.053338,43.237073],[6.053343,43.237014],[6.05338,43.236846],[6.05347,43.2361],[6.05349,43.235831]]]]}},{"type":"Feature","properties":{"numero":"0506","section":"0H","code_insee":"83049","id_parc":"83049_0H_0506"},"geometry":{"type":"MultiPolygon","coordinates":[[[[6.054081,43.238931],[6.054003,43.238978],[6.053874,43.239045],[6.053776,43.238817],[6.053697,43.238697],[6.053677,43.238543],[6.053663,43.238492],[6.053568,43.238214],[6.053541,43.237901],[6.053594,43.23769],[6.053604,43.237526],[6.053608,43.237321],[6.053612,43.237278],[6.053672,43.237061],[6.05373,43.236837],[6.053758,43.236565],[6.053728,43.236564],[6.053774,43.235866],[6.053769,43.235658],[6.053929,43.235656],[6.054089,43.235656],[6.054148,43.235657],[6.054176,43.235779],[6.054171,43.235895],[6.054729,43.2358],[6.054733,43.235833],[6.054746,43.235945],[6.054756,43.236058],[6.054761,43.23617],[6.054762,43.236243],[6.054789,43.236439],[6.054782,43.236633],[6.054772,43.236691],[6.054756,43.236783],[6.054743,43.236818],[6.054683,43.236825],[6.054532,43.236822],[6.054429,43.236849],[6.054271,43.236858],[6.054184,43.236868],[6.054198,43.237109],[6.054172,43.237308],[6.054185,43.237452],[6.054103,43.237739],[6.05403,43.237909],[6.054017,43.237984],[6.054096,43.238211],[6.054168,43.238598],[6.054249,43.238809],[6.054231,43.238823],[6.054081,43.238931]]]]}},{"type":"Feature","properties":{"numero":"0507","section":"0H","code_insee":"83049","id_parc":"83049_0H_0507"},"geometry":{"type":"MultiPolygon","coordinates":[[[[6.054945,43.237718],[6.055016,43.238311],[6.054901,43.238464],[6.054757,43.238564],[6.054439,43.23871],[6.054249,43.238809],[6.054168,43.238598],[6.054096,43.238211],[6.054017,43.237984],[6.05403,43.237909],[6.054103,43.237739],[6.054185,43.237452],[6.054172,43.237308],[6.054198,43.237109],[6.054184,43.236868],[6.054271,43.236858],[6.054429,43.236849],[6.054532,43.236822],[6.054683,43.236825],[6.054743,43.236818],[6.054756,43.236783],[6.054772,43.236691],[6.054855,43.23668],[6.055029,43.236674],[6.055075,43.236674],[6.055075,43.236794],[6.055044,43.23693],[6.055015,43.237178],[6.054983,43.237425],[6.054952,43.237629],[6.054945,43.237718]]]]}},{"type":"Feature","properties":{"numero":"0507","section":"0A","code_insee":"83049","id_parc":"83049_0A_0507"},"geometry":{"type":"MultiPolygon","coordinates":[[[[6.054094,43.250166],[6.053793,43.25004],[6.053583,43.250006],[6.053655,43.249914],[6.053709,43.249873],[6.053749,43.249855],[6.053784,43.249858],[6.053887,43.249863],[6.05399,43.249864],[6.054018,43.249869],[6.054043,43.24988],[6.054086,43.249938],[6.054139,43.250005],[6.054196,43.25007],[6.054319,43.250135],[6.054447,43.250199],[6.054487,43.250213],[6.054537,43.250227],[6.054588,43.250237],[6.054641,43.250245],[6.054694,43.25025],[6.054577,43.250415],[6.054577,43.250442],[6.054094,43.250166]]]]}},{"type":"Feature","properties":{"numero":"0508","section":"0H","code_insee":"83049","id_parc":"83049_0H_0508"},"geometry":{"type":"MultiPolygon","coordinates":[[[[6.055261,43.237921],[6.055245,43.237971],[6.055016,43.238311],[6.054945,43.237718],[6.054952,43.237629],[6.054983,43.237425],[6.055015,43.237178],[6.055044,43.23693],[6.055075,43.236794],[6.055075,43.236674],[6.055083,43.236674],[6.055891,43.236432],[6.055861,43.23647],[6.055682,43.236764],[6.055602,43.236912],[6.055579,43.237042],[6.055307,43.237497],[6.055225,43.237595],[6.055213,43.237616],[6.055205,43.237638],[6.055201,43.23766],[6.055202,43.237683],[6.055207,43.237706],[6.055282,43.237844],[6.05527,43.237889],[6.055261,43.237921]]]]}},{"type":"Feature","properties":{"numero":"0508","section":"0A","code_insee":"83049","id_parc":"83049_0A_0508"},"geometry":{"type":"MultiPolygon","coordinates":[[[[6.054578,43.250547],[6.05456,43.250566],[6.054366,43.250641],[6.05428,43.250594],[6.05362,43.250254],[6.053518,43.2502],[6.053556,43.250051],[6.053583,43.250006],[6.053793,43.25004],[6.054094,43.250166],[6.054577,43.250442],[6.054578,43.250547]]]]}},{"type":"Feature","properties":{"numero":"0509","section":"0A","code_insee":"83049","id_parc":"83049_0A_0509"},"geometry":{"type":"MultiPolygon","coordinates":[[[[6.053467,43.250404],[6.053298,43.25051],[6.053233,43.2505],[6.053218,43.250426],[6.052501,43.250399],[6.052395,43.250654],[6.051632,43.250636],[6.051863,43.250516],[6.051962,43.250472],[6.052241,43.250379],[6.052521,43.250286],[6.052581,43.250281],[6.05284,43.250296],[6.053063,43.250344],[6.053132,43.250342],[6.053235,43.250332],[6.053371,43.250307],[6.053397,43.250302],[6.053424,43.250293],[6.053449,43.250281],[6.053471,43.250267],[6.05349,43.250251],[6.053506,43.250233],[6.053518,43.2502],[6.05362,43.250254],[6.053572,43.250314],[6.053467,43.250404]]]]}},{"type":"Feature","properties":{"numero":"0051","section":"AE","code_insee":"83049","id_parc":"83049_AE_0051"},"geometry":{"type":"MultiPolygon","coordinates":[[[[6.060213,43.238777],[6.060063,43.238439],[6.059896,43.238063],[6.060142,43.238024],[6.06061,43.2387],[6.060657,43.23869],[6.060683,43.238735],[6.060585,43.238746],[6.060389,43.238768],[6.060298,43.238784],[6.060218,43.238793],[6.060213,43.238777]]]]}},{"type":"Feature","properties":{"numero":"0051","section":"AH","code_insee":"83049","id_parc":"83049_AH_0051"},"geometry":{"type":"MultiPolygon","coordinates":[[[[6.059303,43.245794],[6.059344,43.245795],[6.059457,43.245794],[6.059682,43.245793],[6.059682,43.245907],[6.060015,43.245912],[6.060017,43.246018],[6.060015,43.246184],[6.059426,43.246203],[6.059309,43.246174],[6.059282,43.246169],[6.05928,43.245841],[6.05928,43.245794],[6.059303,43.245794]]]]}},{"type":"Feature","properties":{"numero":"0510","section":"0A","code_insee":"83049","id_parc":"83049_0A_0510"},"geometry":{"type":"MultiPolygon","coordinates":[[[[6.053233,43.2505],[6.053279,43.250723],[6.052375,43.250703],[6.052395,43.250654],[6.052501,43.250399],[6.053218,43.250426],[6.053233,43.2505]]]]}},{"type":"Feature","properties":{"numero":"0511","section":"0A","code_insee":"83049","id_parc":"83049_0A_0511"},"geometry":{"type":"MultiPolygon","coordinates":[[[[6.052192,43.251322],[6.052124,43.251324],[6.052337,43.250793],[6.052375,43.250703],[6.053279,43.250723],[6.053233,43.2505],[6.053298,43.25051],[6.053467,43.250404],[6.053572,43.250314],[6.05362,43.250254],[6.05428,43.250594],[6.054366,43.250641],[6.054306,43.250665],[6.054282,43.250682],[6.054254,43.250705],[6.054229,43.25073],[6.054187,43.250754],[6.053943,43.250737],[6.053914,43.250741],[6.053892,43.250747],[6.053871,43.250756],[6.053853,43.250768],[6.053838,43.250781],[6.053815,43.250816],[6.053792,43.251057],[6.053765,43.251159],[6.053755,43.251178],[6.052532,43.251136],[6.052519,43.251324],[6.052355,43.25132],[6.052345,43.251257],[6.052197,43.251263],[6.052192,43.251322]]]]}},{"type":"Feature","properties":{"numero":"0512","section":"0A","code_insee":"83049","id_parc":"83049_0A_0512"},"geometry":{"type":"MultiPolygon","coordinates":[[[[6.053678,43.251291],[6.053634,43.251335],[6.053601,43.251346],[6.053139,43.251335],[6.052677,43.251326],[6.052519,43.251324],[6.052532,43.251136],[6.053755,43.251178],[6.053731,43.251226],[6.053678,43.251291]]]]}},{"type":"Feature","properties":{"numero":"0513","section":"0A","code_insee":"83049","id_parc":"83049_0A_0513"},"geometry":{"type":"MultiPolygon","coordinates":[[[[6.052072,43.251776],[6.052036,43.251776],[6.052018,43.251604],[6.052084,43.251422],[6.052124,43.251324],[6.052192,43.251322],[6.052197,43.251263],[6.052345,43.251257],[6.052355,43.25132],[6.052519,43.251324],[6.052508,43.251504],[6.05254,43.251507],[6.052536,43.251683],[6.052533,43.251781],[6.052529,43.251781],[6.052506,43.251781],[6.052417,43.25178],[6.052132,43.251777],[6.052072,43.251776]]]]}},{"type":"Feature","properties":{"numero":"0514","section":"0A","code_insee":"83049","id_parc":"83049_0A_0514"},"geometry":{"type":"MultiPolygon","coordinates":[[[[6.051262,43.251533],[6.051266,43.251507],[6.050989,43.251475],[6.050994,43.251299],[6.051267,43.251283],[6.05126,43.25138],[6.052084,43.251422],[6.052018,43.251604],[6.051378,43.251525],[6.051373,43.251545],[6.051262,43.251533]]]]}},{"type":"Feature","properties":{"numero":"0515","section":"0A","code_insee":"83049","id_parc":"83049_0A_0515"},"geometry":{"type":"MultiPolygon","coordinates":[[[[6.051425,43.250749],[6.051567,43.250761],[6.052337,43.250793],[6.052124,43.251324],[6.052084,43.251422],[6.05126,43.25138],[6.051267,43.251283],[6.050994,43.251299],[6.050911,43.251304],[6.050945,43.250733],[6.051425,43.250749]]]]}},{"type":"Feature","properties":{"numero":"0516","section":"0A","code_insee":"83049","id_parc":"83049_0A_0516"},"geometry":{"type":"MultiPolygon","coordinates":[[[[6.051567,43.250761],[6.051632,43.250636],[6.052395,43.250654],[6.052375,43.250703],[6.052337,43.250793],[6.051567,43.250761]]]]}},{"type":"Feature","properties":{"numero":"0517","section":"0A","code_insee":"83049","id_parc":"83049_0A_0517"},"geometry":{"type":"MultiPolygon","coordinates":[[[[6.051518,43.250676],[6.051561,43.250665],[6.051632,43.250636],[6.051567,43.250761],[6.051425,43.250749],[6.050945,43.250733],[6.050936,43.250735],[6.05079,43.250798],[6.050704,43.250848],[6.050569,43.250947],[6.050375,43.251171],[6.050272,43.251188],[6.050344,43.251119],[6.050411,43.251049],[6.050454,43.250982],[6.050506,43.250783],[6.050546,43.250701],[6.050604,43.250624],[6.050635,43.250601],[6.050647,43.250595],[6.050669,43.250587],[6.050692,43.250582],[6.050717,43.25058],[6.051015,43.25061],[6.051114,43.250631],[6.05127,43.250684],[6.051339,43.250691],[6.051419,43.250693],[6.051518,43.250676]]]]}},{"type":"Feature","properties":{"numero":"0518","section":"0A","code_insee":"83049","id_parc":"83049_0A_0518"},"geometry":{"type":"MultiPolygon","coordinates":[[[[6.05079,43.250798],[6.050936,43.250735],[6.050945,43.250733],[6.050911,43.251304],[6.050994,43.251299],[6.050989,43.251475],[6.050873,43.251618],[6.049929,43.251678],[6.049559,43.251314],[6.049551,43.251299],[6.049617,43.251311],[6.049718,43.251306],[6.0499,43.251274],[6.050069,43.25124],[6.050236,43.251203],[6.050272,43.251188],[6.050375,43.251171],[6.050569,43.250947],[6.050704,43.250848],[6.05079,43.250798]]]]}},{"type":"Feature","properties":{"numero":"0519","section":"0A","code_insee":"83049","id_parc":"83049_0A_0519"},"geometry":{"type":"MultiPolygon","coordinates":[[[[6.049702,43.251848],[6.049688,43.251792],[6.049559,43.251314],[6.049929,43.251678],[6.050873,43.251618],[6.050764,43.251754],[6.050503,43.251762],[6.049702,43.251848]]]]}},{"type":"Feature","properties":{"numero":"0052","section":"AC","code_insee":"83049","id_parc":"83049_AC_0052"},"geometry":{"type":"MultiPolygon","coordinates":[[[[6.06857,43.238443],[6.068522,43.238382],[6.068422,43.238257],[6.068459,43.238241],[6.068491,43.238228],[6.068528,43.238274],[6.068582,43.238341],[6.068591,43.238353],[6.06864,43.238413],[6.06857,43.238443]]]]}},{"type":"Feature","properties":{"numero":"0052","section":"AD","code_insee":"83049","id_parc":"83049_AD_0052"},"geometry":{"type":"MultiPolygon","coordinates":[[[[6.068042,43.240024],[6.068111,43.240059],[6.067958,43.240194],[6.067903,43.240086],[6.067892,43.240039],[6.067931,43.240001],[6.06799,43.240031],[6.068021,43.240046],[6.068042,43.240024]]]]}},{"type":"Feature","properties":{"numero":"0052","section":"AE","code_insee":"83049","id_parc":"83049_AE_0052"},"geometry":{"type":"MultiPolygon","coordinates":[[[[6.059482,43.23812],[6.059471,43.238083],[6.059896,43.238063],[6.060063,43.238439],[6.059761,43.238473],[6.059678,43.238483],[6.059626,43.238488],[6.059608,43.23849],[6.059554,43.238494],[6.059475,43.2385],[6.05934,43.23851],[6.059331,43.23844],[6.059466,43.238429],[6.059416,43.238219],[6.059492,43.238171],[6.059482,43.23812]]]]}},{"type":"Feature","properties":{"numero":"0052","section":"AH","code_insee":"83049","id_parc":"83049_AH_0052"},"geometry":{"type":"MultiPolygon","coordinates":[[[[6.059449,43.246569],[6.059299,43.246575],[6.059282,43.246169],[6.059309,43.246174],[6.059426,43.246203],[6.060015,43.246184],[6.06001,43.246506],[6.059799,43.246527],[6.059615,43.246547],[6.059493,43.246563],[6.059449,43.246569]]]]}},{"type":"Feature","properties":{"numero":"0052","section":"AI","code_insee":"83049","id_parc":"83049_AI_0052"},"geometry":{"type":"MultiPolygon","coordinates":[[[[6.06855,43.242382],[6.068565,43.242374],[6.06894,43.242189],[6.069044,43.242379],[6.068666,43.242566],[6.06855,43.242382]]]]}},{"type":"Feature","properties":{"numero":"0520","section":"0A","code_insee":"83049","id_parc":"83049_0A_0520"},"geometry":{"type":"MultiPolygon","coordinates":[[[[6.049333,43.251263],[6.049381,43.251268],[6.049551,43.251299],[6.049559,43.251314],[6.049688,43.251792],[6.048709,43.251671],[6.048544,43.251796],[6.048217,43.252053],[6.047817,43.252003],[6.04784,43.251908],[6.04791,43.251752],[6.04798,43.25166],[6.048,43.251627],[6.047993,43.251601],[6.047962,43.251581],[6.047909,43.25155],[6.047853,43.251522],[6.0478,43.251507],[6.047786,43.25149],[6.047788,43.25147],[6.047787,43.251448],[6.047782,43.251426],[6.047803,43.251372],[6.047779,43.251303],[6.047785,43.251171],[6.047756,43.25111],[6.047903,43.251103],[6.04849,43.251159],[6.048649,43.251159],[6.048727,43.251165],[6.048751,43.251168],[6.048794,43.251177],[6.048835,43.251188],[6.048875,43.251203],[6.04899,43.251269],[6.04907,43.251273],[6.049333,43.251263]]]]}},{"type":"Feature","properties":{"numero":"0521","section":"0A","code_insee":"83049","id_parc":"83049_0A_0521"},"geometry":{"type":"MultiPolygon","coordinates":[[[[6.048544,43.251796],[6.048709,43.251671],[6.049688,43.251792],[6.049702,43.251848],[6.049687,43.251952],[6.048615,43.251806],[6.048544,43.251796]]]]}},{"type":"Feature","properties":{"numero":"0523","section":"0A","code_insee":"83049","id_parc":"83049_0A_0523"},"geometry":{"type":"MultiPolygon","coordinates":[[[[6.05254,43.251507],[6.052508,43.251504],[6.052519,43.251324],[6.052677,43.251326],[6.053139,43.251335],[6.053601,43.251346],[6.053439,43.2514],[6.053423,43.251406],[6.053403,43.251416],[6.053387,43.251429],[6.053373,43.251444],[6.053363,43.25146],[6.053346,43.251519],[6.053273,43.251607],[6.053227,43.251675],[6.053224,43.251715],[6.05322,43.251732],[6.053211,43.251749],[6.053199,43.251763],[6.053183,43.251777],[6.053069,43.251818],[6.053003,43.25193],[6.052848,43.252127],[6.05278,43.252175],[6.052764,43.252291],[6.052682,43.252423],[6.052668,43.252439],[6.052651,43.252451],[6.052632,43.252461],[6.052611,43.252468],[6.052521,43.25248],[6.052295,43.252479],[6.052276,43.252486],[6.052212,43.252543],[6.051646,43.252487],[6.051507,43.252473],[6.051341,43.252585],[6.051185,43.252717],[6.051128,43.25279],[6.051054,43.252906],[6.050911,43.252911],[6.050811,43.252925],[6.050411,43.252959],[6.049871,43.25305],[6.049821,43.252754],[6.049791,43.252361],[6.049782,43.252291],[6.049769,43.25222],[6.049755,43.252149],[6.049754,43.252142],[6.049723,43.252143],[6.049676,43.2521],[6.049708,43.252067],[6.049687,43.251952],[6.049702,43.251848],[6.050503,43.251762],[6.050764,43.251754],[6.050873,43.251618],[6.050989,43.251475],[6.051266,43.251507],[6.051262,43.251533],[6.051373,43.251545],[6.051378,43.251525],[6.052018,43.251604],[6.052036,43.251776],[6.052072,43.251776],[6.052132,43.251777],[6.052417,43.25178],[6.052506,43.251781],[6.052529,43.251781],[6.052533,43.251781],[6.052536,43.251683],[6.05254,43.251507]]]]}},{"type":"Feature","properties":{"numero":"0524","section":"0A","code_insee":"83049","id_parc":"83049_0A_0524"},"geometry":{"type":"MultiPolygon","coordinates":[[[[6.051434,43.252929],[6.051333,43.252896],[6.051054,43.252906],[6.051128,43.25279],[6.051185,43.252717],[6.051341,43.252585],[6.051507,43.252473],[6.051646,43.252487],[6.052212,43.252543],[6.052203,43.252551],[6.052005,43.252682],[6.052011,43.252762],[6.051969,43.252796],[6.051839,43.252813],[6.051801,43.252793],[6.051765,43.252787],[6.051743,43.25279],[6.051708,43.252797],[6.051673,43.252807],[6.051641,43.25282],[6.051611,43.252836],[6.051583,43.252854],[6.051558,43.252874],[6.051537,43.252896],[6.051519,43.25292],[6.051434,43.252929]]]]}},{"type":"Feature","properties":{"numero":"0526","section":"0A","code_insee":"83049","id_parc":"83049_0A_0526"},"geometry":{"type":"MultiPolygon","coordinates":[[[[6.049344,43.254457],[6.049303,43.254461],[6.049179,43.254473],[6.049178,43.254468],[6.049172,43.254419],[6.049338,43.254405],[6.049344,43.254457]]]]}},{"type":"Feature","properties":{"numero":"0527","section":"0A","code_insee":"83049","id_parc":"83049_0A_0527"},"geometry":{"type":"MultiPolygon","coordinates":[[[[6.050753,43.254615],[6.050673,43.254684],[6.050029,43.254607],[6.050091,43.254403],[6.050336,43.254446],[6.050753,43.254615]]]]}},{"type":"Feature","properties":{"numero":"0529","section":"0A","code_insee":"83049","id_parc":"83049_0A_0529"},"geometry":{"type":"MultiPolygon","coordinates":[[[[6.050181,43.255298],[6.050153,43.255346],[6.050155,43.255421],[6.05008,43.255404],[6.05012,43.255327],[6.050136,43.255297],[6.05014,43.255289],[6.050374,43.255161],[6.050412,43.255134],[6.050448,43.255056],[6.050452,43.255096],[6.050429,43.255148],[6.050351,43.255199],[6.050267,43.25525],[6.050181,43.255298]]]]}},{"type":"Feature","properties":{"numero":"0053","section":"AC","code_insee":"83049","id_parc":"83049_AC_0053"},"geometry":{"type":"MultiPolygon","coordinates":[[[[6.068443,43.2384],[6.06839,43.238334],[6.068353,43.238287],[6.068385,43.238273],[6.068422,43.238257],[6.068522,43.238382],[6.06857,43.238443],[6.068501,43.238472],[6.068492,43.238461],[6.068452,43.238411],[6.068443,43.2384]]]]}},{"type":"Feature","properties":{"numero":"0053","section":"AD","code_insee":"83049","id_parc":"83049_AD_0053"},"geometry":{"type":"MultiPolygon","coordinates":[[[[6.067953,43.239978],[6.067931,43.240001],[6.067892,43.240039],[6.067777,43.239578],[6.067795,43.239574],[6.067951,43.239537],[6.068004,43.239525],[6.068094,43.239744],[6.06812,43.239806],[6.067953,43.239978]]]]}},{"type":"Feature","properties":{"numero":"0053","section":"AE","code_insee":"83049","id_parc":"83049_AE_0053"},"geometry":{"type":"MultiPolygon","coordinates":[[[[6.058771,43.238135],[6.058939,43.23812],[6.059094,43.238108],[6.059111,43.238107],[6.059212,43.238113],[6.059471,43.238083],[6.059482,43.23812],[6.059492,43.238171],[6.059416,43.238219],[6.059466,43.238429],[6.059331,43.23844],[6.05934,43.23851],[6.059193,43.238522],[6.059192,43.23854],[6.058996,43.238539],[6.058936,43.238548],[6.058834,43.238565],[6.057673,43.238663],[6.057851,43.238484],[6.057889,43.238199],[6.05792,43.238197],[6.058095,43.238185],[6.058183,43.238164],[6.058229,43.238177],[6.058268,43.238165],[6.058323,43.238175],[6.058373,43.238164],[6.058552,43.238156],[6.058619,43.23815],[6.058688,43.238142],[6.058771,43.238135]]]]}},{"type":"Feature","properties":{"numero":"0053","section":"AH","code_insee":"83049","id_parc":"83049_AH_0053"},"geometry":{"type":"MultiPolygon","coordinates":[[[[6.060413,43.245634],[6.060467,43.245647],[6.06036,43.246252],[6.060321,43.246532],[6.060215,43.246505],[6.060108,43.2465],[6.06001,43.246506],[6.060015,43.246184],[6.060017,43.246018],[6.060015,43.245912],[6.060018,43.245751],[6.060017,43.245532],[6.060115,43.24556],[6.060182,43.245578],[6.060275,43.245597],[6.06028,43.245598],[6.060366,43.245621],[6.060372,43.245623],[6.060413,43.245634]]]]}},{"type":"Feature","properties":{"numero":"0053","section":"AI","code_insee":"83049","id_parc":"83049_AI_0053"},"geometry":{"type":"MultiPolygon","coordinates":[[[[6.068345,43.242611],[6.068264,43.242524],[6.06855,43.242382],[6.068666,43.242566],[6.068504,43.242646],[6.068418,43.242689],[6.06839,43.242659],[6.068345,43.242611]]]]}},{"type":"Feature","properties":{"numero":"0530","section":"0A","code_insee":"83049","id_parc":"83049_0A_0530"},"geometry":{"type":"MultiPolygon","coordinates":[[[[6.047788,43.254982],[6.048968,43.255187],[6.049337,43.255252],[6.04909,43.255498],[6.048853,43.255708],[6.048734,43.255815],[6.048536,43.255989],[6.048335,43.256162],[6.048127,43.256323],[6.047948,43.256509],[6.047865,43.256578],[6.047747,43.256679],[6.047632,43.256783],[6.04752,43.256888],[6.047411,43.256996],[6.046875,43.257471],[6.046712,43.2576],[6.046603,43.257529],[6.046577,43.257518],[6.046616,43.257398],[6.046692,43.257224],[6.046726,43.257097],[6.046772,43.257029],[6.046812,43.256965],[6.04685,43.256866],[6.047168,43.256302],[6.04725,43.256155],[6.047328,43.256007],[6.047347,43.25597],[6.047414,43.255868],[6.04756,43.255535],[6.047701,43.255201],[6.047739,43.255111],[6.047788,43.254982]]]]}},{"type":"Feature","properties":{"numero":"0532","section":"0A","code_insee":"83049","id_parc":"83049_0A_0532"},"geometry":{"type":"MultiPolygon","coordinates":[[[[6.04414,43.256772],[6.044134,43.256705],[6.044144,43.256625],[6.044363,43.256757],[6.04509,43.257279],[6.0456,43.257676],[6.045526,43.257686],[6.045502,43.257675],[6.045386,43.257725],[6.04536,43.257714],[6.045275,43.257734],[6.044898,43.257875],[6.044792,43.257906],[6.044535,43.257967],[6.044399,43.258001],[6.044229,43.258053],[6.043931,43.258134],[6.043721,43.258185],[6.043539,43.258218],[6.043643,43.257915],[6.043695,43.257732],[6.043721,43.257656],[6.043858,43.25745],[6.043958,43.257298],[6.043999,43.257199],[6.044051,43.257077],[6.044085,43.256985],[6.044136,43.256798],[6.04414,43.256772]]]]}},{"type":"Feature","properties":{"numero":"0533","section":"0A","code_insee":"83049","id_parc":"83049_0A_0533"},"geometry":{"type":"MultiPolygon","coordinates":[[[[6.045804,43.257599],[6.045722,43.257644],[6.0456,43.257676],[6.04509,43.257279],[6.044363,43.256757],[6.044144,43.256625],[6.044151,43.256583],[6.044168,43.256507],[6.044201,43.256385],[6.044269,43.256152],[6.04474,43.256378],[6.044955,43.256503],[6.045032,43.256532],[6.04521,43.256632],[6.045515,43.256778],[6.045655,43.256855],[6.045868,43.256975],[6.046079,43.257097],[6.046219,43.257231],[6.046297,43.257352],[6.046311,43.2574],[6.046323,43.257488],[6.046074,43.257522],[6.04587,43.257551],[6.045804,43.257599]]]]}},{"type":"Feature","properties":{"numero":"0534","section":"0A","code_insee":"83049","id_parc":"83049_0A_0534"},"geometry":{"type":"MultiPolygon","coordinates":[[[[6.044387,43.255409],[6.044411,43.255388],[6.044418,43.255339],[6.044525,43.255317],[6.044802,43.255523],[6.044978,43.25568],[6.045016,43.255723],[6.045114,43.25583],[6.045215,43.255935],[6.04532,43.256039],[6.045434,43.256169],[6.045506,43.256255],[6.045729,43.256526],[6.045947,43.256798],[6.046138,43.257107],[6.046219,43.257231],[6.046079,43.257097],[6.045868,43.256975],[6.045655,43.256855],[6.045515,43.256778],[6.04521,43.256632],[6.045032,43.256532],[6.044955,43.256503],[6.04474,43.256378],[6.044269,43.256152],[6.044297,43.255989],[6.044327,43.255843],[6.044339,43.255762],[6.044377,43.255518],[6.044387,43.255409]]]]}},{"type":"Feature","properties":{"numero":"0535","section":"0A","code_insee":"83049","id_parc":"83049_0A_0535"},"geometry":{"type":"MultiPolygon","coordinates":[[[[6.0446,43.254894],[6.044633,43.254832],[6.04475,43.254724],[6.044965,43.254805],[6.045377,43.254791],[6.045354,43.255186],[6.045206,43.255206],[6.044993,43.25525],[6.044809,43.255271],[6.044525,43.255317],[6.044418,43.255339],[6.044434,43.255249],[6.044451,43.255185],[6.044491,43.255095],[6.044527,43.255019],[6.0446,43.254894]]]]}},{"type":"Feature","properties":{"numero":"0536","section":"0A","code_insee":"83049","id_parc":"83049_0A_0536"},"geometry":{"type":"MultiPolygon","coordinates":[[[[6.045768,43.255114],[6.045543,43.255164],[6.045354,43.255186],[6.045377,43.254791],[6.04538,43.254743],[6.045725,43.254862],[6.045768,43.255114]]]]}},{"type":"Feature","properties":{"numero":"0537","section":"0A","code_insee":"83049","id_parc":"83049_0A_0537"},"geometry":{"type":"MultiPolygon","coordinates":[[[[6.04475,43.254724],[6.044772,43.254587],[6.044741,43.254335],[6.044735,43.254192],[6.044992,43.254282],[6.045419,43.25445],[6.045383,43.254607],[6.04538,43.254743],[6.045377,43.254791],[6.044965,43.254805],[6.04475,43.254724]]]]}},{"type":"Feature","properties":{"numero":"0538","section":"0A","code_insee":"83049","id_parc":"83049_0A_0538"},"geometry":{"type":"MultiPolygon","coordinates":[[[[6.044992,43.254282],[6.044735,43.254192],[6.044679,43.253735],[6.044684,43.253512],[6.045154,43.253728],[6.045089,43.254063],[6.045106,43.254073],[6.045217,43.254141],[6.045323,43.254205],[6.045373,43.254236],[6.045431,43.254271],[6.045419,43.25445],[6.044992,43.254282]]]]}},{"type":"Feature","properties":{"numero":"0054","section":"AC","code_insee":"83049","id_parc":"83049_AC_0054"},"geometry":{"type":"MultiPolygon","coordinates":[[[[6.068316,43.238303],[6.068321,43.238301],[6.068353,43.238287],[6.06839,43.238334],[6.068443,43.2384],[6.068452,43.238411],[6.068492,43.238461],[6.068501,43.238472],[6.068432,43.238502],[6.068423,43.238491],[6.068374,43.238429],[6.068303,43.23834],[6.068316,43.238303]]]]}},{"type":"Feature","properties":{"numero":"0054","section":"AD","code_insee":"83049","id_parc":"83049_AD_0054"},"geometry":{"type":"MultiPolygon","coordinates":[[[[6.067786,43.240324],[6.067771,43.24031],[6.067752,43.240293],[6.067693,43.240239],[6.067731,43.240201],[6.067823,43.240108],[6.067895,43.240245],[6.067836,43.240291],[6.067786,43.240324]]]]}},{"type":"Feature","properties":{"numero":"0054","section":"AE","code_insee":"83049","id_parc":"83049_AE_0054"},"geometry":{"type":"MultiPolygon","coordinates":[[[[6.059414,43.238865],[6.059415,43.23885],[6.059096,43.238877],[6.058897,43.238893],[6.058834,43.238565],[6.058936,43.238548],[6.058989,43.238859],[6.059422,43.238814],[6.059493,43.238828],[6.059706,43.238806],[6.05964,43.238587],[6.059653,43.238585],[6.059635,43.238523],[6.059626,43.238488],[6.059678,43.238483],[6.059761,43.238473],[6.060063,43.238439],[6.060213,43.238777],[6.060218,43.238793],[6.060197,43.238795],[6.060166,43.238797],[6.05992,43.238822],[6.059836,43.23883],[6.059745,43.23884],[6.059588,43.238852],[6.059504,43.23886],[6.059436,43.238866],[6.059414,43.238865]]]]}},{"type":"Feature","properties":{"numero":"0054","section":"AH","code_insee":"83049","id_parc":"83049_AH_0054"},"geometry":{"type":"MultiPolygon","coordinates":[[[[6.060516,43.246445],[6.060592,43.246293],[6.060863,43.246338],[6.061029,43.246366],[6.061532,43.246452],[6.061578,43.24646],[6.061516,43.246519],[6.061498,43.246538],[6.06142,43.246607],[6.061394,43.246628],[6.061347,43.246667],[6.061318,43.24669],[6.061299,43.246698],[6.061267,43.246706],[6.061122,43.246684],[6.0611,43.24668],[6.061052,43.246676],[6.060879,43.246669],[6.060704,43.246662],[6.06067,43.246659],[6.0606,43.246643],[6.060528,43.246614],[6.060449,43.24658],[6.060516,43.246445]]]]}},{"type":"Feature","properties":{"numero":"0054","section":"AI","code_insee":"83049","id_parc":"83049_AI_0054"},"geometry":{"type":"MultiPolygon","coordinates":[[[[6.068485,43.242289],[6.068537,43.242344],[6.068565,43.242374],[6.06855,43.242382],[6.068264,43.242524],[6.068228,43.242542],[6.068141,43.242442],[6.068141,43.242439],[6.068162,43.242367],[6.068231,43.242337],[6.068252,43.242328],[6.068281,43.242316],[6.068379,43.242274],[6.068406,43.242262],[6.068444,43.242245],[6.068485,43.242289]]]]}},{"type":"Feature","properties":{"numero":"0540","section":"0A","code_insee":"83049","id_parc":"83049_0A_0540"},"geometry":{"type":"MultiPolygon","coordinates":[[[[6.04434,43.253363],[6.044344,43.253362],[6.044354,43.253426],[6.044355,43.253458],[6.04427,43.253464],[6.044267,43.253433],[6.044302,43.253431],[6.044295,43.25337],[6.044331,43.253364],[6.04434,43.253363]]]]}},{"type":"Feature","properties":{"numero":"0541","section":"0A","code_insee":"83049","id_parc":"83049_0A_0541"},"geometry":{"type":"MultiPolygon","coordinates":[[[[6.043718,43.25278],[6.04371,43.252696],[6.043998,43.252708],[6.044647,43.252648],[6.044692,43.253195],[6.044684,43.253512],[6.044679,43.253735],[6.043814,43.253724],[6.04381,43.253691],[6.04378,43.253383],[6.043738,43.252993],[6.043718,43.25278]],[[6.044354,43.253426],[6.044344,43.253362],[6.04434,43.253363],[6.044331,43.253364],[6.044295,43.25337],[6.044302,43.253431],[6.044267,43.253433],[6.04427,43.253464],[6.044355,43.253458],[6.044354,43.253426]]]]}},{"type":"Feature","properties":{"numero":"0543","section":"0A","code_insee":"83049","id_parc":"83049_0A_0543"},"geometry":{"type":"MultiPolygon","coordinates":[[[[6.045706,43.253015],[6.046211,43.252932],[6.04631,43.252918],[6.046389,43.253165],[6.04647,43.253262],[6.046399,43.253269],[6.046284,43.253276],[6.046168,43.25328],[6.046053,43.253282],[6.04575,43.253257],[6.045741,43.253192],[6.045706,43.253015]]]]}},{"type":"Feature","properties":{"numero":"0544","section":"0A","code_insee":"83049","id_parc":"83049_0A_0544"},"geometry":{"type":"MultiPolygon","coordinates":[[[[6.045726,43.253191],[6.04573,43.253274],[6.045394,43.253336],[6.045376,43.253227],[6.045327,43.253074],[6.04569,43.253016],[6.045726,43.253191]]]]}},{"type":"Feature","properties":{"numero":"0545","section":"0A","code_insee":"83049","id_parc":"83049_0A_0545"},"geometry":{"type":"MultiPolygon","coordinates":[[[[6.045089,43.254063],[6.045154,43.253728],[6.044684,43.253512],[6.044692,43.253195],[6.044724,43.253211],[6.044748,43.253165],[6.04488,43.253138],[6.045067,43.253087],[6.045142,43.253078],[6.045224,43.25307],[6.045307,43.253066],[6.045394,43.253336],[6.045489,43.253585],[6.045487,43.25359],[6.045458,43.253668],[6.045451,43.253865],[6.045455,43.253986],[6.045438,43.254191],[6.045433,43.254251],[6.045431,43.254271],[6.045373,43.254236],[6.045323,43.254205],[6.045217,43.254141],[6.045106,43.254073],[6.045089,43.254063]]]]}},{"type":"Feature","properties":{"numero":"0546","section":"0A","code_insee":"83049","id_parc":"83049_0A_0546"},"geometry":{"type":"MultiPolygon","coordinates":[[[[6.045394,43.253336],[6.04573,43.253274],[6.045748,43.253401],[6.045761,43.253474],[6.04578,43.253604],[6.045795,43.253735],[6.045487,43.25359],[6.045489,43.253585],[6.045394,43.253336]]]]}},{"type":"Feature","properties":{"numero":"0547","section":"0A","code_insee":"83049","id_parc":"83049_0A_0547"},"geometry":{"type":"MultiPolygon","coordinates":[[[[6.04596,43.25372],[6.045939,43.253803],[6.045795,43.253735],[6.04578,43.253604],[6.045761,43.253474],[6.045748,43.253401],[6.045745,43.25327],[6.045749,43.25327],[6.046013,43.25329],[6.046206,43.253291],[6.046495,43.253272],[6.046624,43.253249],[6.046547,43.253278],[6.046429,43.253304],[6.046389,43.253321],[6.046279,43.253366],[6.046167,43.253409],[6.045976,43.253451],[6.045956,43.253474],[6.045988,43.253613],[6.045982,43.253672],[6.04596,43.25372]]]]}},{"type":"Feature","properties":{"numero":"0548","section":"0A","code_insee":"83049","id_parc":"83049_0A_0548"},"geometry":{"type":"MultiPolygon","coordinates":[[[[6.047136,43.254287],[6.047131,43.2543],[6.047119,43.254331],[6.047001,43.254316],[6.047013,43.254272],[6.047054,43.254277],[6.047136,43.254287]]]]}},{"type":"Feature","properties":{"numero":"0549","section":"0A","code_insee":"83049","id_parc":"83049_0A_0549"},"geometry":{"type":"MultiPolygon","coordinates":[[[[6.0468,43.253195],[6.046882,43.253165],[6.047003,43.253118],[6.047123,43.253068],[6.048265,43.253563],[6.047973,43.25432],[6.047873,43.254781],[6.047828,43.254843],[6.047788,43.254982],[6.047545,43.254967],[6.047305,43.254956],[6.047187,43.254952],[6.04685,43.254917],[6.046378,43.254892],[6.045907,43.25487],[6.045725,43.254862],[6.04538,43.254743],[6.045383,43.254607],[6.045419,43.25445],[6.045431,43.254271],[6.045433,43.254251],[6.045438,43.254191],[6.045455,43.253986],[6.045451,43.253865],[6.045458,43.253668],[6.045487,43.25359],[6.045795,43.253735],[6.045939,43.253803],[6.04596,43.25372],[6.045982,43.253672],[6.045988,43.253613],[6.045956,43.253474],[6.045976,43.253451],[6.046167,43.253409],[6.046279,43.253366],[6.046389,43.253321],[6.046429,43.253304],[6.046547,43.253278],[6.046624,43.253249],[6.0468,43.253195]],[[6.047054,43.254277],[6.047013,43.254272],[6.047001,43.254316],[6.047119,43.254331],[6.047131,43.2543],[6.047136,43.254287],[6.047054,43.254277]]]]}},{"type":"Feature","properties":{"numero":"0055","section":"AC","code_insee":"83049","id_parc":"83049_AC_0055"},"geometry":{"type":"MultiPolygon","coordinates":[[[[6.068615,43.238477],[6.068751,43.238419],[6.068794,43.238473],[6.068658,43.238532],[6.068537,43.238583],[6.068508,43.238596],[6.068464,43.238542],[6.068494,43.238529],[6.068615,43.238477]]]]}},{"type":"Feature","properties":{"numero":"0055","section":"AD","code_insee":"83049","id_parc":"83049_AD_0055"},"geometry":{"type":"MultiPolygon","coordinates":[[[[6.067823,43.240108],[6.067731,43.240201],[6.067693,43.240239],[6.067193,43.239791],[6.067194,43.239753],[6.067194,43.239713],[6.067693,43.239593],[6.06782,43.240101],[6.067823,43.240108]]]]}},{"type":"Feature","properties":{"numero":"0055","section":"AE","code_insee":"83049","id_parc":"83049_AE_0055"},"geometry":{"type":"MultiPolygon","coordinates":[[[[6.059422,43.238814],[6.058989,43.238859],[6.058936,43.238548],[6.058996,43.238539],[6.059192,43.23854],[6.059193,43.238522],[6.05934,43.23851],[6.059475,43.2385],[6.059554,43.238494],[6.059608,43.23849],[6.059626,43.238488],[6.059635,43.238523],[6.059653,43.238585],[6.05964,43.238587],[6.059706,43.238806],[6.059493,43.238828],[6.059422,43.238814]]]]}},{"type":"Feature","properties":{"numero":"0055","section":"AH","code_insee":"83049","id_parc":"83049_AH_0055"},"geometry":{"type":"MultiPolygon","coordinates":[[[[6.061095,43.245866],[6.060863,43.246338],[6.060592,43.246293],[6.06036,43.246252],[6.060467,43.245647],[6.060674,43.245708],[6.061034,43.245802],[6.061115,43.245824],[6.061095,43.245866]]]]}},{"type":"Feature","properties":{"numero":"0550","section":"0A","code_insee":"83049","id_parc":"83049_0A_0550"},"geometry":{"type":"MultiPolygon","coordinates":[[[[6.048172,43.253131],[6.048418,43.253177],[6.048265,43.253563],[6.047123,43.253068],[6.047247,43.253006],[6.047504,43.252871],[6.048172,43.253131]]]]}},{"type":"Feature","properties":{"numero":"0551","section":"0A","code_insee":"83049","id_parc":"83049_0A_0551"},"geometry":{"type":"MultiPolygon","coordinates":[[[[6.046855,43.253162],[6.046615,43.253238],[6.04647,43.253262],[6.046389,43.253165],[6.04631,43.252918],[6.046468,43.252897],[6.046642,43.252861],[6.046815,43.252821],[6.04689,43.252803],[6.047097,43.252764],[6.047205,43.25282],[6.047243,43.252832],[6.047389,43.252838],[6.047482,43.252863],[6.047112,43.25306],[6.046855,43.253162]]]]}},{"type":"Feature","properties":{"numero":"0552","section":"0A","code_insee":"83049","id_parc":"83049_0A_0552"},"geometry":{"type":"MultiPolygon","coordinates":[[[[6.046509,43.252512],[6.046609,43.252524],[6.046658,43.252535],[6.04672,43.25283],[6.046556,43.252868],[6.046415,43.252892],[6.046273,43.252912],[6.046177,43.252925],[6.046099,43.252553],[6.046406,43.252513],[6.046509,43.252512]]]]}},{"type":"Feature","properties":{"numero":"0553","section":"0A","code_insee":"83049","id_parc":"83049_0A_0553"},"geometry":{"type":"MultiPolygon","coordinates":[[[[6.047088,43.252753],[6.046902,43.25279],[6.04672,43.25283],[6.046658,43.252535],[6.046975,43.252655],[6.047088,43.252753]]]]}},{"type":"Feature","properties":{"numero":"0554","section":"0A","code_insee":"83049","id_parc":"83049_0A_0554"},"geometry":{"type":"MultiPolygon","coordinates":[[[[6.047266,43.252497],[6.047228,43.252297],[6.047704,43.252335],[6.047698,43.252338],[6.047535,43.252375],[6.04747,43.252409],[6.047428,43.252445],[6.047383,43.252487],[6.047341,43.252531],[6.04733,43.252562],[6.047315,43.25266],[6.047324,43.252785],[6.047311,43.252787],[6.047285,43.25279],[6.047257,43.25279],[6.047231,43.252787],[6.047205,43.252781],[6.047181,43.252772],[6.047159,43.252761],[6.047003,43.25264],[6.046934,43.252598],[6.047266,43.252497]]]]}},{"type":"Feature","properties":{"numero":"0555","section":"0A","code_insee":"83049","id_parc":"83049_0A_0555"},"geometry":{"type":"MultiPolygon","coordinates":[[[[6.046986,43.252174],[6.046925,43.252173],[6.046926,43.252139],[6.046987,43.25214],[6.046986,43.252174]]]]}},{"type":"Feature","properties":{"numero":"0556","section":"0A","code_insee":"83049","id_parc":"83049_0A_0556"},"geometry":{"type":"MultiPolygon","coordinates":[[[[6.046831,43.252554],[6.046826,43.252501],[6.046725,43.251388],[6.046822,43.251371],[6.047147,43.251407],[6.04747,43.251447],[6.047758,43.251485],[6.047772,43.251512],[6.047835,43.251529],[6.047849,43.251535],[6.04789,43.251556],[6.047928,43.251579],[6.047964,43.251604],[6.047972,43.251632],[6.047932,43.251683],[6.04786,43.251805],[6.047827,43.251871],[6.047798,43.251982],[6.04776,43.2523],[6.047704,43.252335],[6.047228,43.252297],[6.047266,43.252497],[6.046934,43.252598],[6.046831,43.252554]],[[6.046987,43.25214],[6.046926,43.252139],[6.046925,43.252173],[6.046986,43.252174],[6.046987,43.25214]]]]}},{"type":"Feature","properties":{"numero":"0056","section":"AC","code_insee":"83049","id_parc":"83049_AC_0056"},"geometry":{"type":"MultiPolygon","coordinates":[[[[6.068537,43.238583],[6.068658,43.238532],[6.068794,43.238473],[6.068838,43.238528],[6.06889,43.238593],[6.068968,43.238691],[6.068712,43.238801],[6.068682,43.238814],[6.068638,43.238759],[6.068595,43.238705],[6.068551,43.238651],[6.068508,43.238596],[6.068537,43.238583]]]]}},{"type":"Feature","properties":{"numero":"0056","section":"AD","code_insee":"83049","id_parc":"83049_AD_0056"},"geometry":{"type":"MultiPolygon","coordinates":[[[[6.067322,43.239467],[6.067606,43.239431],[6.067653,43.239425],[6.067693,43.239593],[6.067194,43.239713],[6.067183,43.239485],[6.067244,43.239477],[6.067322,43.239467]]]]}},{"type":"Feature","properties":{"numero":"0056","section":"AE","code_insee":"83049","id_parc":"83049_AE_0056"},"geometry":{"type":"MultiPolygon","coordinates":[[[[6.059415,43.23885],[6.059414,43.238865],[6.059339,43.239013],[6.059096,43.238877],[6.059415,43.23885]]]]}},{"type":"Feature","properties":{"numero":"0056","section":"AH","code_insee":"83049","id_parc":"83049_AH_0056"},"geometry":{"type":"MultiPolygon","coordinates":[[[[6.061532,43.246452],[6.061029,43.246366],[6.060863,43.246338],[6.061095,43.245866],[6.061115,43.245824],[6.061196,43.245845],[6.061746,43.245989],[6.061753,43.24599],[6.061758,43.245992],[6.061763,43.245994],[6.061769,43.245997],[6.061773,43.246],[6.061778,43.246003],[6.061782,43.246006],[6.061785,43.24601],[6.061741,43.246109],[6.061654,43.246266],[6.061532,43.246452]]]]}},{"type":"Feature","properties":{"numero":"0560","section":"0C","code_insee":"83049","id_parc":"83049_0C_0560"},"geometry":{"type":"MultiPolygon","coordinates":[[[[6.06989,43.246927],[6.069844,43.24685],[6.069935,43.246814],[6.070037,43.246919],[6.070009,43.246936],[6.07004,43.246968],[6.069984,43.246996],[6.070035,43.247046],[6.070068,43.247027],[6.070092,43.247052],[6.070056,43.247072],[6.070022,43.247091],[6.069998,43.247066],[6.069875,43.246935],[6.06989,43.246927]]]]}},{"type":"Feature","properties":{"numero":"0561","section":"0A","code_insee":"83049","id_parc":"83049_0A_0561"},"geometry":{"type":"MultiPolygon","coordinates":[[[[6.045016,43.251719],[6.045289,43.251695],[6.045406,43.252569],[6.045143,43.252585],[6.045016,43.251719]]]]}},{"type":"Feature","properties":{"numero":"0562","section":"0A","code_insee":"83049","id_parc":"83049_0A_0562"},"geometry":{"type":"MultiPolygon","coordinates":[[[[6.044946,43.252367],[6.044945,43.252322],[6.04504,43.252321],[6.04504,43.252406],[6.044976,43.252407],[6.044974,43.252367],[6.044946,43.252367]]]]}},{"type":"Feature","properties":{"numero":"0563","section":"0A","code_insee":"83049","id_parc":"83049_0A_0563"},"geometry":{"type":"MultiPolygon","coordinates":[[[[6.045143,43.252585],[6.044913,43.2526],[6.044788,43.251738],[6.045016,43.251719],[6.045143,43.252585]],[[6.04504,43.252321],[6.044945,43.252322],[6.044946,43.252367],[6.044974,43.252367],[6.044976,43.252407],[6.04504,43.252406],[6.04504,43.252321]]]]}},{"type":"Feature","properties":{"numero":"0564","section":"0A","code_insee":"83049","id_parc":"83049_0A_0564"},"geometry":{"type":"MultiPolygon","coordinates":[[[[6.044788,43.251738],[6.044913,43.2526],[6.044826,43.252606],[6.044761,43.252144],[6.044698,43.251745],[6.044788,43.251738]]]]}},{"type":"Feature","properties":{"numero":"0564","section":"0H","code_insee":"83049","id_parc":"83049_0H_0564"},"geometry":{"type":"MultiPolygon","coordinates":[[[[6.055978,43.238222],[6.056019,43.23811],[6.056101,43.237945],[6.056309,43.237932],[6.056624,43.237879],[6.056698,43.237875],[6.056844,43.237853],[6.056928,43.237836],[6.057003,43.237821],[6.057371,43.237754],[6.057373,43.23788],[6.057408,43.238035],[6.057404,43.238108],[6.057396,43.238226],[6.057889,43.238199],[6.057851,43.238484],[6.057673,43.238663],[6.057602,43.238726],[6.057237,43.238645],[6.057042,43.238608],[6.057202,43.238414],[6.057276,43.238278],[6.056941,43.238299],[6.056565,43.23829],[6.056234,43.238317],[6.055914,43.238323],[6.055978,43.238222]]]]}},{"type":"Feature","properties":{"numero":"0565","section":"0H","code_insee":"83049","id_parc":"83049_0H_0565"},"geometry":{"type":"MultiPolygon","coordinates":[[[[6.057042,43.238608],[6.056852,43.238579],[6.056572,43.238836],[6.055592,43.238608],[6.055249,43.238517],[6.054901,43.238464],[6.055016,43.238311],[6.055245,43.237971],[6.055518,43.237991],[6.056101,43.237945],[6.056019,43.23811],[6.055978,43.238222],[6.055914,43.238323],[6.056234,43.238317],[6.056565,43.23829],[6.056941,43.238299],[6.057276,43.238278],[6.057202,43.238414],[6.057042,43.238608]]]]}},{"type":"Feature","properties":{"numero":"0565","section":"0A","code_insee":"83049","id_parc":"83049_0A_0565"},"geometry":{"type":"MultiPolygon","coordinates":[[[[6.044563,43.252623],[6.044425,43.251767],[6.044698,43.251745],[6.044761,43.252144],[6.044826,43.252606],[6.044563,43.252623]]]]}},{"type":"Feature","properties":{"numero":"0566","section":"0H","code_insee":"83049","id_parc":"83049_0H_0566"},"geometry":{"type":"MultiPolygon","coordinates":[[[[6.057237,43.238645],[6.057602,43.238726],[6.057293,43.239003],[6.056572,43.238836],[6.056852,43.238579],[6.057042,43.238608],[6.057237,43.238645]]]]}},{"type":"Feature","properties":{"numero":"0566","section":"0A","code_insee":"83049","id_parc":"83049_0A_0566"},"geometry":{"type":"MultiPolygon","coordinates":[[[[6.044271,43.251841],[6.044263,43.25178],[6.044425,43.251767],[6.044563,43.252623],[6.044391,43.252633],[6.044356,43.252401],[6.044305,43.252085],[6.044284,43.251934],[6.044271,43.251841]]]]}},{"type":"Feature","properties":{"numero":"0568","section":"0H","code_insee":"83049","id_parc":"83049_0H_0568"},"geometry":{"type":"MultiPolygon","coordinates":[[[[6.054874,43.238872],[6.055763,43.239211],[6.056465,43.239536],[6.056306,43.239716],[6.056163,43.239663],[6.055813,43.239548],[6.05575,43.239526],[6.05561,43.239474],[6.055473,43.239419],[6.055342,43.239372],[6.055237,43.239328],[6.055139,43.239284],[6.054937,43.239191],[6.054738,43.239095],[6.054558,43.238989],[6.054231,43.238823],[6.054249,43.238809],[6.054439,43.23871],[6.054874,43.238872]]]]}},{"type":"Feature","properties":{"numero":"0568","section":"0C","code_insee":"83049","id_parc":"83049_0C_0568"},"geometry":{"type":"MultiPolygon","coordinates":[[[[6.068429,43.249008],[6.068359,43.248998],[6.068363,43.248968],[6.068433,43.248973],[6.068429,43.249008]]]]}},{"type":"Feature","properties":{"numero":"0569","section":"0H","code_insee":"83049","id_parc":"83049_0H_0569"},"geometry":{"type":"MultiPolygon","coordinates":[[[[6.056556,43.239797],[6.056306,43.239716],[6.056465,43.239536],[6.056502,43.239553],[6.056762,43.239426],[6.056996,43.239288],[6.057123,43.239402],[6.057272,43.239627],[6.056744,43.239727],[6.056556,43.239797]]]]}},{"type":"Feature","properties":{"numero":"0057","section":"AC","code_insee":"83049","id_parc":"83049_AC_0057"},"geometry":{"type":"MultiPolygon","coordinates":[[[[6.068968,43.238691],[6.06889,43.238593],[6.068838,43.238528],[6.068913,43.238496],[6.068977,43.238577],[6.069042,43.238659],[6.068968,43.238691]]]]}},{"type":"Feature","properties":{"numero":"0057","section":"AD","code_insee":"83049","id_parc":"83049_AD_0057"},"geometry":{"type":"MultiPolygon","coordinates":[[[[6.067527,43.239238],[6.067604,43.239226],[6.067653,43.239425],[6.067606,43.239431],[6.067322,43.239467],[6.067244,43.239477],[6.067183,43.239485],[6.067162,43.239285],[6.067491,43.239244],[6.067527,43.239238]]]]}},{"type":"Feature","properties":{"numero":"0057","section":"AE","code_insee":"83049","id_parc":"83049_AE_0057"},"geometry":{"type":"MultiPolygon","coordinates":[[[[6.059366,43.239386],[6.059177,43.239326],[6.059189,43.239303],[6.059251,43.239188],[6.059274,43.239144],[6.059278,43.239145],[6.059293,43.239124],[6.059284,43.239121],[6.059339,43.239013],[6.059414,43.238865],[6.059436,43.238866],[6.059504,43.23886],[6.059588,43.238852],[6.059591,43.23887],[6.059599,43.238907],[6.059602,43.238933],[6.059603,43.238939],[6.059633,43.239088],[6.059698,43.239451],[6.059698,43.239467],[6.059698,43.239478],[6.059649,43.239461],[6.059555,43.239436],[6.059478,43.239416],[6.059366,43.239386]]]]}},{"type":"Feature","properties":{"numero":"0057","section":"AH","code_insee":"83049","id_parc":"83049_AH_0057"},"geometry":{"type":"MultiPolygon","coordinates":[[[[6.061634,43.246369],[6.061578,43.24646],[6.061532,43.246452],[6.061654,43.246266],[6.061741,43.246109],[6.061785,43.24601],[6.061804,43.245969],[6.061865,43.245986],[6.061803,43.246099],[6.061722,43.246233],[6.061634,43.246369]]]]}},{"type":"Feature","properties":{"numero":"0057","section":"AI","code_insee":"83049","id_parc":"83049_AI_0057"},"geometry":{"type":"MultiPolygon","coordinates":[[[[6.068024,43.242732],[6.06803,43.242732],[6.068089,43.242702],[6.068149,43.242768],[6.06818,43.2428],[6.068184,43.242805],[6.068141,43.242826],[6.068058,43.242868],[6.067995,43.242899],[6.067948,43.242923],[6.067899,43.24289],[6.067881,43.242878],[6.067852,43.242849],[6.067734,43.242758],[6.067739,43.242732],[6.067743,43.24272],[6.067755,43.242711],[6.067777,43.242695],[6.067808,43.242674],[6.067821,43.242665],[6.067855,43.242643],[6.067915,43.242706],[6.067919,43.242709],[6.067923,43.242712],[6.067928,43.242714],[6.067934,43.242717],[6.06794,43.24272],[6.067945,43.242723],[6.067957,43.242727],[6.067968,43.24273],[6.067974,43.242731],[6.067986,43.242733],[6.068,43.242734],[6.068014,43.242734],[6.068024,43.242732]]]]}},{"type":"Feature","properties":{"numero":"0571","section":"0C","code_insee":"83049","id_parc":"83049_0C_0571"},"geometry":{"type":"MultiPolygon","coordinates":[[[[6.068116,43.249603],[6.068154,43.249585],[6.068191,43.249563],[6.068198,43.249571],[6.068241,43.24962],[6.06818,43.249693],[6.068155,43.249724],[6.06807,43.249636],[6.068107,43.249615],[6.068121,43.249607],[6.068116,43.249603]]]]}},{"type":"Feature","properties":{"numero":"0572","section":"0C","code_insee":"83049","id_parc":"83049_0C_0572"},"geometry":{"type":"MultiPolygon","coordinates":[[[[6.067403,43.249927],[6.066936,43.249741],[6.067638,43.249174],[6.067892,43.249227],[6.068064,43.249272],[6.068216,43.249332],[6.068247,43.249347],[6.068273,43.249353],[6.068339,43.24936],[6.068376,43.24937],[6.068432,43.249401],[6.068443,43.249404],[6.068209,43.249551],[6.068191,43.249563],[6.068154,43.249585],[6.068116,43.249603],[6.068121,43.249607],[6.068107,43.249615],[6.06807,43.249636],[6.068155,43.249724],[6.067985,43.249895],[6.067745,43.250063],[6.067573,43.249995],[6.067403,43.249927]]]]}},{"type":"Feature","properties":{"numero":"0572","section":"0A","code_insee":"83049","id_parc":"83049_0A_0572"},"geometry":{"type":"MultiPolygon","coordinates":[[[[6.065025,43.249682],[6.065136,43.249717],[6.065424,43.249806],[6.065337,43.249933],[6.064809,43.249804],[6.064887,43.249639],[6.065025,43.249682]]]]}},{"type":"Feature","properties":{"numero":"0573","section":"0C","code_insee":"83049","id_parc":"83049_0C_0573"},"geometry":{"type":"MultiPolygon","coordinates":[[[[6.067263,43.249053],[6.067358,43.249091],[6.067638,43.249174],[6.066936,43.249741],[6.066873,43.249716],[6.067202,43.249163],[6.067263,43.249053]]]]}},{"type":"Feature","properties":{"numero":"0573","section":"0A","code_insee":"83049","id_parc":"83049_0A_0573"},"geometry":{"type":"MultiPolygon","coordinates":[[[[6.065343,43.24965],[6.065423,43.24967],[6.065513,43.249678],[6.065424,43.249806],[6.065136,43.249717],[6.065025,43.249682],[6.064887,43.249639],[6.064957,43.249514],[6.06521,43.249593],[6.065343,43.24965]]]]}},{"type":"Feature","properties":{"numero":"0574","section":"0C","code_insee":"83049","id_parc":"83049_0C_0574"},"geometry":{"type":"MultiPolygon","coordinates":[[[[6.066648,43.250197],[6.066594,43.250171],[6.066873,43.249716],[6.066936,43.249741],[6.067403,43.249927],[6.067058,43.250231],[6.066968,43.250185],[6.066989,43.250159],[6.066902,43.250116],[6.066879,43.250138],[6.066851,43.250165],[6.066801,43.250213],[6.066761,43.250251],[6.066648,43.250197]]]]}},{"type":"Feature","properties":{"numero":"0574","section":"0A","code_insee":"83049","id_parc":"83049_0A_0574"},"geometry":{"type":"MultiPolygon","coordinates":[[[[6.064887,43.249639],[6.064809,43.249804],[6.064244,43.249663],[6.064499,43.249036],[6.064639,43.248686],[6.064784,43.248711],[6.065969,43.248911],[6.066673,43.249146],[6.066517,43.249446],[6.066241,43.249894],[6.066206,43.24988],[6.066139,43.249861],[6.065513,43.249678],[6.065423,43.24967],[6.065343,43.24965],[6.06521,43.249593],[6.064957,43.249514],[6.064887,43.249639]]]]}},{"type":"Feature","properties":{"numero":"0575","section":"0C","code_insee":"83049","id_parc":"83049_0C_0575"},"geometry":{"type":"MultiPolygon","coordinates":[[[[6.067042,43.250279],[6.067058,43.250231],[6.067403,43.249927],[6.067573,43.249995],[6.067175,43.250345],[6.067042,43.250279]]]]}},{"type":"Feature","properties":{"numero":"0575","section":"0A","code_insee":"83049","id_parc":"83049_0A_0575"},"geometry":{"type":"MultiPolygon","coordinates":[[[[6.066829,43.249581],[6.066571,43.250022],[6.066241,43.249894],[6.066517,43.249446],[6.066829,43.249581]]]]}},{"type":"Feature","properties":{"numero":"0576","section":"0C","code_insee":"83049","id_parc":"83049_0C_0576"},"geometry":{"type":"MultiPolygon","coordinates":[[[[6.0671,43.250411],[6.066939,43.250335],[6.066761,43.250251],[6.066801,43.250213],[6.066851,43.250165],[6.066879,43.250138],[6.066902,43.250116],[6.066989,43.250159],[6.066968,43.250185],[6.067058,43.250231],[6.067042,43.250279],[6.067175,43.250345],[6.0671,43.250411]]]]}},{"type":"Feature","properties":{"numero":"0576","section":"0A","code_insee":"83049","id_parc":"83049_0A_0576"},"geometry":{"type":"MultiPolygon","coordinates":[[[[6.066829,43.249581],[6.066517,43.249446],[6.066673,43.249146],[6.066964,43.248622],[6.067311,43.248743],[6.067223,43.248911],[6.067172,43.248995],[6.066999,43.249288],[6.066829,43.249581]]]]}},{"type":"Feature","properties":{"numero":"0577","section":"0C","code_insee":"83049","id_parc":"83049_0C_0577"},"geometry":{"type":"MultiPolygon","coordinates":[[[[6.06669,43.250369],[6.066581,43.250337],[6.066648,43.250197],[6.066761,43.250251],[6.066939,43.250335],[6.066901,43.250382],[6.066861,43.25037],[6.066741,43.250337],[6.066715,43.250376],[6.06669,43.250369]]]]}},{"type":"Feature","properties":{"numero":"0058","section":"AC","code_insee":"83049","id_parc":"83049_AC_0058"},"geometry":{"type":"MultiPolygon","coordinates":[[[[6.069042,43.238659],[6.068977,43.238577],[6.068913,43.238496],[6.068986,43.238464],[6.069045,43.238538],[6.069058,43.238555],[6.069117,43.238627],[6.069042,43.238659]]]]}},{"type":"Feature","properties":{"numero":"0058","section":"AD","code_insee":"83049","id_parc":"83049_AD_0058"},"geometry":{"type":"MultiPolygon","coordinates":[[[[6.068038,43.239465],[6.068012,43.239486],[6.067768,43.239539],[6.067746,43.239449],[6.067738,43.239413],[6.067715,43.239317],[6.067699,43.239249],[6.067703,43.239248],[6.06774,43.23924],[6.067923,43.239201],[6.068007,43.239183],[6.068066,43.23917],[6.06809,43.239211],[6.068154,43.239301],[6.068168,43.239318],[6.068218,43.239395],[6.068228,43.239411],[6.068038,43.239465]]]]}},{"type":"Feature","properties":{"numero":"0058","section":"AH","code_insee":"83049","id_parc":"83049_AH_0058"},"geometry":{"type":"MultiPolygon","coordinates":[[[[6.061885,43.24595],[6.061865,43.245986],[6.061804,43.245969],[6.06182,43.245933],[6.061934,43.245695],[6.061992,43.245551],[6.062059,43.245339],[6.062106,43.24535],[6.062046,43.24553],[6.061988,43.245662],[6.061926,43.245842],[6.061885,43.24595]]]]}},{"type":"Feature","properties":{"numero":"0058","section":"AI","code_insee":"83049","id_parc":"83049_AI_0058"},"geometry":{"type":"MultiPolygon","coordinates":[[[[6.068141,43.242826],[6.068184,43.242805],[6.068418,43.242689],[6.068504,43.242646],[6.068774,43.242925],[6.06867,43.242997],[6.068503,43.24311],[6.068413,43.243174],[6.068364,43.243208],[6.068349,43.243199],[6.068346,43.243197],[6.06828,43.24315],[6.068284,43.243147],[6.068143,43.243054],[6.067969,43.242938],[6.067948,43.242923],[6.067995,43.242899],[6.068058,43.242868],[6.068141,43.242826]]]]}},{"type":"Feature","properties":{"numero":"0581","section":"0A","code_insee":"83049","id_parc":"83049_0A_0581"},"geometry":{"type":"MultiPolygon","coordinates":[[[[6.063152,43.249824],[6.06291,43.249426],[6.063049,43.249214],[6.063121,43.249196],[6.063228,43.249033],[6.063353,43.248797],[6.063467,43.248469],[6.063477,43.248386],[6.063482,43.248308],[6.063469,43.248257],[6.0634,43.248099],[6.063497,43.248104],[6.063501,43.248104],[6.064108,43.248136],[6.064136,43.248136],[6.064139,43.248136],[6.064266,43.248122],[6.064313,43.247986],[6.064342,43.247901],[6.064366,43.247833],[6.064374,43.247809],[6.06442,43.247673],[6.06444,43.247627],[6.064748,43.247715],[6.064766,43.24772],[6.065169,43.247776],[6.064784,43.248711],[6.064639,43.248686],[6.064499,43.249036],[6.064244,43.249663],[6.064043,43.250077],[6.063699,43.250023],[6.063451,43.249984],[6.063161,43.249941],[6.063158,43.249844],[6.063152,43.249824]]]]}},{"type":"Feature","properties":{"numero":"0582","section":"0A","code_insee":"83049","id_parc":"83049_0A_0582"},"geometry":{"type":"MultiPolygon","coordinates":[[[[6.062547,43.249476],[6.062555,43.249454],[6.062564,43.24944],[6.062707,43.249415],[6.062743,43.249522],[6.062925,43.249492],[6.063136,43.249826],[6.063145,43.24986],[6.06315,43.24994],[6.062873,43.249904],[6.062612,43.249641],[6.062574,43.249597],[6.062545,43.249546],[6.062541,43.249523],[6.062542,43.2495],[6.062547,43.249476]]]]}},{"type":"Feature","properties":{"numero":"0583","section":"0C","code_insee":"83049","id_parc":"83049_0C_0583"},"geometry":{"type":"MultiPolygon","coordinates":[[[[6.068574,43.250966],[6.068868,43.251042],[6.068801,43.251118],[6.068626,43.251081],[6.068527,43.251055],[6.068549,43.251013],[6.068574,43.250966]]]]}},{"type":"Feature","properties":{"numero":"0583","section":"0A","code_insee":"83049","id_parc":"83049_0A_0583"},"geometry":{"type":"MultiPolygon","coordinates":[[[[6.062649,43.247868],[6.062737,43.247877],[6.062735,43.247886],[6.062697,43.248082],[6.063312,43.248166],[6.063359,43.248291],[6.063363,43.248317],[6.063357,43.248558],[6.063292,43.248728],[6.063221,43.248868],[6.063145,43.249006],[6.063087,43.249108],[6.06303,43.249222],[6.062901,43.249419],[6.062911,43.249467],[6.062925,43.249492],[6.062743,43.249522],[6.062707,43.249415],[6.062564,43.24944],[6.062665,43.249298],[6.062665,43.249156],[6.062636,43.249111],[6.062616,43.249038],[6.062513,43.24882],[6.06242,43.248603],[6.062363,43.248519],[6.062301,43.248453],[6.062241,43.248414],[6.061964,43.248318],[6.061933,43.2483],[6.061904,43.248281],[6.061877,43.248259],[6.061855,43.248235],[6.061836,43.248211],[6.061815,43.248171],[6.061839,43.248072],[6.061843,43.247973],[6.061879,43.247876],[6.062093,43.247871],[6.062179,43.24787],[6.062264,43.247868],[6.062404,43.247865],[6.062495,43.247863],[6.062528,43.247862],[6.062529,43.247857],[6.062648,43.247869],[6.062649,43.247868]],[[6.062915,43.248499],[6.062905,43.248426],[6.062824,43.248413],[6.062632,43.248426],[6.062645,43.248446],[6.062701,43.248532],[6.062817,43.248524],[6.062826,43.248522],[6.062915,43.248499]]]]}},{"type":"Feature","properties":{"numero":"0584","section":"0C","code_insee":"83049","id_parc":"83049_0C_0584"},"geometry":{"type":"MultiPolygon","coordinates":[[[[6.068749,43.251462],[6.068591,43.251415],[6.06854,43.2514],[6.068771,43.251151],[6.068918,43.251399],[6.068979,43.251374],[6.069007,43.251409],[6.069031,43.251397],[6.069063,43.251437],[6.06901,43.251462],[6.069135,43.251742],[6.069086,43.251806],[6.068956,43.25165],[6.068876,43.251554],[6.068815,43.251481],[6.068749,43.251462]]]]}},{"type":"Feature","properties":{"numero":"0584","section":"0A","code_insee":"83049","id_parc":"83049_0A_0584"},"geometry":{"type":"MultiPolygon","coordinates":[[[[6.062645,43.248446],[6.062632,43.248426],[6.062824,43.248413],[6.062905,43.248426],[6.062915,43.248499],[6.062826,43.248522],[6.062817,43.248524],[6.062701,43.248532],[6.062645,43.248446]]]]}},{"type":"Feature","properties":{"numero":"0586","section":"0A","code_insee":"83049","id_parc":"83049_0A_0586"},"geometry":{"type":"MultiPolygon","coordinates":[[[[6.063266,43.24806],[6.063284,43.248093],[6.063312,43.248166],[6.062697,43.248082],[6.062735,43.247886],[6.062931,43.247905],[6.062931,43.247915],[6.062967,43.247917],[6.063062,43.247882],[6.06311,43.247895],[6.063197,43.247929],[6.063224,43.247976],[6.063266,43.24806]]]]}},{"type":"Feature","properties":{"numero":"0587","section":"0C","code_insee":"83049","id_parc":"83049_0C_0587"},"geometry":{"type":"MultiPolygon","coordinates":[[[[6.069335,43.251792],[6.069308,43.251691],[6.068924,43.250979],[6.069107,43.250942],[6.069259,43.250953],[6.06985,43.251791],[6.069801,43.251824],[6.069749,43.251855],[6.069695,43.251883],[6.069661,43.251898],[6.06955,43.251945],[6.069417,43.252006],[6.069335,43.251792]]]]}},{"type":"Feature","properties":{"numero":"0588","section":"0C","code_insee":"83049","id_parc":"83049_0C_0588"},"geometry":{"type":"MultiPolygon","coordinates":[[[[6.068979,43.251374],[6.068918,43.251399],[6.068771,43.251151],[6.068801,43.251118],[6.068868,43.251042],[6.068924,43.250979],[6.069308,43.251691],[6.069335,43.251792],[6.069417,43.252006],[6.069289,43.252046],[6.069226,43.252098],[6.06916,43.252148],[6.06909,43.252197],[6.069026,43.252238],[6.068749,43.252051],[6.068529,43.252206],[6.068956,43.25165],[6.069086,43.251806],[6.069135,43.251742],[6.06901,43.251462],[6.069063,43.251437],[6.069031,43.251397],[6.069007,43.251409],[6.068979,43.251374]]]]}},{"type":"Feature","properties":{"numero":"0589","section":"0C","code_insee":"83049","id_parc":"83049_0C_0589"},"geometry":{"type":"MultiPolygon","coordinates":[[[[6.068431,43.252606],[6.068268,43.252545],[6.068529,43.252206],[6.068749,43.252051],[6.069026,43.252238],[6.068899,43.252318],[6.068799,43.252389],[6.068764,43.252399],[6.068729,43.252406],[6.068716,43.252408],[6.068651,43.252451],[6.068462,43.252602],[6.068431,43.252606]]]]}},{"type":"Feature","properties":{"numero":"0059","section":"AC","code_insee":"83049","id_parc":"83049_AC_0059"},"geometry":{"type":"MultiPolygon","coordinates":[[[[6.068605,43.238918],[6.068545,43.239017],[6.06822,43.239157],[6.068128,43.239029],[6.06809,43.238973],[6.068067,43.238938],[6.06795,43.238734],[6.067882,43.238597],[6.067869,43.238567],[6.067868,43.238554],[6.067871,43.238538],[6.067877,43.238528],[6.067881,43.238521],[6.067888,43.238514],[6.067896,43.238508],[6.067971,43.238476],[6.068046,43.238443],[6.068152,43.238397],[6.068182,43.238434],[6.068219,43.238418],[6.06824,43.238445],[6.068272,43.238431],[6.068275,43.23843],[6.068345,43.238518],[6.068321,43.238528],[6.068539,43.2388],[6.068518,43.238809],[6.068605,43.238918]]]]}},{"type":"Feature","properties":{"numero":"0059","section":"AD","code_insee":"83049","id_parc":"83049_AD_0059"},"geometry":{"type":"MultiPolygon","coordinates":[[[[6.067951,43.239537],[6.067795,43.239574],[6.067777,43.239578],[6.067768,43.239539],[6.068012,43.239486],[6.068038,43.239465],[6.068228,43.239411],[6.068249,43.239443],[6.068088,43.239489],[6.068098,43.239503],[6.068004,43.239525],[6.067951,43.239537]]]]}},{"type":"Feature","properties":{"numero":"0059","section":"AH","code_insee":"83049","id_parc":"83049_AH_0059"},"geometry":{"type":"MultiPolygon","coordinates":[[[[6.061772,43.245931],[6.061331,43.245816],[6.06125,43.245795],[6.061271,43.245752],[6.061537,43.245211],[6.061773,43.24527],[6.062059,43.245339],[6.061992,43.245551],[6.061934,43.245695],[6.06182,43.245933],[6.061815,43.245934],[6.061809,43.245934],[6.061803,43.245935],[6.061796,43.245934],[6.06179,43.245934],[6.061784,43.245933],[6.061778,43.245933],[6.061772,43.245931]]]]}},{"type":"Feature","properties":{"numero":"0059","section":"AI","code_insee":"83049","id_parc":"83049_AI_0059"},"geometry":{"type":"MultiPolygon","coordinates":[[[[6.068504,43.242646],[6.068666,43.242566],[6.069044,43.242379],[6.06923,43.242722],[6.069192,43.242738],[6.069126,43.242766],[6.069075,43.242788],[6.069055,43.242796],[6.068996,43.242821],[6.068937,43.242846],[6.068852,43.242882],[6.068807,43.242901],[6.068774,43.242925],[6.068504,43.242646]]]]}},{"type":"Feature","properties":{"numero":"0591","section":"0C","code_insee":"83049","id_parc":"83049_0C_0591"},"geometry":{"type":"MultiPolygon","coordinates":[[[[6.06718,43.252122],[6.067133,43.252102],[6.067162,43.252067],[6.067206,43.252086],[6.06718,43.252122]]]]}},{"type":"Feature","properties":{"numero":"0596","section":"0A","code_insee":"83049","id_parc":"83049_0A_0596"},"geometry":{"type":"MultiPolygon","coordinates":[[[[6.064774,43.247477],[6.064743,43.247614],[6.064748,43.247715],[6.06444,43.247627],[6.064216,43.247565],[6.063789,43.247342],[6.063256,43.246975],[6.063457,43.246899],[6.06376,43.24688],[6.064035,43.246892],[6.064072,43.24689],[6.064293,43.246838],[6.064487,43.246823],[6.064606,43.246842],[6.064701,43.246832],[6.064643,43.247023],[6.064603,43.247089],[6.064574,43.247168],[6.064673,43.247183],[6.064685,43.24729],[6.064665,43.247462],[6.064774,43.247477]]]]}},{"type":"Feature","properties":{"numero":"0597","section":"0C","code_insee":"83049","id_parc":"83049_0C_0597"},"geometry":{"type":"MultiPolygon","coordinates":[[[[6.066744,43.252171],[6.066794,43.252051],[6.066895,43.252069],[6.066833,43.252195],[6.066807,43.252188],[6.066758,43.252175],[6.066744,43.252171]]]]}},{"type":"Feature","properties":{"numero":"0597","section":"0A","code_insee":"83049","id_parc":"83049_0A_0597"},"geometry":{"type":"MultiPolygon","coordinates":[[[[6.063278,43.246179],[6.063991,43.246374],[6.064694,43.246517],[6.064659,43.246618],[6.064756,43.246633],[6.064765,43.246632],[6.064701,43.246832],[6.064606,43.246842],[6.064487,43.246823],[6.064293,43.246838],[6.064072,43.24689],[6.064035,43.246892],[6.06376,43.24688],[6.063457,43.246899],[6.063256,43.246975],[6.063194,43.246933],[6.063158,43.246897],[6.063126,43.246821],[6.063083,43.24668],[6.063072,43.246593],[6.063098,43.246424],[6.063192,43.246299],[6.063278,43.246179]]]]}},{"type":"Feature","properties":{"numero":"0598","section":"0C","code_insee":"83049","id_parc":"83049_0C_0598"},"geometry":{"type":"MultiPolygon","coordinates":[[[[6.067851,43.252974],[6.067786,43.253065],[6.067716,43.253135],[6.067049,43.252763],[6.066729,43.252586],[6.066468,43.252754],[6.066523,43.252635],[6.066637,43.25243],[6.066744,43.252171],[6.066758,43.252175],[6.066807,43.252188],[6.066833,43.252195],[6.066895,43.252069],[6.067133,43.252137],[6.067424,43.252225],[6.067761,43.252354],[6.068268,43.252545],[6.068431,43.252606],[6.068415,43.252608],[6.0684,43.252613],[6.068393,43.252616],[6.068376,43.252638],[6.068363,43.252716],[6.068349,43.252738],[6.068311,43.252761],[6.068273,43.252777],[6.068197,43.252796],[6.068144,43.252819],[6.068068,43.252861],[6.067969,43.252932],[6.067942,43.252943],[6.067885,43.252956],[6.067851,43.252974]]]]}},{"type":"Feature","properties":{"numero":"0598","section":"0A","code_insee":"83049","id_parc":"83049_0A_0598"},"geometry":{"type":"MultiPolygon","coordinates":[[[[6.063388,43.246008],[6.063501,43.24584],[6.064116,43.246055],[6.064288,43.246122],[6.064537,43.246222],[6.064784,43.246325],[6.064735,43.246402],[6.064694,43.246517],[6.063991,43.246374],[6.063278,43.246179],[6.063388,43.246008]]]]}},{"type":"Feature","properties":{"numero":"0599","section":"0C","code_insee":"83049","id_parc":"83049_0C_0599"},"geometry":{"type":"MultiPolygon","coordinates":[[[[6.066175,43.253369],[6.067049,43.252763],[6.067716,43.253135],[6.067685,43.253186],[6.06766,43.25321],[6.067596,43.253232],[6.067535,43.253258],[6.067463,43.253292],[6.0674,43.253351],[6.067301,43.2534],[6.067148,43.253464],[6.066993,43.253616],[6.06685,43.253704],[6.066686,43.253782],[6.066632,43.25373],[6.06628,43.253463],[6.066175,43.253369]]]]}},{"type":"Feature","properties":{"numero":"0599","section":"0A","code_insee":"83049","id_parc":"83049_0A_0599"},"geometry":{"type":"MultiPolygon","coordinates":[[[[6.064412,43.245393],[6.064535,43.245543],[6.064366,43.245752],[6.064116,43.246055],[6.063501,43.24584],[6.063518,43.245813],[6.063543,43.245767],[6.063565,43.24572],[6.063573,43.245696],[6.063596,43.245618],[6.063615,43.245539],[6.06363,43.24546],[6.063632,43.245425],[6.06362,43.245344],[6.063588,43.245221],[6.063556,43.245116],[6.063521,43.245011],[6.063516,43.244968],[6.063527,43.244922],[6.063577,43.244837],[6.063597,43.244854],[6.063626,43.244878],[6.063798,43.245019],[6.064207,43.245251],[6.064412,43.245393]]]]}},{"type":"Feature","properties":{"numero":"0006","section":"AB","code_insee":"83049","id_parc":"83049_AB_0006"},"geometry":{"type":"MultiPolygon","coordinates":[[[[6.070226,43.23878],[6.070272,43.238813],[6.070305,43.23879],[6.070327,43.238812],[6.070247,43.23885],[6.070206,43.23882],[6.070174,43.238844],[6.07016,43.238833],[6.070112,43.238802],[6.070068,43.238819],[6.070051,43.238778],[6.070062,43.238769],[6.070032,43.238749],[6.070092,43.238701],[6.070219,43.238785],[6.070226,43.23878]]]]}},{"type":"Feature","properties":{"numero":"0006","section":"AD","code_insee":"83049","id_parc":"83049_AD_0006"},"geometry":{"type":"MultiPolygon","coordinates":[[[[6.065474,43.241324],[6.065448,43.241279],[6.065442,43.241259],[6.065568,43.241351],[6.065577,43.241357],[6.065579,43.241359],[6.065527,43.241386],[6.065525,43.241384],[6.065498,43.241357],[6.065474,43.241324]]]]}},{"type":"Feature","properties":{"numero":"0006","section":"AH","code_insee":"83049","id_parc":"83049_AH_0006"},"geometry":{"type":"MultiPolygon","coordinates":[[[[6.055442,43.247591],[6.055441,43.247587],[6.056124,43.247308],[6.056148,43.24733],[6.056184,43.247362],[6.056433,43.247635],[6.056311,43.24765],[6.056288,43.247655],[6.056166,43.24767],[6.056099,43.247682],[6.056013,43.247689],[6.055987,43.247694],[6.055931,43.247701],[6.05587,43.247711],[6.055809,43.247718],[6.055781,43.247722],[6.055712,43.247733],[6.055682,43.247737],[6.055627,43.247729],[6.055588,43.247726],[6.055558,43.247716],[6.055536,43.247718],[6.055533,43.247714],[6.055523,43.247698],[6.055513,43.247683],[6.0555,43.247667],[6.055467,43.247625],[6.055461,43.247617],[6.055442,43.247591]]]]}},{"type":"Feature","properties":{"numero":"0060","section":"AC","code_insee":"83049","id_parc":"83049_AC_0060"},"geometry":{"type":"MultiPolygon","coordinates":[[[[6.068952,43.238718],[6.068975,43.238745],[6.068938,43.238761],[6.068916,43.238735],[6.068952,43.238718]]]]}},{"type":"Feature","properties":{"numero":"0060","section":"AD","code_insee":"83049","id_parc":"83049_AD_0060"},"geometry":{"type":"MultiPolygon","coordinates":[[[[6.06774,43.23924],[6.067703,43.239248],[6.067699,43.239249],[6.067696,43.239239],[6.067702,43.239238],[6.067763,43.239225],[6.067856,43.239206],[6.067952,43.239186],[6.068061,43.239162],[6.068066,43.23917],[6.068007,43.239183],[6.067923,43.239201],[6.06774,43.23924]]]]}},{"type":"Feature","properties":{"numero":"0060","section":"AH","code_insee":"83049","id_parc":"83049_AH_0060"},"geometry":{"type":"MultiPolygon","coordinates":[[[[6.060854,43.245314],[6.060965,43.245069],[6.061372,43.24517],[6.061537,43.245211],[6.061271,43.245752],[6.06125,43.245795],[6.061169,43.245774],[6.0607,43.245651],[6.060854,43.245314]]]]}},{"type":"Feature","properties":{"numero":"0060","section":"AI","code_insee":"83049","id_parc":"83049_AI_0060"},"geometry":{"type":"MultiPolygon","coordinates":[[[[6.069187,43.243327],[6.069126,43.243216],[6.06945,43.243121],[6.069538,43.243283],[6.069283,43.243357],[6.069264,43.243361],[6.069248,43.243362],[6.06923,43.243358],[6.069215,43.243353],[6.069207,43.24335],[6.069202,43.243346],[6.069192,43.243334],[6.069187,43.243327]]]]}},{"type":"Feature","properties":{"numero":"0600","section":"0A","code_insee":"83049","id_parc":"83049_0A_0600"},"geometry":{"type":"MultiPolygon","coordinates":[[[[6.063734,43.244699],[6.063796,43.244656],[6.064158,43.244404],[6.064328,43.244627],[6.06438,43.244722],[6.064487,43.244916],[6.064606,43.245077],[6.064661,43.24515],[6.064805,43.245401],[6.064895,43.245528],[6.065039,43.245789],[6.064951,43.24594],[6.064746,43.245801],[6.064535,43.245543],[6.064412,43.245393],[6.064207,43.245251],[6.063798,43.245019],[6.063626,43.244878],[6.063597,43.244854],[6.063577,43.244837],[6.063641,43.244771],[6.063674,43.244744],[6.063734,43.244699]]]]}},{"type":"Feature","properties":{"numero":"0601","section":"0C","code_insee":"83049","id_parc":"83049_0C_0601"},"geometry":{"type":"MultiPolygon","coordinates":[[[[6.065846,43.253576],[6.065719,43.253613],[6.065435,43.253447],[6.066016,43.253059],[6.066019,43.253068],[6.065989,43.253173],[6.065991,43.25321],[6.066036,43.253271],[6.066169,43.253404],[6.066275,43.253493],[6.065905,43.253679],[6.065846,43.253576]]]]}},{"type":"Feature","properties":{"numero":"0602","section":"0C","code_insee":"83049","id_parc":"83049_0C_0602"},"geometry":{"type":"MultiPolygon","coordinates":[[[[6.065719,43.253613],[6.065846,43.253576],[6.065905,43.253679],[6.065922,43.25371],[6.065904,43.253733],[6.065862,43.253748],[6.065825,43.253761],[6.065807,43.253768],[6.06579,43.253739],[6.065734,43.253641],[6.065719,43.253613]]]]}},{"type":"Feature","properties":{"numero":"0603","section":"0C","code_insee":"83049","id_parc":"83049_0C_0603"},"geometry":{"type":"MultiPolygon","coordinates":[[[[6.065905,43.253679],[6.066275,43.253493],[6.066481,43.253649],[6.06609,43.253821],[6.066137,43.253887],[6.066005,43.253947],[6.06594,43.253976],[6.065825,43.253761],[6.065862,43.253748],[6.065904,43.253733],[6.065922,43.25371],[6.065905,43.253679]]]]}},{"type":"Feature","properties":{"numero":"0604","section":"0A","code_insee":"83049","id_parc":"83049_0A_0604"},"geometry":{"type":"MultiPolygon","coordinates":[[[[6.066768,43.243983],[6.066782,43.243898],[6.066794,43.243829],[6.066904,43.24384],[6.066883,43.243974],[6.066881,43.243991],[6.066854,43.243989],[6.066797,43.243985],[6.066768,43.243983]]]]}},{"type":"Feature","properties":{"numero":"0605","section":"0C","code_insee":"83049","id_parc":"83049_0C_0605"},"geometry":{"type":"MultiPolygon","coordinates":[[[[6.065578,43.254483],[6.065389,43.254297],[6.065486,43.254262],[6.065578,43.254483]]]]}},{"type":"Feature","properties":{"numero":"0606","section":"0C","code_insee":"83049","id_parc":"83049_0C_0606"},"geometry":{"type":"MultiPolygon","coordinates":[[[[6.064912,43.253811],[6.065006,43.253758],[6.065158,43.253677],[6.065315,43.253918],[6.065467,43.254216],[6.065486,43.254262],[6.065389,43.254297],[6.064912,43.253811]]]]}},{"type":"Feature","properties":{"numero":"0606","section":"0A","code_insee":"83049","id_parc":"83049_0A_0606"},"geometry":{"type":"MultiPolygon","coordinates":[[[[6.066763,43.245817],[6.066708,43.245498],[6.066713,43.245461],[6.067194,43.245508],[6.0672,43.245691],[6.06723,43.246088],[6.067206,43.246217],[6.067201,43.246276],[6.067217,43.246754],[6.067317,43.247103],[6.067199,43.247137],[6.066908,43.247179],[6.066727,43.247206],[6.066454,43.247223],[6.066267,43.247229],[6.06631,43.24711],[6.066361,43.246979],[6.066366,43.246967],[6.066385,43.246834],[6.065872,43.246741],[6.065758,43.246724],[6.065818,43.24651],[6.065881,43.246368],[6.065902,43.246299],[6.065963,43.246034],[6.065973,43.245967],[6.065967,43.245846],[6.065972,43.24582],[6.066367,43.245846],[6.066465,43.245853],[6.066763,43.245817]]]]}},{"type":"Feature","properties":{"numero":"0607","section":"0A","code_insee":"83049","id_parc":"83049_0A_0607"},"geometry":{"type":"MultiPolygon","coordinates":[[[[6.065467,43.24637],[6.065679,43.245899],[6.065967,43.245846],[6.065973,43.245967],[6.065963,43.246034],[6.065902,43.246299],[6.065881,43.246368],[6.065818,43.24651],[6.065758,43.246724],[6.065694,43.246726],[6.065613,43.246715],[6.065469,43.24672],[6.065323,43.246694],[6.065467,43.24637]]]]}},{"type":"Feature","properties":{"numero":"0061","section":"AC","code_insee":"83049","id_parc":"83049_AC_0061"},"geometry":{"type":"MultiPolygon","coordinates":[[[[6.068625,43.238901],[6.068643,43.238893],[6.068675,43.238933],[6.06867,43.238936],[6.06866,43.238941],[6.068625,43.238901]]]]}},{"type":"Feature","properties":{"numero":"0061","section":"AD","code_insee":"83049","id_parc":"83049_AD_0061"},"geometry":{"type":"MultiPolygon","coordinates":[[[[6.067763,43.239225],[6.067702,43.239238],[6.067696,43.239239],[6.067646,43.23904],[6.067962,43.238999],[6.068061,43.239162],[6.067952,43.239186],[6.067856,43.239206],[6.067763,43.239225]]]]}},{"type":"Feature","properties":{"numero":"0061","section":"AI","code_insee":"83049","id_parc":"83049_AI_0061"},"geometry":{"type":"MultiPolygon","coordinates":[[[[6.069044,43.243066],[6.069367,43.242971],[6.06945,43.243121],[6.069126,43.243216],[6.069044,43.243066]]]]}},{"type":"Feature","properties":{"numero":"0611","section":"0A","code_insee":"83049","id_parc":"83049_0A_0611"},"geometry":{"type":"MultiPolygon","coordinates":[[[[6.068837,43.247226],[6.068774,43.247138],[6.068752,43.247082],[6.069103,43.246904],[6.069743,43.246564],[6.069845,43.246742],[6.068837,43.247226]]]]}},{"type":"Feature","properties":{"numero":"0613","section":"0C","code_insee":"83049","id_parc":"83049_0C_0613"},"geometry":{"type":"MultiPolygon","coordinates":[[[[6.065307,43.254323],[6.064959,43.254441],[6.064949,43.254212],[6.065007,43.254014],[6.065307,43.254323]]]]}},{"type":"Feature","properties":{"numero":"0613","section":"0A","code_insee":"83049","id_parc":"83049_0A_0613"},"geometry":{"type":"MultiPolygon","coordinates":[[[[6.07047,43.245564],[6.070504,43.245654],[6.070534,43.245745],[6.070392,43.245747],[6.07025,43.245746],[6.070144,43.245743],[6.069986,43.245751],[6.06985,43.245761],[6.069737,43.24579],[6.069348,43.245666],[6.069296,43.245624],[6.068773,43.245556],[6.06869,43.245558],[6.068723,43.245436],[6.069051,43.244889],[6.069153,43.244717],[6.069191,43.244676],[6.069195,43.244669],[6.069209,43.244641],[6.069234,43.244596],[6.069246,43.244572],[6.069283,43.244504],[6.069297,43.244477],[6.069499,43.244588],[6.069655,43.244684],[6.069551,43.244778],[6.069437,43.244716],[6.06931,43.244841],[6.069729,43.245066],[6.06994,43.244879],[6.069992,43.244911],[6.070022,43.244933],[6.070068,43.244972],[6.070111,43.245012],[6.070243,43.245159],[6.070293,43.245231],[6.070451,43.245518],[6.07047,43.245564]]]]}},{"type":"Feature","properties":{"numero":"0614","section":"0C","code_insee":"83049","id_parc":"83049_0C_0614"},"geometry":{"type":"MultiPolygon","coordinates":[[[[6.065283,43.254805],[6.065104,43.25485],[6.064978,43.254885],[6.064971,43.254692],[6.064959,43.254441],[6.065307,43.254323],[6.065595,43.254603],[6.065641,43.254629],[6.065625,43.254649],[6.065624,43.25466],[6.065622,43.254677],[6.065622,43.254689],[6.06562,43.254697],[6.065611,43.254704],[6.065602,43.254711],[6.065593,43.254715],[6.065585,43.254719],[6.065505,43.254739],[6.065283,43.254805]]]]}},{"type":"Feature","properties":{"numero":"0616","section":"0C","code_insee":"83049","id_parc":"83049_0C_0616"},"geometry":{"type":"MultiPolygon","coordinates":[[[[6.063955,43.254844],[6.063977,43.254819],[6.064267,43.254491],[6.06485,43.254669],[6.064971,43.254692],[6.064978,43.254885],[6.064937,43.25489],[6.064808,43.254912],[6.064475,43.25495],[6.064363,43.254926],[6.064325,43.254923],[6.06419,43.254918],[6.064139,43.254916],[6.063938,43.254863],[6.063955,43.254844]]]]}},{"type":"Feature","properties":{"numero":"0062","section":"AC","code_insee":"83049","id_parc":"83049_AC_0062"},"geometry":{"type":"MultiPolygon","coordinates":[[[[6.068596,43.23902],[6.068577,43.238984],[6.068637,43.238953],[6.068596,43.23902]]]]}},{"type":"Feature","properties":{"numero":"0062","section":"AD","code_insee":"83049","id_parc":"83049_AD_0062"},"geometry":{"type":"MultiPolygon","coordinates":[[[[6.067519,43.239092],[6.067517,43.239057],[6.067561,43.239051],[6.067604,43.239226],[6.067527,43.239238],[6.067526,43.239219],[6.067519,43.239092]]]]}},{"type":"Feature","properties":{"numero":"0062","section":"AE","code_insee":"83049","id_parc":"83049_AE_0062"},"geometry":{"type":"MultiPolygon","coordinates":[[[[6.058989,43.239371],[6.05902,43.23934],[6.059069,43.239287],[6.059189,43.239303],[6.059177,43.239326],[6.059366,43.239386],[6.059478,43.239416],[6.059127,43.239666],[6.058999,43.239709],[6.058983,43.239654],[6.058967,43.239599],[6.058958,43.239575],[6.058932,43.239531],[6.058881,43.239492],[6.058875,43.239487],[6.058905,43.239462],[6.058989,43.239371]]]]}},{"type":"Feature","properties":{"numero":"0062","section":"AH","code_insee":"83049","id_parc":"83049_AH_0062"},"geometry":{"type":"MultiPolygon","coordinates":[[[[6.060371,43.245225],[6.060295,43.24538],[6.060295,43.245428],[6.060253,43.245417],[6.060204,43.245404],[6.060433,43.244936],[6.060965,43.245069],[6.060854,43.245314],[6.060418,43.245208],[6.060371,43.245225]]]]}},{"type":"Feature","properties":{"numero":"0062","section":"AI","code_insee":"83049","id_parc":"83049_AI_0062"},"geometry":{"type":"MultiPolygon","coordinates":[[[[6.069126,43.242766],[6.069192,43.242738],[6.06923,43.242722],[6.069343,43.242929],[6.069352,43.242947],[6.069313,43.242958],[6.06903,43.243041],[6.069011,43.243006],[6.069082,43.242978],[6.068996,43.242821],[6.069055,43.242796],[6.069075,43.242788],[6.069126,43.242766]]]]}},{"type":"Feature","properties":{"numero":"0621","section":"0H","code_insee":"83049","id_parc":"83049_0H_0621"},"geometry":{"type":"MultiPolygon","coordinates":[[[[6.05214,43.24531],[6.052457,43.245203],[6.05282,43.245103],[6.052958,43.24556],[6.0529,43.245576],[6.05275,43.245642],[6.052421,43.245804],[6.052301,43.245866],[6.052184,43.24593],[6.052056,43.246005],[6.052007,43.245976],[6.051962,43.245955],[6.051915,43.245936],[6.051822,43.245859],[6.051721,43.24578],[6.051616,43.245703],[6.051333,43.245507],[6.051528,43.245494],[6.05214,43.24531]]]]}},{"type":"Feature","properties":{"numero":"0622","section":"0H","code_insee":"83049","id_parc":"83049_0H_0622"},"geometry":{"type":"MultiPolygon","coordinates":[[[[6.046395,43.243256],[6.046453,43.243244],[6.046524,43.243234],[6.046529,43.243243],[6.046506,43.243256],[6.046481,43.243266],[6.046454,43.243273],[6.046426,43.243277],[6.046398,43.243279],[6.046369,43.243277],[6.046337,43.243271],[6.046395,43.243256]]]]}},{"type":"Feature","properties":{"numero":"0623","section":"0H","code_insee":"83049","id_parc":"83049_0H_0623"},"geometry":{"type":"MultiPolygon","coordinates":[[[[6.046298,43.243281],[6.04633,43.243288],[6.046359,43.243292],[6.046496,43.244011],[6.04653,43.244162],[6.046567,43.244312],[6.046602,43.244439],[6.046798,43.244413],[6.046863,43.244484],[6.046888,43.244563],[6.046897,43.244682],[6.046914,43.244743],[6.046971,43.244855],[6.047031,43.244965],[6.047048,43.244994],[6.047076,43.245078],[6.047079,43.245134],[6.047086,43.24519],[6.047093,43.245229],[6.047121,43.245266],[6.047218,43.245375],[6.047113,43.245417],[6.046979,43.245503],[6.046394,43.245831],[6.046344,43.245859],[6.046162,43.245852],[6.046012,43.245476],[6.045984,43.245309],[6.045911,43.245156],[6.045906,43.245093],[6.045937,43.244919],[6.045929,43.244543],[6.045949,43.244404],[6.045935,43.244132],[6.045936,43.243714],[6.045942,43.243348],[6.046021,43.243352],[6.046101,43.243337],[6.046298,43.243281]]]]}},{"type":"Feature","properties":{"numero":"0626","section":"0H","code_insee":"83049","id_parc":"83049_0H_0626"},"geometry":{"type":"MultiPolygon","coordinates":[[[[6.046948,43.241161],[6.046637,43.24116],[6.046468,43.241192],[6.046353,43.240944],[6.046784,43.2408],[6.047066,43.240704],[6.04713,43.240672],[6.047196,43.240681],[6.047245,43.240654],[6.047545,43.240594],[6.047975,43.240484],[6.048146,43.240713],[6.047867,43.240794],[6.047422,43.240935],[6.047328,43.240964],[6.047166,43.241037],[6.046954,43.24109],[6.046948,43.241161]],[[6.046699,43.241072],[6.046771,43.24106],[6.046762,43.241024],[6.046689,43.241036],[6.046699,43.241072]]]]}},{"type":"Feature","properties":{"numero":"0627","section":"0H","code_insee":"83049","id_parc":"83049_0H_0627"},"geometry":{"type":"MultiPolygon","coordinates":[[[[6.050038,43.240183],[6.050006,43.240259],[6.049873,43.240443],[6.049705,43.240367],[6.049939,43.240229],[6.049949,43.240206],[6.049958,43.240147],[6.050003,43.240064],[6.050013,43.240076],[6.050026,43.240096],[6.050035,43.240117],[6.050041,43.240139],[6.050041,43.240161],[6.050038,43.240183]]]]}},{"type":"Feature","properties":{"numero":"0063","section":"AC","code_insee":"83049","id_parc":"83049_AC_0063"},"geometry":{"type":"MultiPolygon","coordinates":[[[[6.068732,43.239001],[6.068801,43.239083],[6.068816,43.239101],[6.068681,43.239163],[6.068653,43.239116],[6.068631,43.239079],[6.068596,43.23902],[6.068637,43.238953],[6.06866,43.238941],[6.06867,43.238936],[6.068675,43.238933],[6.068677,43.238935],[6.068731,43.239],[6.068732,43.239001]]]]}},{"type":"Feature","properties":{"numero":"0063","section":"AD","code_insee":"83049","id_parc":"83049_AD_0063"},"geometry":{"type":"MultiPolygon","coordinates":[[[[6.067148,43.239106],[6.067147,43.239104],[6.067152,43.239104],[6.067195,43.239098],[6.067261,43.23909],[6.067517,43.239057],[6.067519,43.239092],[6.067526,43.239219],[6.067527,43.239238],[6.067491,43.239244],[6.067162,43.239285],[6.067156,43.239209],[6.06715,43.239139],[6.067148,43.23911],[6.067148,43.239106]]]]}},{"type":"Feature","properties":{"numero":"0063","section":"AE","code_insee":"83049","id_parc":"83049_AE_0063"},"geometry":{"type":"MultiPolygon","coordinates":[[[[6.059784,43.239221],[6.060305,43.239165],[6.060314,43.239194],[6.060335,43.23926],[6.060343,43.239275],[6.060374,43.239324],[6.060399,43.23938],[6.060415,43.239414],[6.060424,43.239433],[6.060413,43.239434],[6.060363,43.23944],[6.060272,43.239459],[6.060256,43.23946],[6.060149,43.239489],[6.060087,43.239507],[6.060031,43.239535],[6.059997,43.239551],[6.059939,43.23958],[6.059886,43.239552],[6.059709,43.239482],[6.059698,43.239478],[6.059698,43.239467],[6.059698,43.239451],[6.059633,43.239088],[6.059755,43.239076],[6.059784,43.239221]]]]}},{"type":"Feature","properties":{"numero":"0063","section":"AH","code_insee":"83049","id_parc":"83049_AH_0063"},"geometry":{"type":"MultiPolygon","coordinates":[[[[6.060026,43.244834],[6.060433,43.244936],[6.060204,43.245404],[6.060124,43.245383],[6.060185,43.245257],[6.059868,43.245078],[6.059883,43.24504],[6.059896,43.245008],[6.05992,43.244949],[6.059925,43.244934],[6.059982,43.244823],[6.060001,43.244828],[6.060026,43.244834]]]]}},{"type":"Feature","properties":{"numero":"0063","section":"AI","code_insee":"83049","id_parc":"83049_AI_0063"},"geometry":{"type":"MultiPolygon","coordinates":[[[[6.068852,43.242882],[6.068937,43.242846],[6.068996,43.242821],[6.069082,43.242978],[6.069011,43.243006],[6.068837,43.243076],[6.068763,43.243105],[6.06867,43.242997],[6.068774,43.242925],[6.068807,43.242901],[6.068852,43.242882]]]]}},{"type":"Feature","properties":{"numero":"0064","section":"AC","code_insee":"83049","id_parc":"83049_AC_0064"},"geometry":{"type":"MultiPolygon","coordinates":[[[[6.068907,43.239023],[6.068915,43.239033],[6.06893,43.239051],[6.068816,43.239101],[6.068801,43.239083],[6.068732,43.239001],[6.068731,43.239],[6.068677,43.238935],[6.068675,43.238933],[6.068643,43.238893],[6.068756,43.238842],[6.068835,43.238937],[6.068843,43.238947],[6.068902,43.239017],[6.068907,43.239023]]]]}},{"type":"Feature","properties":{"numero":"0064","section":"AD","code_insee":"83049","id_parc":"83049_AD_0064"},"geometry":{"type":"MultiPolygon","coordinates":[[[[6.06782,43.240101],[6.067693,43.239593],[6.067653,43.239425],[6.067604,43.239226],[6.067561,43.239051],[6.067434,43.238494],[6.06752,43.238493],[6.067646,43.23904],[6.067696,43.239239],[6.067699,43.239249],[6.067715,43.239317],[6.067738,43.239413],[6.067746,43.239449],[6.067768,43.239539],[6.067777,43.239578],[6.067892,43.240039],[6.067903,43.240086],[6.067958,43.240194],[6.067895,43.240245],[6.067823,43.240108],[6.06782,43.240101]]]]}},{"type":"Feature","properties":{"numero":"0064","section":"AE","code_insee":"83049","id_parc":"83049_AE_0064"},"geometry":{"type":"MultiPolygon","coordinates":[[[[6.059599,43.238907],[6.059591,43.23887],[6.059588,43.238852],[6.059745,43.23884],[6.059836,43.23883],[6.05992,43.238822],[6.060166,43.238797],[6.060197,43.238795],[6.060208,43.238833],[6.060245,43.238964],[6.060286,43.239106],[6.060305,43.239165],[6.059784,43.239221],[6.059755,43.239076],[6.059633,43.239088],[6.059603,43.238939],[6.059602,43.238933],[6.059599,43.238907]]]]}},{"type":"Feature","properties":{"numero":"0064","section":"AH","code_insee":"83049","id_parc":"83049_AH_0064"},"geometry":{"type":"MultiPolygon","coordinates":[[[[6.059868,43.245078],[6.060185,43.245257],[6.060124,43.245383],[6.060078,43.24548],[6.059618,43.245375],[6.059549,43.245341],[6.05947,43.245248],[6.059593,43.245126],[6.059649,43.24514],[6.059652,43.245147],[6.059792,43.245187],[6.059838,43.245071],[6.059868,43.245078]]]]}},{"type":"Feature","properties":{"numero":"0064","section":"AI","code_insee":"83049","id_parc":"83049_AI_0064"},"geometry":{"type":"MultiPolygon","coordinates":[[[[6.068763,43.243105],[6.068837,43.243076],[6.068881,43.243155],[6.068533,43.243322],[6.068402,43.243234],[6.068364,43.243208],[6.068413,43.243174],[6.068503,43.24311],[6.06867,43.242997],[6.068763,43.243105]]]]}},{"type":"Feature","properties":{"numero":"0065","section":"AC","code_insee":"83049","id_parc":"83049_AC_0065"},"geometry":{"type":"MultiPolygon","coordinates":[[[[6.068964,43.23899],[6.068973,43.239],[6.068978,43.238997],[6.068997,43.23902],[6.06893,43.239051],[6.068915,43.239033],[6.068907,43.239023],[6.068902,43.239017],[6.068843,43.238947],[6.068835,43.238937],[6.068756,43.238842],[6.068818,43.238815],[6.068839,43.23884],[6.068905,43.238919],[6.068964,43.23899]]]]}},{"type":"Feature","properties":{"numero":"0065","section":"AD","code_insee":"83049","id_parc":"83049_AD_0065"},"geometry":{"type":"MultiPolygon","coordinates":[[[[6.067146,43.238532],[6.067145,43.238498],[6.067434,43.238494],[6.067561,43.239051],[6.067517,43.239057],[6.067261,43.23909],[6.067195,43.239098],[6.067152,43.239104],[6.067151,43.239011],[6.067147,43.238577],[6.067146,43.238532]]]]}},{"type":"Feature","properties":{"numero":"0065","section":"AE","code_insee":"83049","id_parc":"83049_AE_0065"},"geometry":{"type":"MultiPolygon","coordinates":[[[[6.060245,43.238964],[6.060208,43.238833],[6.060197,43.238795],[6.060218,43.238793],[6.060298,43.238784],[6.060389,43.238768],[6.060585,43.238746],[6.060642,43.238913],[6.06065,43.238937],[6.060664,43.238978],[6.060449,43.239111],[6.060314,43.239194],[6.060305,43.239165],[6.060286,43.239106],[6.060245,43.238964]]]]}},{"type":"Feature","properties":{"numero":"0065","section":"AH","code_insee":"83049","id_parc":"83049_AH_0065"},"geometry":{"type":"MultiPolygon","coordinates":[[[[6.061034,43.245802],[6.060674,43.245708],[6.060467,43.245647],[6.060413,43.245634],[6.060372,43.245623],[6.060366,43.245621],[6.06028,43.245598],[6.060136,43.245493],[6.060078,43.24548],[6.060124,43.245383],[6.060204,43.245404],[6.060253,43.245417],[6.060295,43.245428],[6.060298,43.245497],[6.060298,43.245502],[6.0603,43.245511],[6.060304,43.24552],[6.060306,43.245524],[6.060309,43.245528],[6.060315,43.245536],[6.060322,43.245543],[6.060331,43.245549],[6.060341,43.245554],[6.060352,43.245559],[6.060363,43.245563],[6.060379,43.245567],[6.0604,43.245524],[6.060516,43.245555],[6.060495,43.245597],[6.0607,43.245651],[6.061169,43.245774],[6.06125,43.245795],[6.061331,43.245816],[6.061772,43.245931],[6.061778,43.245933],[6.061784,43.245933],[6.06179,43.245934],[6.061796,43.245934],[6.061803,43.245935],[6.061809,43.245934],[6.061815,43.245934],[6.06182,43.245933],[6.061804,43.245969],[6.061785,43.24601],[6.061782,43.246006],[6.061778,43.246003],[6.061773,43.246],[6.061769,43.245997],[6.061763,43.245994],[6.061758,43.245992],[6.061753,43.24599],[6.061746,43.245989],[6.061196,43.245845],[6.061115,43.245824],[6.061034,43.245802]]]]}},{"type":"Feature","properties":{"numero":"0654","section":"0H","code_insee":"83049","id_parc":"83049_0H_0654"},"geometry":{"type":"MultiPolygon","coordinates":[[[[6.046932,43.250704],[6.047172,43.250704],[6.047166,43.251152],[6.046973,43.251144],[6.046942,43.251085],[6.046934,43.251037],[6.046921,43.250939],[6.046912,43.25084],[6.046919,43.250733],[6.046932,43.250704]]]]}},{"type":"Feature","properties":{"numero":"0655","section":"0H","code_insee":"83049","id_parc":"83049_0H_0655"},"geometry":{"type":"MultiPolygon","coordinates":[[[[6.0482,43.248914],[6.048318,43.248912],[6.048499,43.248922],[6.048788,43.250013],[6.048875,43.250602],[6.04867,43.250623],[6.048417,43.250636],[6.048407,43.250777],[6.048403,43.250945],[6.048372,43.251092],[6.047996,43.251059],[6.047854,43.251053],[6.047607,43.251055],[6.047552,43.25106],[6.047341,43.251152],[6.047312,43.251158],[6.047166,43.251152],[6.047172,43.250704],[6.046932,43.250704],[6.046966,43.250629],[6.04697,43.250588],[6.046957,43.250456],[6.046919,43.25037],[6.046922,43.250289],[6.046908,43.250246],[6.046863,43.250188],[6.046849,43.250157],[6.046872,43.250129],[6.046883,43.250086],[6.046903,43.250065],[6.046926,43.250044],[6.046953,43.250025],[6.046976,43.249974],[6.046984,43.249897],[6.046974,43.24977],[6.046985,43.249721],[6.047037,43.249589],[6.047083,43.24942],[6.047131,43.249342],[6.04721,43.249268],[6.04732,43.249185],[6.047343,43.249155],[6.047381,43.249101],[6.047416,43.249046],[6.0482,43.248914]]]]}},{"type":"Feature","properties":{"numero":"0066","section":"AC","code_insee":"83049","id_parc":"83049_AC_0066"},"geometry":{"type":"MultiPolygon","coordinates":[[[[6.069026,43.238963],[6.069034,43.238973],[6.069031,43.238975],[6.069006,43.238986],[6.069002,43.238987],[6.069001,43.238988],[6.068978,43.238997],[6.068973,43.239],[6.068964,43.23899],[6.068905,43.238919],[6.068839,43.23884],[6.068818,43.238815],[6.068879,43.238788],[6.06888,43.238789],[6.068892,43.238803],[6.068945,43.238866],[6.068966,43.238892],[6.069016,43.238952],[6.069026,43.238963]]]]}},{"type":"Feature","properties":{"numero":"0066","section":"AD","code_insee":"83049","id_parc":"83049_AD_0066"},"geometry":{"type":"MultiPolygon","coordinates":[[[[6.067879,43.238862],[6.067962,43.238999],[6.067646,43.23904],[6.06752,43.238493],[6.06769,43.238491],[6.067749,43.23861],[6.06778,43.238673],[6.067856,43.238822],[6.067879,43.238862]]]]}},{"type":"Feature","properties":{"numero":"0066","section":"AE","code_insee":"83049","id_parc":"83049_AE_0066"},"geometry":{"type":"MultiPolygon","coordinates":[[[[6.06065,43.238937],[6.060642,43.238913],[6.060585,43.238746],[6.060683,43.238735],[6.061024,43.238713],[6.061186,43.238685],[6.061213,43.238689],[6.061236,43.23869],[6.061255,43.23869],[6.061279,43.238682],[6.061339,43.238687],[6.061413,43.238711],[6.061077,43.238925],[6.061065,43.238948],[6.060909,43.23899],[6.060823,43.238957],[6.060781,43.238963],[6.060739,43.238978],[6.060684,43.238966],[6.060664,43.238978],[6.06065,43.238937]]]]}},{"type":"Feature","properties":{"numero":"0066","section":"AH","code_insee":"83049","id_parc":"83049_AH_0066"},"geometry":{"type":"MultiPolygon","coordinates":[[[[6.059549,43.245341],[6.059618,43.245375],[6.060078,43.24548],[6.060136,43.245493],[6.06028,43.245598],[6.060275,43.245597],[6.060182,43.245578],[6.060115,43.24556],[6.060017,43.245532],[6.059933,43.245515],[6.059871,43.245502],[6.059835,43.245491],[6.059766,43.245475],[6.059695,43.245461],[6.059567,43.245429],[6.059539,43.245413],[6.059502,43.245397],[6.059462,43.245376],[6.059366,43.245341],[6.059354,43.245331],[6.059338,43.245323],[6.059169,43.245264],[6.059348,43.244785],[6.059408,43.244805],[6.059487,43.244847],[6.05956,43.24487],[6.059652,43.244899],[6.059691,43.244911],[6.059678,43.244931],[6.059631,43.245015],[6.059636,43.245017],[6.059593,43.245126],[6.05947,43.245248],[6.059549,43.245341]]]]}},{"type":"Feature","properties":{"numero":"0066","section":"AI","code_insee":"83049","id_parc":"83049_AI_0066"},"geometry":{"type":"MultiPolygon","coordinates":[[[[6.069065,43.243544],[6.069007,43.243528],[6.068796,43.243472],[6.068943,43.24327],[6.06913,43.243344],[6.069139,43.243361],[6.06914,43.243394],[6.06912,43.243434],[6.069065,43.243544]]]]}},{"type":"Feature","properties":{"numero":"0067","section":"AC","code_insee":"83049","id_parc":"83049_AC_0067"},"geometry":{"type":"MultiPolygon","coordinates":[[[[6.06888,43.238789],[6.068879,43.238788],[6.068938,43.238761],[6.068975,43.238745],[6.068993,43.238737],[6.069053,43.238754],[6.069049,43.238758],[6.069037,43.238776],[6.069046,43.238807],[6.069079,43.238851],[6.069113,43.238896],[6.069138,43.238929],[6.069096,43.238947],[6.069078,43.238955],[6.069034,43.238973],[6.069026,43.238963],[6.069016,43.238952],[6.068966,43.238892],[6.068945,43.238866],[6.068892,43.238803],[6.06888,43.238789]]]]}},{"type":"Feature","properties":{"numero":"0067","section":"AD","code_insee":"83049","id_parc":"83049_AD_0067"},"geometry":{"type":"MultiPolygon","coordinates":[[[[6.067662,43.238431],[6.06769,43.238491],[6.06752,43.238493],[6.067423,43.23807],[6.067559,43.238018],[6.067591,43.238202],[6.067603,43.238274],[6.067614,43.238304],[6.067662,43.238431]]]]}},{"type":"Feature","properties":{"numero":"0067","section":"AE","code_insee":"83049","id_parc":"83049_AE_0067"},"geometry":{"type":"MultiPolygon","coordinates":[[[[6.061065,43.238948],[6.061077,43.238925],[6.061413,43.238711],[6.061434,43.238721],[6.06144,43.238724],[6.061454,43.238731],[6.061514,43.238768],[6.061546,43.2388],[6.061587,43.238867],[6.061604,43.238903],[6.061555,43.238972],[6.061523,43.239029],[6.061488,43.239067],[6.061439,43.239088],[6.061364,43.239111],[6.061302,43.23912],[6.061233,43.239154],[6.061197,43.239173],[6.061191,43.239183],[6.061154,43.239228],[6.061092,43.239268],[6.060999,43.239326],[6.060921,43.239372],[6.06085,43.239411],[6.060782,43.239445],[6.060665,43.239453],[6.060582,43.23945],[6.060571,43.23945],[6.060518,43.239446],[6.060456,43.239444],[6.060424,43.239433],[6.060415,43.239414],[6.060399,43.23938],[6.060374,43.239324],[6.060343,43.239275],[6.060335,43.23926],[6.060314,43.239194],[6.060449,43.239111],[6.060664,43.238978],[6.060684,43.238966],[6.060739,43.238978],[6.060781,43.238963],[6.060823,43.238957],[6.060909,43.23899],[6.061065,43.238948]]]]}},{"type":"Feature","properties":{"numero":"0067","section":"AH","code_insee":"83049","id_parc":"83049_AH_0067"},"geometry":{"type":"MultiPolygon","coordinates":[[[[6.059652,43.245147],[6.059649,43.24514],[6.059593,43.245126],[6.059636,43.245017],[6.059704,43.245035],[6.059838,43.245071],[6.059792,43.245187],[6.059652,43.245147]]]]}},{"type":"Feature","properties":{"numero":"0067","section":"AI","code_insee":"83049","id_parc":"83049_AI_0067"},"geometry":{"type":"MultiPolygon","coordinates":[[[[6.068943,43.24327],[6.069069,43.243233],[6.06913,43.243344],[6.068943,43.24327]]]]}},{"type":"Feature","properties":{"numero":"0671","section":"0H","code_insee":"83049","id_parc":"83049_0H_0671"},"geometry":{"type":"MultiPolygon","coordinates":[[[[6.052901,43.24665],[6.052519,43.246344],[6.053243,43.245904],[6.053364,43.246048],[6.053577,43.246295],[6.053646,43.246407],[6.053301,43.246564],[6.053217,43.246603],[6.053161,43.246628],[6.052997,43.246703],[6.052901,43.24665]]]]}},{"type":"Feature","properties":{"numero":"0672","section":"0H","code_insee":"83049","id_parc":"83049_0H_0672"},"geometry":{"type":"MultiPolygon","coordinates":[[[[6.052958,43.24556],[6.052961,43.245571],[6.053243,43.245904],[6.052519,43.246344],[6.052216,43.246094],[6.052056,43.246005],[6.052184,43.24593],[6.052301,43.245866],[6.052421,43.245804],[6.05275,43.245642],[6.0529,43.245576],[6.052958,43.24556]]]]}},{"type":"Feature","properties":{"numero":"0677","section":"0H","code_insee":"83049","id_parc":"83049_0H_0677"},"geometry":{"type":"MultiPolygon","coordinates":[[[[6.047271,43.247718],[6.047102,43.247168],[6.046958,43.24684],[6.047196,43.246871],[6.047362,43.246908],[6.047417,43.246907],[6.047507,43.247104],[6.047575,43.247287],[6.047651,43.247503],[6.047865,43.248082],[6.047636,43.248109],[6.047499,43.248066],[6.047433,43.24806],[6.04739,43.247986],[6.047271,43.247718]]]]}},{"type":"Feature","properties":{"numero":"0678","section":"0H","code_insee":"83049","id_parc":"83049_0H_0678"},"geometry":{"type":"MultiPolygon","coordinates":[[[[6.048213,43.248032],[6.0482,43.248034],[6.047865,43.248082],[6.047651,43.247503],[6.047575,43.247287],[6.047507,43.247104],[6.047417,43.246907],[6.047548,43.246885],[6.047603,43.24687],[6.047699,43.24687],[6.04774,43.246854],[6.047763,43.24683],[6.047795,43.246848],[6.047839,43.246849],[6.047885,43.246837],[6.048103,43.246872],[6.048322,43.246851],[6.048393,43.246835],[6.048524,43.246788],[6.048938,43.246784],[6.049005,43.246943],[6.049193,43.247225],[6.049298,43.247465],[6.049437,43.247665],[6.049588,43.247914],[6.049624,43.248006],[6.049571,43.248031],[6.04941,43.248089],[6.04918,43.248126],[6.04902,43.248134],[6.048855,43.248131],[6.048626,43.248112],[6.048243,43.248071],[6.048213,43.248032]]]]}},{"type":"Feature","properties":{"numero":"0068","section":"AC","code_insee":"83049","id_parc":"83049_AC_0068"},"geometry":{"type":"MultiPolygon","coordinates":[[[[6.069155,43.238952],[6.069096,43.238978],[6.069049,43.238998],[6.069031,43.238975],[6.069034,43.238973],[6.069078,43.238955],[6.069096,43.238947],[6.069138,43.238929],[6.069155,43.238952]]]]}},{"type":"Feature","properties":{"numero":"0068","section":"AD","code_insee":"83049","id_parc":"83049_AD_0068"},"geometry":{"type":"MultiPolygon","coordinates":[[[[6.067314,43.237997],[6.067319,43.237993],[6.067434,43.238494],[6.067145,43.238498],[6.067145,43.238495],[6.067145,43.238464],[6.067148,43.238372],[6.067149,43.238324],[6.067152,43.238199],[6.067154,43.238175],[6.067191,43.238141],[6.067205,43.238128],[6.067284,43.238049],[6.06727,43.238041],[6.067305,43.238007],[6.067314,43.237997]]]]}},{"type":"Feature","properties":{"numero":"0068","section":"AE","code_insee":"83049","id_parc":"83049_AE_0068"},"geometry":{"type":"MultiPolygon","coordinates":[[[[6.061316,43.239159],[6.061363,43.239146],[6.061385,43.239143],[6.061311,43.239608],[6.061237,43.239586],[6.061103,43.239561],[6.060778,43.23952],[6.060676,43.239503],[6.060574,43.23947],[6.060573,43.239461],[6.060785,43.239478],[6.060879,43.239441],[6.061,43.239363],[6.061154,43.239267],[6.061252,43.239198],[6.061289,43.239172],[6.061316,43.239159]]]]}},{"type":"Feature","properties":{"numero":"0068","section":"AI","code_insee":"83049","id_parc":"83049_AI_0068"},"geometry":{"type":"MultiPolygon","coordinates":[[[[6.069262,43.243446],[6.069319,43.243429],[6.069577,43.243354],[6.069618,43.243429],[6.06947,43.243616],[6.069262,43.243446]]]]}},{"type":"Feature","properties":{"numero":"0069","section":"AC","code_insee":"83049","id_parc":"83049_AC_0069"},"geometry":{"type":"MultiPolygon","coordinates":[[[[6.069173,43.238974],[6.069113,43.239],[6.069066,43.23902],[6.069049,43.238998],[6.069096,43.238978],[6.069155,43.238952],[6.069173,43.238974]]]]}},{"type":"Feature","properties":{"numero":"0069","section":"AD","code_insee":"83049","id_parc":"83049_AD_0069"},"geometry":{"type":"MultiPolygon","coordinates":[[[[6.067403,43.237982],[6.067423,43.23807],[6.06752,43.238493],[6.067434,43.238494],[6.067319,43.237993],[6.067387,43.237919],[6.067403,43.237982]]]]}},{"type":"Feature","properties":{"numero":"0069","section":"AE","code_insee":"83049","id_parc":"83049_AE_0069"},"geometry":{"type":"MultiPolygon","coordinates":[[[[6.061382,43.239636],[6.061311,43.239608],[6.061385,43.239143],[6.061429,43.239135],[6.061477,43.239118],[6.061534,43.239076],[6.061591,43.239006],[6.061643,43.23898],[6.061656,43.238979],[6.061672,43.238983],[6.061792,43.239015],[6.061985,43.239071],[6.061925,43.239342],[6.062047,43.2395],[6.062039,43.239608],[6.062034,43.23967],[6.062032,43.239781],[6.061919,43.239798],[6.061839,43.239787],[6.061689,43.239749],[6.061571,43.239712],[6.061556,43.239708],[6.06149,43.239685],[6.061478,43.239682],[6.061424,43.239656],[6.061382,43.239636]]]]}},{"type":"Feature","properties":{"numero":"0069","section":"AI","code_insee":"83049","id_parc":"83049_AI_0069"},"geometry":{"type":"MultiPolygon","coordinates":[[[[6.069262,43.243446],[6.06947,43.243616],[6.069408,43.243721],[6.069115,43.243643],[6.069188,43.243497],[6.069197,43.243478],[6.069205,43.243463],[6.069226,43.243457],[6.069251,43.243449],[6.069262,43.243446]]]]}},{"type":"Feature","properties":{"numero":"0007","section":"AB","code_insee":"83049","id_parc":"83049_AB_0007"},"geometry":{"type":"MultiPolygon","coordinates":[[[[6.070266,43.238722],[6.070282,43.238732],[6.070291,43.238738],[6.070269,43.238756],[6.070305,43.23879],[6.070272,43.238813],[6.070226,43.23878],[6.070219,43.238785],[6.070092,43.238701],[6.070154,43.238648],[6.070218,43.23869],[6.070266,43.238722]]]]}},{"type":"Feature","properties":{"numero":"0007","section":"AD","code_insee":"83049","id_parc":"83049_AD_0007"},"geometry":{"type":"MultiPolygon","coordinates":[[[[6.065623,43.241529],[6.065575,43.241566],[6.065551,43.241585],[6.065402,43.241453],[6.065529,43.241387],[6.065527,43.241386],[6.065579,43.241359],[6.065581,43.241361],[6.065699,43.241281],[6.065748,43.241248],[6.065789,43.241213],[6.065846,43.241165],[6.065848,43.241166],[6.065854,43.241161],[6.065852,43.24116],[6.065878,43.241139],[6.065834,43.241219],[6.065812,43.241238],[6.065805,43.24125],[6.065766,43.24131],[6.065755,43.241319],[6.065732,43.241389],[6.065716,43.24144],[6.065693,43.241473],[6.065623,43.241529]]]]}},{"type":"Feature","properties":{"numero":"0007","section":"AH","code_insee":"83049","id_parc":"83049_AH_0007"},"geometry":{"type":"MultiPolygon","coordinates":[[[[6.055873,43.24778],[6.055911,43.247966],[6.055952,43.247966],[6.055931,43.248069],[6.055922,43.248086],[6.055936,43.248159],[6.055525,43.248193],[6.055312,43.247744],[6.055337,43.247737],[6.055364,43.247743],[6.055448,43.24773],[6.05554,43.247725],[6.055561,43.247724],[6.055583,43.247734],[6.055629,43.247745],[6.055667,43.247747],[6.055689,43.24775],[6.055715,43.247746],[6.055773,43.247739],[6.055786,43.247738],[6.055804,43.247729],[6.055838,43.247727],[6.055915,43.247716],[6.055926,43.247765],[6.055873,43.24778]]]]}},{"type":"Feature","properties":{"numero":"0007","section":"AI","code_insee":"83049","id_parc":"83049_AI_0007"},"geometry":{"type":"MultiPolygon","coordinates":[[[[6.065934,43.242082],[6.065926,43.242085],[6.065913,43.242092],[6.066086,43.241893],[6.066112,43.241912],[6.066403,43.242129],[6.066373,43.242139],[6.066339,43.242151],[6.066267,43.242183],[6.066252,43.242183],[6.066227,43.242182],[6.066216,43.24218],[6.066194,43.242176],[6.066168,43.24217],[6.066142,43.242162],[6.066127,43.242157],[6.066112,43.242153],[6.06609,43.242142],[6.06608,43.242136],[6.066065,43.242126],[6.066044,43.242113],[6.066025,43.242104],[6.066012,43.242098],[6.065993,43.242091],[6.065963,43.242083],[6.065953,43.242081],[6.065943,43.242081],[6.065934,43.242082]]]]}},{"type":"Feature","properties":{"numero":"0070","section":"AC","code_insee":"83049","id_parc":"83049_AC_0070"},"geometry":{"type":"MultiPolygon","coordinates":[[[[6.069188,43.238997],[6.06913,43.239022],[6.069084,43.239042],[6.069066,43.23902],[6.069113,43.239],[6.069173,43.238974],[6.069187,43.238992],[6.06919,43.238996],[6.069188,43.238997]]]]}},{"type":"Feature","properties":{"numero":"0070","section":"AE","code_insee":"83049","id_parc":"83049_AE_0070"},"geometry":{"type":"MultiPolygon","coordinates":[[[[6.061986,43.239359],[6.062052,43.239444],[6.062047,43.2395],[6.061925,43.239342],[6.061985,43.239071],[6.06201,43.239078],[6.062005,43.239099],[6.061971,43.239254],[6.062008,43.239258],[6.061986,43.239359]]]]}},{"type":"Feature","properties":{"numero":"0070","section":"AI","code_insee":"83049","id_parc":"83049_AI_0070"},"geometry":{"type":"MultiPolygon","coordinates":[[[[6.06903,43.243814],[6.069115,43.243643],[6.069408,43.243721],[6.069328,43.243855],[6.069313,43.24389],[6.06903,43.243814]]]]}},{"type":"Feature","properties":{"numero":"0707","section":"0H","code_insee":"83049","id_parc":"83049_0H_0707"},"geometry":{"type":"MultiPolygon","coordinates":[[[[6.048537,43.237984],[6.048607,43.238013],[6.048286,43.238375],[6.04801,43.23822],[6.047737,43.238089],[6.047539,43.23798],[6.047421,43.237906],[6.047347,43.237867],[6.047657,43.237517],[6.047731,43.237617],[6.047983,43.237714],[6.048137,43.237802],[6.048537,43.237984]]]]}},{"type":"Feature","properties":{"numero":"0071","section":"AC","code_insee":"83049","id_parc":"83049_AC_0071"},"geometry":{"type":"MultiPolygon","coordinates":[[[[6.069188,43.238997],[6.06919,43.238996],[6.069208,43.239019],[6.069206,43.23902],[6.069152,43.23905],[6.069109,43.239073],[6.069084,43.239042],[6.06913,43.239022],[6.069188,43.238997]]]]}},{"type":"Feature","properties":{"numero":"0071","section":"AI","code_insee":"83049","id_parc":"83049_AI_0071"},"geometry":{"type":"MultiPolygon","coordinates":[[[[6.069237,43.244062],[6.068945,43.243984],[6.06903,43.243814],[6.069313,43.24389],[6.069237,43.244062]]]]}},{"type":"Feature","properties":{"numero":"0710","section":"0A","code_insee":"83049","id_parc":"83049_0A_0710"},"geometry":{"type":"MultiPolygon","coordinates":[[[[6.060283,43.249644],[6.060726,43.249699],[6.061099,43.249207],[6.061665,43.249366],[6.061614,43.249473],[6.061745,43.249505],[6.061799,43.249404],[6.061813,43.249408],[6.061791,43.249464],[6.061714,43.249602],[6.061709,43.249609],[6.061697,43.249621],[6.061682,43.24963],[6.061665,43.249637],[6.061646,43.249642],[6.061397,43.249618],[6.061372,43.249621],[6.061345,43.249628],[6.06132,43.249637],[6.061297,43.249649],[6.061277,43.249664],[6.06126,43.24968],[6.061246,43.249698],[6.061224,43.249739],[6.061183,43.249922],[6.060899,43.249887],[6.060632,43.249852],[6.060277,43.249795],[6.060289,43.249703],[6.060283,43.249644]]]]}},{"type":"Feature","properties":{"numero":"0711","section":"0A","code_insee":"83049","id_parc":"83049_0A_0711"},"geometry":{"type":"MultiPolygon","coordinates":[[[[6.061186,43.249031],[6.061089,43.249204],[6.061099,43.249207],[6.060726,43.249699],[6.060283,43.249644],[6.060265,43.249472],[6.060355,43.249314],[6.060405,43.249232],[6.060411,43.249196],[6.060389,43.24912],[6.060395,43.249093],[6.06041,43.249067],[6.060534,43.248948],[6.060783,43.248737],[6.060985,43.248871],[6.061186,43.249031]]]]}},{"type":"Feature","properties":{"numero":"0712","section":"0A","code_insee":"83049","id_parc":"83049_0A_0712"},"geometry":{"type":"MultiPolygon","coordinates":[[[[6.059883,43.24904],[6.059944,43.248956],[6.060031,43.248846],[6.060386,43.249052],[6.060362,43.249107],[6.060381,43.249205],[6.060365,43.249257],[6.060341,43.249296],[6.060289,43.249374],[6.060233,43.249451],[6.060252,43.249631],[6.060256,43.24972],[6.060153,43.25001],[6.060144,43.250109],[6.059931,43.25004],[6.059547,43.249913],[6.05898,43.249724],[6.05909,43.249648],[6.05939,43.249442],[6.059733,43.249194],[6.059783,43.249148],[6.05983,43.2491],[6.059883,43.24904]]]]}},{"type":"Feature","properties":{"numero":"0713","section":"0A","code_insee":"83049","id_parc":"83049_0A_0713"},"geometry":{"type":"MultiPolygon","coordinates":[[[[6.060423,43.249012],[6.060386,43.249052],[6.060031,43.248846],[6.060076,43.248786],[6.060107,43.248674],[6.060136,43.248491],[6.060239,43.248457],[6.060453,43.248454],[6.060588,43.248589],[6.060653,43.248668],[6.060679,43.248689],[6.060759,43.248721],[6.060701,43.248777],[6.060423,43.249012]]]]}},{"type":"Feature","properties":{"numero":"0714","section":"0A","code_insee":"83049","id_parc":"83049_0A_0714"},"geometry":{"type":"MultiPolygon","coordinates":[[[[6.060798,43.248594],[6.06079,43.248674],[6.060759,43.248721],[6.060679,43.248689],[6.060653,43.248668],[6.060588,43.248589],[6.060453,43.248454],[6.060239,43.248457],[6.060136,43.248491],[6.060223,43.248002],[6.060238,43.247925],[6.060241,43.24789],[6.060316,43.24784],[6.060418,43.247756],[6.060461,43.247713],[6.060526,43.247801],[6.060607,43.247845],[6.060622,43.24787],[6.060623,43.248009],[6.060636,43.248115],[6.060639,43.24813],[6.060648,43.248154],[6.06066,43.248177],[6.060677,43.248198],[6.060726,43.248221],[6.060773,43.248242],[6.060792,43.248256],[6.060803,43.248436],[6.060802,43.248514],[6.060798,43.248594]]]]}},{"type":"Feature","properties":{"numero":"0717","section":"0A","code_insee":"83049","id_parc":"83049_0A_0717"},"geometry":{"type":"MultiPolygon","coordinates":[[[[6.059657,43.252343],[6.059614,43.252293],[6.060047,43.25235],[6.059992,43.252697],[6.059937,43.25301],[6.059878,43.253323],[6.059736,43.253241],[6.059689,43.252685],[6.059657,43.252343]]]]}},{"type":"Feature","properties":{"numero":"0072","section":"AC","code_insee":"83049","id_parc":"83049_AC_0072"},"geometry":{"type":"MultiPolygon","coordinates":[[[[6.068907,43.239133],[6.068894,43.239128],[6.068845,43.239167],[6.068827,43.239154],[6.068722,43.239233],[6.068681,43.239163],[6.068816,43.239101],[6.06893,43.239051],[6.068997,43.23902],[6.068978,43.238997],[6.069001,43.238988],[6.069002,43.238987],[6.069006,43.238986],[6.069031,43.238975],[6.069049,43.238998],[6.069066,43.23902],[6.069084,43.239042],[6.069109,43.239073],[6.069152,43.23905],[6.069206,43.23902],[6.069208,43.239019],[6.069214,43.239027],[6.069063,43.239103],[6.068987,43.239141],[6.068953,43.239159],[6.068924,43.239134],[6.068907,43.239133]]]]}},{"type":"Feature","properties":{"numero":"0072","section":"AE","code_insee":"83049","id_parc":"83049_AE_0072"},"geometry":{"type":"MultiPolygon","coordinates":[[[[6.062991,43.239772],[6.062869,43.23975],[6.062593,43.2397],[6.062555,43.23946],[6.062555,43.239459],[6.062511,43.239164],[6.062508,43.239139],[6.06256,43.239144],[6.062655,43.239151],[6.062752,43.23916],[6.062914,43.239176],[6.062967,43.239183],[6.063029,43.239194],[6.063036,43.239214],[6.063101,43.239395],[6.063116,43.239433],[6.063159,43.239534],[6.062777,43.239491],[6.062703,43.239523],[6.062676,43.239653],[6.062704,43.239683],[6.062906,43.239719],[6.062915,43.239735],[6.062968,43.239744],[6.062991,43.239772]]]]}},{"type":"Feature","properties":{"numero":"0072","section":"AI","code_insee":"83049","id_parc":"83049_AI_0072"},"geometry":{"type":"MultiPolygon","coordinates":[[[[6.069168,43.244231],[6.068862,43.24415],[6.068945,43.243984],[6.069237,43.244062],[6.069228,43.244084],[6.069175,43.244196],[6.069168,43.244231]]]]}},{"type":"Feature","properties":{"numero":"0720","section":"0A","code_insee":"83049","id_parc":"83049_0A_0720"},"geometry":{"type":"MultiPolygon","coordinates":[[[[6.069655,43.244684],[6.069814,43.244803],[6.06994,43.244879],[6.069729,43.245066],[6.06931,43.244841],[6.069437,43.244716],[6.069551,43.244778],[6.069655,43.244684]]]]}},{"type":"Feature","properties":{"numero":"0723","section":"0A","code_insee":"83049","id_parc":"83049_0A_0723"},"geometry":{"type":"MultiPolygon","coordinates":[[[[6.062368,43.256552],[6.06235,43.256344],[6.062512,43.256409],[6.062636,43.256458],[6.062645,43.256462],[6.062983,43.25654],[6.063104,43.256569],[6.063219,43.256896],[6.062486,43.256857],[6.062421,43.256659],[6.062368,43.256552]]]]}},{"type":"Feature","properties":{"numero":"0073","section":"AC","code_insee":"83049","id_parc":"83049_AC_0073"},"geometry":{"type":"MultiPolygon","coordinates":[[[[6.068508,43.239674],[6.068368,43.239526],[6.068453,43.239483],[6.068472,43.239503],[6.068587,43.239623],[6.068594,43.23963],[6.068508,43.239674]]]]}},{"type":"Feature","properties":{"numero":"0073","section":"AE","code_insee":"83049","id_parc":"83049_AE_0073"},"geometry":{"type":"MultiPolygon","coordinates":[[[[6.062703,43.239523],[6.062777,43.239491],[6.063159,43.239534],[6.063162,43.239542],[6.063212,43.239689],[6.063219,43.239711],[6.063221,43.239716],[6.063233,43.239746],[6.06324,43.239763],[6.06324,43.239765],[6.063258,43.239814],[6.063136,43.239798],[6.062991,43.239772],[6.062968,43.239744],[6.062915,43.239735],[6.062906,43.239719],[6.062704,43.239683],[6.062676,43.239653],[6.062703,43.239523]]]]}},{"type":"Feature","properties":{"numero":"0073","section":"AH","code_insee":"83049","id_parc":"83049_AH_0073"},"geometry":{"type":"MultiPolygon","coordinates":[[[[6.061773,43.24527],[6.061537,43.245211],[6.061372,43.24517],[6.061553,43.24479],[6.062254,43.244943],[6.062236,43.244984],[6.062191,43.245095],[6.062151,43.245206],[6.062106,43.24535],[6.062059,43.245339],[6.061773,43.24527]]]]}},{"type":"Feature","properties":{"numero":"0073","section":"AI","code_insee":"83049","id_parc":"83049_AI_0073"},"geometry":{"type":"MultiPolygon","coordinates":[[[[6.069167,43.244376],[6.069114,43.244407],[6.068938,43.244361],[6.068778,43.244318],[6.068851,43.244173],[6.069164,43.244256],[6.069151,43.244319],[6.069167,43.244376]]]]}},{"type":"Feature","properties":{"numero":"0073","section":"0A","code_insee":"83049","id_parc":"83049_0A_0073"},"geometry":{"type":"MultiPolygon","coordinates":[[[[6.043418,43.260878],[6.04352,43.260782],[6.043546,43.260766],[6.043604,43.260722],[6.044007,43.260318],[6.044046,43.260261],[6.044093,43.2602],[6.044169,43.260138],[6.044515,43.2598],[6.044576,43.259728],[6.04484,43.259443],[6.044932,43.259352],[6.0453,43.258968],[6.045572,43.258656],[6.045805,43.258386],[6.045863,43.2583],[6.045925,43.258215],[6.045991,43.258132],[6.04606,43.25805],[6.046149,43.257954],[6.046217,43.257858],[6.046292,43.257744],[6.046407,43.257478],[6.04644,43.257483],[6.046577,43.257518],[6.046603,43.257529],[6.046712,43.2576],[6.04667,43.257697],[6.046647,43.25775],[6.046626,43.257796],[6.04661,43.257828],[6.046602,43.257843],[6.046547,43.257939],[6.046435,43.258133],[6.04641,43.258186],[6.046329,43.258372],[6.046321,43.258392],[6.04631,43.258428],[6.046298,43.258472],[6.046285,43.2586],[6.046263,43.258772],[6.046178,43.259016],[6.046086,43.259264],[6.046063,43.259315],[6.046028,43.259396],[6.045974,43.259538],[6.045907,43.25974],[6.045877,43.259806],[6.045805,43.259931],[6.045752,43.260013],[6.045716,43.260064],[6.045561,43.260157],[6.0458,43.260232],[6.045665,43.260519],[6.045537,43.260781],[6.045405,43.261043],[6.045224,43.261379],[6.044556,43.261391],[6.044236,43.26138],[6.044098,43.261375],[6.044056,43.261488],[6.043712,43.261433],[6.043361,43.26138],[6.043008,43.26133],[6.043285,43.261031],[6.043418,43.260878]]]]}},{"type":"Feature","properties":{"numero":"0730","section":"0A","code_insee":"83049","id_parc":"83049_0A_0730"},"geometry":{"type":"MultiPolygon","coordinates":[[[[6.061115,43.256853],[6.061141,43.257049],[6.061061,43.256865],[6.061115,43.256853]]]]}},{"type":"Feature","properties":{"numero":"0732","section":"0A","code_insee":"83049","id_parc":"83049_0A_0732"},"geometry":{"type":"MultiPolygon","coordinates":[[[[6.058672,43.248943],[6.058692,43.248877],[6.058695,43.248863],[6.059337,43.248694],[6.059353,43.248729],[6.059368,43.248737],[6.059422,43.248767],[6.059448,43.248781],[6.059476,43.24875],[6.059483,43.248742],[6.059549,43.248695],[6.059569,43.248707],[6.060057,43.248719],[6.060012,43.248803],[6.059932,43.248918],[6.059881,43.248988],[6.059826,43.249056],[6.059796,43.24909],[6.059733,43.24915],[6.059667,43.249208],[6.059596,43.249266],[6.059437,43.249377],[6.059291,43.249478],[6.058772,43.249209],[6.05855,43.249095],[6.05865,43.248975],[6.058672,43.248943]]]]}},{"type":"Feature","properties":{"numero":"0733","section":"0A","code_insee":"83049","id_parc":"83049_0A_0733"},"geometry":{"type":"MultiPolygon","coordinates":[[[[6.060157,43.247924],[6.060156,43.248034],[6.060097,43.248507],[6.059764,43.248542],[6.059485,43.248568],[6.059347,43.248581],[6.059288,43.248586],[6.059337,43.248694],[6.058695,43.248863],[6.058725,43.248742],[6.058764,43.248666],[6.058829,43.248551],[6.058885,43.248473],[6.05894,43.24842],[6.059014,43.24839],[6.059187,43.248328],[6.059359,43.248264],[6.059416,43.248243],[6.059513,43.2482],[6.059608,43.248155],[6.0597,43.248107],[6.059743,43.248084],[6.06015,43.247912],[6.060157,43.247924]]]]}},{"type":"Feature","properties":{"numero":"0734","section":"0A","code_insee":"83049","id_parc":"83049_0A_0734"},"geometry":{"type":"MultiPolygon","coordinates":[[[[6.059366,43.248635],[6.059383,43.248682],[6.059337,43.248694],[6.059288,43.248586],[6.059347,43.248581],[6.059366,43.248635]]]]}},{"type":"Feature","properties":{"numero":"0736","section":"0A","code_insee":"83049","id_parc":"83049_0A_0736"},"geometry":{"type":"MultiPolygon","coordinates":[[[[6.059499,43.248664],[6.059491,43.248605],[6.059702,43.248586],[6.059612,43.24865],[6.059561,43.248686],[6.059549,43.248695],[6.059499,43.248664]]]]}},{"type":"Feature","properties":{"numero":"0737","section":"0A","code_insee":"83049","id_parc":"83049_0A_0737"},"geometry":{"type":"MultiPolygon","coordinates":[[[[6.059368,43.248737],[6.059353,43.248729],[6.059337,43.248694],[6.059383,43.248682],[6.059366,43.248635],[6.059445,43.248629],[6.059443,43.248609],[6.059491,43.248605],[6.059499,43.248664],[6.059549,43.248695],[6.059483,43.248742],[6.059476,43.24875],[6.059448,43.248781],[6.059422,43.248767],[6.059368,43.248737]]]]}},{"type":"Feature","properties":{"numero":"0738","section":"0A","code_insee":"83049","id_parc":"83049_0A_0738"},"geometry":{"type":"MultiPolygon","coordinates":[[[[6.059561,43.248686],[6.059612,43.24865],[6.059702,43.248586],[6.060092,43.248551],[6.060082,43.248614],[6.060069,43.248676],[6.060057,43.248719],[6.059569,43.248707],[6.059549,43.248695],[6.059561,43.248686]]]]}},{"type":"Feature","properties":{"numero":"0739","section":"0A","code_insee":"83049","id_parc":"83049_0A_0739"},"geometry":{"type":"MultiPolygon","coordinates":[[[[6.059702,43.248586],[6.059764,43.248542],[6.060097,43.248507],[6.060092,43.248551],[6.059702,43.248586]]]]}},{"type":"Feature","properties":{"numero":"0074","section":"AC","code_insee":"83049","id_parc":"83049_AC_0074"},"geometry":{"type":"MultiPolygon","coordinates":[[[[6.068585,43.239475],[6.068596,43.239486],[6.068674,43.23956],[6.068622,43.239603],[6.068587,43.239623],[6.068472,43.239503],[6.068453,43.239483],[6.06844,43.23947],[6.068518,43.239411],[6.068585,43.239475]]]]}},{"type":"Feature","properties":{"numero":"0074","section":"AE","code_insee":"83049","id_parc":"83049_AE_0074"},"geometry":{"type":"MultiPolygon","coordinates":[[[[6.063262,43.239399],[6.063175,43.23942],[6.063116,43.239433],[6.063101,43.239395],[6.063036,43.239214],[6.063029,43.239194],[6.063079,43.239203],[6.063147,43.239218],[6.06321,43.239239],[6.063253,43.239258],[6.063371,43.239316],[6.063423,43.239362],[6.063267,43.239398],[6.063262,43.239399]]]]}},{"type":"Feature","properties":{"numero":"0074","section":"AH","code_insee":"83049","id_parc":"83049_AH_0074"},"geometry":{"type":"MultiPolygon","coordinates":[[[[6.062254,43.244943],[6.061553,43.24479],[6.061742,43.244397],[6.061958,43.244445],[6.062159,43.244487],[6.062377,43.244512],[6.062427,43.244517],[6.062403,43.244596],[6.062254,43.244943]]]]}},{"type":"Feature","properties":{"numero":"0074","section":"AI","code_insee":"83049","id_parc":"83049_AI_0074"},"geometry":{"type":"MultiPolygon","coordinates":[[[[6.069079,43.244446],[6.068917,43.244403],[6.068938,43.244361],[6.069114,43.244407],[6.069167,43.244376],[6.06917,43.244392],[6.06919,43.24443],[6.069283,43.244504],[6.069246,43.244572],[6.069234,43.244596],[6.069209,43.244641],[6.069195,43.244669],[6.069191,43.244676],[6.068983,43.244638],[6.069079,43.244446]]]]}},{"type":"Feature","properties":{"numero":"0743","section":"0A","code_insee":"83049","id_parc":"83049_0A_0743"},"geometry":{"type":"MultiPolygon","coordinates":[[[[6.053543,43.251889],[6.05382,43.251874],[6.054405,43.25164],[6.054556,43.251858],[6.054803,43.252211],[6.055054,43.252561],[6.054829,43.252653],[6.054545,43.252418],[6.054215,43.25254],[6.053326,43.251916],[6.053543,43.251889]]]]}},{"type":"Feature","properties":{"numero":"0744","section":"0A","code_insee":"83049","id_parc":"83049_0A_0744"},"geometry":{"type":"MultiPolygon","coordinates":[[[[6.053222,43.251939],[6.053265,43.251927],[6.05331,43.251918],[6.053326,43.251916],[6.054215,43.25254],[6.053795,43.252699],[6.053766,43.252686],[6.052897,43.252282],[6.052943,43.252167],[6.052967,43.25213],[6.052994,43.252095],[6.053025,43.252061],[6.05306,43.252029],[6.053097,43.252],[6.05314,43.25197],[6.05318,43.251953],[6.053222,43.251939]],[[6.053077,43.252314],[6.053038,43.252298],[6.053012,43.252326],[6.05305,43.252343],[6.053077,43.252314]]]]}},{"type":"Feature","properties":{"numero":"0075","section":"AC","code_insee":"83049","id_parc":"83049_AC_0075"},"geometry":{"type":"MultiPolygon","coordinates":[[[[6.068638,43.239453],[6.068714,43.239527],[6.068674,43.23956],[6.068596,43.239486],[6.068585,43.239475],[6.068518,43.239411],[6.068562,43.239378],[6.068638,43.239453]]]]}},{"type":"Feature","properties":{"numero":"0075","section":"AE","code_insee":"83049","id_parc":"83049_AE_0075"},"geometry":{"type":"MultiPolygon","coordinates":[[[[6.063212,43.239689],[6.063162,43.239542],[6.063159,43.239534],[6.063116,43.239433],[6.063175,43.23942],[6.063262,43.239399],[6.063267,43.239398],[6.063423,43.239362],[6.063434,43.239372],[6.063464,43.239406],[6.063481,43.239427],[6.063497,43.239448],[6.063523,43.239486],[6.063541,43.239513],[6.063551,43.239534],[6.063543,43.239563],[6.063565,43.239632],[6.063667,43.239823],[6.063514,43.239847],[6.063443,43.23984],[6.063258,43.239814],[6.06324,43.239765],[6.06324,43.239763],[6.063233,43.239746],[6.063221,43.239716],[6.063219,43.239711],[6.063212,43.239689]]]]}},{"type":"Feature","properties":{"numero":"0075","section":"AH","code_insee":"83049","id_parc":"83049_AH_0075"},"geometry":{"type":"MultiPolygon","coordinates":[[[[6.062585,43.244197],[6.062629,43.244124],[6.062692,43.244018],[6.062583,43.244254],[6.062493,43.244422],[6.062439,43.244478],[6.062466,43.244426],[6.062491,43.244375],[6.062516,43.244325],[6.062554,43.244252],[6.062585,43.244197]]]]}},{"type":"Feature","properties":{"numero":"0075","section":"AI","code_insee":"83049","id_parc":"83049_AI_0075"},"geometry":{"type":"MultiPolygon","coordinates":[[[[6.069086,43.244749],[6.069014,43.244829],[6.068913,43.244778],[6.068983,43.244638],[6.069191,43.244676],[6.069153,43.244717],[6.069086,43.244749]]]]}},{"type":"Feature","properties":{"numero":"0756","section":"0A","code_insee":"83049","id_parc":"83049_0A_0756"},"geometry":{"type":"MultiPolygon","coordinates":[[[[6.060504,43.255318],[6.060468,43.255286],[6.060439,43.255263],[6.060446,43.255253],[6.061045,43.25535],[6.061138,43.255369],[6.061112,43.255408],[6.061102,43.25547],[6.061108,43.255598],[6.061129,43.25572],[6.0607,43.255764],[6.060595,43.255542],[6.06055,43.255377],[6.060536,43.255353],[6.060504,43.255318]]]]}},{"type":"Feature","properties":{"numero":"0757","section":"0A","code_insee":"83049","id_parc":"83049_0A_0757"},"geometry":{"type":"MultiPolygon","coordinates":[[[[6.061215,43.255251],[6.061138,43.255369],[6.061045,43.25535],[6.06114,43.255229],[6.061287,43.255038],[6.06143,43.254846],[6.061467,43.254796],[6.06153,43.254816],[6.061504,43.254911],[6.061478,43.254969],[6.061447,43.255006],[6.061345,43.255077],[6.061285,43.255136],[6.061215,43.255251]]]]}},{"type":"Feature","properties":{"numero":"0076","section":"AC","code_insee":"83049","id_parc":"83049_AC_0076"},"geometry":{"type":"MultiPolygon","coordinates":[[[[6.068609,43.239343],[6.068685,43.239418],[6.068638,43.239453],[6.068562,43.239378],[6.068609,43.239343]]]]}},{"type":"Feature","properties":{"numero":"0076","section":"AD","code_insee":"83049","id_parc":"83049_AD_0076"},"geometry":{"type":"MultiPolygon","coordinates":[[[[6.067194,43.239713],[6.067194,43.239753],[6.066805,43.239568],[6.066805,43.239545],[6.066806,43.239524],[6.06681,43.239222],[6.066811,43.239171],[6.066863,43.2391],[6.066928,43.239011],[6.066652,43.238899],[6.066644,43.238895],[6.066697,43.23883],[6.06674,43.238847],[6.066857,43.238893],[6.066988,43.238947],[6.067078,43.238982],[6.067151,43.239011],[6.067152,43.239104],[6.067147,43.239104],[6.067148,43.239106],[6.067148,43.23911],[6.06715,43.239139],[6.067156,43.239209],[6.067162,43.239285],[6.067183,43.239485],[6.067194,43.239713]]]]}},{"type":"Feature","properties":{"numero":"0076","section":"AE","code_insee":"83049","id_parc":"83049_AE_0076"},"geometry":{"type":"MultiPolygon","coordinates":[[[[6.064072,43.239879],[6.063797,43.239838],[6.063667,43.239823],[6.063565,43.239632],[6.063543,43.239563],[6.063551,43.239534],[6.063563,43.239558],[6.063554,43.239574],[6.063584,43.239644],[6.063642,43.239708],[6.063695,43.23975],[6.063766,43.239785],[6.063859,43.239812],[6.063933,43.239826],[6.06402,43.239836],[6.064081,43.239847],[6.064072,43.239879]]]]}},{"type":"Feature","properties":{"numero":"0076","section":"AH","code_insee":"83049","id_parc":"83049_AH_0076"},"geometry":{"type":"MultiPolygon","coordinates":[[[[6.062317,43.24406],[6.062328,43.244037],[6.062461,43.243756],[6.062561,43.243785],[6.062776,43.243845],[6.062697,43.244007],[6.062692,43.244018],[6.062629,43.244124],[6.062585,43.244197],[6.062554,43.244252],[6.062516,43.244325],[6.062491,43.244375],[6.062466,43.244426],[6.062439,43.244478],[6.062422,43.244479],[6.062269,43.244462],[6.062169,43.244451],[6.062152,43.244447],[6.062217,43.244296],[6.062317,43.24406]]]]}},{"type":"Feature","properties":{"numero":"0076","section":"AI","code_insee":"83049","id_parc":"83049_AI_0076"},"geometry":{"type":"MultiPolygon","coordinates":[[[[6.069079,43.244446],[6.068983,43.244638],[6.068715,43.244591],[6.068822,43.244378],[6.068917,43.244403],[6.069079,43.244446]]]]}},{"type":"Feature","properties":{"numero":"0076","section":"0A","code_insee":"83049","id_parc":"83049_0A_0076"},"geometry":{"type":"MultiPolygon","coordinates":[[[[6.040118,43.257808],[6.040154,43.257808],[6.04024,43.257832],[6.040278,43.257846],[6.040274,43.257826],[6.040265,43.257806],[6.040253,43.257787],[6.040241,43.257774],[6.040119,43.257685],[6.040054,43.257622],[6.039997,43.25754],[6.039978,43.257481],[6.039982,43.257396],[6.03999,43.257355],[6.040082,43.25722],[6.040086,43.257124],[6.040108,43.257133],[6.04014,43.25708],[6.040198,43.256737],[6.0402,43.256384],[6.040198,43.256332],[6.040186,43.256243],[6.040124,43.255994],[6.040286,43.256056],[6.04038,43.256107],[6.040803,43.256395],[6.040949,43.256484],[6.041112,43.256631],[6.041288,43.256737],[6.041445,43.256868],[6.041623,43.256811],[6.041656,43.256804],[6.041735,43.2568],[6.041835,43.256803],[6.041927,43.256811],[6.042039,43.256838],[6.042119,43.256865],[6.042197,43.256896],[6.042258,43.256931],[6.042294,43.256986],[6.042316,43.25703],[6.042333,43.257132],[6.042342,43.257154],[6.042355,43.257175],[6.042372,43.257195],[6.042392,43.257213],[6.042415,43.257229],[6.042441,43.257242],[6.04246,43.25725],[6.042505,43.257265],[6.042559,43.257295],[6.042656,43.257372],[6.04274,43.257467],[6.042769,43.257503],[6.042801,43.257537],[6.042827,43.257562],[6.042987,43.257706],[6.043144,43.257853],[6.04326,43.257964],[6.043289,43.25798],[6.043539,43.258218],[6.043721,43.258185],[6.043931,43.258134],[6.044229,43.258053],[6.044399,43.258001],[6.044535,43.257967],[6.044792,43.257906],[6.044898,43.257875],[6.045275,43.257734],[6.04536,43.257714],[6.045386,43.257725],[6.045502,43.257675],[6.045526,43.257686],[6.0456,43.257676],[6.045722,43.257644],[6.045804,43.257599],[6.04587,43.257551],[6.046074,43.257522],[6.046323,43.257488],[6.046407,43.257478],[6.046292,43.257744],[6.046217,43.257858],[6.046149,43.257954],[6.04606,43.25805],[6.045991,43.258132],[6.045925,43.258215],[6.045863,43.2583],[6.045805,43.258386],[6.045572,43.258656],[6.0453,43.258968],[6.044932,43.259352],[6.04484,43.259443],[6.044576,43.259728],[6.044515,43.2598],[6.044169,43.260138],[6.044093,43.2602],[6.044046,43.260261],[6.044007,43.260318],[6.043604,43.260722],[6.043546,43.260766],[6.043468,43.260753],[6.043382,43.26075],[6.042754,43.260779],[6.042368,43.260785],[6.042312,43.260902],[6.04227,43.260972],[6.042174,43.261106],[6.04209,43.261271],[6.041963,43.261441],[6.041951,43.261458],[6.041909,43.261524],[6.041871,43.261591],[6.041848,43.261633],[6.04179,43.261743],[6.041736,43.261855],[6.041686,43.261968],[6.041577,43.262075],[6.041728,43.262224],[6.04194,43.262454],[6.041533,43.262865],[6.041356,43.262789],[6.041323,43.262833],[6.041106,43.262791],[6.041099,43.262847],[6.04106,43.263156],[6.041039,43.263328],[6.040996,43.263493],[6.040981,43.263557],[6.040979,43.263641],[6.040974,43.263797],[6.040946,43.263969],[6.040668,43.263914],[6.040596,43.263899],[6.040532,43.263887],[6.040496,43.26388],[6.040277,43.26386],[6.039758,43.263821],[6.039528,43.263756],[6.039364,43.263709],[6.039245,43.263662],[6.039158,43.263623],[6.039412,43.26333],[6.039585,43.263113],[6.039685,43.262964],[6.039779,43.262818],[6.039852,43.262718],[6.039971,43.262564],[6.04026,43.262208],[6.040385,43.26204],[6.040884,43.261286],[6.040949,43.261145],[6.040988,43.261036],[6.041032,43.260929],[6.04108,43.260822],[6.0411,43.260779],[6.041143,43.260605],[6.041212,43.260179],[6.041195,43.259901],[6.041167,43.259778],[6.041103,43.259553],[6.04104,43.259384],[6.040871,43.258973],[6.040656,43.258675],[6.040465,43.258417],[6.040276,43.258136],[6.04022,43.25806],[6.040161,43.257986],[6.040143,43.257951],[6.040118,43.257808]]]]}},{"type":"Feature","properties":{"numero":"0760","section":"0A","code_insee":"83049","id_parc":"83049_0A_0760"},"geometry":{"type":"MultiPolygon","coordinates":[[[[6.042894,43.252697],[6.042405,43.252794],[6.041914,43.252815],[6.041958,43.252181],[6.042787,43.252132],[6.042894,43.252697]]]]}},{"type":"Feature","properties":{"numero":"0077","section":"AC","code_insee":"83049","id_parc":"83049_AC_0077"},"geometry":{"type":"MultiPolygon","coordinates":[[[[6.068685,43.239418],[6.068609,43.239343],[6.068674,43.239294],[6.068749,43.239369],[6.06882,43.23944],[6.068759,43.239491],[6.068685,43.239418]]]]}},{"type":"Feature","properties":{"numero":"0077","section":"AD","code_insee":"83049","id_parc":"83049_AD_0077"},"geometry":{"type":"MultiPolygon","coordinates":[[[[6.066613,43.238945],[6.066649,43.238902],[6.066652,43.238899],[6.066928,43.239011],[6.066863,43.2391],[6.066811,43.239171],[6.06681,43.239222],[6.066631,43.239198],[6.066445,43.239173],[6.066447,43.239169],[6.066487,43.239117],[6.066519,43.239071],[6.066551,43.23903],[6.06657,43.239007],[6.066613,43.238945]]]]}},{"type":"Feature","properties":{"numero":"0077","section":"AE","code_insee":"83049","id_parc":"83049_AE_0077"},"geometry":{"type":"MultiPolygon","coordinates":[[[[6.062087,43.2405],[6.062084,43.240478],[6.062043,43.240482],[6.062034,43.240426],[6.062068,43.240423],[6.062075,43.240423],[6.062064,43.240309],[6.062062,43.240302],[6.062057,43.240265],[6.062055,43.240243],[6.062052,43.240223],[6.062056,43.240187],[6.06205,43.240166],[6.062041,43.240103],[6.06203,43.240049],[6.062025,43.240015],[6.06204,43.239984],[6.062057,43.239948],[6.062057,43.239891],[6.062056,43.239846],[6.06206,43.23981],[6.062172,43.239793],[6.062389,43.239757],[6.062477,43.239743],[6.062518,43.239741],[6.062561,43.239744],[6.062584,43.239744],[6.062593,43.239745],[6.062461,43.240589],[6.062448,43.240585],[6.062398,43.240561],[6.062375,43.240582],[6.062307,43.240607],[6.062266,43.240604],[6.062162,43.240543],[6.062136,43.240493],[6.062087,43.2405]]]]}},{"type":"Feature","properties":{"numero":"0077","section":"AH","code_insee":"83049","id_parc":"83049_AH_0077"},"geometry":{"type":"MultiPolygon","coordinates":[[[[6.061891,43.244393],[6.062059,43.244001],[6.062317,43.24406],[6.062217,43.244296],[6.062152,43.244447],[6.061972,43.244411],[6.061891,43.244393]]]]}},{"type":"Feature","properties":{"numero":"0077","section":"AI","code_insee":"83049","id_parc":"83049_AI_0077"},"geometry":{"type":"MultiPolygon","coordinates":[[[[6.068913,43.244778],[6.068878,43.24476],[6.068646,43.24473],[6.068715,43.244591],[6.068983,43.244638],[6.068913,43.244778]]]]}},{"type":"Feature","properties":{"numero":"0077","section":"0A","code_insee":"83049","id_parc":"83049_0A_0077"},"geometry":{"type":"MultiPolygon","coordinates":[[[[6.043695,43.257732],[6.043643,43.257915],[6.043539,43.258218],[6.043289,43.25798],[6.04326,43.257964],[6.043144,43.257853],[6.042987,43.257706],[6.042827,43.257562],[6.042801,43.257537],[6.042769,43.257503],[6.04274,43.257467],[6.043002,43.256888],[6.043597,43.255523],[6.043636,43.255567],[6.043674,43.25563],[6.043708,43.255695],[6.043729,43.25574],[6.043888,43.255835],[6.043964,43.256102],[6.043952,43.256435],[6.044095,43.256321],[6.044269,43.256152],[6.044201,43.256385],[6.044168,43.256507],[6.044151,43.256583],[6.044144,43.256625],[6.044134,43.256705],[6.04414,43.256772],[6.044136,43.256798],[6.044085,43.256985],[6.044051,43.257077],[6.043999,43.257199],[6.043958,43.257298],[6.043858,43.25745],[6.043721,43.257656],[6.043695,43.257732]]]]}},{"type":"Feature","properties":{"numero":"0770","section":"0A","code_insee":"83049","id_parc":"83049_0A_0770"},"geometry":{"type":"MultiPolygon","coordinates":[[[[6.056667,43.251738],[6.056652,43.251701],[6.056743,43.251667],[6.056802,43.251689],[6.056667,43.251738]]]]}},{"type":"Feature","properties":{"numero":"0771","section":"0A","code_insee":"83049","id_parc":"83049_0A_0771"},"geometry":{"type":"MultiPolygon","coordinates":[[[[6.056802,43.251689],[6.057184,43.251833],[6.056999,43.252019],[6.056846,43.251968],[6.056837,43.251947],[6.056823,43.251928],[6.056806,43.251909],[6.056796,43.251902],[6.056756,43.251886],[6.056684,43.251886],[6.056688,43.251789],[6.056667,43.251738],[6.056802,43.251689]]]]}},{"type":"Feature","properties":{"numero":"0772","section":"0A","code_insee":"83049","id_parc":"83049_0A_0772"},"geometry":{"type":"MultiPolygon","coordinates":[[[[6.045878,43.252579],[6.045997,43.252567],[6.046099,43.252553],[6.046177,43.252925],[6.045575,43.253023],[6.045492,43.252592],[6.045878,43.252579]]]]}},{"type":"Feature","properties":{"numero":"0773","section":"0A","code_insee":"83049","id_parc":"83049_0A_0773"},"geometry":{"type":"MultiPolygon","coordinates":[[[[6.044748,43.253165],[6.044724,43.253211],[6.044692,43.253195],[6.044647,43.252648],[6.045492,43.252592],[6.045575,43.253023],[6.045307,43.253066],[6.045224,43.25307],[6.045142,43.253078],[6.045067,43.253087],[6.04488,43.253138],[6.044748,43.253165]]]]}},{"type":"Feature","properties":{"numero":"0078","section":"AC","code_insee":"83049","id_parc":"83049_AC_0078"},"geometry":{"type":"MultiPolygon","coordinates":[[[[6.068749,43.239369],[6.068674,43.239294],[6.068733,43.23925],[6.068785,43.239301],[6.068807,43.239324],[6.068877,43.239393],[6.06882,43.23944],[6.068749,43.239369]]]]}},{"type":"Feature","properties":{"numero":"0078","section":"AD","code_insee":"83049","id_parc":"83049_AD_0078"},"geometry":{"type":"MultiPolygon","coordinates":[[[[6.066806,43.239524],[6.066805,43.239545],[6.066805,43.239568],[6.066733,43.239539],[6.06665,43.239505],[6.06656,43.239468],[6.066304,43.239365],[6.066316,43.239349],[6.066589,43.239459],[6.066631,43.239198],[6.06681,43.239222],[6.066806,43.239524]]]]}},{"type":"Feature","properties":{"numero":"0078","section":"AE","code_insee":"83049","id_parc":"83049_AE_0078"},"geometry":{"type":"MultiPolygon","coordinates":[[[[6.062221,43.240643],[6.061974,43.240619],[6.061933,43.240515],[6.061947,43.240512],[6.061957,43.24051],[6.062019,43.24049],[6.062043,43.240482],[6.062084,43.240478],[6.062087,43.2405],[6.062136,43.240493],[6.062162,43.240543],[6.062266,43.240604],[6.062307,43.240607],[6.062375,43.240582],[6.062398,43.240561],[6.062448,43.240585],[6.062221,43.240643]]]]}},{"type":"Feature","properties":{"numero":"0078","section":"AH","code_insee":"83049","id_parc":"83049_AH_0078"},"geometry":{"type":"MultiPolygon","coordinates":[[[[6.062317,43.24406],[6.062059,43.244001],[6.061891,43.244393],[6.061722,43.244354],[6.061779,43.244226],[6.06182,43.244129],[6.061867,43.244023],[6.061914,43.243914],[6.061959,43.243811],[6.062014,43.243687],[6.062037,43.243637],[6.062419,43.243744],[6.062461,43.243756],[6.062328,43.244037],[6.062317,43.24406]]]]}},{"type":"Feature","properties":{"numero":"0078","section":"AI","code_insee":"83049","id_parc":"83049_AI_0078"},"geometry":{"type":"MultiPolygon","coordinates":[[[[6.068822,43.244378],[6.068715,43.244591],[6.068457,43.244546],[6.068574,43.244311],[6.068822,43.244378]]]]}},{"type":"Feature","properties":{"numero":"0780","section":"0A","code_insee":"83049","id_parc":"83049_0A_0780"},"geometry":{"type":"MultiPolygon","coordinates":[[[[6.057408,43.250497],[6.056638,43.250822],[6.0566,43.250612],[6.056659,43.250608],[6.05666,43.250619],[6.056706,43.250617],[6.056697,43.250568],[6.056754,43.250563],[6.056761,43.250592],[6.056837,43.250585],[6.05683,43.250555],[6.056904,43.250548],[6.056893,43.250488],[6.056742,43.250503],[6.056743,43.250511],[6.056584,43.250528],[6.05653,43.250241],[6.056581,43.250256],[6.056689,43.250257],[6.057094,43.250224],[6.057185,43.250218],[6.057377,43.250224],[6.057406,43.250222],[6.057434,43.250218],[6.057462,43.25021],[6.057487,43.2502],[6.057511,43.250187],[6.057531,43.250172],[6.057549,43.250155],[6.057565,43.250133],[6.05757,43.250125],[6.05756,43.250221],[6.057522,43.250426],[6.057454,43.250474],[6.057408,43.250497]]]]}},{"type":"Feature","properties":{"numero":"0781","section":"0A","code_insee":"83049","id_parc":"83049_0A_0781"},"geometry":{"type":"MultiPolygon","coordinates":[[[[6.057924,43.249556],[6.057981,43.249519],[6.058159,43.249433],[6.058272,43.249523],[6.058474,43.249686],[6.058672,43.249851],[6.058658,43.249859],[6.058074,43.250079],[6.057956,43.250131],[6.057831,43.250209],[6.057522,43.250426],[6.05756,43.250221],[6.05757,43.250125],[6.057583,43.250103],[6.057638,43.249869],[6.057854,43.249619],[6.057924,43.249556]]]]}},{"type":"Feature","properties":{"numero":"0079","section":"AC","code_insee":"83049","id_parc":"83049_AC_0079"},"geometry":{"type":"MultiPolygon","coordinates":[[[[6.068807,43.239324],[6.068785,43.239301],[6.068733,43.23925],[6.068793,43.239205],[6.068866,43.239279],[6.068933,43.239347],[6.068877,43.239393],[6.068807,43.239324]]]]}},{"type":"Feature","properties":{"numero":"0079","section":"AD","code_insee":"83049","id_parc":"83049_AD_0079"},"geometry":{"type":"MultiPolygon","coordinates":[[[[6.066316,43.239349],[6.066445,43.239173],[6.066631,43.239198],[6.066589,43.239459],[6.066316,43.239349]]]]}},{"type":"Feature","properties":{"numero":"0079","section":"AE","code_insee":"83049","id_parc":"83049_AE_0079"},"geometry":{"type":"MultiPolygon","coordinates":[[[[6.061934,43.24057],[6.061925,43.240521],[6.061924,43.240517],[6.061926,43.240516],[6.061933,43.240515],[6.061974,43.240619],[6.062221,43.240643],[6.062448,43.240585],[6.062461,43.240589],[6.062457,43.24061],[6.062266,43.240659],[6.062229,43.240669],[6.062186,43.240681],[6.062114,43.240679],[6.061986,43.240679],[6.061971,43.240629],[6.061945,43.240622],[6.061934,43.24057]]]]}},{"type":"Feature","properties":{"numero":"0079","section":"AH","code_insee":"83049","id_parc":"83049_AH_0079"},"geometry":{"type":"MultiPolygon","coordinates":[[[[6.061316,43.243708],[6.061182,43.243576],[6.061255,43.243409],[6.061643,43.24351],[6.062041,43.243627],[6.062037,43.243637],[6.062014,43.243687],[6.061959,43.243811],[6.061914,43.243914],[6.061867,43.244023],[6.06182,43.244129],[6.061779,43.244226],[6.061722,43.244354],[6.061697,43.244349],[6.061917,43.243849],[6.061469,43.243743],[6.061316,43.243708]]]]}},{"type":"Feature","properties":{"numero":"0079","section":"AI","code_insee":"83049","id_parc":"83049_AI_0079"},"geometry":{"type":"MultiPolygon","coordinates":[[[[6.06847,43.244736],[6.068415,43.244711],[6.068382,43.244699],[6.068457,43.244546],[6.068715,43.244591],[6.068646,43.24473],[6.068605,43.244726],[6.068527,43.24474],[6.06847,43.244736]]]]}},{"type":"Feature","properties":{"numero":"0079","section":"0A","code_insee":"83049","id_parc":"83049_0A_0079"},"geometry":{"type":"MultiPolygon","coordinates":[[[[6.043669,43.255191],[6.043596,43.255163],[6.043643,43.255098],[6.043716,43.255125],[6.043669,43.255191]]]]}},{"type":"Feature","properties":{"numero":"0079","section":"0H","code_insee":"83049","id_parc":"83049_0H_0079"},"geometry":{"type":"MultiPolygon","coordinates":[[[[6.042987,43.251051],[6.042574,43.251007],[6.042162,43.25096],[6.042423,43.250655],[6.042994,43.250751],[6.043312,43.250788],[6.043512,43.250823],[6.043506,43.25085],[6.04349,43.25091],[6.043469,43.250969],[6.042987,43.251051]]]]}},{"type":"Feature","properties":{"numero":"0795","section":"0A","code_insee":"83049","id_parc":"83049_0A_0795"},"geometry":{"type":"MultiPolygon","coordinates":[[[[6.061987,43.249061],[6.061991,43.249412],[6.06239,43.24942],[6.062514,43.249423],[6.062475,43.249526],[6.062497,43.249563],[6.061808,43.249569],[6.061884,43.249345],[6.061965,43.249122],[6.061987,43.249061]]]]}},{"type":"Feature","properties":{"numero":"0796","section":"0A","code_insee":"83049","id_parc":"83049_0A_0796"},"geometry":{"type":"MultiPolygon","coordinates":[[[[6.062497,43.249563],[6.062518,43.249595],[6.062647,43.249728],[6.062467,43.249822],[6.062386,43.249791],[6.062167,43.249784],[6.062162,43.249903],[6.061896,43.249914],[6.061801,43.2498],[6.061777,43.24964],[6.061794,43.249623],[6.061808,43.249569],[6.062497,43.249563]]]]}},{"type":"Feature","properties":{"numero":"0797","section":"0A","code_insee":"83049","id_parc":"83049_0A_0797"},"geometry":{"type":"MultiPolygon","coordinates":[[[[6.061805,43.250217],[6.061427,43.250186],[6.061171,43.250166],[6.061205,43.250028],[6.061244,43.249891],[6.061296,43.249726],[6.061325,43.249682],[6.061342,43.24967],[6.061361,43.249659],[6.061383,43.249652],[6.061406,43.249647],[6.061418,43.249645],[6.061504,43.249648],[6.06159,43.249654],[6.061692,43.249665],[6.061766,43.249648],[6.061788,43.249808],[6.061876,43.249915],[6.061896,43.249914],[6.062162,43.249903],[6.062171,43.249959],[6.062187,43.250057],[6.062219,43.2502],[6.062182,43.250251],[6.061805,43.250217]]]]}},{"type":"Feature","properties":{"numero":"0798","section":"0A","code_insee":"83049","id_parc":"83049_0A_0798"},"geometry":{"type":"MultiPolygon","coordinates":[[[[6.062182,43.250251],[6.062121,43.250381],[6.062158,43.250563],[6.061735,43.250526],[6.061312,43.25049],[6.061113,43.250475],[6.06116,43.250211],[6.061171,43.250166],[6.061427,43.250186],[6.061805,43.250217],[6.062182,43.250251]]]]}},{"type":"Feature","properties":{"numero":"0799","section":"0A","code_insee":"83049","id_parc":"83049_0A_0799"},"geometry":{"type":"MultiPolygon","coordinates":[[[[6.062376,43.250549],[6.062388,43.250598],[6.06218,43.250577],[6.062139,43.250383],[6.062193,43.250259],[6.062224,43.250205],[6.062278,43.250213],[6.062243,43.250246],[6.062225,43.250284],[6.062228,43.25032],[6.062236,43.25038],[6.062249,43.25044],[6.062376,43.250549]]]]}},{"type":"Feature","properties":{"numero":"0008","section":"AB","code_insee":"83049","id_parc":"83049_AB_0008"},"geometry":{"type":"MultiPolygon","coordinates":[[[[6.070154,43.238648],[6.07021,43.2386],[6.070345,43.238675],[6.070358,43.238682],[6.070314,43.238718],[6.070291,43.238738],[6.070282,43.238732],[6.070266,43.238722],[6.070218,43.23869],[6.070154,43.238648]]]]}},{"type":"Feature","properties":{"numero":"0008","section":"AH","code_insee":"83049","id_parc":"83049_AH_0008"},"geometry":{"type":"MultiPolygon","coordinates":[[[[6.055964,43.247897],[6.055966,43.247901],[6.055952,43.247966],[6.055911,43.247966],[6.055873,43.24778],[6.055926,43.247765],[6.055927,43.247776],[6.055964,43.247897]]]]}},{"type":"Feature","properties":{"numero":"0008","section":"AI","code_insee":"83049","id_parc":"83049_AI_0008"},"geometry":{"type":"MultiPolygon","coordinates":[[[[6.066197,43.242865],[6.066111,43.242891],[6.066045,43.24291],[6.065668,43.243021],[6.065644,43.24298],[6.065591,43.242896],[6.065581,43.24288],[6.065532,43.242817],[6.065983,43.242642],[6.066197,43.242865]]]]}},{"type":"Feature","properties":{"numero":"0080","section":"AC","code_insee":"83049","id_parc":"83049_AC_0080"},"geometry":{"type":"MultiPolygon","coordinates":[[[[6.068866,43.239279],[6.068793,43.239205],[6.068845,43.239167],[6.068883,43.239203],[6.068919,43.239238],[6.068986,43.239303],[6.068933,43.239347],[6.068866,43.239279]]]]}},{"type":"Feature","properties":{"numero":"0080","section":"AD","code_insee":"83049","id_parc":"83049_AD_0080"},"geometry":{"type":"MultiPolygon","coordinates":[[[[6.065513,43.240017],[6.065454,43.239823],[6.065465,43.239761],[6.065495,43.239657],[6.065506,43.239622],[6.065592,43.239439],[6.065608,43.239388],[6.065629,43.2393],[6.065626,43.239177],[6.065562,43.239006],[6.065612,43.239055],[6.065728,43.23908],[6.065786,43.239103],[6.065944,43.239169],[6.065964,43.239177],[6.066276,43.239309],[6.065897,43.239712],[6.065639,43.239987],[6.0656,43.240023],[6.065576,43.24004],[6.065525,43.240059],[6.065513,43.240017]]]]}},{"type":"Feature","properties":{"numero":"0080","section":"AH","code_insee":"83049","id_parc":"83049_AH_0080"},"geometry":{"type":"MultiPolygon","coordinates":[[[[6.061501,43.244267],[6.061318,43.244088],[6.061469,43.243743],[6.061917,43.243849],[6.061697,43.244349],[6.061547,43.244316],[6.061501,43.244267]]]]}},{"type":"Feature","properties":{"numero":"0080","section":"AI","code_insee":"83049","id_parc":"83049_AI_0080"},"geometry":{"type":"MultiPolygon","coordinates":[[[[6.068457,43.244546],[6.068223,43.244503],[6.068319,43.244308],[6.068347,43.24425],[6.068574,43.244311],[6.068457,43.244546]]]]}},{"type":"Feature","properties":{"numero":"0080","section":"0A","code_insee":"83049","id_parc":"83049_0A_0080"},"geometry":{"type":"MultiPolygon","coordinates":[[[[6.043773,43.255147],[6.04373,43.255213],[6.043597,43.255523],[6.043547,43.25547],[6.043507,43.255422],[6.04347,43.255373],[6.043463,43.255317],[6.043271,43.255232],[6.043232,43.255266],[6.042908,43.255162],[6.043107,43.254617],[6.043115,43.254619],[6.04371,43.254775],[6.043773,43.255147]],[[6.043669,43.255191],[6.043716,43.255125],[6.043643,43.255098],[6.043596,43.255163],[6.043669,43.255191]]]]}},{"type":"Feature","properties":{"numero":"0080","section":"0H","code_insee":"83049","id_parc":"83049_0H_0080"},"geometry":{"type":"MultiPolygon","coordinates":[[[[6.042306,43.251097],[6.042172,43.251032],[6.042146,43.250974],[6.042162,43.25096],[6.042574,43.251007],[6.042987,43.251051],[6.043469,43.250969],[6.04349,43.25091],[6.043506,43.25085],[6.043512,43.250823],[6.043927,43.25064],[6.044335,43.250462],[6.045291,43.250301],[6.045363,43.250307],[6.04609,43.250326],[6.046747,43.250516],[6.046787,43.250539],[6.046835,43.250587],[6.046858,43.250629],[6.046877,43.250673],[6.046889,43.250706],[6.046876,43.250731],[6.046869,43.250768],[6.046867,43.250805],[6.046868,43.250836],[6.04689,43.250935],[6.046893,43.250995],[6.0469,43.251054],[6.046909,43.251102],[6.046931,43.251146],[6.046569,43.251139],[6.046402,43.251157],[6.046272,43.251162],[6.046019,43.251159],[6.045967,43.251155],[6.045726,43.251173],[6.045602,43.251199],[6.045274,43.25128],[6.04497,43.251331],[6.044863,43.251327],[6.044832,43.251305],[6.044787,43.251265],[6.044757,43.251227],[6.044722,43.251179],[6.044563,43.251134],[6.04448,43.251118],[6.044229,43.251082],[6.044187,43.251084],[6.044116,43.251102],[6.044036,43.251174],[6.044,43.251234],[6.043974,43.251286],[6.043933,43.251472],[6.043891,43.251538],[6.043819,43.251566],[6.043765,43.251557],[6.043558,43.2515],[6.043167,43.251388],[6.043095,43.251324],[6.043038,43.251292],[6.04299,43.25128],[6.042808,43.251239],[6.042717,43.251204],[6.042416,43.251101],[6.042306,43.251097]]]]}},{"type":"Feature","properties":{"numero":"0800","section":"0A","code_insee":"83049","id_parc":"83049_0A_0800"},"geometry":{"type":"MultiPolygon","coordinates":[[[[6.062184,43.250893],[6.062178,43.250917],[6.062177,43.250942],[6.062124,43.250904],[6.062091,43.250863],[6.061259,43.250788],[6.061165,43.250714],[6.06111,43.250659],[6.0611,43.250615],[6.061113,43.250475],[6.061312,43.25049],[6.061735,43.250526],[6.062158,43.250563],[6.062184,43.250692],[6.062192,43.250872],[6.062184,43.250893]]]]}},{"type":"Feature","properties":{"numero":"0801","section":"0A","code_insee":"83049","id_parc":"83049_0A_0801"},"geometry":{"type":"MultiPolygon","coordinates":[[[[6.062215,43.250864],[6.062202,43.250674],[6.06218,43.250577],[6.062388,43.250598],[6.062419,43.250659],[6.062414,43.250696],[6.06231,43.250836],[6.062204,43.250927],[6.062203,43.250919],[6.062203,43.2509],[6.062207,43.250882],[6.062215,43.250864]]]]}},{"type":"Feature","properties":{"numero":"0804","section":"0A","code_insee":"83049","id_parc":"83049_0A_0804"},"geometry":{"type":"MultiPolygon","coordinates":[[[[6.059445,43.248629],[6.059366,43.248635],[6.059347,43.248581],[6.059485,43.248568],[6.059491,43.248605],[6.059443,43.248609],[6.059445,43.248629]]]]}},{"type":"Feature","properties":{"numero":"0805","section":"0A","code_insee":"83049","id_parc":"83049_0A_0805"},"geometry":{"type":"MultiPolygon","coordinates":[[[[6.059702,43.248586],[6.059491,43.248605],[6.059485,43.248568],[6.059764,43.248542],[6.059702,43.248586]]]]}},{"type":"Feature","properties":{"numero":"0806","section":"0A","code_insee":"83049","id_parc":"83049_0A_0806"},"geometry":{"type":"MultiPolygon","coordinates":[[[[6.066206,43.24988],[6.065513,43.251111],[6.065438,43.251083],[6.06571,43.250603],[6.066139,43.249861],[6.066206,43.24988]]]]}},{"type":"Feature","properties":{"numero":"0808","section":"0A","code_insee":"83049","id_parc":"83049_0A_0808"},"geometry":{"type":"MultiPolygon","coordinates":[[[[6.06185,43.256814],[6.061699,43.256825],[6.061654,43.256807],[6.061587,43.256781],[6.061179,43.256841],[6.061115,43.256853],[6.061061,43.256865],[6.061044,43.256869],[6.060892,43.256899],[6.060885,43.256865],[6.061027,43.256836],[6.061045,43.256833],[6.061109,43.256818],[6.061163,43.256808],[6.061346,43.256784],[6.061501,43.256756],[6.061578,43.256751],[6.061622,43.256762],[6.061642,43.256768],[6.06166,43.256773],[6.061691,43.256782],[6.061693,43.256789],[6.061695,43.256798],[6.061977,43.256757],[6.061991,43.256755],[6.06201,43.256752],[6.062011,43.256765],[6.062227,43.256743],[6.062364,43.25673],[6.062376,43.256763],[6.062339,43.256767],[6.06185,43.256814]]]]}},{"type":"Feature","properties":{"numero":"0809","section":"0A","code_insee":"83049","id_parc":"83049_0A_0809"},"geometry":{"type":"MultiPolygon","coordinates":[[[[6.060978,43.257761],[6.060962,43.257575],[6.060951,43.257406],[6.061147,43.257527],[6.06119,43.257561],[6.061168,43.25756],[6.061147,43.257563],[6.061127,43.257568],[6.061108,43.257576],[6.061093,43.257587],[6.06108,43.257599],[6.06107,43.257614],[6.061067,43.257621],[6.061044,43.2577],[6.061025,43.257779],[6.06101,43.257859],[6.061047,43.257993],[6.061043,43.258045],[6.061017,43.258075],[6.060988,43.258104],[6.060974,43.258116],[6.060986,43.258057],[6.060995,43.257997],[6.060999,43.257946],[6.060978,43.257761]]]]}},{"type":"Feature","properties":{"numero":"0081","section":"AC","code_insee":"83049","id_parc":"83049_AC_0081"},"geometry":{"type":"MultiPolygon","coordinates":[[[[6.068919,43.239238],[6.068883,43.239203],[6.068845,43.239167],[6.068894,43.239128],[6.068907,43.239133],[6.068924,43.239134],[6.068953,43.239159],[6.068954,43.23916],[6.068986,43.239187],[6.068983,43.239189],[6.069055,43.23926],[6.068986,43.239303],[6.068919,43.239238]]]]}},{"type":"Feature","properties":{"numero":"0081","section":"AI","code_insee":"83049","id_parc":"83049_AI_0081"},"geometry":{"type":"MultiPolygon","coordinates":[[[[6.068203,43.244672],[6.068145,43.244665],[6.068223,43.244503],[6.068457,43.244546],[6.068382,43.244699],[6.068338,43.244689],[6.068203,43.244672]]]]}},{"type":"Feature","properties":{"numero":"0081","section":"0A","code_insee":"83049","id_parc":"83049_0A_0081"},"geometry":{"type":"MultiPolygon","coordinates":[[[[6.043597,43.255523],[6.043002,43.256888],[6.04274,43.257467],[6.042656,43.257372],[6.042559,43.257295],[6.042505,43.257265],[6.04246,43.25725],[6.042441,43.257242],[6.042415,43.257229],[6.042392,43.257213],[6.042372,43.257195],[6.042355,43.257175],[6.042342,43.257154],[6.042333,43.257132],[6.042316,43.25703],[6.042294,43.256986],[6.042258,43.256931],[6.042703,43.255721],[6.042863,43.255291],[6.042908,43.255162],[6.043232,43.255266],[6.043271,43.255232],[6.043463,43.255317],[6.04347,43.255373],[6.043507,43.255422],[6.043547,43.25547],[6.043597,43.255523]]]]}},{"type":"Feature","properties":{"numero":"0081","section":"0H","code_insee":"83049","id_parc":"83049_0H_0081"},"geometry":{"type":"MultiPolygon","coordinates":[[[[6.044335,43.250462],[6.043927,43.25064],[6.043512,43.250823],[6.043533,43.250737],[6.04355,43.250643],[6.044126,43.250406],[6.04409,43.250316],[6.044542,43.250203],[6.045291,43.250301],[6.044335,43.250462]]]]}},{"type":"Feature","properties":{"numero":"0810","section":"0A","code_insee":"83049","id_parc":"83049_0A_0810"},"geometry":{"type":"MultiPolygon","coordinates":[[[[6.060959,43.258044],[6.060892,43.258227],[6.060522,43.257874],[6.060471,43.257651],[6.060284,43.257552],[6.060431,43.257276],[6.060208,43.257216],[6.060266,43.257081],[6.060472,43.25713],[6.060811,43.256981],[6.060809,43.256986],[6.060871,43.257152],[6.060863,43.257322],[6.060927,43.257522],[6.060932,43.257649],[6.060958,43.257974],[6.060959,43.258044]]]]}},{"type":"Feature","properties":{"numero":"0813","section":"0A","code_insee":"83049","id_parc":"83049_0A_0813"},"geometry":{"type":"MultiPolygon","coordinates":[[[[6.064606,43.245077],[6.064487,43.244916],[6.06438,43.244722],[6.06479,43.244602],[6.064975,43.244948],[6.065235,43.245425],[6.065132,43.245747],[6.065035,43.246065],[6.064366,43.245752],[6.064535,43.245543],[6.064746,43.245801],[6.064951,43.24594],[6.065039,43.245789],[6.064895,43.245528],[6.064805,43.245401],[6.064661,43.24515],[6.064606,43.245077]]]]}},{"type":"Feature","properties":{"numero":"0815","section":"0A","code_insee":"83049","id_parc":"83049_0A_0815"},"geometry":{"type":"MultiPolygon","coordinates":[[[[6.060065,43.25619],[6.060015,43.25614],[6.060759,43.255927],[6.061018,43.256448],[6.061041,43.256519],[6.061063,43.256606],[6.061059,43.256658],[6.06105,43.25671],[6.061046,43.256729],[6.060536,43.256666],[6.060325,43.256579],[6.060289,43.256545],[6.06026,43.256497],[6.060199,43.256373],[6.060142,43.256285],[6.060065,43.25619]]]]}},{"type":"Feature","properties":{"numero":"0816","section":"0A","code_insee":"83049","id_parc":"83049_0A_0816"},"geometry":{"type":"MultiPolygon","coordinates":[[[[6.060582,43.255552],[6.060613,43.255634],[6.060641,43.255699],[6.060173,43.255537],[6.060131,43.255609],[6.060074,43.255704],[6.060092,43.25571],[6.060105,43.255713],[6.060448,43.255813],[6.060513,43.25583],[6.060645,43.255705],[6.060759,43.255927],[6.060015,43.25614],[6.059878,43.256002],[6.059846,43.255953],[6.059774,43.255812],[6.059715,43.255744],[6.059527,43.255602],[6.059466,43.255547],[6.059253,43.255291],[6.059478,43.254848],[6.059548,43.254703],[6.059681,43.254756],[6.059982,43.254897],[6.060111,43.255012],[6.06027,43.255144],[6.060425,43.255278],[6.060507,43.255351],[6.060531,43.255385],[6.060554,43.255468],[6.060582,43.255552]]]]}},{"type":"Feature","properties":{"numero":"0818","section":"0G","code_insee":"83049","id_parc":"83049_0G_0818"},"geometry":{"type":"MultiPolygon","coordinates":[[[[6.063322,43.239093],[6.063231,43.239101],[6.062999,43.239074],[6.063095,43.238918],[6.06327,43.238626],[6.063442,43.238332],[6.063497,43.23824],[6.06403,43.238465],[6.064102,43.238502],[6.063881,43.239107],[6.06381,43.239286],[6.063662,43.239654],[6.063621,43.239589],[6.063637,43.239471],[6.063711,43.239326],[6.063712,43.239305],[6.063711,43.239273],[6.063706,43.239241],[6.063685,43.239205],[6.063574,43.239133],[6.063538,43.239122],[6.063424,43.239113],[6.063368,43.239095],[6.063322,43.239093]]]]}},{"type":"Feature","properties":{"numero":"0082","section":"AC","code_insee":"83049","id_parc":"83049_AC_0082"},"geometry":{"type":"MultiPolygon","coordinates":[[[[6.068986,43.239187],[6.068954,43.23916],[6.068953,43.239159],[6.068987,43.239141],[6.069063,43.239103],[6.069093,43.239134],[6.069159,43.239202],[6.06911,43.239228],[6.069055,43.23926],[6.068983,43.239189],[6.068986,43.239187]]]]}},{"type":"Feature","properties":{"numero":"0082","section":"AD","code_insee":"83049","id_parc":"83049_AD_0082"},"geometry":{"type":"MultiPolygon","coordinates":[[[[6.065506,43.239622],[6.065495,43.239657],[6.065465,43.239761],[6.065403,43.239768],[6.065228,43.239788],[6.065082,43.239803],[6.065081,43.2398],[6.065049,43.23961],[6.065221,43.239222],[6.065209,43.239155],[6.065146,43.238819],[6.06507,43.238458],[6.065052,43.238358],[6.06503,43.238329],[6.065091,43.238272],[6.065117,43.23828],[6.065174,43.238298],[6.065235,43.238337],[6.065291,43.238347],[6.06533,43.238411],[6.065363,43.238422],[6.065424,43.238442],[6.065362,43.238629],[6.065362,43.238639],[6.065365,43.238643],[6.0654,43.23865],[6.065434,43.238665],[6.065471,43.238682],[6.0655,43.238705],[6.065534,43.238742],[6.065539,43.238845],[6.065542,43.238891],[6.06555,43.238951],[6.065562,43.239006],[6.065626,43.239177],[6.065629,43.2393],[6.065608,43.239388],[6.065592,43.239439],[6.065506,43.239622]]]]}},{"type":"Feature","properties":{"numero":"0082","section":"AH","code_insee":"83049","id_parc":"83049_AH_0082"},"geometry":{"type":"MultiPolygon","coordinates":[[[[6.060801,43.243904],[6.060772,43.243958],[6.06064,43.244166],[6.060574,43.244272],[6.060459,43.244254],[6.060433,43.244248],[6.060255,43.244204],[6.060284,43.24411],[6.060108,43.244075],[6.060184,43.243892],[6.060271,43.243692],[6.060336,43.243705],[6.060439,43.243731],[6.060593,43.243771],[6.060721,43.243802],[6.060712,43.24382],[6.060692,43.24388],[6.060801,43.243904]]]]}},{"type":"Feature","properties":{"numero":"0082","section":"AI","code_insee":"83049","id_parc":"83049_AI_0082"},"geometry":{"type":"MultiPolygon","coordinates":[[[[6.068223,43.244503],[6.06807,43.244475],[6.067941,43.24451],[6.068042,43.244307],[6.068074,43.244243],[6.068319,43.244308],[6.068223,43.244503]]]]}},{"type":"Feature","properties":{"numero":"0082","section":"0H","code_insee":"83049","id_parc":"83049_0H_0082"},"geometry":{"type":"MultiPolygon","coordinates":[[[[6.041924,43.249768],[6.041881,43.24951],[6.041872,43.249472],[6.042002,43.24945],[6.042179,43.249416],[6.042266,43.249402],[6.042304,43.249541],[6.042449,43.249554],[6.043246,43.249545],[6.043395,43.249572],[6.043777,43.249679],[6.04391,43.249713],[6.044007,43.249725],[6.044384,43.249717],[6.044504,43.249727],[6.044887,43.24978],[6.045048,43.249814],[6.04514,43.24985],[6.045345,43.249987],[6.045437,43.250032],[6.045555,43.250077],[6.045878,43.250127],[6.045965,43.250149],[6.046042,43.250184],[6.046156,43.250201],[6.046568,43.250345],[6.046855,43.250421],[6.0469,43.250442],[6.04692,43.250491],[6.046932,43.25061],[6.046921,43.250643],[6.046907,43.250676],[6.046889,43.250706],[6.046877,43.250673],[6.046858,43.250629],[6.046835,43.250587],[6.046787,43.250539],[6.046747,43.250516],[6.04609,43.250326],[6.045363,43.250307],[6.045291,43.250301],[6.044542,43.250203],[6.04409,43.250316],[6.044126,43.250406],[6.04355,43.250643],[6.043533,43.250737],[6.043512,43.250823],[6.043312,43.250788],[6.042994,43.250751],[6.042423,43.250655],[6.042162,43.25096],[6.042146,43.250974],[6.042132,43.250705],[6.042102,43.250414],[6.04208,43.250347],[6.042064,43.250298],[6.042035,43.250198],[6.042003,43.250093],[6.041953,43.249907],[6.041924,43.249768]]]]}},{"type":"Feature","properties":{"numero":"0820","section":"0G","code_insee":"83049","id_parc":"83049_0G_0820"},"geometry":{"type":"MultiPolygon","coordinates":[[[[6.064797,43.239085],[6.064872,43.239431],[6.064913,43.239591],[6.064675,43.239482],[6.063881,43.239107],[6.064751,43.238976],[6.064782,43.23903],[6.064797,43.239085]]]]}},{"type":"Feature","properties":{"numero":"0821","section":"0G","code_insee":"83049","id_parc":"83049_0G_0821"},"geometry":{"type":"MultiPolygon","coordinates":[[[[6.064675,43.239482],[6.064913,43.239591],[6.06496,43.23979],[6.064813,43.239755],[6.064752,43.23974],[6.064703,43.239716],[6.064624,43.239672],[6.064592,43.239653],[6.064557,43.239641],[6.064397,43.239587],[6.064213,43.239512],[6.064144,43.23947],[6.064016,43.239381],[6.06396,43.239351],[6.06381,43.239286],[6.063881,43.239107],[6.064675,43.239482]]]]}},{"type":"Feature","properties":{"numero":"0825","section":"0A","code_insee":"83049","id_parc":"83049_0A_0825"},"geometry":{"type":"MultiPolygon","coordinates":[[[[6.066999,43.244399],[6.066969,43.244511],[6.066958,43.244529],[6.066893,43.244668],[6.066804,43.244988],[6.066753,43.245115],[6.066713,43.245461],[6.066708,43.245498],[6.066763,43.245817],[6.066465,43.245853],[6.066367,43.245846],[6.066471,43.244702],[6.066531,43.244066],[6.066544,43.243919],[6.066559,43.243756],[6.066585,43.243467],[6.066324,43.243475],[6.066052,43.243512],[6.066039,43.243477],[6.066308,43.243442],[6.066401,43.24344],[6.066586,43.243433],[6.06677,43.243423],[6.066954,43.24341],[6.067063,43.243412],[6.067304,43.24345],[6.067247,43.243563],[6.067178,43.243697],[6.067146,43.243765],[6.067123,43.243815],[6.067108,43.244007],[6.067101,43.244115],[6.067089,43.244162],[6.067054,43.244227],[6.067033,43.244288],[6.067012,43.244339],[6.066999,43.244399]],[[6.066883,43.243974],[6.066904,43.24384],[6.066794,43.243829],[6.066782,43.243898],[6.066768,43.243983],[6.066797,43.243985],[6.066854,43.243989],[6.066881,43.243991],[6.066883,43.243974]]]]}},{"type":"Feature","properties":{"numero":"0083","section":"AC","code_insee":"83049","id_parc":"83049_AC_0083"},"geometry":{"type":"MultiPolygon","coordinates":[[[[6.069159,43.239202],[6.069093,43.239134],[6.069063,43.239103],[6.069214,43.239027],[6.069279,43.239108],[6.069295,43.239128],[6.06924,43.239158],[6.069241,43.239159],[6.069159,43.239202]]]]}},{"type":"Feature","properties":{"numero":"0083","section":"AD","code_insee":"83049","id_parc":"83049_AD_0083"},"geometry":{"type":"MultiPolygon","coordinates":[[[[6.065641,43.238991],[6.065612,43.239055],[6.065562,43.239006],[6.06555,43.238951],[6.065542,43.238891],[6.065539,43.238845],[6.065534,43.238742],[6.0655,43.238705],[6.065471,43.238682],[6.065434,43.238665],[6.0654,43.23865],[6.065365,43.238643],[6.065362,43.238639],[6.065362,43.238629],[6.065424,43.238442],[6.065657,43.238514],[6.065785,43.238551],[6.065796,43.238555],[6.065846,43.238573],[6.065766,43.238734],[6.065641,43.238991]]]]}},{"type":"Feature","properties":{"numero":"0083","section":"AE","code_insee":"83049","id_parc":"83049_AE_0083"},"geometry":{"type":"MultiPolygon","coordinates":[[[[6.06156,43.241558],[6.061377,43.24152],[6.061116,43.241456],[6.061125,43.241436],[6.061147,43.241394],[6.061164,43.241347],[6.061188,43.241291],[6.061197,43.241272],[6.06121,43.241246],[6.061215,43.241236],[6.061226,43.241215],[6.061235,43.241197],[6.061245,43.241177],[6.061341,43.241203],[6.061394,43.241264],[6.061362,43.241323],[6.061578,43.24138],[6.061644,43.24136],[6.061733,43.241168],[6.062196,43.241235],[6.062181,43.241268],[6.062175,43.241283],[6.062143,43.241351],[6.062104,43.241426],[6.061786,43.241437],[6.06167,43.241449],[6.06156,43.241558]]]]}},{"type":"Feature","properties":{"numero":"0083","section":"AH","code_insee":"83049","id_parc":"83049_AH_0083"},"geometry":{"type":"MultiPolygon","coordinates":[[[[6.060142,43.244179],[6.06012,43.244174],[6.059854,43.244111],[6.059916,43.243965],[6.059953,43.24388],[6.059999,43.243775],[6.060047,43.243658],[6.060053,43.24363],[6.060139,43.243666],[6.060169,43.243672],[6.060271,43.243692],[6.060184,43.243892],[6.060108,43.244075],[6.060284,43.24411],[6.060255,43.244204],[6.060142,43.244179]]]]}},{"type":"Feature","properties":{"numero":"0083","section":"AI","code_insee":"83049","id_parc":"83049_AI_0083"},"geometry":{"type":"MultiPolygon","coordinates":[[[[6.068145,43.244665],[6.067922,43.244665],[6.067864,43.244667],[6.067941,43.24451],[6.06807,43.244475],[6.068223,43.244503],[6.068145,43.244665]]]]}},{"type":"Feature","properties":{"numero":"0083","section":"0A","code_insee":"83049","id_parc":"83049_0A_0083"},"geometry":{"type":"MultiPolygon","coordinates":[[[[6.0419,43.254275],[6.042151,43.254325],[6.042483,43.254434],[6.042821,43.254543],[6.043107,43.254617],[6.042908,43.255162],[6.042863,43.255291],[6.042703,43.255721],[6.041745,43.255509],[6.041653,43.255117],[6.04163,43.254882],[6.041596,43.254677],[6.04155,43.25435],[6.041534,43.254159],[6.0419,43.254275]]]]}},{"type":"Feature","properties":{"numero":"0084","section":"AC","code_insee":"83049","id_parc":"83049_AC_0084"},"geometry":{"type":"MultiPolygon","coordinates":[[[[6.069225,43.239014],[6.069221,43.239009],[6.069201,43.238985],[6.069203,43.238984],[6.069228,43.238971],[6.069264,43.238952],[6.069293,43.23898],[6.06939,43.239076],[6.069309,43.23912],[6.069225,43.239014]]]]}},{"type":"Feature","properties":{"numero":"0084","section":"AD","code_insee":"83049","id_parc":"83049_AD_0084"},"geometry":{"type":"MultiPolygon","coordinates":[[[[6.065641,43.238991],[6.065766,43.238734],[6.065846,43.238573],[6.065866,43.23858],[6.066065,43.238655],[6.066119,43.238677],[6.06616,43.238693],[6.066238,43.238722],[6.066268,43.238732],[6.066234,43.238778],[6.066222,43.238794],[6.066178,43.238853],[6.066032,43.239059],[6.065944,43.239169],[6.065786,43.239103],[6.065728,43.23908],[6.065612,43.239055],[6.065641,43.238991]]]]}},{"type":"Feature","properties":{"numero":"0084","section":"AE","code_insee":"83049","id_parc":"83049_AE_0084"},"geometry":{"type":"MultiPolygon","coordinates":[[[[6.061899,43.241757],[6.061836,43.241868],[6.061041,43.241642],[6.061116,43.241456],[6.061377,43.24152],[6.06156,43.241558],[6.06167,43.241449],[6.061786,43.241437],[6.062104,43.241426],[6.062064,43.24155],[6.062002,43.241691],[6.061899,43.241757]]]]}},{"type":"Feature","properties":{"numero":"0084","section":"AH","code_insee":"83049","id_parc":"83049_AH_0084"},"geometry":{"type":"MultiPolygon","coordinates":[[[[6.060753,43.243732],[6.06073,43.243783],[6.060721,43.243802],[6.060593,43.243771],[6.060439,43.243731],[6.060336,43.243705],[6.060271,43.243692],[6.060169,43.243672],[6.060245,43.243487],[6.060273,43.243419],[6.060284,43.243396],[6.060308,43.243337],[6.060362,43.243226],[6.060395,43.243176],[6.060877,43.243308],[6.060874,43.243318],[6.060836,43.243395],[6.060802,43.243506],[6.060797,43.243536],[6.060776,43.24364],[6.060759,43.243709],[6.060753,43.243732]]]]}},{"type":"Feature","properties":{"numero":"0084","section":"AI","code_insee":"83049","id_parc":"83049_AI_0084"},"geometry":{"type":"MultiPolygon","coordinates":[[[[6.067941,43.24451],[6.067833,43.244484],[6.067713,43.244401],[6.067797,43.244232],[6.067983,43.244281],[6.06801,43.244226],[6.068033,43.244232],[6.068074,43.244243],[6.068042,43.244307],[6.067941,43.24451]]]]}},{"type":"Feature","properties":{"numero":"0085","section":"AC","code_insee":"83049","id_parc":"83049_AC_0085"},"geometry":{"type":"MultiPolygon","coordinates":[[[[6.06939,43.239076],[6.069293,43.23898],[6.069264,43.238952],[6.069324,43.238919],[6.069331,43.238926],[6.069356,43.238949],[6.069455,43.23904],[6.06939,43.239076]]]]}},{"type":"Feature","properties":{"numero":"0085","section":"AD","code_insee":"83049","id_parc":"83049_AD_0085"},"geometry":{"type":"MultiPolygon","coordinates":[[[[6.066276,43.239309],[6.065964,43.239177],[6.065944,43.239169],[6.066032,43.239059],[6.066178,43.238853],[6.066222,43.238794],[6.066573,43.238907],[6.066499,43.239005],[6.066419,43.239112],[6.066393,43.239154],[6.066276,43.239309]]]]}},{"type":"Feature","properties":{"numero":"0085","section":"AE","code_insee":"83049","id_parc":"83049_AE_0085"},"geometry":{"type":"MultiPolygon","coordinates":[[[[6.060993,43.241739],[6.061022,43.241676],[6.061041,43.241642],[6.061836,43.241868],[6.061546,43.242417],[6.061483,43.242396],[6.061654,43.242121],[6.061608,43.242105],[6.0616,43.242112],[6.0612,43.241943],[6.061065,43.241885],[6.061069,43.241827],[6.060963,43.24179],[6.060993,43.241739]]]]}},{"type":"Feature","properties":{"numero":"0085","section":"AI","code_insee":"83049","id_parc":"83049_AI_0085"},"geometry":{"type":"MultiPolygon","coordinates":[[[[6.067719,43.244642],[6.067672,43.244626],[6.067601,43.244624],[6.067713,43.244401],[6.067833,43.244484],[6.067941,43.24451],[6.067864,43.244667],[6.067805,43.244645],[6.067719,43.244642]]]]}},{"type":"Feature","properties":{"numero":"0085","section":"0H","code_insee":"83049","id_parc":"83049_0H_0085"},"geometry":{"type":"MultiPolygon","coordinates":[[[[6.041908,43.24836],[6.041857,43.248096],[6.041751,43.247415],[6.042358,43.24739],[6.042566,43.247361],[6.042651,43.247341],[6.042735,43.247319],[6.042778,43.247305],[6.042992,43.247272],[6.043004,43.24723],[6.043173,43.247268],[6.04314,43.247487],[6.043141,43.247867],[6.043168,43.248465],[6.043144,43.249133],[6.043168,43.249532],[6.042963,43.249543],[6.042542,43.249542],[6.042326,43.249534],[6.042286,43.249399],[6.042266,43.249402],[6.042206,43.249218],[6.042086,43.248879],[6.041976,43.248557],[6.041908,43.24836]]]]}},{"type":"Feature","properties":{"numero":"0852","section":"0A","code_insee":"83049","id_parc":"83049_0A_0852"},"geometry":{"type":"MultiPolygon","coordinates":[[[[6.058646,43.250548],[6.058933,43.25098],[6.058997,43.251077],[6.058241,43.251364],[6.057753,43.251264],[6.058154,43.251133],[6.05811,43.25108],[6.058037,43.250991],[6.05787,43.250796],[6.058646,43.250548]]]]}},{"type":"Feature","properties":{"numero":"0854","section":"0H","code_insee":"83049","id_parc":"83049_0H_0854"},"geometry":{"type":"MultiPolygon","coordinates":[[[[6.0589,43.244703],[6.059092,43.244663],[6.059359,43.244755],[6.059348,43.244785],[6.059169,43.245264],[6.059164,43.245275],[6.059129,43.245327],[6.05907,43.245478],[6.059058,43.245498],[6.059052,43.245543],[6.058995,43.245642],[6.05897,43.2457],[6.058946,43.245734],[6.058896,43.245811],[6.058879,43.245838],[6.058876,43.245841],[6.058855,43.245876],[6.058848,43.245884],[6.058846,43.24592],[6.05887,43.245972],[6.05888,43.245992],[6.058913,43.246063],[6.058954,43.246118],[6.059006,43.246209],[6.059041,43.246268],[6.059029,43.246286],[6.059034,43.24631],[6.059039,43.246325],[6.059042,43.246348],[6.059059,43.246357],[6.059057,43.24637],[6.059042,43.246377],[6.059042,43.246393],[6.059043,43.246418],[6.059043,43.246475],[6.058838,43.246482],[6.05873,43.246507],[6.058326,43.246626],[6.058275,43.246618],[6.058167,43.246584],[6.058183,43.246545],[6.058036,43.246516],[6.057824,43.246475],[6.05766,43.246443],[6.057443,43.246401],[6.057433,43.246441],[6.057334,43.246409],[6.057247,43.246381],[6.057126,43.246339],[6.057035,43.246316],[6.056994,43.2463],[6.056984,43.246296],[6.056934,43.246279],[6.056889,43.246263],[6.056862,43.246255],[6.056803,43.246239],[6.056776,43.246231],[6.056711,43.246218],[6.056673,43.2462],[6.056598,43.246173],[6.056525,43.246134],[6.05646,43.246122],[6.055985,43.245949],[6.056072,43.245831],[6.056129,43.245769],[6.056304,43.245585],[6.056526,43.245358],[6.056751,43.245131],[6.05658,43.245076],[6.056485,43.245032],[6.056336,43.244943],[6.056017,43.244853],[6.055885,43.244832],[6.055079,43.244572],[6.055321,43.244461],[6.055499,43.244357],[6.055675,43.24425],[6.056559,43.244531],[6.056761,43.244593],[6.056841,43.244613],[6.057502,43.244779],[6.058032,43.244942],[6.058299,43.244997],[6.058473,43.244877],[6.058552,43.244836],[6.058725,43.244762],[6.0589,43.244703]]]]}},{"type":"Feature","properties":{"numero":"0086","section":"AC","code_insee":"83049","id_parc":"83049_AC_0086"},"geometry":{"type":"MultiPolygon","coordinates":[[[[6.069356,43.238949],[6.069331,43.238926],[6.069324,43.238919],[6.069392,43.238883],[6.0694,43.238891],[6.069406,43.238898],[6.069431,43.238922],[6.069517,43.239006],[6.069455,43.23904],[6.069356,43.238949]]]]}},{"type":"Feature","properties":{"numero":"0086","section":"AD","code_insee":"83049","id_parc":"83049_AD_0086"},"geometry":{"type":"MultiPolygon","coordinates":[[[[6.066612,43.238856],[6.066573,43.238907],[6.066222,43.238794],[6.066234,43.238778],[6.066268,43.238732],[6.06628,43.238737],[6.066317,43.23875],[6.066612,43.238856]]]]}},{"type":"Feature","properties":{"numero":"0086","section":"AH","code_insee":"83049","id_parc":"83049_AH_0086"},"geometry":{"type":"MultiPolygon","coordinates":[[[[6.062269,43.243608],[6.062469,43.243232],[6.063027,43.243388],[6.062997,43.243442],[6.062953,43.24354],[6.062922,43.243619],[6.062882,43.243699],[6.062734,43.243659],[6.062659,43.243719],[6.062269,43.243608]]]]}},{"type":"Feature","properties":{"numero":"0086","section":"AI","code_insee":"83049","id_parc":"83049_AI_0086"},"geometry":{"type":"MultiPolygon","coordinates":[[[[6.06801,43.244226],[6.067983,43.244281],[6.067797,43.244232],[6.067622,43.244072],[6.067647,43.244021],[6.068058,43.244131],[6.06801,43.244226]]]]}},{"type":"Feature","properties":{"numero":"0086","section":"0H","code_insee":"83049","id_parc":"83049_0H_0086"},"geometry":{"type":"MultiPolygon","coordinates":[[[[6.043141,43.247867],[6.04314,43.247487],[6.043173,43.247268],[6.043221,43.247269],[6.043339,43.247248],[6.043925,43.247111],[6.044166,43.247104],[6.044406,43.247094],[6.04451,43.247089],[6.044627,43.247084],[6.044743,43.247076],[6.044872,43.247063],[6.044993,43.247073],[6.044913,43.247991],[6.045132,43.248051],[6.045236,43.248048],[6.04536,43.248033],[6.045452,43.248012],[6.045536,43.248644],[6.045389,43.249992],[6.045153,43.249842],[6.045057,43.249806],[6.044848,43.249756],[6.044696,43.249741],[6.044546,43.249723],[6.044429,43.249707],[6.043994,43.249712],[6.043899,43.249696],[6.043348,43.249552],[6.043255,43.249535],[6.043168,43.249532],[6.043144,43.249133],[6.043168,43.248465],[6.043141,43.247867]]]]}},{"type":"Feature","properties":{"numero":"0860","section":"0A","code_insee":"83049","id_parc":"83049_0A_0860"},"geometry":{"type":"MultiPolygon","coordinates":[[[[6.055788,43.251271],[6.055757,43.25128],[6.055691,43.251279],[6.055446,43.251133],[6.055606,43.251192],[6.055768,43.251237],[6.055844,43.251244],[6.055817,43.251259],[6.055788,43.251271]]]]}},{"type":"Feature","properties":{"numero":"0861","section":"0A","code_insee":"83049","id_parc":"83049_0A_0861"},"geometry":{"type":"MultiPolygon","coordinates":[[[[6.054915,43.250263],[6.055011,43.250264],[6.055302,43.250257],[6.055191,43.250532],[6.055282,43.250544],[6.05516,43.250842],[6.055114,43.250937],[6.054486,43.250629],[6.054576,43.25059],[6.05459,43.25058],[6.054601,43.250568],[6.054608,43.250555],[6.054611,43.25054],[6.054615,43.250411],[6.054646,43.250357],[6.054702,43.250292],[6.054734,43.250251],[6.054915,43.250263]]]]}},{"type":"Feature","properties":{"numero":"0862","section":"0A","code_insee":"83049","id_parc":"83049_0A_0862"},"geometry":{"type":"MultiPolygon","coordinates":[[[[6.055302,43.250257],[6.055387,43.250259],[6.055282,43.250544],[6.055191,43.250532],[6.055302,43.250257]]]]}},{"type":"Feature","properties":{"numero":"0863","section":"0A","code_insee":"83049","id_parc":"83049_0A_0863"},"geometry":{"type":"MultiPolygon","coordinates":[[[[6.056143,43.251084],[6.05604,43.251146],[6.055844,43.251244],[6.055768,43.251237],[6.055606,43.251192],[6.055446,43.251133],[6.055388,43.251099],[6.055114,43.250937],[6.05516,43.250842],[6.055681,43.250971],[6.055674,43.250984],[6.055648,43.251042],[6.055645,43.251048],[6.055695,43.251062],[6.055766,43.251083],[6.055799,43.251093],[6.055854,43.251014],[6.056143,43.251084]]]]}},{"type":"Feature","properties":{"numero":"0866","section":"0A","code_insee":"83049","id_parc":"83049_0A_0866"},"geometry":{"type":"MultiPolygon","coordinates":[[[[6.061665,43.251737],[6.061607,43.25173],[6.061504,43.251719],[6.061563,43.251442],[6.061224,43.251391],[6.061231,43.251357],[6.061675,43.251426],[6.061666,43.251465],[6.061635,43.251607],[6.061709,43.251616],[6.061686,43.251726],[6.061683,43.251737],[6.061665,43.251737]]]]}},{"type":"Feature","properties":{"numero":"0867","section":"0A","code_insee":"83049","id_parc":"83049_0A_0867"},"geometry":{"type":"MultiPolygon","coordinates":[[[[6.061686,43.251726],[6.061709,43.251616],[6.061635,43.251607],[6.061666,43.251465],[6.061675,43.251426],[6.061843,43.251448],[6.061782,43.251736],[6.061683,43.251737],[6.061686,43.251726]]]]}},{"type":"Feature","properties":{"numero":"0087","section":"AC","code_insee":"83049","id_parc":"83049_AC_0087"},"geometry":{"type":"MultiPolygon","coordinates":[[[[6.069517,43.239006],[6.069431,43.238922],[6.069406,43.238898],[6.069467,43.238865],[6.069476,43.238874],[6.069492,43.238888],[6.069501,43.238896],[6.069583,43.23897],[6.069517,43.239006]]]]}},{"type":"Feature","properties":{"numero":"0087","section":"AD","code_insee":"83049","id_parc":"83049_AD_0087"},"geometry":{"type":"MultiPolygon","coordinates":[[[[6.066317,43.23875],[6.06628,43.238737],[6.066268,43.238732],[6.066238,43.238722],[6.06616,43.238693],[6.066188,43.238632],[6.066227,43.238547],[6.066278,43.238563],[6.066483,43.238632],[6.066693,43.238703],[6.066708,43.238708],[6.066715,43.23871],[6.066668,43.238778],[6.066626,43.238834],[6.066625,43.238842],[6.066612,43.238856],[6.066317,43.23875]]]]}},{"type":"Feature","properties":{"numero":"0087","section":"AE","code_insee":"83049","id_parc":"83049_AE_0087"},"geometry":{"type":"MultiPolygon","coordinates":[[[[6.061125,43.241436],[6.061116,43.241456],[6.061041,43.241642],[6.061022,43.241676],[6.060993,43.241739],[6.060963,43.24179],[6.060927,43.241849],[6.060903,43.241889],[6.060876,43.241934],[6.060849,43.241978],[6.060812,43.242041],[6.060808,43.242039],[6.060482,43.241784],[6.060418,43.241734],[6.060282,43.241668],[6.060085,43.241581],[6.059828,43.241471],[6.059761,43.241435],[6.059906,43.241313],[6.060093,43.241178],[6.060335,43.240982],[6.060606,43.240785],[6.060643,43.240899],[6.060664,43.240964],[6.060667,43.240981],[6.060682,43.241033],[6.060695,43.241061],[6.060838,43.2411],[6.061226,43.241215],[6.061215,43.241236],[6.06121,43.241246],[6.061197,43.241272],[6.061188,43.241291],[6.061164,43.241347],[6.061147,43.241394],[6.061125,43.241436]]]]}},{"type":"Feature","properties":{"numero":"0087","section":"AH","code_insee":"83049","id_parc":"83049_AH_0087"},"geometry":{"type":"MultiPolygon","coordinates":[[[[6.061947,43.243092],[6.062469,43.243232],[6.062269,43.243608],[6.061751,43.24346],[6.061936,43.243113],[6.061947,43.243092]]]]}},{"type":"Feature","properties":{"numero":"0087","section":"AI","code_insee":"83049","id_parc":"83049_AI_0087"},"geometry":{"type":"MultiPolygon","coordinates":[[[[6.067713,43.244401],[6.067676,43.244374],[6.067419,43.244281],[6.06756,43.243998],[6.067647,43.244021],[6.067622,43.244072],[6.067797,43.244232],[6.067713,43.244401]]]]}},{"type":"Feature","properties":{"numero":"0087","section":"0H","code_insee":"83049","id_parc":"83049_0H_0087"},"geometry":{"type":"MultiPolygon","coordinates":[[[[6.045132,43.248051],[6.044913,43.247991],[6.044993,43.247073],[6.045221,43.24711],[6.045306,43.24712],[6.045425,43.247106],[6.045724,43.247072],[6.045677,43.247346],[6.045628,43.247604],[6.04563,43.247727],[6.045681,43.24791],[6.045452,43.248012],[6.04536,43.248033],[6.045236,43.248048],[6.045132,43.248051]]]]}},{"type":"Feature","properties":{"numero":"0088","section":"AC","code_insee":"83049","id_parc":"83049_AC_0088"},"geometry":{"type":"MultiPolygon","coordinates":[[[[6.069492,43.238888],[6.069476,43.238874],[6.069467,43.238865],[6.069458,43.238856],[6.06952,43.238823],[6.069534,43.238837],[6.069561,43.238862],[6.069645,43.238936],[6.069583,43.23897],[6.069501,43.238896],[6.069492,43.238888]]]]}},{"type":"Feature","properties":{"numero":"0088","section":"AD","code_insee":"83049","id_parc":"83049_AD_0088"},"geometry":{"type":"MultiPolygon","coordinates":[[[[6.066533,43.238374],[6.066522,43.23837],[6.066525,43.238365],[6.066675,43.238387],[6.066723,43.238394],[6.066759,43.2384],[6.066786,43.238405],[6.066771,43.238499],[6.066754,43.238579],[6.06675,43.238619],[6.066744,43.238644],[6.066741,43.238651],[6.066734,43.238666],[6.066725,43.238683],[6.066719,43.238693],[6.066708,43.238708],[6.066693,43.238703],[6.066483,43.238632],[6.066501,43.238603],[6.066374,43.238561],[6.066446,43.238446],[6.066516,43.238469],[6.066573,43.238489],[6.066553,43.238521],[6.066631,43.238547],[6.066683,43.238541],[6.066688,43.238542],[6.066702,43.238499],[6.066738,43.238443],[6.066689,43.238426],[6.066533,43.238374]]]]}},{"type":"Feature","properties":{"numero":"0088","section":"AE","code_insee":"83049","id_parc":"83049_AE_0088"},"geometry":{"type":"MultiPolygon","coordinates":[[[[6.061245,43.241177],[6.061235,43.241197],[6.061226,43.241215],[6.060838,43.2411],[6.06085,43.241077],[6.060726,43.240708],[6.060805,43.240694],[6.06085,43.240674],[6.060898,43.240655],[6.060953,43.240623],[6.06101,43.240603],[6.061062,43.240584],[6.061148,43.240608],[6.061207,43.240625],[6.061246,43.240635],[6.061284,43.240638],[6.061319,43.240635],[6.061329,43.240631],[6.061354,43.240626],[6.061386,43.240621],[6.06141,43.240615],[6.061449,43.240608],[6.061466,43.240606],[6.061485,43.240602],[6.061491,43.2406],[6.06147,43.240656],[6.061428,43.240769],[6.061383,43.24087],[6.06137,43.2409],[6.061342,43.240959],[6.061314,43.241025],[6.061297,43.241058],[6.061284,43.241086],[6.06126,43.241148],[6.061245,43.241177]]]]}},{"type":"Feature","properties":{"numero":"0088","section":"AH","code_insee":"83049","id_parc":"83049_AH_0088"},"geometry":{"type":"MultiPolygon","coordinates":[[[[6.061523,43.243003],[6.061936,43.243113],[6.061751,43.24346],[6.061131,43.243284],[6.061146,43.243248],[6.061184,43.243158],[6.061217,43.243068],[6.061282,43.242892],[6.061523,43.243003]]]]}},{"type":"Feature","properties":{"numero":"0088","section":"AI","code_insee":"83049","id_parc":"83049_AI_0088"},"geometry":{"type":"MultiPolygon","coordinates":[[[[6.067352,43.244622],[6.067257,43.244602],[6.067419,43.244281],[6.067676,43.244374],[6.067713,43.244401],[6.067601,43.244624],[6.067352,43.244622]]]]}},{"type":"Feature","properties":{"numero":"0088","section":"0H","code_insee":"83049","id_parc":"83049_0H_0088"},"geometry":{"type":"MultiPolygon","coordinates":[[[[6.045749,43.250095],[6.04553,43.250054],[6.045389,43.249992],[6.045536,43.248644],[6.045452,43.248012],[6.045681,43.24791],[6.045885,43.248307],[6.045941,43.248419],[6.045993,43.248532],[6.046009,43.248568],[6.046004,43.248761],[6.045958,43.24938],[6.045944,43.249609],[6.045941,43.250128],[6.045749,43.250095]]]]}},{"type":"Feature","properties":{"numero":"0880","section":"0A","code_insee":"83049","id_parc":"83049_0A_0880"},"geometry":{"type":"MultiPolygon","coordinates":[[[[6.053699,43.251327],[6.053751,43.251267],[6.053781,43.25121],[6.054386,43.251612],[6.053767,43.251843],[6.05317,43.251885],[6.053053,43.251926],[6.053064,43.251892],[6.053092,43.251855],[6.053217,43.251804],[6.053233,43.251793],[6.053246,43.25178],[6.053255,43.251765],[6.053261,43.25175],[6.053262,43.251737],[6.053266,43.251668],[6.053285,43.251639],[6.053389,43.251523],[6.053401,43.251501],[6.053419,43.251453],[6.053444,43.251433],[6.053652,43.251365],[6.053699,43.251327]]]]}},{"type":"Feature","properties":{"numero":"0881","section":"0A","code_insee":"83049","id_parc":"83049_0A_0881"},"geometry":{"type":"MultiPolygon","coordinates":[[[[6.055154,43.251377],[6.054807,43.251473],[6.054386,43.251612],[6.053781,43.25121],[6.053826,43.25109],[6.053869,43.250812],[6.053882,43.250799],[6.053897,43.250787],[6.053916,43.250779],[6.053936,43.250772],[6.053957,43.250769],[6.053979,43.250769],[6.05413,43.250784],[6.054226,43.250774],[6.054281,43.250733],[6.054325,43.250688],[6.054393,43.250658],[6.054449,43.250641],[6.054879,43.250853],[6.055143,43.251],[6.055623,43.251278],[6.055615,43.251282],[6.055442,43.251304],[6.055376,43.251318],[6.055154,43.251377]]]]}},{"type":"Feature","properties":{"numero":"0882","section":"0G","code_insee":"83049","id_parc":"83049_0G_0882"},"geometry":{"type":"MultiPolygon","coordinates":[[[[6.064102,43.238502],[6.06403,43.238465],[6.063497,43.23824],[6.063397,43.238198],[6.063094,43.238073],[6.063449,43.237433],[6.063628,43.23713],[6.063652,43.237089],[6.063756,43.237222],[6.063822,43.237364],[6.063886,43.23743],[6.063959,43.237513],[6.06399,43.237548],[6.064095,43.23769],[6.064121,43.237729],[6.064323,43.237998],[6.06425,43.238168],[6.064102,43.238502]]]]}},{"type":"Feature","properties":{"numero":"0884","section":"0A","code_insee":"83049","id_parc":"83049_0A_0884"},"geometry":{"type":"MultiPolygon","coordinates":[[[[6.044741,43.254335],[6.043882,43.254347],[6.043814,43.253724],[6.044679,43.253735],[6.044735,43.254192],[6.044741,43.254335]]]]}},{"type":"Feature","properties":{"numero":"0885","section":"0A","code_insee":"83049","id_parc":"83049_0A_0885"},"geometry":{"type":"MultiPolygon","coordinates":[[[[6.04412,43.254471],[6.043886,43.254377],[6.043882,43.254347],[6.044741,43.254335],[6.044772,43.254587],[6.04475,43.254724],[6.04412,43.254471]]]]}},{"type":"Feature","properties":{"numero":"0887","section":"0H","code_insee":"83049","id_parc":"83049_0H_0887"},"geometry":{"type":"MultiPolygon","coordinates":[[[[6.054958,43.241674],[6.055228,43.241607],[6.055288,43.241732],[6.055231,43.241754],[6.055173,43.241761],[6.055085,43.241706],[6.055054,43.241712],[6.055026,43.241706],[6.054958,43.241674]]]]}},{"type":"Feature","properties":{"numero":"0888","section":"0H","code_insee":"83049","id_parc":"83049_0H_0888"},"geometry":{"type":"MultiPolygon","coordinates":[[[[6.056298,43.24376],[6.05609,43.243928],[6.056042,43.24396],[6.05591,43.243569],[6.055823,43.243335],[6.05545,43.242652],[6.055182,43.242253],[6.055153,43.242196],[6.055128,43.242136],[6.055107,43.242075],[6.055069,43.242018],[6.054969,43.241828],[6.05493,43.241681],[6.054958,43.241674],[6.055026,43.241706],[6.055054,43.241712],[6.055085,43.241706],[6.055173,43.241761],[6.055231,43.241754],[6.055288,43.241732],[6.055433,43.242015],[6.055476,43.24211],[6.055514,43.242205],[6.055534,43.24226],[6.055991,43.243064],[6.056234,43.243654],[6.056298,43.24376]]]]}},{"type":"Feature","properties":{"numero":"0889","section":"0H","code_insee":"83049","id_parc":"83049_0H_0889"},"geometry":{"type":"MultiPolygon","coordinates":[[[[6.05492,43.241656],[6.054958,43.241674],[6.05493,43.241681],[6.05492,43.241656]]]]}},{"type":"Feature","properties":{"numero":"0089","section":"AC","code_insee":"83049","id_parc":"83049_AC_0089"},"geometry":{"type":"MultiPolygon","coordinates":[[[[6.069561,43.238862],[6.069534,43.238837],[6.06952,43.238823],[6.069489,43.238794],[6.069562,43.238752],[6.069624,43.238717],[6.069626,43.238732],[6.069656,43.238767],[6.069605,43.238796],[6.0696,43.238799],[6.069712,43.238899],[6.069645,43.238936],[6.069561,43.238862]]]]}},{"type":"Feature","properties":{"numero":"0089","section":"AD","code_insee":"83049","id_parc":"83049_AD_0089"},"geometry":{"type":"MultiPolygon","coordinates":[[[[6.066483,43.238632],[6.066278,43.238563],[6.066227,43.238547],[6.066234,43.238533],[6.06625,43.238499],[6.066252,43.238499],[6.066274,43.23845],[6.066294,43.238408],[6.066327,43.238332],[6.066376,43.238341],[6.06643,43.238349],[6.066414,43.238392],[6.066394,43.238429],[6.066446,43.238446],[6.066374,43.238561],[6.066501,43.238603],[6.066483,43.238632]]]]}},{"type":"Feature","properties":{"numero":"0089","section":"AE","code_insee":"83049","id_parc":"83049_AE_0089"},"geometry":{"type":"MultiPolygon","coordinates":[[[[6.061603,43.24013],[6.061772,43.240453],[6.06179,43.240543],[6.06178,43.240544],[6.061754,43.240551],[6.061695,43.240562],[6.061684,43.240554],[6.061668,43.240562],[6.061621,43.240571],[6.061621,43.240573],[6.061612,43.240577],[6.061609,43.240579],[6.061546,43.240589],[6.061491,43.2406],[6.061485,43.240602],[6.061466,43.240606],[6.061449,43.240608],[6.06141,43.240615],[6.061386,43.240621],[6.061354,43.240626],[6.061329,43.240631],[6.061319,43.240635],[6.061284,43.240638],[6.061246,43.240635],[6.061207,43.240625],[6.061148,43.240608],[6.061062,43.240584],[6.061079,43.240551],[6.061112,43.240546],[6.061137,43.240517],[6.061151,43.240491],[6.06116,43.240477],[6.061172,43.240466],[6.061458,43.240227],[6.061472,43.240219],[6.061503,43.2402],[6.061524,43.240186],[6.0616,43.240127],[6.061603,43.24013]]]]}},{"type":"Feature","properties":{"numero":"0089","section":"AI","code_insee":"83049","id_parc":"83049_AI_0089"},"geometry":{"type":"MultiPolygon","coordinates":[[[[6.06756,43.243998],[6.067419,43.244281],[6.067121,43.244174],[6.067133,43.244017],[6.06742,43.244094],[6.067479,43.243976],[6.06756,43.243998]]]]}},{"type":"Feature","properties":{"numero":"0089","section":"0H","code_insee":"83049","id_parc":"83049_0H_0089"},"geometry":{"type":"MultiPolygon","coordinates":[[[[6.047334,43.248983],[6.047353,43.249014],[6.047396,43.24904],[6.04732,43.249148],[6.047257,43.249197],[6.047181,43.249261],[6.047109,43.249326],[6.047054,43.249414],[6.047027,43.249507],[6.046989,43.249625],[6.046947,43.249741],[6.046958,43.249877],[6.046955,43.249955],[6.046932,43.249996],[6.046853,43.250086],[6.046855,43.250114],[6.046824,43.250154],[6.046823,43.250172],[6.046894,43.250258],[6.0469,43.250286],[6.046891,43.250378],[6.04691,43.250418],[6.04662,43.250345],[6.04651,43.250312],[6.046199,43.250196],[6.046042,43.250167],[6.045941,43.250128],[6.045944,43.249609],[6.045958,43.24938],[6.046004,43.248761],[6.046326,43.248701],[6.046509,43.248693],[6.046669,43.248696],[6.046829,43.248696],[6.046989,43.248693],[6.047105,43.248689],[6.047288,43.248855],[6.047334,43.248983]]]]}},{"type":"Feature","properties":{"numero":"0890","section":"0H","code_insee":"83049","id_parc":"83049_0H_0890"},"geometry":{"type":"MultiPolygon","coordinates":[[[[6.055228,43.241607],[6.054958,43.241674],[6.05492,43.241656],[6.054865,43.241527],[6.054777,43.241288],[6.054987,43.24123],[6.055044,43.241225],[6.055228,43.241607]]]]}},{"type":"Feature","properties":{"numero":"0892","section":"0A","code_insee":"83049","id_parc":"83049_0A_0892"},"geometry":{"type":"MultiPolygon","coordinates":[[[[6.065066,43.246645],[6.064922,43.246612],[6.064903,43.246614],[6.064945,43.246528],[6.065003,43.246449],[6.065137,43.24621],[6.065118,43.246102],[6.065148,43.245909],[6.065179,43.245826],[6.065207,43.245745],[6.065972,43.24582],[6.065967,43.245846],[6.065679,43.245899],[6.065467,43.24637],[6.065323,43.246694],[6.065194,43.246671],[6.065066,43.246645]]]]}},{"type":"Feature","properties":{"numero":"0893","section":"0H","code_insee":"83049","id_parc":"83049_0H_0893"},"geometry":{"type":"MultiPolygon","coordinates":[[[[6.054381,43.248632],[6.054187,43.248614],[6.054042,43.248629],[6.053708,43.247862],[6.053802,43.247859],[6.053972,43.247816],[6.054086,43.247824],[6.054165,43.247804],[6.054437,43.247819],[6.05456,43.247833],[6.054748,43.24782],[6.054814,43.247816],[6.054842,43.247814],[6.054882,43.247811],[6.054941,43.247816],[6.054963,43.247818],[6.055004,43.247807],[6.05503,43.2478],[6.055066,43.247795],[6.055077,43.247793],[6.055105,43.247799],[6.055119,43.247799],[6.055148,43.247799],[6.055194,43.247785],[6.05526,43.247772],[6.055276,43.247764],[6.055312,43.247744],[6.055525,43.248193],[6.055936,43.248159],[6.055947,43.248216],[6.05595,43.248266],[6.055945,43.24829],[6.055943,43.248476],[6.055961,43.248525],[6.055963,43.24853],[6.055805,43.248509],[6.055531,43.248539],[6.055247,43.248574],[6.055,43.248592],[6.054564,43.248609],[6.054381,43.248632]]]]}},{"type":"Feature","properties":{"numero":"0897","section":"0H","code_insee":"83049","id_parc":"83049_0H_0897"},"geometry":{"type":"MultiPolygon","coordinates":[[[[6.047439,43.240128],[6.046573,43.240278],[6.046367,43.240332],[6.046066,43.240176],[6.046229,43.240084],[6.047187,43.239561],[6.047277,43.239516],[6.047605,43.239615],[6.047757,43.239683],[6.04798,43.239757],[6.048048,43.239774],[6.047756,43.239946],[6.047439,43.240128]]]]}},{"type":"Feature","properties":{"numero":"0898","section":"0H","code_insee":"83049","id_parc":"83049_0H_0898"},"geometry":{"type":"MultiPolygon","coordinates":[[[[6.047756,43.239946],[6.048048,43.239774],[6.048325,43.239876],[6.048174,43.239955],[6.047935,43.240051],[6.047668,43.240109],[6.0474,43.240164],[6.04722,43.240199],[6.046367,43.240332],[6.046573,43.240278],[6.047439,43.240128],[6.047756,43.239946]]]]}},{"type":"Feature","properties":{"numero":"0009","section":"AB","code_insee":"83049","id_parc":"83049_AB_0009"},"geometry":{"type":"MultiPolygon","coordinates":[[[[6.070264,43.238555],[6.07033,43.238592],[6.070401,43.238626],[6.070345,43.238675],[6.07021,43.2386],[6.070264,43.238555]]]]}},{"type":"Feature","properties":{"numero":"0009","section":"AC","code_insee":"83049","id_parc":"83049_AC_0009"},"geometry":{"type":"MultiPolygon","coordinates":[[[[6.067655,43.237765],[6.0678,43.237748],[6.067872,43.237739],[6.067911,43.237788],[6.067961,43.237996],[6.067971,43.238025],[6.067986,43.238058],[6.068001,43.238083],[6.068027,43.238122],[6.06806,43.238164],[6.068145,43.23827],[6.068018,43.238325],[6.067996,43.238335],[6.067968,43.238347],[6.067894,43.238379],[6.067869,43.23839],[6.067802,43.238417],[6.067727,43.238324],[6.067605,43.237771],[6.067647,43.237766],[6.067655,43.237765]]]]}},{"type":"Feature","properties":{"numero":"0009","section":"AD","code_insee":"83049","id_parc":"83049_AD_0009"},"geometry":{"type":"MultiPolygon","coordinates":[[[[6.065149,43.241595],[6.065402,43.241453],[6.065551,43.241585],[6.065502,43.241618],[6.065436,43.241671],[6.065374,43.2418],[6.065336,43.241888],[6.065296,43.24198],[6.065273,43.24203],[6.065169,43.242257],[6.065131,43.242334],[6.065115,43.24236],[6.065089,43.242385],[6.065057,43.242417],[6.065016,43.242443],[6.064894,43.242503],[6.064845,43.242522],[6.064795,43.242538],[6.064738,43.242554],[6.064594,43.242589],[6.064558,43.242602],[6.064518,43.242622],[6.064463,43.242641],[6.064404,43.242661],[6.064388,43.242666],[6.064385,43.242661],[6.064384,43.242658],[6.064426,43.24259],[6.064452,43.242524],[6.064517,43.242409],[6.064626,43.242221],[6.064674,43.24211],[6.064744,43.24191],[6.064787,43.241787],[6.064829,43.241737],[6.064887,43.241711],[6.06497,43.241685],[6.065023,43.241671],[6.065062,43.241651],[6.065149,43.241595]]]]}},{"type":"Feature","properties":{"numero":"0009","section":"AH","code_insee":"83049","id_parc":"83049_AH_0009"},"geometry":{"type":"MultiPolygon","coordinates":[[[[6.056074,43.247736],[6.056073,43.247736],[6.055927,43.247776],[6.055926,43.247765],[6.055915,43.247716],[6.055934,43.247713],[6.055979,43.247705],[6.056029,43.247695],[6.056118,43.247687],[6.05615,43.247679],[6.056205,43.247672],[6.056255,43.247666],[6.056263,43.247696],[6.056202,43.247706],[6.056136,43.24772],[6.056121,43.247724],[6.056074,43.247736]]]]}},{"type":"Feature","properties":{"numero":"0009","section":"AI","code_insee":"83049","id_parc":"83049_AI_0009"},"geometry":{"type":"MultiPolygon","coordinates":[[[[6.065464,43.242745],[6.066145,43.242454],[6.066211,43.242426],[6.066532,43.242826],[6.066513,43.242834],[6.066511,43.242829],[6.06642,43.242847],[6.066349,43.242861],[6.066288,43.242879],[6.066238,43.242894],[6.066226,43.242894],[6.066197,43.242865],[6.065983,43.242642],[6.065532,43.242817],[6.065464,43.242745]]]]}},{"type":"Feature","properties":{"numero":"0090","section":"AC","code_insee":"83049","id_parc":"83049_AC_0090"},"geometry":{"type":"MultiPolygon","coordinates":[[[[6.0696,43.238799],[6.069605,43.238796],[6.069656,43.238767],[6.069661,43.238764],[6.06969,43.23879],[6.069769,43.238866],[6.069712,43.238899],[6.0696,43.238799]]]]}},{"type":"Feature","properties":{"numero":"0090","section":"AD","code_insee":"83049","id_parc":"83049_AD_0090"},"geometry":{"type":"MultiPolygon","coordinates":[[[[6.066394,43.238429],[6.066414,43.238392],[6.06643,43.238349],[6.06645,43.238352],[6.066525,43.238365],[6.066522,43.23837],[6.066533,43.238374],[6.066689,43.238426],[6.066738,43.238443],[6.066702,43.238499],[6.066688,43.238542],[6.066683,43.238541],[6.066631,43.238547],[6.066553,43.238521],[6.066573,43.238489],[6.066516,43.238469],[6.066446,43.238446],[6.066394,43.238429]]]]}},{"type":"Feature","properties":{"numero":"0090","section":"AE","code_insee":"83049","id_parc":"83049_AE_0090"},"geometry":{"type":"MultiPolygon","coordinates":[[[[6.061851,43.240532],[6.061822,43.240541],[6.06179,43.240543],[6.061772,43.240453],[6.061603,43.24013],[6.0616,43.240127],[6.061643,43.240098],[6.061683,43.24008],[6.061766,43.240055],[6.061829,43.240035],[6.061912,43.24001],[6.061963,43.239999],[6.062012,43.239988],[6.062054,43.239948],[6.062047,43.239812],[6.06206,43.23981],[6.062056,43.239846],[6.062057,43.239891],[6.062057,43.239948],[6.06204,43.239984],[6.062025,43.240015],[6.06203,43.240049],[6.062041,43.240103],[6.06205,43.240166],[6.062056,43.240187],[6.062052,43.240223],[6.062055,43.240243],[6.062057,43.240265],[6.062062,43.240302],[6.062064,43.240309],[6.062075,43.240423],[6.062068,43.240423],[6.062034,43.240426],[6.062043,43.240482],[6.062019,43.24049],[6.061957,43.24051],[6.061947,43.240512],[6.061933,43.240515],[6.061926,43.240516],[6.061924,43.240517],[6.061851,43.240532]]]]}},{"type":"Feature","properties":{"numero":"0090","section":"AH","code_insee":"83049","id_parc":"83049_AH_0090"},"geometry":{"type":"MultiPolygon","coordinates":[[[[6.060354,43.242724],[6.060375,43.242729],[6.060377,43.242729],[6.060672,43.242832],[6.060497,43.24291],[6.060278,43.242821],[6.060354,43.242724]]]]}},{"type":"Feature","properties":{"numero":"0090","section":"AI","code_insee":"83049","id_parc":"83049_AI_0090"},"geometry":{"type":"MultiPolygon","coordinates":[[[[6.067033,43.244288],[6.067054,43.244227],[6.067089,43.244162],[6.067121,43.244174],[6.067419,43.244281],[6.067257,43.244602],[6.066958,43.244529],[6.066969,43.244511],[6.066999,43.244399],[6.067012,43.244339],[6.067033,43.244288]]]]}},{"type":"Feature","properties":{"numero":"0900","section":"0A","code_insee":"83049","id_parc":"83049_0A_0900"},"geometry":{"type":"MultiPolygon","coordinates":[[[[6.045543,43.255164],[6.045768,43.255114],[6.045725,43.254862],[6.045907,43.25487],[6.046378,43.254892],[6.04685,43.254917],[6.047187,43.254952],[6.047305,43.254956],[6.047545,43.254967],[6.047788,43.254982],[6.047739,43.255111],[6.047701,43.255201],[6.04756,43.255535],[6.047414,43.255868],[6.047347,43.25597],[6.047328,43.256007],[6.04725,43.256155],[6.047168,43.256302],[6.04691,43.256267],[6.046525,43.25699],[6.046772,43.257029],[6.046726,43.257097],[6.046692,43.257224],[6.046616,43.257398],[6.046577,43.257518],[6.04644,43.257483],[6.046407,43.257478],[6.046323,43.257488],[6.046311,43.2574],[6.046297,43.257352],[6.046219,43.257231],[6.046138,43.257107],[6.045947,43.256798],[6.045729,43.256526],[6.045506,43.256255],[6.045434,43.256169],[6.04532,43.256039],[6.045215,43.255935],[6.045114,43.25583],[6.045016,43.255723],[6.044978,43.25568],[6.044802,43.255523],[6.044525,43.255317],[6.044809,43.255271],[6.044993,43.25525],[6.045206,43.255206],[6.045354,43.255186],[6.045543,43.255164]]]]}},{"type":"Feature","properties":{"numero":"0901","section":"0A","code_insee":"83049","id_parc":"83049_0A_0901"},"geometry":{"type":"MultiPolygon","coordinates":[[[[6.046525,43.25699],[6.04691,43.256267],[6.047168,43.256302],[6.04685,43.256866],[6.046812,43.256965],[6.046772,43.257029],[6.046525,43.25699]]]]}},{"type":"Feature","properties":{"numero":"0902","section":"0A","code_insee":"83049","id_parc":"83049_0A_0902"},"geometry":{"type":"MultiPolygon","coordinates":[[[[6.05555,43.252412],[6.055278,43.25247],[6.055054,43.252561],[6.054803,43.252211],[6.054556,43.251858],[6.054405,43.25164],[6.054804,43.251506],[6.054998,43.251448],[6.05555,43.252412]]]]}},{"type":"Feature","properties":{"numero":"0903","section":"0A","code_insee":"83049","id_parc":"83049_0A_0903"},"geometry":{"type":"MultiPolygon","coordinates":[[[[6.056656,43.251792],[6.056637,43.252036],[6.056597,43.252184],[6.055977,43.252319],[6.05555,43.252412],[6.054998,43.251448],[6.055356,43.251347],[6.055474,43.251325],[6.055605,43.251312],[6.055767,43.25132],[6.056017,43.251201],[6.056134,43.251126],[6.056642,43.251752],[6.056656,43.251792]]]]}},{"type":"Feature","properties":{"numero":"0091","section":"AE","code_insee":"83049","id_parc":"83049_AE_0091"},"geometry":{"type":"MultiPolygon","coordinates":[[[[6.061597,43.240091],[6.061254,43.239923],[6.060928,43.239865],[6.060988,43.239716],[6.06104,43.239592],[6.061141,43.239605],[6.0612,43.239616],[6.061263,43.239632],[6.061326,43.239656],[6.061557,43.23974],[6.061956,43.239841],[6.062014,43.239842],[6.062038,43.23988],[6.062036,43.239924],[6.062028,43.239943],[6.062016,43.239957],[6.062005,43.239966],[6.061986,43.239971],[6.061914,43.239988],[6.061839,43.24001],[6.061697,43.240036],[6.061667,43.240049],[6.061643,43.240059],[6.061597,43.240091]]]]}},{"type":"Feature","properties":{"numero":"0091","section":"AI","code_insee":"83049","id_parc":"83049_AI_0091"},"geometry":{"type":"MultiPolygon","coordinates":[[[[6.067479,43.243976],[6.06742,43.244094],[6.067133,43.244017],[6.067146,43.24384],[6.067396,43.243906],[6.067466,43.243925],[6.067452,43.243953],[6.067444,43.243967],[6.067479,43.243976]]]]}},{"type":"Feature","properties":{"numero":"0091","section":"0H","code_insee":"83049","id_parc":"83049_0H_0091"},"geometry":{"type":"MultiPolygon","coordinates":[[[[6.05355,43.248641],[6.053899,43.248649],[6.054042,43.248629],[6.054187,43.248614],[6.054381,43.248632],[6.054564,43.248609],[6.055,43.248592],[6.055247,43.248574],[6.055531,43.248539],[6.055805,43.248509],[6.055963,43.24853],[6.056047,43.248529],[6.056301,43.248521],[6.056432,43.248515],[6.056433,43.248515],[6.056446,43.248515],[6.056462,43.248514],[6.056598,43.248507],[6.057268,43.249156],[6.057075,43.249178],[6.056932,43.249216],[6.056835,43.249241],[6.056498,43.249306],[6.056256,43.249316],[6.056068,43.249423],[6.055931,43.249514],[6.055866,43.249538],[6.05561,43.249597],[6.055662,43.249742],[6.055704,43.249909],[6.055814,43.250127],[6.055739,43.250138],[6.055398,43.250183],[6.05489,43.250188],[6.054533,43.250164],[6.054296,43.250077],[6.054163,43.25],[6.054135,43.249975],[6.054066,43.249858],[6.054035,43.249818],[6.054001,43.249797],[6.053958,43.249792],[6.053866,43.249801],[6.053718,43.24978],[6.053689,43.24978],[6.053643,43.249792],[6.053598,43.249819],[6.053557,43.249854],[6.053498,43.24993],[6.053463,43.25002],[6.05342,43.250194],[6.053376,43.250217],[6.053219,43.25026],[6.053045,43.250282],[6.05286,43.250234],[6.052617,43.250217],[6.052485,43.250217],[6.052407,43.250234],[6.052324,43.250256],[6.052242,43.250281],[6.052162,43.250308],[6.051796,43.250448],[6.051556,43.250576],[6.05147,43.250607],[6.0514,43.250622],[6.051307,43.250627],[6.051225,43.250621],[6.051166,43.250604],[6.051009,43.25055],[6.0508,43.250514],[6.050721,43.250506],[6.050645,43.25051],[6.050554,43.25053],[6.050546,43.250535],[6.050523,43.25055],[6.050503,43.250567],[6.050487,43.250586],[6.050423,43.250687],[6.050397,43.250768],[6.050374,43.250852],[6.050356,43.250936],[6.050316,43.251002],[6.05023,43.251098],[6.050172,43.251139],[6.050018,43.251175],[6.049888,43.251202],[6.049757,43.251225],[6.049626,43.251246],[6.049483,43.251236],[6.049343,43.251203],[6.04894,43.251207],[6.048825,43.25115],[6.048748,43.251126],[6.048647,43.251107],[6.048426,43.251097],[6.048372,43.251092],[6.048403,43.250945],[6.048407,43.250777],[6.048417,43.250636],[6.04867,43.250623],[6.048875,43.250602],[6.048788,43.250013],[6.048499,43.248922],[6.048757,43.248914],[6.048985,43.248877],[6.049263,43.248856],[6.049507,43.248817],[6.049753,43.248781],[6.049897,43.248761],[6.050035,43.248748],[6.050328,43.248752],[6.050427,43.248731],[6.050823,43.248589],[6.050986,43.248629],[6.051037,43.248628],[6.051283,43.248595],[6.051424,43.24864],[6.051492,43.248623],[6.051609,43.248565],[6.051737,43.248466],[6.051986,43.248498],[6.05226,43.248536],[6.052736,43.24866],[6.053172,43.248644],[6.05355,43.248641]]]]}},{"type":"Feature","properties":{"numero":"0918","section":"0H","code_insee":"83049","id_parc":"83049_0H_0918"},"geometry":{"type":"MultiPolygon","coordinates":[[[[6.052334,43.24153],[6.052049,43.24157],[6.052019,43.241459],[6.052193,43.241492],[6.052271,43.241498],[6.052321,43.241493],[6.052486,43.241434],[6.052591,43.241388],[6.052631,43.241492],[6.052334,43.24153]]]]}},{"type":"Feature","properties":{"numero":"0919","section":"0H","code_insee":"83049","id_parc":"83049_0H_0919"},"geometry":{"type":"MultiPolygon","coordinates":[[[[6.051866,43.241443],[6.051933,43.241442],[6.052019,43.241459],[6.052049,43.24157],[6.052017,43.241574],[6.051869,43.241575],[6.051856,43.241446],[6.051866,43.241443]]]]}},{"type":"Feature","properties":{"numero":"0092","section":"AD","code_insee":"83049","id_parc":"83049_AD_0092"},"geometry":{"type":"MultiPolygon","coordinates":[[[[6.066806,43.238377],[6.0668,43.238393],[6.066798,43.238397],[6.06652,43.238354],[6.066539,43.238274],[6.066563,43.238269],[6.06668,43.238255],[6.066678,43.23825],[6.066708,43.238245],[6.066722,43.238243],[6.066718,43.238207],[6.066864,43.238159],[6.06687,43.238161],[6.066865,43.238182],[6.066844,43.238265],[6.066825,43.238315],[6.066806,43.238377]]]]}},{"type":"Feature","properties":{"numero":"0092","section":"AE","code_insee":"83049","id_parc":"83049_AE_0092"},"geometry":{"type":"MultiPolygon","coordinates":[[[[6.061373,43.240223],[6.06083,43.240098],[6.06086,43.240033],[6.060928,43.239865],[6.061254,43.239923],[6.061597,43.240091],[6.061373,43.240223]]]]}},{"type":"Feature","properties":{"numero":"0092","section":"AH","code_insee":"83049","id_parc":"83049_AH_0092"},"geometry":{"type":"MultiPolygon","coordinates":[[[[6.06133,43.242545],[6.061362,43.24247],[6.061416,43.242374],[6.061483,43.242396],[6.061546,43.242417],[6.061593,43.242433],[6.06174,43.242503],[6.062022,43.242603],[6.062792,43.242868],[6.06315,43.242995],[6.063218,43.243019],[6.063409,43.243092],[6.063287,43.243145],[6.063258,43.24309],[6.063187,43.243063],[6.062763,43.242913],[6.062658,43.242877],[6.062154,43.242704],[6.061959,43.243069],[6.061545,43.242959],[6.061528,43.242956],[6.061281,43.242841],[6.061235,43.242768],[6.06133,43.242545]]]]}},{"type":"Feature","properties":{"numero":"0092","section":"AI","code_insee":"83049","id_parc":"83049_AI_0092"},"geometry":{"type":"MultiPolygon","coordinates":[[[[6.067211,43.243688],[6.067416,43.243743],[6.06754,43.243776],[6.067479,43.243898],[6.067466,43.243925],[6.067396,43.243906],[6.067146,43.24384],[6.067147,43.243816],[6.067211,43.243688]]]]}},{"type":"Feature","properties":{"numero":"0092","section":"0H","code_insee":"83049","id_parc":"83049_0H_0092"},"geometry":{"type":"MultiPolygon","coordinates":[[[[6.055784,43.250021],[6.055765,43.249985],[6.055815,43.249971],[6.055834,43.250006],[6.055784,43.250021]]]]}},{"type":"Feature","properties":{"numero":"0920","section":"0A","code_insee":"83049","id_parc":"83049_0A_0920"},"geometry":{"type":"MultiPolygon","coordinates":[[[[6.057874,43.251054],[6.057845,43.251],[6.057674,43.250784],[6.05824,43.250595],[6.059144,43.250301],[6.05927,43.250864],[6.059333,43.25095],[6.058997,43.251077],[6.058933,43.25098],[6.058646,43.250548],[6.05787,43.250796],[6.058037,43.250991],[6.05811,43.25108],[6.058154,43.251133],[6.057753,43.251264],[6.05775,43.251263],[6.057811,43.251206],[6.057904,43.251164],[6.057994,43.251123],[6.058049,43.251098],[6.057972,43.251007],[6.057874,43.251054]]]]}},{"type":"Feature","properties":{"numero":"0921","section":"0A","code_insee":"83049","id_parc":"83049_0A_0921"},"geometry":{"type":"MultiPolygon","coordinates":[[[[6.059881,43.250695],[6.059873,43.250746],[6.059333,43.25095],[6.05927,43.250864],[6.059144,43.250301],[6.059931,43.25004],[6.060144,43.250109],[6.060114,43.250213],[6.06005,43.250329],[6.059966,43.250413],[6.059968,43.250457],[6.060009,43.25055],[6.059998,43.250575],[6.059909,43.250645],[6.059881,43.250695]]]]}},{"type":"Feature","properties":{"numero":"0926","section":"0A","code_insee":"83049","id_parc":"83049_0A_0926"},"geometry":{"type":"MultiPolygon","coordinates":[[[[6.065337,43.249933],[6.065424,43.249806],[6.065513,43.249678],[6.066139,43.249861],[6.06571,43.250603],[6.065438,43.251083],[6.06529,43.251036],[6.064942,43.250924],[6.064802,43.250879],[6.065015,43.250495],[6.065337,43.249933]]]]}},{"type":"Feature","properties":{"numero":"0927","section":"0A","code_insee":"83049","id_parc":"83049_0A_0927"},"geometry":{"type":"MultiPolygon","coordinates":[[[[6.064102,43.250086],[6.064095,43.250085],[6.064043,43.250077],[6.064244,43.249663],[6.064809,43.249804],[6.065337,43.249933],[6.065015,43.250495],[6.064802,43.250879],[6.064656,43.250832],[6.064676,43.250803],[6.064205,43.250686],[6.063867,43.250603],[6.063884,43.250574],[6.063919,43.250527],[6.064101,43.250105],[6.064109,43.250087],[6.064102,43.250086]]]]}},{"type":"Feature","properties":{"numero":"0093","section":"AC","code_insee":"83049","id_parc":"83049_AC_0093"},"geometry":{"type":"MultiPolygon","coordinates":[[[[6.069589,43.238647],[6.069538,43.238599],[6.069545,43.238558],[6.069602,43.238525],[6.069634,43.238551],[6.069694,43.2386],[6.069701,43.238606],[6.069717,43.238619],[6.069733,43.238607],[6.069745,43.238617],[6.069782,43.238648],[6.069918,43.238758],[6.069864,43.238797],[6.069726,43.238685],[6.069674,43.238642],[6.069648,43.238643],[6.069589,43.238647]]]]}},{"type":"Feature","properties":{"numero":"0093","section":"AD","code_insee":"83049","id_parc":"83049_AD_0093"},"geometry":{"type":"MultiPolygon","coordinates":[[[[6.066566,43.238093],[6.066864,43.238159],[6.066718,43.238207],[6.066553,43.238222],[6.066435,43.238233],[6.066433,43.238233],[6.066424,43.238234],[6.066408,43.238236],[6.066394,43.238237],[6.066379,43.23809],[6.066379,43.238086],[6.066463,43.238078],[6.066552,43.238071],[6.066552,43.238076],[6.066551,43.238089],[6.066566,43.238093]]]]}},{"type":"Feature","properties":{"numero":"0093","section":"AE","code_insee":"83049","id_parc":"83049_AE_0093"},"geometry":{"type":"MultiPolygon","coordinates":[[[[6.0608,43.240157],[6.060811,43.240137],[6.06083,43.240098],[6.061373,43.240223],[6.061334,43.240255],[6.061283,43.240298],[6.061155,43.240403],[6.061051,43.240494],[6.061015,43.240532],[6.060954,43.240572],[6.060806,43.240664],[6.060766,43.240676],[6.060722,43.240686],[6.060638,43.240714],[6.060575,43.240678],[6.060648,43.240517],[6.060658,43.240487],[6.060663,43.240465],[6.060677,43.24044],[6.060691,43.240407],[6.060703,43.240378],[6.060755,43.240265],[6.06076,43.240254],[6.060769,43.240228],[6.060778,43.240204],[6.0608,43.240157]]]]}},{"type":"Feature","properties":{"numero":"0093","section":"AH","code_insee":"83049","id_parc":"83049_AH_0093"},"geometry":{"type":"MultiPolygon","coordinates":[[[[6.062154,43.242704],[6.062658,43.242877],[6.062469,43.243232],[6.061947,43.243092],[6.061959,43.243069],[6.062154,43.242704]]]]}},{"type":"Feature","properties":{"numero":"0093","section":"AI","code_insee":"83049","id_parc":"83049_AI_0093"},"geometry":{"type":"MultiPolygon","coordinates":[[[[6.06771,43.243606],[6.067614,43.243795],[6.06754,43.243776],[6.067416,43.243743],[6.067532,43.243511],[6.067673,43.243549],[6.067686,43.243552],[6.067705,43.243558],[6.067714,43.243562],[6.067719,43.243566],[6.067721,43.243573],[6.067722,43.243579],[6.067721,43.243584],[6.06771,43.243606]]]]}},{"type":"Feature","properties":{"numero":"0093","section":"0H","code_insee":"83049","id_parc":"83049_0H_0093"},"geometry":{"type":"MultiPolygon","coordinates":[[[[6.056237,43.250144],[6.056074,43.25012],[6.055814,43.250127],[6.055704,43.249909],[6.055662,43.249742],[6.05561,43.249597],[6.055866,43.249538],[6.055931,43.249514],[6.056068,43.249423],[6.056256,43.249316],[6.056498,43.249306],[6.056835,43.249241],[6.056932,43.249216],[6.057528,43.249983],[6.05749,43.250106],[6.057452,43.250135],[6.057396,43.250152],[6.057314,43.250166],[6.057123,43.250158],[6.056935,43.250173],[6.056586,43.250192],[6.056543,43.250188],[6.056437,43.250146],[6.056237,43.250144]],[[6.055784,43.250021],[6.055834,43.250006],[6.055815,43.249971],[6.055765,43.249985],[6.055784,43.250021]]]]}},{"type":"Feature","properties":{"numero":"0094","section":"AC","code_insee":"83049","id_parc":"83049_AC_0094"},"geometry":{"type":"MultiPolygon","coordinates":[[[[6.069545,43.238558],[6.069514,43.238527],[6.069569,43.238495],[6.069627,43.23846],[6.069662,43.23849],[6.069748,43.238565],[6.06978,43.238592],[6.0698,43.238577],[6.069973,43.238718],[6.069918,43.238758],[6.069782,43.238648],[6.069745,43.238617],[6.069733,43.238607],[6.069717,43.238619],[6.069701,43.238606],[6.069694,43.2386],[6.069634,43.238551],[6.069602,43.238525],[6.069545,43.238558]]]]}},{"type":"Feature","properties":{"numero":"0094","section":"AD","code_insee":"83049","id_parc":"83049_AD_0094"},"geometry":{"type":"MultiPolygon","coordinates":[[[[6.066864,43.238159],[6.066566,43.238093],[6.066632,43.237931],[6.066667,43.237943],[6.066756,43.237973],[6.066914,43.238027],[6.06689,43.238093],[6.066877,43.238131],[6.06687,43.238161],[6.066864,43.238159]]]]}},{"type":"Feature","properties":{"numero":"0094","section":"AE","code_insee":"83049","id_parc":"83049_AE_0094"},"geometry":{"type":"MultiPolygon","coordinates":[[[[6.060575,43.240678],[6.060638,43.240714],[6.060531,43.2408],[6.060524,43.240791],[6.060575,43.240678]]]]}},{"type":"Feature","properties":{"numero":"0094","section":"AH","code_insee":"83049","id_parc":"83049_AH_0094"},"geometry":{"type":"MultiPolygon","coordinates":[[[[6.063187,43.243063],[6.063258,43.24309],[6.063287,43.243145],[6.063225,43.243174],[6.063151,43.243227],[6.063121,43.243256],[6.063081,43.243306],[6.063035,43.243372],[6.063027,43.243388],[6.062469,43.243232],[6.062658,43.242877],[6.062763,43.242913],[6.063187,43.243063]]]]}},{"type":"Feature","properties":{"numero":"0094","section":"AI","code_insee":"83049","id_parc":"83049_AI_0094"},"geometry":{"type":"MultiPolygon","coordinates":[[[[6.067327,43.243456],[6.067357,43.243464],[6.067532,43.243511],[6.067416,43.243743],[6.067211,43.243688],[6.067327,43.243456]]]]}},{"type":"Feature","properties":{"numero":"0094","section":"0H","code_insee":"83049","id_parc":"83049_0H_0094"},"geometry":{"type":"MultiPolygon","coordinates":[[[[6.057565,43.249829],[6.057528,43.249983],[6.056932,43.249216],[6.057075,43.249178],[6.057268,43.249156],[6.057427,43.249283],[6.057784,43.249575],[6.057734,43.249621],[6.057672,43.249691],[6.057617,43.24976],[6.057565,43.249829]]]]}},{"type":"Feature","properties":{"numero":"0943","section":"0H","code_insee":"83049","id_parc":"83049_0H_0943"},"geometry":{"type":"MultiPolygon","coordinates":[[[[6.054966,43.24289],[6.055044,43.243034],[6.055081,43.243106],[6.054862,43.243148],[6.054851,43.243164],[6.054709,43.243192],[6.054709,43.243222],[6.054509,43.243261],[6.05434,43.243305],[6.054209,43.243058],[6.054151,43.242854],[6.054053,43.242823],[6.053954,43.24252],[6.053916,43.242431],[6.053789,43.242221],[6.053986,43.242275],[6.054014,43.242274],[6.054214,43.242176],[6.054506,43.241931],[6.054648,43.242204],[6.054712,43.242366],[6.054773,43.242528],[6.0548,43.242605],[6.054885,43.242747],[6.054966,43.24289]]]]}},{"type":"Feature","properties":{"numero":"0944","section":"0H","code_insee":"83049","id_parc":"83049_0H_0944"},"geometry":{"type":"MultiPolygon","coordinates":[[[[6.054851,43.243164],[6.054862,43.243148],[6.055081,43.243106],[6.055153,43.243261],[6.055224,43.243388],[6.055426,43.243686],[6.055462,43.243767],[6.055543,43.243969],[6.055645,43.244213],[6.055336,43.244403],[6.054989,43.24458],[6.054904,43.244644],[6.054792,43.244616],[6.054678,43.244652],[6.054585,43.244699],[6.054538,43.244694],[6.054413,43.244748],[6.054364,43.24475],[6.054315,43.244749],[6.054267,43.244745],[6.054245,43.244743],[6.054227,43.244682],[6.05413,43.244475],[6.053854,43.244073],[6.053752,43.243935],[6.053696,43.243771],[6.053654,43.243698],[6.053753,43.243709],[6.053868,43.243741],[6.054007,43.24381],[6.054065,43.243822],[6.054277,43.243863],[6.05449,43.243901],[6.054704,43.243936],[6.054443,43.243539],[6.054413,43.243438],[6.054363,43.243359],[6.05434,43.243305],[6.054509,43.243261],[6.054709,43.243222],[6.054709,43.243192],[6.054851,43.243164]]]]}},{"type":"Feature","properties":{"numero":"0095","section":"AC","code_insee":"83049","id_parc":"83049_AC_0095"},"geometry":{"type":"MultiPolygon","coordinates":[[[[6.069748,43.238565],[6.069662,43.23849],[6.069627,43.23846],[6.06961,43.238446],[6.069568,43.238411],[6.069663,43.238352],[6.069717,43.23832],[6.069733,43.238333],[6.06977,43.238365],[6.069799,43.238391],[6.069897,43.238477],[6.069923,43.2385],[6.069857,43.238538],[6.069864,43.238544],[6.069933,43.238598],[6.069892,43.238624],[6.06999,43.238705],[6.069973,43.238718],[6.0698,43.238577],[6.06978,43.238592],[6.069748,43.238565]]]]}},{"type":"Feature","properties":{"numero":"0095","section":"AE","code_insee":"83049","id_parc":"83049_AE_0095"},"geometry":{"type":"MultiPolygon","coordinates":[[[[6.060385,43.240629],[6.060328,43.240562],[6.060297,43.240525],[6.06032,43.240468],[6.060359,43.24038],[6.060413,43.240254],[6.060444,43.240197],[6.060446,43.240191],[6.060475,43.240117],[6.060498,43.24006],[6.060538,43.239957],[6.060584,43.239955],[6.060622,43.239963],[6.060645,43.239967],[6.060774,43.240008],[6.060784,43.240011],[6.060735,43.240116],[6.060811,43.240137],[6.0608,43.240157],[6.060778,43.240204],[6.060769,43.240228],[6.06076,43.240254],[6.060755,43.240265],[6.060703,43.240378],[6.060691,43.240407],[6.060677,43.24044],[6.060663,43.240465],[6.060658,43.240487],[6.060648,43.240517],[6.060575,43.240678],[6.060524,43.240791],[6.060458,43.240714],[6.060404,43.240651],[6.060385,43.240629]]]]}},{"type":"Feature","properties":{"numero":"0095","section":"AH","code_insee":"83049","id_parc":"83049_AH_0095"},"geometry":{"type":"MultiPolygon","coordinates":[[[[6.063991,43.243271],[6.064164,43.243392],[6.064188,43.243406],[6.064187,43.243408],[6.064182,43.243418],[6.064148,43.243481],[6.064095,43.243525],[6.064044,43.243565],[6.064037,43.243569],[6.064028,43.243575],[6.064019,43.243581],[6.06401,43.243586],[6.063999,43.243592],[6.063989,43.243597],[6.063979,43.243601],[6.063949,43.243614],[6.06387,43.243651],[6.06376,43.243714],[6.063715,43.243736],[6.063674,43.243756],[6.063602,43.243791],[6.063542,43.243819],[6.063448,43.243843],[6.063445,43.243849],[6.063438,43.243873],[6.063072,43.243837],[6.063076,43.243759],[6.063073,43.243758],[6.063039,43.243755],[6.06304,43.243646],[6.063059,43.24357],[6.063087,43.243524],[6.063148,43.243421],[6.063208,43.243336],[6.063261,43.243303],[6.063421,43.243229],[6.063433,43.243225],[6.063444,43.243221],[6.063456,43.243218],[6.063467,43.243215],[6.063479,43.243213],[6.063491,43.243211],[6.063503,43.243209],[6.063515,43.243207],[6.063528,43.243206],[6.06354,43.243205],[6.063552,43.243205],[6.063564,43.243205],[6.063577,43.243205],[6.063589,43.243206],[6.063601,43.243207],[6.063613,43.243208],[6.063626,43.243209],[6.063638,43.243211],[6.063649,43.243214],[6.063953,43.243248],[6.063983,43.243244],[6.063991,43.243271]]]]}},{"type":"Feature","properties":{"numero":"0095","section":"AI","code_insee":"83049","id_parc":"83049_AI_0095"},"geometry":{"type":"MultiPolygon","coordinates":[[[[6.067247,43.243563],[6.067304,43.24345],[6.067327,43.243456],[6.067211,43.243688],[6.067147,43.243816],[6.067146,43.24384],[6.067133,43.244017],[6.067121,43.244174],[6.067089,43.244162],[6.067101,43.244115],[6.067108,43.244007],[6.067123,43.243815],[6.067146,43.243765],[6.067178,43.243697],[6.067247,43.243563]]]]}},{"type":"Feature","properties":{"numero":"0095","section":"0H","code_insee":"83049","id_parc":"83049_0H_0095"},"geometry":{"type":"MultiPolygon","coordinates":[[[[6.057952,43.249448],[6.057784,43.249575],[6.057427,43.249283],[6.057704,43.249092],[6.057754,43.249116],[6.057816,43.249119],[6.057863,43.249096],[6.057909,43.24907],[6.057949,43.249044],[6.058223,43.249284],[6.058152,43.249346],[6.057952,43.249448]]]]}},{"type":"Feature","properties":{"numero":"0096","section":"AC","code_insee":"83049","id_parc":"83049_AC_0096"},"geometry":{"type":"MultiPolygon","coordinates":[[[[6.069933,43.238598],[6.07003,43.238675],[6.06999,43.238705],[6.069892,43.238624],[6.069933,43.238598]]]]}},{"type":"Feature","properties":{"numero":"0096","section":"AD","code_insee":"83049","id_parc":"83049_AD_0096"},"geometry":{"type":"MultiPolygon","coordinates":[[[[6.065919,43.238135],[6.065938,43.238057],[6.065955,43.237984],[6.066005,43.237773],[6.06601,43.237765],[6.066017,43.237758],[6.066031,43.237753],[6.066049,43.237753],[6.066064,43.237758],[6.066244,43.237819],[6.066395,43.237876],[6.066377,43.237963],[6.066355,43.238071],[6.066334,43.238071],[6.066307,43.238234],[6.066304,43.238252],[6.066299,43.238276],[6.065905,43.238192],[6.065919,43.238135]]]]}},{"type":"Feature","properties":{"numero":"0096","section":"AE","code_insee":"83049","id_parc":"83049_AE_0096"},"geometry":{"type":"MultiPolygon","coordinates":[[[[6.060811,43.240137],[6.060735,43.240116],[6.060784,43.240011],[6.06086,43.240033],[6.06083,43.240098],[6.060811,43.240137]]]]}},{"type":"Feature","properties":{"numero":"0096","section":"AH","code_insee":"83049","id_parc":"83049_AH_0096"},"geometry":{"type":"MultiPolygon","coordinates":[[[[6.064394,43.242881],[6.064422,43.242846],[6.064707,43.24301],[6.064587,43.243086],[6.064551,43.243114],[6.064543,43.243121],[6.06442,43.243222],[6.064416,43.24323],[6.064311,43.243291],[6.06421,43.243362],[6.064205,43.243367],[6.064198,43.243383],[6.064188,43.243406],[6.064164,43.243392],[6.063991,43.243271],[6.063983,43.243244],[6.063991,43.243239],[6.064015,43.243237],[6.064038,43.243243],[6.064049,43.243241],[6.064101,43.243219],[6.064192,43.243172],[6.064242,43.243078],[6.064258,43.243063],[6.064304,43.243018],[6.064394,43.242881]]]]}},{"type":"Feature","properties":{"numero":"0096","section":"AI","code_insee":"83049","id_parc":"83049_AI_0096"},"geometry":{"type":"MultiPolygon","coordinates":[[[[6.067704,43.243485],[6.067404,43.243405],[6.067542,43.243248],[6.067848,43.243329],[6.067783,43.243458],[6.067776,43.243471],[6.067771,43.243481],[6.067764,43.243487],[6.067758,43.24349],[6.06775,43.243493],[6.067741,43.243493],[6.067704,43.243485]]]]}},{"type":"Feature","properties":{"numero":"0096","section":"0C","code_insee":"83049","id_parc":"83049_0C_0096"},"geometry":{"type":"MultiPolygon","coordinates":[[[[6.069092,43.25989],[6.068957,43.260272],[6.068896,43.260287],[6.068645,43.260194],[6.068552,43.259942],[6.068544,43.259865],[6.068609,43.259874],[6.068662,43.259862],[6.068832,43.259899],[6.069002,43.259884],[6.069092,43.25989]]]]}},{"type":"Feature","properties":{"numero":"0097","section":"AC","code_insee":"83049","id_parc":"83049_AC_0097"},"geometry":{"type":"MultiPolygon","coordinates":[[[[6.069864,43.238544],[6.069857,43.238538],[6.069923,43.2385],[6.069928,43.238505],[6.070086,43.238628],[6.07003,43.238675],[6.069933,43.238598],[6.069864,43.238544]]]]}},{"type":"Feature","properties":{"numero":"0097","section":"AD","code_insee":"83049","id_parc":"83049_AD_0097"},"geometry":{"type":"MultiPolygon","coordinates":[[[[6.066065,43.238655],[6.065866,43.23858],[6.065846,43.238573],[6.065796,43.238555],[6.065785,43.238551],[6.065796,43.238521],[6.065813,43.238474],[6.065844,43.238348],[6.065905,43.238192],[6.066299,43.238276],[6.066289,43.238326],[6.066314,43.23833],[6.066327,43.238332],[6.066294,43.238408],[6.066274,43.23845],[6.066252,43.238499],[6.06625,43.238499],[6.066234,43.238533],[6.066227,43.238547],[6.066188,43.238632],[6.06616,43.238693],[6.066119,43.238677],[6.066065,43.238655]]]]}},{"type":"Feature","properties":{"numero":"0097","section":"AH","code_insee":"83049","id_parc":"83049_AH_0097"},"geometry":{"type":"MultiPolygon","coordinates":[[[[6.064731,43.242996],[6.064707,43.24301],[6.064422,43.242846],[6.064425,43.242842],[6.064467,43.242806],[6.064593,43.242731],[6.064857,43.242653],[6.065004,43.242612],[6.065195,43.242575],[6.065198,43.242587],[6.065202,43.242595],[6.065235,43.242652],[6.065267,43.242708],[6.065284,43.242759],[6.065227,43.242777],[6.065097,43.242824],[6.065008,43.24286],[6.064832,43.242939],[6.064731,43.242996]]]]}},{"type":"Feature","properties":{"numero":"0097","section":"AI","code_insee":"83049","id_parc":"83049_AI_0097"},"geometry":{"type":"MultiPolygon","coordinates":[[[[6.067939,43.243146],[6.067848,43.243329],[6.067542,43.243248],[6.067741,43.243031],[6.067939,43.243146]]]]}},{"type":"Feature","properties":{"numero":"0097","section":"0H","code_insee":"83049","id_parc":"83049_0H_0097"},"geometry":{"type":"MultiPolygon","coordinates":[[[[6.057704,43.249092],[6.057427,43.249283],[6.057268,43.249156],[6.056598,43.248507],[6.056672,43.248504],[6.056734,43.248502],[6.0569,43.248481],[6.05691,43.24848],[6.05691,43.248487],[6.056998,43.248471],[6.057409,43.248359],[6.057503,43.248333],[6.057572,43.248315],[6.057695,43.248278],[6.057842,43.248242],[6.057906,43.248225],[6.058034,43.248273],[6.058227,43.248314],[6.058415,43.248416],[6.058601,43.248519],[6.058707,43.24858],[6.057949,43.249044],[6.057909,43.24907],[6.057863,43.249096],[6.057816,43.249119],[6.057754,43.249116],[6.057704,43.249092]]]]}},{"type":"Feature","properties":{"numero":"0098","section":"AC","code_insee":"83049","id_parc":"83049_AC_0098"},"geometry":{"type":"MultiPolygon","coordinates":[[[[6.06977,43.238365],[6.069733,43.238333],[6.069717,43.23832],[6.069802,43.238268],[6.069847,43.238241],[6.069862,43.23826],[6.069876,43.238277],[6.069895,43.238267],[6.070005,43.238396],[6.070008,43.2384],[6.070022,43.238423],[6.07003,43.238428],[6.069971,43.238464],[6.069981,43.238471],[6.070134,43.238587],[6.070086,43.238628],[6.069928,43.238505],[6.069923,43.2385],[6.069897,43.238477],[6.069799,43.238391],[6.06977,43.238365]]]]}},{"type":"Feature","properties":{"numero":"0098","section":"AD","code_insee":"83049","id_parc":"83049_AD_0098"},"geometry":{"type":"MultiPolygon","coordinates":[[[[6.065091,43.238272],[6.065093,43.238229],[6.065099,43.238164],[6.065104,43.238107],[6.065112,43.238046],[6.065128,43.237935],[6.065136,43.237853],[6.065152,43.237763],[6.065194,43.237772],[6.065332,43.237811],[6.065366,43.23773],[6.065425,43.23778],[6.065651,43.237873],[6.065723,43.237891],[6.065908,43.237965],[6.065955,43.237984],[6.065938,43.238057],[6.065919,43.238135],[6.065905,43.238192],[6.065844,43.238348],[6.065813,43.238474],[6.065796,43.238521],[6.065785,43.238551],[6.065657,43.238514],[6.065424,43.238442],[6.065363,43.238422],[6.06533,43.238411],[6.065291,43.238347],[6.065235,43.238337],[6.065174,43.238298],[6.065117,43.23828],[6.065091,43.238272]]]]}},{"type":"Feature","properties":{"numero":"0098","section":"AE","code_insee":"83049","id_parc":"83049_AE_0098"},"geometry":{"type":"MultiPolygon","coordinates":[[[[6.060359,43.24038],[6.06032,43.240468],[6.060297,43.240525],[6.060116,43.240303],[6.059979,43.240144],[6.059878,43.240025],[6.059765,43.239891],[6.05986,43.239833],[6.060224,43.239983],[6.060538,43.239957],[6.060498,43.24006],[6.060475,43.240117],[6.060446,43.240191],[6.060444,43.240197],[6.060413,43.240254],[6.060359,43.24038]]]]}},{"type":"Feature","properties":{"numero":"0098","section":"AH","code_insee":"83049","id_parc":"83049_AH_0098"},"geometry":{"type":"MultiPolygon","coordinates":[[[[6.065124,43.243413],[6.064779,43.243604],[6.064777,43.243605],[6.064741,43.243569],[6.064658,43.243484],[6.064619,43.243445],[6.064611,43.243409],[6.064604,43.243371],[6.064601,43.243359],[6.064596,43.243355],[6.064569,43.243336],[6.064539,43.243315],[6.06448,43.243273],[6.064429,43.243236],[6.064425,43.243233],[6.064422,43.243231],[6.064426,43.243226],[6.06447,43.243187],[6.064484,43.243176],[6.06457,43.243106],[6.064588,43.24309],[6.064769,43.242978],[6.064839,43.242941],[6.065107,43.242825],[6.065145,43.242811],[6.065286,43.242763],[6.065368,43.242758],[6.065396,43.242771],[6.06541,43.242776],[6.065427,43.242785],[6.065439,43.242791],[6.065452,43.2428],[6.065462,43.242807],[6.065472,43.242816],[6.065481,43.242824],[6.065492,43.242836],[6.065499,43.242845],[6.065511,43.242861],[6.065558,43.242925],[6.065601,43.242997],[6.065585,43.243005],[6.06507,43.243264],[6.065026,43.243288],[6.065063,43.243331],[6.065131,43.243409],[6.065124,43.243413]]]]}},{"type":"Feature","properties":{"numero":"0098","section":"AI","code_insee":"83049","id_parc":"83049_AI_0098"},"geometry":{"type":"MultiPolygon","coordinates":[[[[6.067939,43.243146],[6.067741,43.243031],[6.067881,43.242878],[6.067899,43.24289],[6.067948,43.242923],[6.067969,43.242938],[6.068143,43.243054],[6.068078,43.243183],[6.067939,43.243146]]]]}},{"type":"Feature","properties":{"numero":"0099","section":"AC","code_insee":"83049","id_parc":"83049_AC_0099"},"geometry":{"type":"MultiPolygon","coordinates":[[[[6.069981,43.238471],[6.069971,43.238464],[6.07003,43.238428],[6.070041,43.238436],[6.070193,43.238539],[6.070134,43.238587],[6.069981,43.238471]]]]}},{"type":"Feature","properties":{"numero":"0099","section":"AD","code_insee":"83049","id_parc":"83049_AD_0099"},"geometry":{"type":"MultiPolygon","coordinates":[[[[6.065158,43.23743],[6.065303,43.237376],[6.065446,43.237351],[6.06552,43.237462],[6.065598,43.237549],[6.065671,43.237582],[6.065766,43.237607],[6.065807,43.237629],[6.065846,43.237637],[6.065882,43.237624],[6.065995,43.237645],[6.066029,43.237656],[6.066032,43.237693],[6.066229,43.237764],[6.066812,43.237951],[6.066943,43.237993],[6.066914,43.238027],[6.066756,43.237973],[6.066667,43.237943],[6.066632,43.237931],[6.066595,43.237918],[6.066508,43.237897],[6.066395,43.237876],[6.066244,43.237819],[6.066064,43.237758],[6.066049,43.237753],[6.066031,43.237753],[6.066017,43.237758],[6.06601,43.237765],[6.066005,43.237773],[6.065955,43.237984],[6.065908,43.237965],[6.065723,43.237891],[6.065651,43.237873],[6.065425,43.23778],[6.065366,43.23773],[6.065332,43.237811],[6.065194,43.237772],[6.065152,43.237763],[6.065136,43.237853],[6.065128,43.237935],[6.065112,43.238046],[6.065104,43.238107],[6.065099,43.238164],[6.064815,43.238048],[6.064785,43.237958],[6.064777,43.237833],[6.064879,43.237563],[6.064994,43.237387],[6.065158,43.23743]]]]}},{"type":"Feature","properties":{"numero":"0099","section":"AE","code_insee":"83049","id_parc":"83049_AE_0099"},"geometry":{"type":"MultiPolygon","coordinates":[[[[6.059979,43.240144],[6.060116,43.240303],[6.060297,43.240525],[6.060328,43.240562],[6.060385,43.240629],[6.060404,43.240651],[6.060458,43.240714],[6.060524,43.240791],[6.060531,43.2408],[6.060311,43.240966],[6.060205,43.241049],[6.060141,43.240972],[6.060078,43.240921],[6.05998,43.240791],[6.059876,43.240684],[6.059844,43.240651],[6.059735,43.240483],[6.059677,43.24042],[6.059617,43.240341],[6.059584,43.240293],[6.05954,43.240252],[6.059522,43.240234],[6.059493,43.240196],[6.059477,43.240169],[6.059452,43.240147],[6.059416,43.240108],[6.059099,43.240177],[6.059057,43.240112],[6.059278,43.240058],[6.059765,43.239891],[6.059878,43.240025],[6.059979,43.240144]]]]}},{"type":"Feature","properties":{"numero":"0099","section":"AH","code_insee":"83049","id_parc":"83049_AH_0099"},"geometry":{"type":"MultiPolygon","coordinates":[[[[6.06507,43.243264],[6.065585,43.243005],[6.065601,43.242997],[6.065622,43.243045],[6.065293,43.24321],[6.065428,43.243474],[6.0654,43.243485],[6.065339,43.243505],[6.065277,43.243517],[6.065241,43.243519],[6.065215,43.24352],[6.065191,43.24352],[6.065172,43.243526],[6.065127,43.243546],[6.065101,43.243557],[6.065073,43.243567],[6.065046,43.243579],[6.064974,43.243615],[6.06493,43.243636],[6.064882,43.243658],[6.064844,43.243674],[6.064777,43.243605],[6.064779,43.243604],[6.065124,43.243413],[6.065131,43.243409],[6.065063,43.243331],[6.065026,43.243288],[6.06507,43.243264]]]]}},{"type":"Feature","properties":{"numero":"0099","section":"AI","code_insee":"83049","id_parc":"83049_AI_0099"},"geometry":{"type":"MultiPolygon","coordinates":[[[[6.068346,43.243197],[6.068257,43.243377],[6.068013,43.243312],[6.068078,43.243183],[6.068143,43.243054],[6.068284,43.243147],[6.06828,43.24315],[6.068346,43.243197]]]]}},{"type":"Feature","properties":{"numero":"0991","section":"0H","code_insee":"83049","id_parc":"83049_0H_0991"},"geometry":{"type":"MultiPolygon","coordinates":[[[[6.05081,43.239433],[6.050796,43.239422],[6.051588,43.238798],[6.051716,43.238698],[6.051752,43.238724],[6.05172,43.238751],[6.050827,43.239448],[6.05081,43.239433]]]]}},{"type":"Feature","properties":{"numero":"0992","section":"0H","code_insee":"83049","id_parc":"83049_0H_0992"},"geometry":{"type":"MultiPolygon","coordinates":[[[[6.051764,43.239535],[6.051621,43.239623],[6.051521,43.239668],[6.051365,43.239739],[6.051271,43.239793],[6.051246,43.239729],[6.051225,43.2397],[6.051152,43.239638],[6.051038,43.239537],[6.051022,43.239528],[6.051001,43.239519],[6.050977,43.239512],[6.050952,43.239509],[6.050874,43.239483],[6.050904,43.239449],[6.050858,43.239427],[6.050835,43.239454],[6.050827,43.239448],[6.05172,43.238751],[6.051949,43.239044],[6.052225,43.239397],[6.051764,43.239535]]]]}},{"type":"Feature","properties":{"numero":"0994","section":"0H","code_insee":"83049","id_parc":"83049_0H_0994"},"geometry":{"type":"MultiPolygon","coordinates":[[[[6.051472,43.238062],[6.051552,43.237984],[6.051854,43.237732],[6.052196,43.23815],[6.052252,43.238161],[6.052317,43.23824],[6.052328,43.238276],[6.051754,43.238722],[6.051752,43.238724],[6.051716,43.238698],[6.051588,43.238798],[6.051041,43.238453],[6.051304,43.238228],[6.051472,43.238062]]]]}},{"type":"Feature","properties":{"numero":"0995","section":"0H","code_insee":"83049","id_parc":"83049_0H_0995"},"geometry":{"type":"MultiPolygon","coordinates":[[[[6.050342,43.239203],[6.050226,43.239154],[6.050112,43.239102],[6.050304,43.238963],[6.05063,43.238761],[6.050934,43.238545],[6.051041,43.238453],[6.051588,43.238798],[6.050796,43.239422],[6.050731,43.239369],[6.050649,43.239308],[6.050429,43.239238],[6.050342,43.239203]]]]}},{"type":"Feature","properties":{"numero":"0105","section":"0A","code_insee":"83049","id_parc":"83049_0A_0105"},"geometry":{"type":"MultiPolygon","coordinates":[[[[6.043059,43.253574],[6.043002,43.253576],[6.043001,43.253533],[6.04306,43.253532],[6.043059,43.253574]]]]}},{"type":"Feature","properties":{"numero":"0118","section":"AI","code_insee":"83049","id_parc":"83049_AI_0118"},"geometry":{"type":"MultiPolygon","coordinates":[[[[6.069346,43.242623],[6.069376,43.242658],[6.069305,43.242689],[6.069232,43.242555],[6.069131,43.242372],[6.069148,43.242391],[6.069238,43.242497],[6.069273,43.242538],[6.069332,43.242607],[6.069346,43.242623]]]]}},{"type":"Feature","properties":{"numero":"0013","section":"AB","code_insee":"83049","id_parc":"83049_AB_0013"},"geometry":{"type":"MultiPolygon","coordinates":[[[[6.070603,43.238456],[6.070625,43.23847],[6.070666,43.23849],[6.070608,43.238542],[6.070604,43.238539],[6.070569,43.238519],[6.070546,43.238506],[6.070544,43.238505],[6.070412,43.23843],[6.070469,43.238382],[6.070479,43.238388],[6.07054,43.238422],[6.070596,43.238452],[6.070603,43.238456]]]]}},{"type":"Feature","properties":{"numero":"0014","section":"AI","code_insee":"83049","id_parc":"83049_AI_0014"},"geometry":{"type":"MultiPolygon","coordinates":[[[[6.067135,43.242846],[6.067113,43.242827],[6.067023,43.242748],[6.067456,43.242557],[6.0675,43.242606],[6.067582,43.242695],[6.067541,43.242729],[6.067392,43.24286],[6.067273,43.242966],[6.067135,43.242846]]]]}},{"type":"Feature","properties":{"numero":"0159","section":"AH","code_insee":"83049","id_parc":"83049_AH_0159"},"geometry":{"type":"MultiPolygon","coordinates":[[[[6.064075,43.244084],[6.064085,43.244177],[6.064025,43.244239],[6.06407,43.244099],[6.064075,43.244084]]]]}},{"type":"Feature","properties":{"numero":"0016","section":"AB","code_insee":"83049","id_parc":"83049_AB_0016"},"geometry":{"type":"MultiPolygon","coordinates":[[[[6.070698,43.238285],[6.070686,43.238295],[6.070644,43.238334],[6.070591,43.238308],[6.070571,43.238298],[6.070694,43.238197],[6.070763,43.23823],[6.070738,43.238253],[6.070709,43.238275],[6.070698,43.238285]]]]}},{"type":"Feature","properties":{"numero":"0169","section":"AH","code_insee":"83049","id_parc":"83049_AH_0169"},"geometry":{"type":"MultiPolygon","coordinates":[[[[6.060896,43.243207],[6.060741,43.243178],[6.060712,43.243172],[6.060802,43.243046],[6.060819,43.243018],[6.060734,43.242986],[6.060846,43.242813],[6.060854,43.242798],[6.060863,43.242782],[6.061282,43.242892],[6.061217,43.243068],[6.061184,43.243158],[6.061146,43.243248],[6.061131,43.243284],[6.061129,43.243293],[6.061125,43.243291],[6.061047,43.243263],[6.061013,43.243246],[6.060966,43.243221],[6.060934,43.243204],[6.06092,43.243197],[6.060896,43.243207]]]]}},{"type":"Feature","properties":{"numero":"0177","section":"0H","code_insee":"83049","id_parc":"83049_0H_0177"},"geometry":{"type":"MultiPolygon","coordinates":[[[[6.056711,43.243507],[6.056964,43.243341],[6.057555,43.243516],[6.057452,43.243707],[6.057274,43.243898],[6.057219,43.243973],[6.057178,43.244015],[6.056434,43.243728],[6.05651,43.243653],[6.056711,43.243507]]]]}},{"type":"Feature","properties":{"numero":"0180","section":"AC","code_insee":"83049","id_parc":"83049_AC_0180"},"geometry":{"type":"MultiPolygon","coordinates":[[[[6.069563,43.239774],[6.069573,43.239787],[6.069486,43.23982],[6.069465,43.239736],[6.069518,43.239715],[6.069563,43.239774]]]]}},{"type":"Feature","properties":{"numero":"1967","section":"0C","code_insee":"83049","id_parc":"83049_0C_1967"},"geometry":{"type":"MultiPolygon","coordinates":[[[[6.067186,43.250961],[6.06739,43.250863],[6.06806,43.250769],[6.068033,43.251339],[6.067702,43.25131],[6.067312,43.251255],[6.067067,43.251245],[6.067059,43.251222],[6.067031,43.251205],[6.066994,43.251197],[6.066999,43.251176],[6.067119,43.251061],[6.067131,43.251047],[6.067167,43.251006],[6.067178,43.250987],[6.067185,43.250967],[6.067186,43.250961]]]]}},{"type":"Feature","properties":{"numero":"1977","section":"0C","code_insee":"83049","id_parc":"83049_0C_1977"},"geometry":{"type":"MultiPolygon","coordinates":[[[[6.066012,43.253046],[6.066016,43.253059],[6.065435,43.253447],[6.065158,43.253677],[6.065006,43.253758],[6.065035,43.253662],[6.064613,43.253435],[6.06464,43.253265],[6.065305,43.252742],[6.065509,43.252826],[6.06561,43.252859],[6.065709,43.252895],[6.065806,43.252934],[6.065855,43.252955],[6.065956,43.253003],[6.066012,43.253046]]]]}},{"type":"Feature","properties":{"numero":"0200","section":"0H","code_insee":"83049","id_parc":"83049_0H_0200"},"geometry":{"type":"MultiPolygon","coordinates":[[[[6.054676,43.241747],[6.05461,43.241587],[6.054517,43.24134],[6.054759,43.241288],[6.054842,43.241523],[6.054782,43.241579],[6.054785,43.241629],[6.054751,43.241674],[6.054676,43.241747]]]]}},{"type":"Feature","properties":{"numero":"0022","section":"AD","code_insee":"83049","id_parc":"83049_AD_0022"},"geometry":{"type":"MultiPolygon","coordinates":[[[[6.066192,43.240955],[6.066155,43.240977],[6.066087,43.24091],[6.066131,43.240885],[6.06618,43.240924],[6.066208,43.240946],[6.066192,43.240955]]]]}},{"type":"Feature","properties":{"numero":"0222","section":"0H","code_insee":"83049","id_parc":"83049_0H_0222"},"geometry":{"type":"MultiPolygon","coordinates":[[[[6.05128,43.242821],[6.05126,43.24279],[6.051583,43.242695],[6.051618,43.242811],[6.051738,43.24297],[6.051805,43.243116],[6.051934,43.243454],[6.051984,43.243533],[6.052019,43.243624],[6.051838,43.243669],[6.051708,43.243685],[6.051602,43.243471],[6.051475,43.243223],[6.051345,43.242976],[6.05128,43.242821]]]]}},{"type":"Feature","properties":{"numero":"0227","section":"0H","code_insee":"83049","id_parc":"83049_0H_0227"},"geometry":{"type":"MultiPolygon","coordinates":[[[[6.050803,43.244531],[6.050973,43.244462],[6.051213,43.244406],[6.051222,43.244471],[6.051387,43.244959],[6.051429,43.245142],[6.051537,43.245453],[6.051363,43.24545],[6.05131,43.245458],[6.051291,43.245468],[6.051269,43.245475],[6.051246,43.245479],[6.051238,43.24548],[6.051174,43.245537],[6.05115,43.245549],[6.050986,43.245604],[6.050706,43.245657],[6.05064,43.245676],[6.050571,43.245741],[6.050479,43.245878],[6.050431,43.245911],[6.050198,43.24598],[6.050116,43.246037],[6.049937,43.246182],[6.049746,43.246364],[6.049393,43.246039],[6.049286,43.245974],[6.048843,43.245673],[6.04894,43.245633],[6.049023,43.245537],[6.04913,43.245438],[6.049378,43.245143],[6.049577,43.244968],[6.049687,43.244902],[6.049826,43.244823],[6.049935,43.244775],[6.049996,43.244747],[6.050803,43.244531]]]]}},{"type":"Feature","properties":{"numero":"0244","section":"0A","code_insee":"83049","id_parc":"83049_0A_0244"},"geometry":{"type":"MultiPolygon","coordinates":[[[[6.046571,43.259256],[6.046465,43.259276],[6.046063,43.259315],[6.046086,43.259264],[6.046178,43.259016],[6.046409,43.259014],[6.046422,43.258999],[6.046485,43.258994],[6.046607,43.258976],[6.046817,43.258939],[6.046875,43.258934],[6.047114,43.258932],[6.047193,43.258911],[6.047649,43.258856],[6.047993,43.2588],[6.048013,43.258815],[6.048061,43.258804],[6.048229,43.258796],[6.048232,43.258786],[6.048565,43.258764],[6.04856,43.258809],[6.048543,43.258846],[6.048453,43.258971],[6.048375,43.259095],[6.048328,43.259205],[6.048302,43.259234],[6.048272,43.259277],[6.048249,43.259322],[6.048072,43.259315],[6.048017,43.259321],[6.04785,43.259335],[6.047683,43.259343],[6.04752,43.259388],[6.047206,43.259447],[6.046697,43.259513],[6.046706,43.259471],[6.046737,43.259353],[6.046777,43.259236],[6.046571,43.259256]]]]}},{"type":"Feature","properties":{"numero":"0256","section":"0H","code_insee":"83049","id_parc":"83049_0H_0256"},"geometry":{"type":"MultiPolygon","coordinates":[[[[6.05423,43.241103],[6.054191,43.241013],[6.054099,43.240799],[6.053986,43.240538],[6.054306,43.240454],[6.054498,43.240428],[6.054601,43.24042],[6.054875,43.240438],[6.055022,43.240434],[6.055207,43.240873],[6.055182,43.240883],[6.054985,43.241011],[6.054929,43.241027],[6.054824,43.241023],[6.054657,43.240969],[6.054574,43.240951],[6.054528,43.240956],[6.054351,43.241052],[6.05423,43.241103]]]]}},{"type":"Feature","properties":{"numero":"0257","section":"0H","code_insee":"83049","id_parc":"83049_0H_0257"},"geometry":{"type":"MultiPolygon","coordinates":[[[[6.053563,43.241236],[6.053561,43.241232],[6.053539,43.241185],[6.053561,43.24118],[6.053715,43.241139],[6.053833,43.241108],[6.053892,43.241092],[6.053959,43.241074],[6.054191,43.241013],[6.05423,43.241103],[6.054144,43.241134],[6.054056,43.241162],[6.053957,43.24119],[6.053921,43.241191],[6.053794,43.241179],[6.053749,43.241186],[6.053563,43.241236]]]]}},{"type":"Feature","properties":{"numero":"0259","section":"AI","code_insee":"83049","id_parc":"83049_AI_0259"},"geometry":{"type":"MultiPolygon","coordinates":[[[[6.0705,43.240983],[6.07059,43.241023],[6.070441,43.241152],[6.070194,43.241],[6.07013,43.240961],[6.070179,43.24093],[6.070209,43.24088],[6.070233,43.240876],[6.070306,43.240895],[6.070373,43.240926],[6.0705,43.240983]]]]}},{"type":"Feature","properties":{"numero":"0259","section":"0A","code_insee":"83049","id_parc":"83049_0A_0259"},"geometry":{"type":"MultiPolygon","coordinates":[[[[6.048819,43.258243],[6.048791,43.258288],[6.048789,43.258298],[6.048766,43.258295],[6.048856,43.258164],[6.049011,43.258007],[6.049027,43.258017],[6.048819,43.258243]]]]}},{"type":"Feature","properties":{"numero":"0262","section":"0H","code_insee":"83049","id_parc":"83049_0H_0262"},"geometry":{"type":"MultiPolygon","coordinates":[[[[6.051729,43.241458],[6.051509,43.241545],[6.051402,43.241574],[6.051184,43.241017],[6.051729,43.240882],[6.051852,43.240859],[6.051974,43.241417],[6.051918,43.241412],[6.051835,43.241424],[6.051729,43.241458]]]]}},{"type":"Feature","properties":{"numero":"0267","section":"0H","code_insee":"83049","id_parc":"83049_0H_0267"},"geometry":{"type":"MultiPolygon","coordinates":[[[[6.046652,43.243159],[6.046529,43.243243],[6.046524,43.243234],[6.046548,43.243222],[6.046569,43.243207],[6.046583,43.243196],[6.046634,43.243137],[6.046652,43.243159]]]]}},{"type":"Feature","properties":{"numero":"0272","section":"0H","code_insee":"83049","id_parc":"83049_0H_0272"},"geometry":{"type":"MultiPolygon","coordinates":[[[[6.046438,43.245929],[6.046394,43.245831],[6.046979,43.245503],[6.04707,43.245592],[6.046644,43.245875],[6.046438,43.245929]]]]}},{"type":"Feature","properties":{"numero":"0284","section":"0C","code_insee":"83049","id_parc":"83049_0C_0284"},"geometry":{"type":"MultiPolygon","coordinates":[[[[6.070917,43.255333],[6.071023,43.255244],[6.071151,43.255163],[6.071154,43.255168],[6.071233,43.255391],[6.071339,43.255672],[6.071041,43.255764],[6.070771,43.255907],[6.070741,43.255866],[6.070712,43.255872],[6.070365,43.255728],[6.070584,43.255575],[6.0708,43.255419],[6.070917,43.255333]]]]}},{"type":"Feature","properties":{"numero":"0295","section":"0A","code_insee":"83049","id_parc":"83049_0A_0295"},"geometry":{"type":"MultiPolygon","coordinates":[[[[6.055101,43.25547],[6.053935,43.255257],[6.053935,43.255159],[6.054013,43.255012],[6.05409,43.254855],[6.05457,43.254928],[6.055436,43.255091],[6.055323,43.255226],[6.055263,43.255314],[6.055101,43.25547]]]]}},{"type":"Feature","properties":{"numero":"0297","section":"0B","code_insee":"83049","id_parc":"83049_0B_0297"},"geometry":{"type":"MultiPolygon","coordinates":[[[[6.06214,43.258155],[6.062231,43.25814],[6.062272,43.258236],[6.062179,43.258261],[6.06214,43.258155]]]]}},{"type":"Feature","properties":{"numero":"0003","section":"AD","code_insee":"83049","id_parc":"83049_AD_0003"},"geometry":{"type":"MultiPolygon","coordinates":[[[[6.064401,43.24167],[6.064342,43.241725],[6.064344,43.241803],[6.064315,43.24179],[6.064278,43.241703],[6.064559,43.241503],[6.065368,43.241089],[6.065323,43.241173],[6.06508,43.241299],[6.065014,43.241334],[6.064722,43.241477],[6.064491,43.24159],[6.064401,43.24167]]]]}},{"type":"Feature","properties":{"numero":"0311","section":"0B","code_insee":"83049","id_parc":"83049_0B_0311"},"geometry":{"type":"MultiPolygon","coordinates":[[[[6.061084,43.261385],[6.060343,43.261927],[6.060253,43.261877],[6.060613,43.261538],[6.061389,43.260789],[6.061505,43.260707],[6.061958,43.260441],[6.061934,43.260423],[6.061889,43.260392],[6.061841,43.260364],[6.062001,43.260236],[6.062223,43.260074],[6.062408,43.259934],[6.062522,43.259867],[6.062593,43.259807],[6.062759,43.259689],[6.062669,43.259602],[6.06258,43.259544],[6.062807,43.259314],[6.06284,43.259328],[6.062871,43.259344],[6.062885,43.259354],[6.062913,43.259379],[6.062942,43.259434],[6.063022,43.259481],[6.063125,43.259562],[6.063225,43.259645],[6.063295,43.259705],[6.063371,43.259761],[6.063436,43.259795],[6.063355,43.259849],[6.063066,43.260041],[6.062773,43.26023],[6.062651,43.260306],[6.062415,43.26045],[6.062223,43.260589],[6.061936,43.260778],[6.061814,43.260851],[6.06152,43.261071],[6.061084,43.261385]]]]}},{"type":"Feature","properties":{"numero":"0331","section":"0A","code_insee":"83049","id_parc":"83049_0A_0331"},"geometry":{"type":"MultiPolygon","coordinates":[[[[6.060623,43.258347],[6.06056,43.258409],[6.060475,43.258443],[6.060145,43.258268],[6.060452,43.25781],[6.060522,43.257874],[6.060892,43.258227],[6.060724,43.25828],[6.060623,43.258347]]]]}},{"type":"Feature","properties":{"numero":"0357","section":"0B","code_insee":"83049","id_parc":"83049_0B_0357"},"geometry":{"type":"MultiPolygon","coordinates":[[[[6.056983,43.260843],[6.057042,43.260977],[6.057077,43.261033],[6.056881,43.261062],[6.056824,43.260971],[6.056674,43.260807],[6.056479,43.260589],[6.056287,43.260369],[6.056043,43.260105],[6.056088,43.260084],[6.056136,43.260022],[6.056157,43.260006],[6.056192,43.259988],[6.056229,43.259972],[6.056249,43.259965],[6.056465,43.260233],[6.056616,43.260393],[6.056801,43.260631],[6.056877,43.260723],[6.056956,43.260814],[6.056983,43.260843]]]]}},{"type":"Feature","properties":{"numero":"0358","section":"0B","code_insee":"83049","id_parc":"83049_0B_0358"},"geometry":{"type":"MultiPolygon","coordinates":[[[[6.056674,43.260807],[6.056824,43.260971],[6.056881,43.261062],[6.056814,43.261079],[6.056729,43.261103],[6.056646,43.261129],[6.056597,43.261068],[6.056497,43.260951],[6.056395,43.260835],[6.056315,43.260751],[6.056077,43.260515],[6.055823,43.260244],[6.055853,43.260231],[6.055996,43.260129],[6.056043,43.260105],[6.056287,43.260369],[6.056479,43.260589],[6.056674,43.260807]]]]}},{"type":"Feature","properties":{"numero":"0367","section":"0B","code_insee":"83049","id_parc":"83049_0B_0367"},"geometry":{"type":"MultiPolygon","coordinates":[[[[6.061787,43.259091],[6.061713,43.259102],[6.061659,43.259102],[6.061677,43.258981],[6.06184,43.258774],[6.061854,43.25874],[6.061864,43.258708],[6.062199,43.25872],[6.062137,43.258843],[6.062075,43.258922],[6.062041,43.258956],[6.062006,43.258996],[6.061974,43.259038],[6.061927,43.259056],[6.061877,43.259071],[6.061852,43.259078],[6.061787,43.259091]]]]}},{"type":"Feature","properties":{"numero":"0037","section":"AH","code_insee":"83049","id_parc":"83049_AH_0037"},"geometry":{"type":"MultiPolygon","coordinates":[[[[6.058502,43.246706],[6.058434,43.246714],[6.058326,43.246626],[6.05873,43.246507],[6.058838,43.246482],[6.059043,43.246475],[6.059044,43.246512],[6.059078,43.246542],[6.059028,43.246526],[6.058995,43.246527],[6.058967,43.246532],[6.058941,43.24654],[6.058913,43.246553],[6.058843,43.246594],[6.058796,43.24662],[6.058745,43.246642],[6.058666,43.246674],[6.058621,43.246686],[6.058555,43.2467],[6.058502,43.246706]]]]}},{"type":"Feature","properties":{"numero":"0398","section":"0A","code_insee":"83049","id_parc":"83049_0A_0398"},"geometry":{"type":"MultiPolygon","coordinates":[[[[6.063358,43.252534],[6.063321,43.252546],[6.063234,43.252545],[6.06351,43.251828],[6.063923,43.251996],[6.063975,43.252017],[6.064088,43.252062],[6.064098,43.252162],[6.064025,43.25221],[6.063813,43.252336],[6.063718,43.252375],[6.063597,43.252443],[6.063408,43.252405],[6.063396,43.252441],[6.063378,43.252438],[6.063362,43.252476],[6.063344,43.252473],[6.063332,43.252507],[6.063366,43.252512],[6.063358,43.252534]]]]}},{"type":"Feature","properties":{"numero":"0417","section":"0H","code_insee":"83049","id_parc":"83049_0H_0417"},"geometry":{"type":"MultiPolygon","coordinates":[[[[6.046779,43.239775],[6.046756,43.239753],[6.046799,43.23973],[6.046819,43.239752],[6.046779,43.239775]]]]}},{"type":"Feature","properties":{"numero":"0418","section":"0A","code_insee":"83049","id_parc":"83049_0A_0418"},"geometry":{"type":"MultiPolygon","coordinates":[[[[6.062737,43.25212],[6.062461,43.252086],[6.062826,43.25141],[6.062863,43.251422],[6.062974,43.251459],[6.063049,43.251484],[6.062737,43.25212]]]]}},{"type":"Feature","properties":{"numero":"0423","section":"0A","code_insee":"83049","id_parc":"83049_0A_0423"},"geometry":{"type":"MultiPolygon","coordinates":[[[[6.061923,43.251808],[6.061838,43.251804],[6.061862,43.251644],[6.061932,43.251649],[6.061923,43.251808]]]]}},{"type":"Feature","properties":{"numero":"0450","section":"AK","code_insee":"83049","id_parc":"83049_AK_0450"},"geometry":{"type":"MultiPolygon","coordinates":[[[[6.069704,43.244644],[6.069694,43.244638],[6.069644,43.244607],[6.069815,43.244456],[6.070013,43.244467],[6.069848,43.244686],[6.069821,43.244721],[6.069804,43.24471],[6.069767,43.244686],[6.069749,43.244674],[6.069704,43.244644]]]]}},{"type":"Feature","properties":{"numero":"0469","section":"0A","code_insee":"83049","id_parc":"83049_0A_0469"},"geometry":{"type":"MultiPolygon","coordinates":[[[[6.056028,43.25302],[6.056076,43.253007],[6.055916,43.253381],[6.055886,43.25334],[6.055894,43.253273],[6.055775,43.253164],[6.055949,43.253052],[6.055987,43.253035],[6.056028,43.25302]]]]}},{"type":"Feature","properties":{"numero":"0047","section":"AD","code_insee":"83049","id_parc":"83049_AD_0047"},"geometry":{"type":"MultiPolygon","coordinates":[[[[6.068389,43.239882],[6.068454,43.239896],[6.068435,43.239956],[6.068412,43.240025],[6.068343,43.240012],[6.068389,43.239882]]]]}},{"type":"Feature","properties":{"numero":"0472","section":"0A","code_insee":"83049","id_parc":"83049_0A_0472"},"geometry":{"type":"MultiPolygon","coordinates":[[[[6.05305,43.252343],[6.053012,43.252326],[6.053038,43.252298],[6.053077,43.252314],[6.05305,43.252343]]]]}},{"type":"Feature","properties":{"numero":"0478","section":"0H","code_insee":"83049","id_parc":"83049_0H_0478"},"geometry":{"type":"MultiPolygon","coordinates":[[[[6.047845,43.239341],[6.047558,43.239213],[6.047747,43.239015],[6.047959,43.23887],[6.048043,43.238787],[6.048608,43.238967],[6.048709,43.238997],[6.048893,43.239117],[6.048547,43.239225],[6.048213,43.239042],[6.048023,43.239194],[6.047845,43.239341]]]]}},{"type":"Feature","properties":{"numero":"0492","section":"0H","code_insee":"83049","id_parc":"83049_0H_0492"},"geometry":{"type":"MultiPolygon","coordinates":[[[[6.049196,43.240708],[6.049451,43.240558],[6.049824,43.241235],[6.049617,43.241305],[6.049372,43.241357],[6.049157,43.241383],[6.048982,43.241382],[6.048833,43.241393],[6.048544,43.241371],[6.04868,43.241277],[6.048814,43.24118],[6.04886,43.241145],[6.048867,43.241094],[6.048801,43.240975],[6.048787,43.240933],[6.048925,43.240881],[6.049039,43.24079],[6.049196,43.240708]]]]}},{"type":"Feature","properties":{"numero":"0005","section":"AH","code_insee":"83049","id_parc":"83049_AH_0005"},"geometry":{"type":"MultiPolygon","coordinates":[[[[6.05549,43.247093],[6.055615,43.247021],[6.055741,43.246954],[6.055809,43.247017],[6.055995,43.247193],[6.056124,43.247308],[6.055441,43.247587],[6.055424,43.247553],[6.055422,43.247551],[6.055415,43.247541],[6.055372,43.247422],[6.055451,43.247383],[6.055504,43.247355],[6.055601,43.247307],[6.055661,43.247275],[6.05549,43.247093]]]]}},{"type":"Feature","properties":{"numero":"0504","section":"0H","code_insee":"83049","id_parc":"83049_0H_0504"},"geometry":{"type":"MultiPolygon","coordinates":[[[[6.053694,43.239127],[6.0536,43.239169],[6.053531,43.239196],[6.053384,43.239011],[6.053331,43.238921],[6.053239,43.238819],[6.053187,43.238729],[6.053159,43.238667],[6.053134,43.238604],[6.053114,43.23854],[6.053109,43.23852],[6.053086,43.238411],[6.053058,43.238302],[6.053027,43.238194],[6.053005,43.238127],[6.052995,43.238066],[6.052989,43.237876],[6.052991,43.23719],[6.053061,43.236846],[6.053076,43.236679],[6.053096,43.236512],[6.053118,43.236362],[6.053199,43.235872],[6.053212,43.235717],[6.053195,43.235493],[6.053187,43.235385],[6.053327,43.235379],[6.053477,43.235376],[6.053481,43.235482],[6.05349,43.235831],[6.05347,43.2361],[6.05338,43.236846],[6.053343,43.237014],[6.053338,43.237073],[6.053342,43.237294],[6.053335,43.237377],[6.053275,43.237809],[6.053281,43.237935],[6.053292,43.238119],[6.053323,43.238259],[6.053342,43.238422],[6.053413,43.238672],[6.053572,43.238956],[6.053694,43.239127]]]]}},{"type":"Feature","properties":{"numero":"0051","section":"AC","code_insee":"83049","id_parc":"83049_AC_0051"},"geometry":{"type":"MultiPolygon","coordinates":[[[[6.068582,43.238341],[6.068528,43.238274],[6.068491,43.238228],[6.068523,43.238214],[6.068565,43.238196],[6.068636,43.238284],[6.068656,43.23831],[6.06866,43.238315],[6.068709,43.238376],[6.068721,43.23839],[6.068727,43.238397],[6.068652,43.238429],[6.06864,43.238413],[6.068591,43.238353],[6.068582,43.238341]]]]}},{"type":"Feature","properties":{"numero":"0051","section":"AI","code_insee":"83049","id_parc":"83049_AI_0051"},"geometry":{"type":"MultiPolygon","coordinates":[[[[6.068444,43.242245],[6.068822,43.242067],[6.06894,43.242189],[6.068565,43.242374],[6.068537,43.242344],[6.068485,43.242289],[6.068444,43.242245]]]]}},{"type":"Feature","properties":{"numero":"0528","section":"0A","code_insee":"83049","id_parc":"83049_0A_0528"},"geometry":{"type":"MultiPolygon","coordinates":[[[[6.050427,43.255019],[6.050383,43.255132],[6.050375,43.255137],[6.049389,43.255039],[6.049387,43.254978],[6.04919,43.254957],[6.049283,43.2547],[6.049351,43.254517],[6.050029,43.254607],[6.050673,43.254684],[6.05055,43.254781],[6.050475,43.254861],[6.050441,43.254928],[6.050419,43.255003],[6.050427,43.255019]]]]}},{"type":"Feature","properties":{"numero":"0006","section":"AI","code_insee":"83049","id_parc":"83049_AI_0006"},"geometry":{"type":"MultiPolygon","coordinates":[[[[6.066254,43.241756],[6.066219,43.241718],[6.066045,43.241818],[6.065853,43.241545],[6.065883,43.241521],[6.066052,43.241405],[6.06628,43.241633],[6.066341,43.241695],[6.066254,43.241756]]]]}},{"type":"Feature","properties":{"numero":"0600","section":"0C","code_insee":"83049","id_parc":"83049_0C_0600"},"geometry":{"type":"MultiPolygon","coordinates":[[[[6.066036,43.253032],[6.0664,43.252798],[6.066468,43.252754],[6.066729,43.252586],[6.067049,43.252763],[6.066175,43.253369],[6.066124,43.253314],[6.066039,43.253241],[6.066024,43.253216],[6.066016,43.253165],[6.066043,43.253082],[6.066047,43.253056],[6.066036,43.253032]]]]}},{"type":"Feature","properties":{"numero":"0061","section":"AH","code_insee":"83049","id_parc":"83049_AH_0061"},"geometry":{"type":"MultiPolygon","coordinates":[[[[6.060371,43.245225],[6.060418,43.245208],[6.060854,43.245314],[6.0607,43.245651],[6.060495,43.245597],[6.060516,43.245555],[6.0604,43.245524],[6.060379,43.245567],[6.060363,43.245563],[6.060352,43.245559],[6.060341,43.245554],[6.060331,43.245549],[6.060322,43.245543],[6.060315,43.245536],[6.060309,43.245528],[6.060306,43.245524],[6.060304,43.24552],[6.0603,43.245511],[6.060298,43.245502],[6.060298,43.245497],[6.060295,43.245428],[6.060295,43.24538],[6.060371,43.245225]]]]}},{"type":"Feature","properties":{"numero":"0065","section":"AI","code_insee":"83049","id_parc":"83049_AI_0065"},"geometry":{"type":"MultiPolygon","coordinates":[[[[6.068498,43.243392],[6.068533,43.243322],[6.068881,43.243155],[6.068943,43.24327],[6.068796,43.243472],[6.068756,43.243461],[6.068593,43.243418],[6.068498,43.243392]]]]}},{"type":"Feature","properties":{"numero":"0707","section":"0A","code_insee":"83049","id_parc":"83049_0A_0707"},"geometry":{"type":"MultiPolygon","coordinates":[[[[6.060947,43.248093],[6.060831,43.248061],[6.060912,43.247912],[6.061237,43.248035],[6.061227,43.248053],[6.061187,43.248129],[6.061174,43.248154],[6.061062,43.248124],[6.060947,43.248093]]]]}},{"type":"Feature","properties":{"numero":"0709","section":"0A","code_insee":"83049","id_parc":"83049_0A_0709"},"geometry":{"type":"MultiPolygon","coordinates":[[[[6.061614,43.249473],[6.061665,43.249366],[6.061799,43.249404],[6.061745,43.249505],[6.061614,43.249473]]]]}},{"type":"Feature","properties":{"numero":"0078","section":"0A","code_insee":"83049","id_parc":"83049_0A_0078"},"geometry":{"type":"MultiPolygon","coordinates":[[[[6.044327,43.255843],[6.044297,43.255989],[6.044269,43.256152],[6.044095,43.256321],[6.043952,43.256435],[6.043964,43.256102],[6.043888,43.255835],[6.043729,43.25574],[6.043708,43.255695],[6.043674,43.25563],[6.043636,43.255567],[6.043597,43.255523],[6.04373,43.255213],[6.043773,43.255147],[6.04371,43.254775],[6.043793,43.254627],[6.043838,43.25453],[6.043886,43.254377],[6.04412,43.254471],[6.04475,43.254724],[6.044633,43.254832],[6.0446,43.254894],[6.044527,43.255019],[6.044491,43.255095],[6.044451,43.255185],[6.044434,43.255249],[6.044418,43.255339],[6.044411,43.255388],[6.044387,43.255409],[6.044377,43.255518],[6.044339,43.255762],[6.044327,43.255843]]]]}},{"type":"Feature","properties":{"numero":"0819","section":"0G","code_insee":"83049","id_parc":"83049_0G_0819"},"geometry":{"type":"MultiPolygon","coordinates":[[[[6.063881,43.239107],[6.064102,43.238502],[6.06425,43.238168],[6.064308,43.238242],[6.064348,43.238307],[6.064622,43.238787],[6.064751,43.238976],[6.063881,43.239107]]]]}},{"type":"Feature","properties":{"numero":"0092","section":"AC","code_insee":"83049","id_parc":"83049_AC_0092"},"geometry":{"type":"MultiPolygon","coordinates":[[[[6.069722,43.238772],[6.069626,43.238682],[6.069648,43.238643],[6.069674,43.238642],[6.069726,43.238685],[6.069864,43.238797],[6.069863,43.238798],[6.069799,43.238845],[6.069722,43.238772]]]]}},{"type":"Feature","properties":{"numero":"0096","section":"0H","code_insee":"83049","id_parc":"83049_0H_0096"},"geometry":{"type":"MultiPolygon","coordinates":[[[[6.058489,43.249055],[6.058223,43.249284],[6.057949,43.249044],[6.058707,43.24858],[6.058741,43.248591],[6.058709,43.248657],[6.058669,43.248779],[6.05864,43.248907],[6.058489,43.249055]]]]}},{"type":"Feature","properties":{"numero":"1841","section":"0A","code_insee":"83049","id_parc":"83049_0A_1841"},"geometry":{"type":"MultiPolygon","coordinates":[[[[6.063009,43.25602],[6.063026,43.256034],[6.062889,43.256029],[6.063009,43.25602]]]]}},{"type":"Feature","properties":{"numero":"0001","section":"AH","code_insee":"83049","id_parc":"83049_AH_0001"},"geometry":{"type":"MultiPolygon","coordinates":[[[[6.054504,43.247428],[6.054316,43.247199],[6.054313,43.247195],[6.054319,43.247194],[6.054414,43.247179],[6.054474,43.24717],[6.054535,43.247157],[6.054604,43.247137],[6.054672,43.247106],[6.054719,43.247086],[6.05485,43.247239],[6.054833,43.247302],[6.05477,43.247351],[6.054597,43.247404],[6.054504,43.247428]]]]}},{"type":"Feature","properties":{"numero":"0001","section":"AB","code_insee":"83049","id_parc":"83049_AB_0001"},"geometry":{"type":"MultiPolygon","coordinates":[[[[6.070262,43.239115],[6.070326,43.239089],[6.070394,43.239061],[6.070438,43.239121],[6.070485,43.23918],[6.070586,43.239308],[6.070603,43.239331],[6.070625,43.239327],[6.070633,43.239326],[6.07064,43.239325],[6.070642,43.239326],[6.070662,43.239338],[6.070671,43.239344],[6.070657,43.239358],[6.070628,43.239388],[6.070538,43.239482],[6.070506,43.239515],[6.070375,43.239652],[6.070324,43.239642],[6.070234,43.239626],[6.070266,43.239571],[6.070285,43.239537],[6.070286,43.239486],[6.07026,43.239451],[6.07025,43.23943],[6.070228,43.239382],[6.070218,43.239355],[6.070205,43.239316],[6.070178,43.23923],[6.070174,43.239218],[6.070191,43.239212],[6.070178,43.239173],[6.070178,43.239167],[6.07018,43.239159],[6.070185,43.239151],[6.070191,43.239145],[6.070196,43.23914],[6.070202,43.239137],[6.070211,43.239133],[6.070238,43.239122],[6.07024,43.239124],[6.070262,43.239115]]]]}},{"type":"Feature","properties":{"numero":"0001","section":"AD","code_insee":"83049","id_parc":"83049_AD_0001"},"geometry":{"type":"MultiPolygon","coordinates":[[[[6.065006,43.240271],[6.064912,43.240301],[6.064932,43.240304],[6.064666,43.240381],[6.063878,43.241728],[6.06347,43.242432],[6.06315,43.242995],[6.062792,43.242868],[6.062022,43.242603],[6.06174,43.242503],[6.061593,43.242433],[6.061546,43.242417],[6.061836,43.241868],[6.061899,43.241757],[6.062002,43.241691],[6.062064,43.24155],[6.062104,43.241426],[6.062143,43.241351],[6.062175,43.241283],[6.062181,43.241268],[6.062196,43.241235],[6.062251,43.241124],[6.062271,43.241086],[6.062339,43.240956],[6.062347,43.240936],[6.062373,43.240876],[6.062394,43.240832],[6.062418,43.240743],[6.062427,43.240708],[6.062457,43.24061],[6.062461,43.240589],[6.062593,43.239745],[6.062641,43.239749],[6.062678,43.239756],[6.06274,43.239766],[6.062831,43.239781],[6.063027,43.239813],[6.063201,43.239844],[6.063273,43.239856],[6.063329,43.239863],[6.063431,43.23988],[6.06353,43.239889],[6.06362,43.239892],[6.06367,43.239894],[6.063706,43.239895],[6.063855,43.239904],[6.063985,43.239912],[6.064036,43.239921],[6.064087,43.239934],[6.064101,43.239941],[6.06424,43.239997],[6.064307,43.240024],[6.064649,43.240152],[6.064767,43.240189],[6.064972,43.240238],[6.065041,43.240259],[6.065035,43.240262],[6.065006,43.240271]]]]}},{"type":"Feature","properties":{"numero":"0001","section":"AI","code_insee":"83049","id_parc":"83049_AI_0001"},"geometry":{"type":"MultiPolygon","coordinates":[[[[6.065636,43.242508],[6.065555,43.242432],[6.065516,43.242395],[6.065515,43.242376],[6.06551,43.242308],[6.065508,43.242258],[6.065511,43.242172],[6.065528,43.242045],[6.06556,43.241927],[6.065615,43.241812],[6.065681,43.241721],[6.065762,43.241633],[6.065853,43.241545],[6.066045,43.241818],[6.066093,43.241885],[6.066086,43.241893],[6.065913,43.242092],[6.065901,43.242098],[6.065895,43.242102],[6.065883,43.242112],[6.06587,43.242125],[6.065848,43.242148],[6.06583,43.242168],[6.06581,43.242196],[6.065789,43.242226],[6.06575,43.242284],[6.065704,43.242358],[6.06568,43.242398],[6.065666,43.242426],[6.065649,43.242466],[6.065636,43.242508]]]]}},{"type":"Feature","properties":{"numero":"0010","section":"AB","code_insee":"83049","id_parc":"83049_AB_0010"},"geometry":{"type":"MultiPolygon","coordinates":[[[[6.070442,43.238586],[6.070493,43.238616],[6.070504,43.238623],[6.070465,43.238659],[6.070461,43.238663],[6.070401,43.238626],[6.07033,43.238592],[6.070264,43.238555],[6.070308,43.238517],[6.070374,43.238552],[6.07044,43.238588],[6.070442,43.238586]]]]}},{"type":"Feature","properties":{"numero":"0010","section":"AD","code_insee":"83049","id_parc":"83049_AD_0010"},"geometry":{"type":"MultiPolygon","coordinates":[[[[6.064269,43.242761],[6.064308,43.242742],[6.064363,43.24272],[6.064412,43.242706],[6.064315,43.242835],[6.064243,43.242938],[6.064203,43.243029],[6.064185,43.243043],[6.06414,43.243079],[6.064092,43.24312],[6.064032,43.243158],[6.063967,43.243167],[6.06393,43.24316],[6.063886,43.24314],[6.063838,43.243104],[6.063885,43.24308],[6.064086,43.242942],[6.064216,43.242808],[6.064256,43.242769],[6.064269,43.242761]]]]}},{"type":"Feature","properties":{"numero":"0010","section":"AH","code_insee":"83049","id_parc":"83049_AH_0010"},"geometry":{"type":"MultiPolygon","coordinates":[[[[6.056136,43.24772],[6.056202,43.247706],[6.056263,43.247696],[6.056262,43.247819],[6.056261,43.247839],[6.056261,43.247875],[6.056261,43.24792],[6.056259,43.24809],[6.055931,43.248069],[6.055952,43.247966],[6.055966,43.247901],[6.055964,43.247897],[6.055927,43.247776],[6.056073,43.247736],[6.056074,43.247736],[6.056121,43.247724],[6.056136,43.24772]]]]}},{"type":"Feature","properties":{"numero":"0010","section":"AI","code_insee":"83049","id_parc":"83049_AI_0010"},"geometry":{"type":"MultiPolygon","coordinates":[[[[6.066918,43.242654],[6.066865,43.242677],[6.066717,43.242747],[6.066701,43.242754],[6.06661,43.242792],[6.066559,43.242816],[6.066532,43.242826],[6.066211,43.242426],[6.066382,43.242352],[6.066627,43.242248],[6.066665,43.242294],[6.066698,43.242335],[6.066744,43.242392],[6.066784,43.242442],[6.06682,43.242488],[6.066885,43.242569],[6.066943,43.242643],[6.066918,43.242654]]]]}},{"type":"Feature","properties":{"numero":"0100","section":"AC","code_insee":"83049","id_parc":"83049_AC_0100"},"geometry":{"type":"MultiPolygon","coordinates":[[[[6.070008,43.2384],[6.070005,43.238396],[6.069895,43.238267],[6.069886,43.238258],[6.069897,43.238251],[6.069955,43.238216],[6.070067,43.238147],[6.070087,43.23816],[6.0702,43.238235],[6.070246,43.238265],[6.070222,43.238283],[6.070194,43.238304],[6.07014,43.238344],[6.070196,43.238383],[6.070295,43.238452],[6.070257,43.238484],[6.070193,43.238539],[6.070041,43.238436],[6.07003,43.238428],[6.070022,43.238423],[6.070008,43.2384]]]]}},{"type":"Feature","properties":{"numero":"0100","section":"AE","code_insee":"83049","id_parc":"83049_AE_0100"},"geometry":{"type":"MultiPolygon","coordinates":[[[[6.059617,43.240341],[6.059258,43.240421],[6.059099,43.240177],[6.059416,43.240108],[6.059452,43.240147],[6.059477,43.240169],[6.059493,43.240196],[6.059522,43.240234],[6.05954,43.240252],[6.059584,43.240293],[6.059617,43.240341]]]]}},{"type":"Feature","properties":{"numero":"0100","section":"AH","code_insee":"83049","id_parc":"83049_AH_0100"},"geometry":{"type":"MultiPolygon","coordinates":[[[[6.065428,43.243474],[6.065293,43.24321],[6.065622,43.243045],[6.065665,43.243118],[6.065703,43.24321],[6.065722,43.243272],[6.06575,43.243364],[6.065755,43.243404],[6.065758,43.243439],[6.065756,43.243452],[6.065753,43.243461],[6.065744,43.243469],[6.065729,43.243476],[6.065665,43.243487],[6.065604,43.243494],[6.065594,43.243494],[6.065538,43.243482],[6.065479,43.243472],[6.065428,43.243474]]]]}},{"type":"Feature","properties":{"numero":"0100","section":"AI","code_insee":"83049","id_parc":"83049_AI_0100"},"geometry":{"type":"MultiPolygon","coordinates":[[[[6.068199,43.24341],[6.067993,43.243355],[6.068013,43.243312],[6.068257,43.243377],[6.068346,43.243197],[6.068349,43.243199],[6.068364,43.243208],[6.068402,43.243234],[6.068533,43.243322],[6.068498,43.243392],[6.068455,43.243478],[6.068199,43.24341]]]]}},{"type":"Feature","properties":{"numero":"1001","section":"0H","code_insee":"83049","id_parc":"83049_0H_1001"},"geometry":{"type":"MultiPolygon","coordinates":[[[[6.056074,43.240816],[6.056021,43.240817],[6.055935,43.240796],[6.055758,43.240294],[6.056108,43.240202],[6.05626,43.240164],[6.056354,43.240143],[6.056639,43.24048],[6.056475,43.240607],[6.056397,43.240646],[6.056282,43.240688],[6.056106,43.240804],[6.056074,43.240816]]]]}},{"type":"Feature","properties":{"numero":"1002","section":"0H","code_insee":"83049","id_parc":"83049_0H_1002"},"geometry":{"type":"MultiPolygon","coordinates":[[[[6.056849,43.240364],[6.056639,43.24048],[6.056354,43.240143],[6.056414,43.240129],[6.05658,43.240095],[6.056746,43.240053],[6.057349,43.239973],[6.057409,43.239976],[6.057872,43.240048],[6.05771,43.240085],[6.057576,43.24014],[6.057503,43.240178],[6.057363,43.240219],[6.057224,43.240276],[6.057032,43.24034],[6.056849,43.240364]]]]}},{"type":"Feature","properties":{"numero":"0101","section":"AC","code_insee":"83049","id_parc":"83049_AC_0101"},"geometry":{"type":"MultiPolygon","coordinates":[[[[6.070194,43.238304],[6.070348,43.238407],[6.070295,43.238452],[6.070196,43.238383],[6.07014,43.238344],[6.070194,43.238304]]]]}},{"type":"Feature","properties":{"numero":"0101","section":"AE","code_insee":"83049","id_parc":"83049_AE_0101"},"geometry":{"type":"MultiPolygon","coordinates":[[[[6.059325,43.240525],[6.059258,43.240421],[6.059617,43.240341],[6.059677,43.24042],[6.059735,43.240483],[6.059844,43.240651],[6.059876,43.240684],[6.05998,43.240791],[6.060078,43.240921],[6.060141,43.240972],[6.060205,43.241049],[6.060062,43.241156],[6.059984,43.241217],[6.059921,43.241263],[6.059841,43.24132],[6.059596,43.240963],[6.059325,43.240525]]]]}},{"type":"Feature","properties":{"numero":"0101","section":"AH","code_insee":"83049","id_parc":"83049_AH_0101"},"geometry":{"type":"MultiPolygon","coordinates":[[[[6.065489,43.243518],[6.065466,43.243502],[6.065446,43.243484],[6.065478,43.243483],[6.065534,43.243493],[6.065591,43.243505],[6.065605,43.243505],[6.065668,43.243498],[6.065709,43.243491],[6.065702,43.243494],[6.065683,43.243499],[6.065644,43.243517],[6.065565,43.243549],[6.065542,43.243558],[6.065489,43.243518]]]]}},{"type":"Feature","properties":{"numero":"0101","section":"AI","code_insee":"83049","id_parc":"83049_AI_0101"},"geometry":{"type":"MultiPolygon","coordinates":[[[[6.068108,43.243593],[6.068199,43.24341],[6.068455,43.243478],[6.068466,43.243481],[6.068396,43.243622],[6.068375,43.243664],[6.068108,43.243593]]]]}},{"type":"Feature","properties":{"numero":"0102","section":"AC","code_insee":"83049","id_parc":"83049_AC_0102"},"geometry":{"type":"MultiPolygon","coordinates":[[[[6.070194,43.238304],[6.070222,43.238283],[6.070246,43.238265],[6.070254,43.23827],[6.070399,43.238365],[6.070348,43.238407],[6.070194,43.238304]]]]}},{"type":"Feature","properties":{"numero":"0102","section":"AE","code_insee":"83049","id_parc":"83049_AE_0102"},"geometry":{"type":"MultiPolygon","coordinates":[[[[6.05952,43.241428],[6.059339,43.241172],[6.05911,43.240852],[6.059034,43.240749],[6.058999,43.240687],[6.058939,43.240595],[6.059325,43.240525],[6.059596,43.240963],[6.059841,43.24132],[6.059719,43.241422],[6.059573,43.241531],[6.05952,43.241428]]]]}},{"type":"Feature","properties":{"numero":"0102","section":"AH","code_insee":"83049","id_parc":"83049_AH_0102"},"geometry":{"type":"MultiPolygon","coordinates":[[[[6.065466,43.243502],[6.065489,43.243518],[6.065542,43.243558],[6.065483,43.243582],[6.065439,43.243598],[6.065368,43.243624],[6.065301,43.243647],[6.065263,43.243659],[6.065208,43.243677],[6.065133,43.243704],[6.065097,43.243717],[6.065081,43.243723],[6.065072,43.243728],[6.065031,43.243745],[6.064985,43.243765],[6.064951,43.243781],[6.06485,43.243679],[6.064887,43.243665],[6.064935,43.243642],[6.064979,43.243621],[6.065051,43.243585],[6.065078,43.243574],[6.065106,43.243564],[6.065132,43.243553],[6.065176,43.243533],[6.065194,43.243527],[6.065215,43.243527],[6.065242,43.243526],[6.065279,43.243524],[6.065342,43.243512],[6.065403,43.243491],[6.065446,43.243484],[6.065466,43.243502]]]]}},{"type":"Feature","properties":{"numero":"0102","section":"AI","code_insee":"83049","id_parc":"83049_AI_0102"},"geometry":{"type":"MultiPolygon","coordinates":[[[[6.067859,43.243478],[6.067929,43.243338],[6.067993,43.243355],[6.068199,43.24341],[6.068108,43.243593],[6.067895,43.243536],[6.067881,43.24353],[6.067868,43.243521],[6.067859,43.243513],[6.067854,43.243499],[6.067856,43.243483],[6.067859,43.243478]]]]}},{"type":"Feature","properties":{"numero":"0103","section":"AC","code_insee":"83049","id_parc":"83049_AC_0103"},"geometry":{"type":"MultiPolygon","coordinates":[[[[6.070254,43.23827],[6.070246,43.238265],[6.0702,43.238235],[6.070249,43.238188],[6.070258,43.238169],[6.070277,43.238182],[6.070267,43.238202],[6.070301,43.238224],[6.07031,43.23823],[6.070347,43.238254],[6.070449,43.238322],[6.070399,43.238365],[6.070254,43.23827]]]]}},{"type":"Feature","properties":{"numero":"0103","section":"AE","code_insee":"83049","id_parc":"83049_AE_0103"},"geometry":{"type":"MultiPolygon","coordinates":[[[[6.058674,43.240886],[6.059074,43.240854],[6.05911,43.240852],[6.059339,43.241172],[6.05952,43.241428],[6.059573,43.241531],[6.059363,43.241649],[6.05924,43.241711],[6.059107,43.24154],[6.059091,43.241521],[6.058941,43.241288],[6.058927,43.241267],[6.058674,43.240886]]]]}},{"type":"Feature","properties":{"numero":"0103","section":"AH","code_insee":"83049","id_parc":"83049_AH_0103"},"geometry":{"type":"MultiPolygon","coordinates":[[[[6.064788,43.243705],[6.06485,43.243679],[6.064951,43.243781],[6.064885,43.243804],[6.064812,43.243829],[6.064719,43.243869],[6.064703,43.243876],[6.064673,43.243824],[6.064633,43.243752],[6.06464,43.243753],[6.064673,43.243748],[6.064726,43.243727],[6.064788,43.243705]]]]}},{"type":"Feature","properties":{"numero":"0103","section":"AI","code_insee":"83049","id_parc":"83049_AI_0103"},"geometry":{"type":"MultiPolygon","coordinates":[[[[6.067864,43.2436],[6.068078,43.243657],[6.067977,43.24386],[6.067756,43.243801],[6.067704,43.243787],[6.067785,43.243626],[6.067794,43.243604],[6.067803,43.243596],[6.067817,43.243591],[6.067836,43.243592],[6.067864,43.2436]]]]}},{"type":"Feature","properties":{"numero":"0104","section":"AC","code_insee":"83049","id_parc":"83049_AC_0104"},"geometry":{"type":"MultiPolygon","coordinates":[[[[6.070505,43.238276],[6.070449,43.238322],[6.070347,43.238254],[6.070435,43.238187],[6.070505,43.238276]]]]}},{"type":"Feature","properties":{"numero":"0104","section":"AE","code_insee":"83049","id_parc":"83049_AE_0104"},"geometry":{"type":"MultiPolygon","coordinates":[[[[6.058999,43.240687],[6.059034,43.240749],[6.05911,43.240852],[6.059074,43.240854],[6.058674,43.240886],[6.058648,43.240846],[6.058624,43.240809],[6.058611,43.240781],[6.058582,43.240747],[6.058542,43.240692],[6.05854,43.240674],[6.058536,43.240665],[6.058531,43.240651],[6.058517,43.240627],[6.05851,43.240607],[6.058504,43.240588],[6.058458,43.24054],[6.058441,43.240507],[6.058401,43.240446],[6.058385,43.240415],[6.058366,43.240388],[6.058354,43.240367],[6.058347,43.240355],[6.058321,43.240313],[6.058316,43.240295],[6.05829,43.240261],[6.058238,43.240178],[6.058233,43.240162],[6.058228,43.240148],[6.058227,43.240146],[6.05821,43.240094],[6.058251,43.240094],[6.058387,43.240081],[6.058464,43.240072],[6.05848,43.24007],[6.058497,43.240051],[6.05862,43.240051],[6.058715,43.240245],[6.058764,43.240292],[6.058773,43.240333],[6.058822,43.240387],[6.058872,43.240462],[6.058939,43.240595],[6.058999,43.240687]]]]}},{"type":"Feature","properties":{"numero":"0104","section":"AH","code_insee":"83049","id_parc":"83049_AH_0104"},"geometry":{"type":"MultiPolygon","coordinates":[[[[6.064658,43.243484],[6.064741,43.243569],[6.064777,43.243605],[6.064844,43.243674],[6.064783,43.243698],[6.064722,43.243721],[6.064668,43.243741],[6.064644,43.243745],[6.064628,43.243744],[6.064597,43.243743],[6.064518,43.243736],[6.064471,43.243731],[6.064439,43.243725],[6.06441,43.24372],[6.064385,43.243717],[6.064345,43.243714],[6.064313,43.243709],[6.06425,43.243699],[6.064165,43.243666],[6.064119,43.243647],[6.064089,43.243636],[6.064018,43.243609],[6.064005,43.243604],[6.063995,43.243598],[6.064001,43.243595],[6.064011,43.24359],[6.064021,43.243585],[6.06403,43.243579],[6.064039,43.243573],[6.064048,43.243567],[6.064152,43.243483],[6.064183,43.243428],[6.064184,43.243426],[6.064189,43.243414],[6.064193,43.243407],[6.064203,43.243384],[6.064209,43.243368],[6.064214,43.243365],[6.064314,43.243293],[6.064422,43.243231],[6.064425,43.243233],[6.064429,43.243236],[6.06448,43.243273],[6.064539,43.243315],[6.064569,43.243336],[6.064596,43.243355],[6.064601,43.243359],[6.064604,43.243371],[6.064611,43.243409],[6.064619,43.243445],[6.064658,43.243484]]]]}},{"type":"Feature","properties":{"numero":"0104","section":"AI","code_insee":"83049","id_parc":"83049_AI_0104"},"geometry":{"type":"MultiPolygon","coordinates":[[[[6.067655,43.244004],[6.067756,43.243801],[6.067977,43.24386],[6.068003,43.243867],[6.067902,43.24407],[6.067655,43.244004]]]]}},{"type":"Feature","properties":{"numero":"0105","section":"AC","code_insee":"83049","id_parc":"83049_AC_0105"},"geometry":{"type":"MultiPolygon","coordinates":[[[[6.070301,43.238224],[6.070319,43.238211],[6.070347,43.23819],[6.070406,43.238146],[6.070435,43.238187],[6.070347,43.238254],[6.07031,43.23823],[6.070301,43.238224]]]]}},{"type":"Feature","properties":{"numero":"0105","section":"AE","code_insee":"83049","id_parc":"83049_AE_0105"},"geometry":{"type":"MultiPolygon","coordinates":[[[[6.059258,43.240421],[6.059325,43.240525],[6.058939,43.240595],[6.058872,43.240462],[6.058822,43.240387],[6.058773,43.240333],[6.058764,43.240292],[6.058715,43.240245],[6.05862,43.240051],[6.058777,43.240033],[6.058882,43.240006],[6.05899,43.240009],[6.059057,43.240112],[6.059099,43.240177],[6.059258,43.240421]]]]}},{"type":"Feature","properties":{"numero":"0105","section":"AH","code_insee":"83049","id_parc":"83049_AH_0105"},"geometry":{"type":"MultiPolygon","coordinates":[[[[6.063485,43.243919],[6.063449,43.243952],[6.063414,43.243928],[6.063432,43.243913],[6.063433,43.243911],[6.063434,43.243907],[6.063446,43.243861],[6.063453,43.243847],[6.063467,43.243842],[6.063544,43.243821],[6.063605,43.243794],[6.063676,43.243759],[6.063762,43.243717],[6.06387,43.243656],[6.063952,43.243617],[6.06398,43.243605],[6.063984,43.243603],[6.06412,43.243655],[6.064145,43.243664],[6.064207,43.243688],[6.064248,43.243704],[6.064286,43.243711],[6.064353,43.243721],[6.064391,43.243724],[6.064418,43.243727],[6.064468,43.243738],[6.064504,43.243742],[6.064571,43.243747],[6.064616,43.243751],[6.064633,43.243752],[6.064673,43.243824],[6.064703,43.243876],[6.064652,43.243899],[6.064585,43.243929],[6.064549,43.243949],[6.064496,43.243979],[6.064448,43.243987],[6.064449,43.243991],[6.0643,43.244016],[6.064121,43.244014],[6.064097,43.244014],[6.06371,43.243954],[6.063485,43.243919]]]]}},{"type":"Feature","properties":{"numero":"0105","section":"AI","code_insee":"83049","id_parc":"83049_AI_0105"},"geometry":{"type":"MultiPolygon","coordinates":[[[[6.067902,43.24407],[6.068003,43.243867],[6.068242,43.243931],[6.068254,43.243934],[6.068153,43.244137],[6.068066,43.244114],[6.067902,43.24407]]]]}},{"type":"Feature","properties":{"numero":"0106","section":"AC","code_insee":"83049","id_parc":"83049_AC_0106"},"geometry":{"type":"MultiPolygon","coordinates":[[[[6.070359,43.238072],[6.070406,43.238146],[6.070347,43.23819],[6.070273,43.238139],[6.070359,43.238072]]]]}},{"type":"Feature","properties":{"numero":"0106","section":"AE","code_insee":"83049","id_parc":"83049_AE_0106"},"geometry":{"type":"MultiPolygon","coordinates":[[[[6.059438,43.23991],[6.059699,43.239812],[6.059765,43.239891],[6.059278,43.240058],[6.059057,43.240112],[6.05899,43.240009],[6.059438,43.23991]]]]}},{"type":"Feature","properties":{"numero":"0106","section":"AI","code_insee":"83049","id_parc":"83049_AI_0106"},"geometry":{"type":"MultiPolygon","coordinates":[[[[6.068242,43.243931],[6.068003,43.243867],[6.067977,43.24386],[6.068078,43.243657],[6.068343,43.243727],[6.068242,43.243931]]]]}},{"type":"Feature","properties":{"numero":"0106","section":"0A","code_insee":"83049","id_parc":"83049_0A_0106"},"geometry":{"type":"MultiPolygon","coordinates":[[[[6.042995,43.2536],[6.042943,43.253023],[6.042911,43.252732],[6.043007,43.252721],[6.04371,43.252696],[6.043718,43.25278],[6.043738,43.252993],[6.04378,43.253383],[6.04381,43.253691],[6.043814,43.253724],[6.043882,43.254347],[6.043886,43.254377],[6.043838,43.25453],[6.043793,43.254627],[6.04371,43.254775],[6.043115,43.254619],[6.043057,43.254164],[6.042995,43.2536]],[[6.043059,43.253574],[6.04306,43.253532],[6.043001,43.253533],[6.043002,43.253576],[6.043059,43.253574]]]]}},{"type":"Feature","properties":{"numero":"1069","section":"0H","code_insee":"83049","id_parc":"83049_0H_1069"},"geometry":{"type":"MultiPolygon","coordinates":[[[[6.058227,43.248314],[6.058034,43.248273],[6.057906,43.248225],[6.057946,43.248215],[6.058018,43.248204],[6.058091,43.248185],[6.05822,43.248133],[6.058355,43.248072],[6.058432,43.248034],[6.058554,43.247981],[6.058596,43.247926],[6.058773,43.247849],[6.059007,43.247899],[6.059166,43.247934],[6.05955,43.24791],[6.059917,43.247819],[6.0599,43.247782],[6.059969,43.247764],[6.060009,43.247849],[6.060028,43.247848],[6.060099,43.247834],[6.060178,43.247816],[6.060148,43.247847],[6.060009,43.2479],[6.059735,43.248015],[6.059521,43.248136],[6.05945,43.248165],[6.059302,43.248215],[6.059132,43.248276],[6.058963,43.248339],[6.058877,43.248386],[6.058835,43.248429],[6.058741,43.248591],[6.058707,43.24858],[6.058601,43.248519],[6.058415,43.248416],[6.058227,43.248314]]]]}},{"type":"Feature","properties":{"numero":"0107","section":"AC","code_insee":"83049","id_parc":"83049_AC_0107"},"geometry":{"type":"MultiPolygon","coordinates":[[[[6.070258,43.238169],[6.070273,43.238139],[6.070347,43.23819],[6.070319,43.238211],[6.070301,43.238224],[6.070267,43.238202],[6.070277,43.238182],[6.070258,43.238169]]]]}},{"type":"Feature","properties":{"numero":"0107","section":"AE","code_insee":"83049","id_parc":"83049_AE_0107"},"geometry":{"type":"MultiPolygon","coordinates":[[[[6.059637,43.23973],[6.05984,43.239647],[6.059958,43.239601],[6.060117,43.239538],[6.059962,43.239623],[6.059787,43.239705],[6.059667,43.239756],[6.05955,43.239803],[6.059474,43.239826],[6.059402,43.239854],[6.059302,43.239874],[6.05926,43.239891],[6.059217,43.239905],[6.05915,43.239916],[6.059027,43.239941],[6.058907,43.239952],[6.058816,43.239963],[6.058732,43.239983],[6.058677,43.240002],[6.058603,43.24002],[6.058561,43.240018],[6.058484,43.240012],[6.058458,43.240019],[6.05837,43.240054],[6.058332,43.240058],[6.058269,43.240062],[6.058206,43.240055],[6.058106,43.240054],[6.057962,43.240057],[6.058001,43.240047],[6.058041,43.240039],[6.058109,43.240027],[6.058366,43.240018],[6.05848,43.239999],[6.058843,43.239927],[6.059013,43.239898],[6.059139,43.239884],[6.059393,43.239839],[6.059581,43.239756],[6.059637,43.23973]]]]}},{"type":"Feature","properties":{"numero":"0107","section":"AI","code_insee":"83049","id_parc":"83049_AI_0107"},"geometry":{"type":"MultiPolygon","coordinates":[[[[6.068488,43.243996],[6.068254,43.243934],[6.068242,43.243931],[6.068343,43.243727],[6.068609,43.243798],[6.068507,43.244001],[6.068488,43.243996]]]]}},{"type":"Feature","properties":{"numero":"0107","section":"0A","code_insee":"83049","id_parc":"83049_0A_0107"},"geometry":{"type":"MultiPolygon","coordinates":[[[[6.043989,43.251919],[6.043859,43.251913],[6.043861,43.251864],[6.043991,43.251866],[6.043989,43.251919]]]]}},{"type":"Feature","properties":{"numero":"1070","section":"0H","code_insee":"83049","id_parc":"83049_0H_1070"},"geometry":{"type":"MultiPolygon","coordinates":[[[[6.058431,43.242458],[6.058258,43.24239],[6.058614,43.242124],[6.059058,43.24228],[6.05938,43.242388],[6.060024,43.24261],[6.060354,43.242724],[6.060278,43.242821],[6.060497,43.24291],[6.060462,43.243103],[6.060395,43.243176],[6.060334,43.243157],[6.059796,43.242971],[6.059359,43.242818],[6.05928,43.24279],[6.059013,43.242686],[6.05873,43.242575],[6.058431,43.242458]]]]}},{"type":"Feature","properties":{"numero":"1075","section":"0H","code_insee":"83049","id_parc":"83049_0H_1075"},"geometry":{"type":"MultiPolygon","coordinates":[[[[6.056129,43.245769],[6.056072,43.245831],[6.055985,43.245949],[6.055579,43.246676],[6.0551,43.246216],[6.054658,43.245777],[6.054784,43.245679],[6.05456,43.245546],[6.053865,43.24522],[6.053431,43.244933],[6.053444,43.244928],[6.05384,43.244896],[6.054085,43.244862],[6.054212,43.244776],[6.054419,43.244788],[6.054453,43.244781],[6.05453,43.24474],[6.05471,43.244775],[6.054758,43.244678],[6.054953,43.244663],[6.055014,43.244601],[6.055079,43.244572],[6.055885,43.244832],[6.056017,43.244853],[6.056336,43.244943],[6.056485,43.245032],[6.05658,43.245076],[6.056751,43.245131],[6.056526,43.245358],[6.056304,43.245585],[6.056129,43.245769]]]]}},{"type":"Feature","properties":{"numero":"0108","section":"AC","code_insee":"83049","id_parc":"83049_AC_0108"},"geometry":{"type":"MultiPolygon","coordinates":[[[[6.0702,43.238235],[6.070087,43.23816],[6.070067,43.238147],[6.07012,43.238115],[6.070135,43.238106],[6.070195,43.23815],[6.070249,43.238188],[6.0702,43.238235]]]]}},{"type":"Feature","properties":{"numero":"0108","section":"AE","code_insee":"83049","id_parc":"83049_AE_0108"},"geometry":{"type":"MultiPolygon","coordinates":[[[[6.057293,43.239746],[6.057299,43.239759],[6.057218,43.239779],[6.057204,43.239749],[6.057284,43.239728],[6.057291,43.239741],[6.057293,43.239746]]]]}},{"type":"Feature","properties":{"numero":"0108","section":"AH","code_insee":"83049","id_parc":"83049_AH_0108"},"geometry":{"type":"MultiPolygon","coordinates":[[[[6.063159,43.244499],[6.063632,43.244398],[6.063955,43.244498],[6.063852,43.244576],[6.063763,43.244632],[6.063733,43.244654],[6.063711,43.24467],[6.06364,43.24472],[6.06362,43.244736],[6.063539,43.244713],[6.063368,43.244661],[6.063262,43.244628],[6.06302,43.244554],[6.063024,43.244541],[6.063039,43.244537],[6.063075,43.244538],[6.063159,43.244499]]]]}},{"type":"Feature","properties":{"numero":"0108","section":"AI","code_insee":"83049","id_parc":"83049_AI_0108"},"geometry":{"type":"MultiPolygon","coordinates":[[[[6.068153,43.244137],[6.068254,43.243934],[6.068488,43.243996],[6.068408,43.244157],[6.068387,43.244199],[6.068153,43.244137]]]]}},{"type":"Feature","properties":{"numero":"0108","section":"0A","code_insee":"83049","id_parc":"83049_0A_0108"},"geometry":{"type":"MultiPolygon","coordinates":[[[[6.043261,43.252675],[6.043061,43.25268],[6.042894,43.252697],[6.042787,43.252132],[6.042722,43.251875],[6.042717,43.251638],[6.042725,43.251524],[6.042701,43.251393],[6.042699,43.25134],[6.042708,43.251308],[6.042752,43.251228],[6.042795,43.251246],[6.042852,43.25126],[6.042908,43.251276],[6.042948,43.25129],[6.043054,43.251316],[6.043109,43.251356],[6.043143,43.251395],[6.043221,43.251422],[6.043406,43.251474],[6.043492,43.251503],[6.04384,43.251601],[6.043908,43.251604],[6.043981,43.251584],[6.044018,43.251559],[6.044042,43.251531],[6.044237,43.251517],[6.044263,43.25178],[6.044271,43.251841],[6.044284,43.251934],[6.044305,43.252085],[6.044356,43.252401],[6.044391,43.252633],[6.043938,43.252662],[6.043718,43.252658],[6.043261,43.252675]],[[6.043989,43.251919],[6.043991,43.251866],[6.043861,43.251864],[6.043859,43.251913],[6.043989,43.251919]]]]}},{"type":"Feature","properties":{"numero":"1080","section":"0H","code_insee":"83049","id_parc":"83049_0H_1080"},"geometry":{"type":"MultiPolygon","coordinates":[[[[6.060375,43.242729],[6.060354,43.242724],[6.060024,43.24261],[6.060025,43.242609],[6.060334,43.242288],[6.060604,43.242374],[6.060573,43.242425],[6.060502,43.242542],[6.060456,43.242617],[6.060377,43.242729],[6.060375,43.242729]]]]}},{"type":"Feature","properties":{"numero":"1081","section":"0H","code_insee":"83049","id_parc":"83049_0H_1081"},"geometry":{"type":"MultiPolygon","coordinates":[[[[6.060282,43.241668],[6.060418,43.241734],[6.060482,43.241784],[6.060476,43.241793],[6.06028,43.242099],[6.060167,43.242234],[6.060334,43.242288],[6.060025,43.242609],[6.060024,43.24261],[6.05938,43.242388],[6.059058,43.24228],[6.058614,43.242124],[6.058759,43.242023],[6.058992,43.241897],[6.059194,43.241775],[6.059391,43.241702],[6.059761,43.241435],[6.059828,43.241471],[6.060085,43.241581],[6.060282,43.241668]]]]}},{"type":"Feature","properties":{"numero":"1082","section":"0H","code_insee":"83049","id_parc":"83049_0H_1082"},"geometry":{"type":"MultiPolygon","coordinates":[[[[6.060808,43.242039],[6.060604,43.242374],[6.060334,43.242288],[6.060167,43.242234],[6.06028,43.242099],[6.060476,43.241793],[6.060482,43.241784],[6.060808,43.242039]]]]}},{"type":"Feature","properties":{"numero":"0109","section":"AC","code_insee":"83049","id_parc":"83049_AC_0109"},"geometry":{"type":"MultiPolygon","coordinates":[[[[6.070232,43.238123],[6.070195,43.23815],[6.070135,43.238106],[6.070141,43.238102],[6.070175,43.238081],[6.070232,43.238123]]]]}},{"type":"Feature","properties":{"numero":"0109","section":"AE","code_insee":"83049","id_parc":"83049_AE_0109"},"geometry":{"type":"MultiPolygon","coordinates":[[[[6.060068,43.239707],[6.05986,43.239833],[6.059765,43.239891],[6.059699,43.239812],[6.060064,43.239641],[6.060364,43.239497],[6.060538,43.239512],[6.060486,43.239515],[6.060185,43.239644],[6.060068,43.239707]]]]}},{"type":"Feature","properties":{"numero":"0109","section":"AH","code_insee":"83049","id_parc":"83049_AH_0109"},"geometry":{"type":"MultiPolygon","coordinates":[[[[6.063519,43.244402],[6.063519,43.244404],[6.063037,43.244497],[6.063064,43.244428],[6.063099,43.244336],[6.063126,43.244265],[6.06316,43.244179],[6.063197,43.24409],[6.063219,43.244085],[6.063304,43.244028],[6.06337,43.243969],[6.063414,43.243928],[6.063449,43.243952],[6.063485,43.243919],[6.06371,43.243954],[6.063695,43.243988],[6.063624,43.244151],[6.063588,43.244239],[6.063555,43.244317],[6.063538,43.244356],[6.063519,43.244402]]]]}},{"type":"Feature","properties":{"numero":"0109","section":"AI","code_insee":"83049","id_parc":"83049_AI_0109"},"geometry":{"type":"MultiPolygon","coordinates":[[[[6.068602,43.244209],[6.068408,43.244157],[6.068488,43.243996],[6.068507,43.244001],[6.068609,43.243798],[6.06883,43.243857],[6.068853,43.243867],[6.068873,43.243884],[6.068882,43.243896],[6.068881,43.243912],[6.068874,43.243927],[6.068816,43.243911],[6.068681,43.244182],[6.068739,43.244197],[6.068728,43.24422],[6.06872,43.244235],[6.068687,43.244255],[6.068659,43.244259],[6.068634,43.244261],[6.068604,43.244256],[6.068581,43.244251],[6.068602,43.244209]]]]}},{"type":"Feature","properties":{"numero":"1094","section":"0H","code_insee":"83049","id_parc":"83049_0H_1094"},"geometry":{"type":"MultiPolygon","coordinates":[[[[6.043032,43.238403],[6.042933,43.238563],[6.0429,43.238621],[6.042855,43.238611],[6.042578,43.23867],[6.042357,43.238685],[6.042183,43.238707],[6.041906,43.238731],[6.041854,43.23873],[6.041891,43.238625],[6.041897,43.238608],[6.041943,43.238487],[6.041958,43.238449],[6.041996,43.238345],[6.042032,43.238202],[6.042034,43.238184],[6.042037,43.238171],[6.042043,43.238134],[6.042048,43.238109],[6.042049,43.238104],[6.042052,43.238072],[6.042037,43.238072],[6.042036,43.238063],[6.042033,43.238045],[6.042023,43.237971],[6.041996,43.237781],[6.041987,43.23772],[6.041967,43.237609],[6.04194,43.237514],[6.041914,43.237436],[6.041901,43.237394],[6.042153,43.237327],[6.042519,43.237235],[6.042596,43.23723],[6.042721,43.237228],[6.042759,43.237265],[6.04278,43.237284],[6.042845,43.237335],[6.042907,43.237381],[6.042974,43.237428],[6.043029,43.23753],[6.04309,43.237662],[6.043172,43.237844],[6.043204,43.237913],[6.043226,43.237959],[6.043235,43.237975],[6.043257,43.238019],[6.043293,43.238152],[6.043238,43.238184],[6.043188,43.238224],[6.043144,43.238264],[6.043103,43.238308],[6.043073,43.238347],[6.043032,43.238403]],[[6.042417,43.237904],[6.042419,43.237889],[6.042423,43.237859],[6.042374,43.237855],[6.042372,43.237901],[6.042417,43.237904]]]]}},{"type":"Feature","properties":{"numero":"1096","section":"0H","code_insee":"83049","id_parc":"83049_0H_1096"},"geometry":{"type":"MultiPolygon","coordinates":[[[[6.058227,43.240146],[6.058228,43.240148],[6.058233,43.240162],[6.058159,43.240158],[6.058084,43.240152],[6.058002,43.240143],[6.057938,43.240134],[6.057899,43.240124],[6.057882,43.240117],[6.057867,43.240109],[6.057858,43.240103],[6.057949,43.240089],[6.058004,43.240098],[6.058058,43.240099],[6.05809,43.240095],[6.05821,43.240094],[6.058227,43.240146]]]]}},{"type":"Feature","properties":{"numero":"1097","section":"0H","code_insee":"83049","id_parc":"83049_0H_1097"},"geometry":{"type":"MultiPolygon","coordinates":[[[[6.057503,43.240505],[6.057234,43.240584],[6.056884,43.240727],[6.056814,43.240638],[6.056861,43.240601],[6.056981,43.240485],[6.057183,43.240382],[6.057339,43.24029],[6.057664,43.24016],[6.057697,43.240136],[6.05773,43.240123],[6.057773,43.240115],[6.057853,43.240104],[6.057858,43.240103],[6.057867,43.240109],[6.057882,43.240117],[6.057899,43.240124],[6.057938,43.240134],[6.058002,43.240143],[6.058084,43.240152],[6.058159,43.240158],[6.058233,43.240162],[6.058238,43.240178],[6.05829,43.240261],[6.058316,43.240295],[6.058321,43.240313],[6.058347,43.240355],[6.058354,43.240367],[6.058366,43.240388],[6.058385,43.240415],[6.058148,43.24044],[6.057711,43.240454],[6.057503,43.240505]]]]}},{"type":"Feature","properties":{"numero":"1098","section":"0H","code_insee":"83049","id_parc":"83049_0H_1098"},"geometry":{"type":"MultiPolygon","coordinates":[[[[6.051949,43.239044],[6.051992,43.239026],[6.052622,43.238763],[6.052846,43.239125],[6.052886,43.239197],[6.052441,43.239338],[6.052296,43.239374],[6.052225,43.239397],[6.051949,43.239044]]]]}},{"type":"Feature","properties":{"numero":"1099","section":"0H","code_insee":"83049","id_parc":"83049_0H_1099"},"geometry":{"type":"MultiPolygon","coordinates":[[[[6.051992,43.239026],[6.051754,43.238722],[6.052328,43.238276],[6.05235,43.238346],[6.052363,43.238373],[6.052391,43.238392],[6.052622,43.238763],[6.051992,43.239026]]]]}},{"type":"Feature","properties":{"numero":"0011","section":"AB","code_insee":"83049","id_parc":"83049_AB_0011"},"geometry":{"type":"MultiPolygon","coordinates":[[[[6.070484,43.238547],[6.070492,43.238551],[6.070546,43.238581],[6.070504,43.238623],[6.070493,43.238616],[6.070442,43.238586],[6.07044,43.238588],[6.070374,43.238552],[6.070308,43.238517],[6.070355,43.238479],[6.070418,43.238513],[6.070484,43.238547]]]]}},{"type":"Feature","properties":{"numero":"0011","section":"AD","code_insee":"83049","id_parc":"83049_AD_0011"},"geometry":{"type":"MultiPolygon","coordinates":[[[[6.06482,43.242588],[6.06505,43.242475],[6.065086,43.242453],[6.065135,43.242457],[6.065172,43.242528],[6.06515,43.242527],[6.064889,43.242571],[6.06482,43.242588]]]]}},{"type":"Feature","properties":{"numero":"0110","section":"AC","code_insee":"83049","id_parc":"83049_AC_0110"},"geometry":{"type":"MultiPolygon","coordinates":[[[[6.070271,43.238095],[6.070232,43.238123],[6.070175,43.238081],[6.070219,43.238053],[6.070271,43.238095]]]]}},{"type":"Feature","properties":{"numero":"0110","section":"AH","code_insee":"83049","id_parc":"83049_AH_0110"},"geometry":{"type":"MultiPolygon","coordinates":[[[[6.063191,43.244092],[6.063103,43.244052],[6.06303,43.244018],[6.063054,43.243992],[6.063038,43.243985],[6.06304,43.243952],[6.063042,43.243928],[6.063039,43.243928],[6.063046,43.243893],[6.062951,43.24387],[6.062946,43.243869],[6.062947,43.243865],[6.062966,43.243749],[6.062981,43.24375],[6.063039,43.243755],[6.063073,43.243758],[6.063076,43.243759],[6.063072,43.243837],[6.063438,43.243873],[6.063432,43.243894],[6.063428,43.243908],[6.063406,43.243929],[6.063365,43.243966],[6.063332,43.243996],[6.063302,43.244023],[6.063278,43.244039],[6.063225,43.244075],[6.063212,43.244083],[6.063193,43.244086],[6.063191,43.244092]]]]}},{"type":"Feature","properties":{"numero":"0110","section":"AI","code_insee":"83049","id_parc":"83049_AI_0110"},"geometry":{"type":"MultiPolygon","coordinates":[[[[6.068593,43.243418],[6.068756,43.243461],[6.068796,43.243472],[6.069007,43.243528],[6.068894,43.243754],[6.068952,43.24377],[6.068945,43.243786],[6.068941,43.24379],[6.068931,43.243796],[6.068918,43.243799],[6.068901,43.243801],[6.068887,43.2438],[6.068873,43.243797],[6.068577,43.243718],[6.068598,43.243676],[6.068396,43.243622],[6.068466,43.243481],[6.068455,43.243478],[6.068498,43.243392],[6.068593,43.243418]]]]}},{"type":"Feature","properties":{"numero":"1100","section":"0H","code_insee":"83049","id_parc":"83049_0H_1100"},"geometry":{"type":"MultiPolygon","coordinates":[[[[6.051949,43.239044],[6.05172,43.238751],[6.051752,43.238724],[6.051754,43.238722],[6.051992,43.239026],[6.051949,43.239044]]]]}},{"type":"Feature","properties":{"numero":"1103","section":"0H","code_insee":"83049","id_parc":"83049_0H_1103"},"geometry":{"type":"MultiPolygon","coordinates":[[[[6.042744,43.239733],[6.043405,43.239429],[6.043406,43.239414],[6.044626,43.239561],[6.044437,43.239576],[6.044582,43.24052],[6.044546,43.240524],[6.044388,43.240538],[6.04436,43.240542],[6.044243,43.240554],[6.044209,43.240557],[6.044152,43.240562],[6.043997,43.240576],[6.043913,43.240584],[6.043793,43.240596],[6.043621,43.240613],[6.043572,43.240617],[6.043515,43.240622],[6.043472,43.240623],[6.043475,43.240639],[6.043428,43.240642],[6.043338,43.240645],[6.043233,43.240648],[6.043055,43.240658],[6.042839,43.240657],[6.04253,43.240577],[6.042671,43.240034],[6.042744,43.239733]],[[6.043203,43.240084],[6.043293,43.240097],[6.043337,43.23993],[6.043104,43.239894],[6.043058,43.240064],[6.043131,43.240074],[6.043203,43.240084]]]]}},{"type":"Feature","properties":{"numero":"1104","section":"0H","code_insee":"83049","id_parc":"83049_0H_1104"},"geometry":{"type":"MultiPolygon","coordinates":[[[[6.043028,43.241032],[6.043044,43.240845],[6.043055,43.240658],[6.043233,43.240648],[6.043338,43.240645],[6.043428,43.240642],[6.043475,43.240639],[6.043472,43.240623],[6.043515,43.240622],[6.043572,43.240617],[6.043621,43.240613],[6.043793,43.240596],[6.043913,43.240584],[6.043997,43.240576],[6.044152,43.240562],[6.044209,43.240557],[6.044243,43.240554],[6.04436,43.240542],[6.044388,43.240538],[6.044546,43.240524],[6.044582,43.24052],[6.044628,43.240814],[6.044102,43.24092],[6.044053,43.24093],[6.044063,43.24097],[6.044082,43.241047],[6.04403,43.241275],[6.044008,43.241439],[6.044086,43.24153],[6.044119,43.241596],[6.04416,43.241753],[6.044181,43.241808],[6.044285,43.241957],[6.044051,43.242027],[6.043817,43.2421],[6.043621,43.242164],[6.043581,43.242182],[6.043553,43.242218],[6.043516,43.242232],[6.043391,43.24227],[6.04329,43.242292],[6.043225,43.242142],[6.043195,43.24204],[6.043166,43.241925],[6.043141,43.241809],[6.043039,43.241629],[6.043013,43.241537],[6.043001,43.24128],[6.043008,43.241218],[6.043028,43.241032]]]]}},{"type":"Feature","properties":{"numero":"1105","section":"0H","code_insee":"83049","id_parc":"83049_0H_1105"},"geometry":{"type":"MultiPolygon","coordinates":[[[[6.056762,43.239426],[6.056502,43.239553],[6.056465,43.239536],[6.055763,43.239211],[6.054874,43.238872],[6.054439,43.23871],[6.054757,43.238564],[6.054901,43.238464],[6.055249,43.238517],[6.055592,43.238608],[6.056572,43.238836],[6.057293,43.239003],[6.058361,43.239221],[6.058214,43.239291],[6.057954,43.239415],[6.057909,43.239432],[6.057591,43.239556],[6.057551,43.239571],[6.05745,43.239608],[6.057323,43.239655],[6.057288,43.239667],[6.057272,43.239627],[6.057123,43.239402],[6.056996,43.239288],[6.056762,43.239426]]]]}},{"type":"Feature","properties":{"numero":"0111","section":"AH","code_insee":"83049","id_parc":"83049_AH_0111"},"geometry":{"type":"MultiPolygon","coordinates":[[[[6.062926,43.243739],[6.06296,43.243665],[6.062989,43.243603],[6.062966,43.243749],[6.062947,43.243865],[6.062946,43.243869],[6.062951,43.24387],[6.062946,43.243889],[6.062934,43.243983],[6.062916,43.244072],[6.062885,43.244147],[6.062824,43.244247],[6.062774,43.244298],[6.062745,43.244326],[6.062718,43.244353],[6.062712,43.244358],[6.062708,43.244364],[6.062699,43.244373],[6.062677,43.244402],[6.062649,43.244388],[6.062647,43.244346],[6.062653,43.244268],[6.062673,43.244229],[6.062727,43.244123],[6.062795,43.243992],[6.062813,43.243958],[6.062836,43.243913],[6.062874,43.243838],[6.062921,43.24375],[6.062925,43.243742],[6.062926,43.243739]]]]}},{"type":"Feature","properties":{"numero":"0112","section":"AC","code_insee":"83049","id_parc":"83049_AC_0112"},"geometry":{"type":"MultiPolygon","coordinates":[[[[6.070141,43.238102],[6.070135,43.238106],[6.07012,43.238115],[6.070054,43.238047],[6.070071,43.238034],[6.070067,43.23803],[6.070117,43.238006],[6.070133,43.237998],[6.070139,43.238004],[6.070278,43.23794],[6.070311,43.237996],[6.070219,43.238053],[6.070175,43.238081],[6.070141,43.238102]]]]}},{"type":"Feature","properties":{"numero":"0112","section":"AH","code_insee":"83049","id_parc":"83049_AH_0112"},"geometry":{"type":"MultiPolygon","coordinates":[[[[6.063016,43.244553],[6.062813,43.244491],[6.062773,43.244497],[6.062771,43.244494],[6.06276,43.244478],[6.06275,43.244462],[6.062739,43.244454],[6.062733,43.244448],[6.062757,43.244431],[6.062778,43.244415],[6.062799,43.244401],[6.062825,43.244381],[6.062882,43.244327],[6.062959,43.244211],[6.063,43.244088],[6.06303,43.244018],[6.063103,43.244052],[6.063191,43.244092],[6.063173,43.244135],[6.06315,43.244194],[6.063129,43.244244],[6.0631,43.244321],[6.063086,43.244358],[6.063068,43.244407],[6.06305,43.244453],[6.063037,43.244488],[6.063034,43.244496],[6.063016,43.244553]]]]}},{"type":"Feature","properties":{"numero":"0112","section":"AI","code_insee":"83049","id_parc":"83049_AI_0112"},"geometry":{"type":"MultiPolygon","coordinates":[[[[6.069408,43.242877],[6.069481,43.24301],[6.069617,43.24326],[6.069672,43.243362],[6.069618,43.243429],[6.069577,43.243354],[6.069538,43.243283],[6.06945,43.243121],[6.069367,43.242971],[6.069352,43.242947],[6.069343,43.242929],[6.06923,43.242722],[6.069044,43.242379],[6.06894,43.242189],[6.068859,43.242049],[6.068931,43.242014],[6.068935,43.242021],[6.069003,43.242137],[6.069066,43.242252],[6.069084,43.242285],[6.069131,43.242372],[6.069232,43.242555],[6.069305,43.242689],[6.069331,43.242737],[6.069392,43.242849],[6.069401,43.242865],[6.069408,43.242877]]]]}},{"type":"Feature","properties":{"numero":"0113","section":"AH","code_insee":"83049","id_parc":"83049_AH_0113"},"geometry":{"type":"MultiPolygon","coordinates":[[[[6.062741,43.244495],[6.062731,43.244477],[6.062713,43.244461],[6.062704,43.244452],[6.06268,43.244432],[6.062662,43.244417],[6.062677,43.244402],[6.062718,43.244437],[6.062733,43.244448],[6.062739,43.244454],[6.06275,43.244462],[6.06276,43.244478],[6.062771,43.244494],[6.062773,43.244497],[6.062771,43.244576],[6.062771,43.24462],[6.06277,43.244646],[6.06277,43.24469],[6.06277,43.244716],[6.062768,43.244786],[6.062745,43.244786],[6.062747,43.244716],[6.062747,43.24469],[6.062747,43.244642],[6.062748,43.244607],[6.062745,43.244539],[6.062741,43.244495]]]]}},{"type":"Feature","properties":{"numero":"0113","section":"AI","code_insee":"83049","id_parc":"83049_AI_0113"},"geometry":{"type":"MultiPolygon","coordinates":[[[[6.069615,43.242802],[6.069612,43.242794],[6.069584,43.242702],[6.069572,43.242667],[6.069534,43.242568],[6.069528,43.242554],[6.06947,43.242429],[6.069414,43.242313],[6.069351,43.242207],[6.069329,43.242176],[6.069247,43.242066],[6.069173,43.241971],[6.06915,43.241938],[6.069146,43.241936],[6.069139,43.241934],[6.069127,43.241933],[6.069117,43.241935],[6.069107,43.241939],[6.068935,43.242021],[6.068931,43.242014],[6.068935,43.242012],[6.069187,43.2419],[6.069314,43.24202],[6.069403,43.242143],[6.06962,43.242584],[6.069752,43.243161],[6.069728,43.243271],[6.069672,43.243362],[6.069617,43.24326],[6.069625,43.243258],[6.069673,43.243237],[6.069708,43.243202],[6.069697,43.243129],[6.06967,43.242994],[6.06966,43.242958],[6.069651,43.242928],[6.069615,43.242802]]]]}},{"type":"Feature","properties":{"numero":"0114","section":"AC","code_insee":"83049","id_parc":"83049_AC_0114"},"geometry":{"type":"MultiPolygon","coordinates":[[[[6.069754,43.238133],[6.069791,43.238107],[6.069858,43.238075],[6.069973,43.238019],[6.07002,43.237996],[6.070032,43.237991],[6.070067,43.23803],[6.070071,43.238034],[6.070054,43.238047],[6.07012,43.238115],[6.070067,43.238147],[6.069955,43.238216],[6.069897,43.238251],[6.069886,43.238258],[6.069895,43.238267],[6.069876,43.238277],[6.069862,43.23826],[6.069847,43.238241],[6.069802,43.238268],[6.069717,43.23832],[6.069663,43.238352],[6.069568,43.238411],[6.06961,43.238446],[6.069627,43.23846],[6.069569,43.238495],[6.069552,43.238481],[6.06951,43.238447],[6.069499,43.238438],[6.069483,43.238448],[6.069427,43.238481],[6.069415,43.238455],[6.069403,43.238456],[6.069406,43.238468],[6.069403,43.238476],[6.069376,43.238471],[6.069361,43.238468],[6.069379,43.238415],[6.069371,43.238346],[6.069402,43.238342],[6.0694,43.238353],[6.0694,43.238385],[6.069416,43.238374],[6.069418,43.238376],[6.069456,43.238345],[6.069539,43.238287],[6.069754,43.238133]]]]}},{"type":"Feature","properties":{"numero":"0114","section":"AI","code_insee":"83049","id_parc":"83049_AI_0114"},"geometry":{"type":"MultiPolygon","coordinates":[[[[6.069617,43.24326],[6.069481,43.24301],[6.06966,43.242958],[6.06967,43.242994],[6.069697,43.243129],[6.069708,43.243202],[6.069673,43.243237],[6.069625,43.243258],[6.069617,43.24326]]]]}},{"type":"Feature","properties":{"numero":"0115","section":"AC","code_insee":"83049","id_parc":"83049_AC_0115"},"geometry":{"type":"MultiPolygon","coordinates":[[[[6.069483,43.238546],[6.069428,43.238484],[6.069427,43.238481],[6.069483,43.238448],[6.069499,43.238438],[6.06951,43.238447],[6.069552,43.238481],[6.069569,43.238495],[6.069514,43.238527],[6.069483,43.238546]]]]}},{"type":"Feature","properties":{"numero":"0115","section":"AI","code_insee":"83049","id_parc":"83049_AI_0115"},"geometry":{"type":"MultiPolygon","coordinates":[[[[6.069556,43.24282],[6.069558,43.242819],[6.069615,43.242802],[6.069651,43.242928],[6.06966,43.242958],[6.069481,43.24301],[6.069408,43.242877],[6.069401,43.242865],[6.069446,43.242852],[6.069556,43.24282]]]]}},{"type":"Feature","properties":{"numero":"0116","section":"AC","code_insee":"83049","id_parc":"83049_AC_0116"},"geometry":{"type":"MultiPolygon","coordinates":[[[[6.069399,43.238278],[6.069388,43.238135],[6.069561,43.238029],[6.069571,43.238023],[6.06965,43.237975],[6.069729,43.237927],[6.069809,43.238019],[6.069839,43.238055],[6.069858,43.238075],[6.069791,43.238107],[6.069754,43.238133],[6.069539,43.238287],[6.069456,43.238345],[6.069418,43.238376],[6.069416,43.238374],[6.0694,43.238385],[6.0694,43.238353],[6.069402,43.238342],[6.069399,43.238278]]]]}},{"type":"Feature","properties":{"numero":"0116","section":"AE","code_insee":"83049","id_parc":"83049_AE_0116"},"geometry":{"type":"MultiPolygon","coordinates":[[[[6.060726,43.240708],[6.06085,43.241077],[6.060838,43.2411],[6.060695,43.241061],[6.060682,43.241033],[6.060667,43.240981],[6.060664,43.240964],[6.060643,43.240899],[6.060606,43.240785],[6.060661,43.240742],[6.060695,43.240716],[6.060726,43.240708]]]]}},{"type":"Feature","properties":{"numero":"0116","section":"AH","code_insee":"83049","id_parc":"83049_AH_0116"},"geometry":{"type":"MultiPolygon","coordinates":[[[[6.062774,43.245659],[6.063478,43.245714],[6.063514,43.245722],[6.063477,43.245781],[6.063456,43.245817],[6.063435,43.24585],[6.063417,43.24588],[6.063401,43.245906],[6.063376,43.245946],[6.063352,43.245984],[6.063326,43.246026],[6.063307,43.246057],[6.063295,43.246076],[6.063285,43.246093],[6.063279,43.246098],[6.063276,43.246103],[6.062974,43.246062],[6.063039,43.24581],[6.06304,43.245806],[6.06304,43.245801],[6.063038,43.245797],[6.063036,43.245793],[6.063032,43.245789],[6.063028,43.245786],[6.063024,43.245783],[6.063018,43.245781],[6.063015,43.24578],[6.062567,43.245669],[6.06242,43.245633],[6.062425,43.245586],[6.062454,43.245515],[6.062473,43.245469],[6.062494,43.245418],[6.06251,43.245376],[6.062514,43.245368],[6.062641,43.245403],[6.062713,43.245423],[6.062767,43.245438],[6.062774,43.245659]]]]}},{"type":"Feature","properties":{"numero":"0116","section":"AI","code_insee":"83049","id_parc":"83049_AI_0116"},"geometry":{"type":"MultiPolygon","coordinates":[[[[6.06957,43.242685],[6.069577,43.242692],[6.069584,43.242702],[6.069612,43.242794],[6.069615,43.242802],[6.069558,43.242819],[6.069556,43.24282],[6.069446,43.242852],[6.069401,43.242865],[6.069392,43.242849],[6.069331,43.242737],[6.069407,43.242715],[6.069527,43.24268],[6.069534,43.242679],[6.069547,43.242678],[6.069558,43.24268],[6.06957,43.242685]]]]}},{"type":"Feature","properties":{"numero":"0117","section":"AI","code_insee":"83049","id_parc":"83049_AI_0117"},"geometry":{"type":"MultiPolygon","coordinates":[[[[6.069534,43.242568],[6.069572,43.242667],[6.069584,43.242702],[6.069577,43.242692],[6.06957,43.242685],[6.069558,43.24268],[6.069547,43.242678],[6.069534,43.242679],[6.069527,43.24268],[6.069407,43.242715],[6.069331,43.242737],[6.069305,43.242689],[6.069376,43.242658],[6.069346,43.242623],[6.069395,43.242609],[6.069481,43.242584],[6.069534,43.242568]]]]}},{"type":"Feature","properties":{"numero":"0118","section":"AH","code_insee":"83049","id_parc":"83049_AH_0118"},"geometry":{"type":"MultiPolygon","coordinates":[[[[6.062398,43.2457],[6.062356,43.245688],[6.062381,43.245659],[6.062416,43.245668],[6.062469,43.245682],[6.062491,43.245688],[6.062528,43.245699],[6.062542,43.245703],[6.062958,43.245804],[6.062962,43.245805],[6.062967,43.245807],[6.062972,43.24581],[6.062976,43.245813],[6.062979,43.245817],[6.062982,43.245821],[6.062983,43.245826],[6.062984,43.24583],[6.062983,43.245834],[6.062926,43.246056],[6.062576,43.246008],[6.062576,43.246027],[6.062337,43.245996],[6.062336,43.245974],[6.062339,43.245859],[6.062358,43.245783],[6.062398,43.2457]]]]}},{"type":"Feature","properties":{"numero":"0119","section":"AH","code_insee":"83049","id_parc":"83049_AH_0119"},"geometry":{"type":"MultiPolygon","coordinates":[[[[6.062349,43.24565],[6.062381,43.245659],[6.062356,43.245688],[6.062322,43.245678],[6.062313,43.245676],[6.062314,43.245674],[6.062304,43.245668],[6.062295,43.245675],[6.062288,43.24569],[6.062258,43.245684],[6.062203,43.245674],[6.0622,43.245679],[6.06208,43.24565],[6.062045,43.245645],[6.062061,43.245602],[6.062075,43.245579],[6.062097,43.24553],[6.062121,43.245478],[6.06213,43.245444],[6.062155,43.245358],[6.06218,43.245289],[6.062221,43.24517],[6.062253,43.245079],[6.062301,43.244948],[6.062326,43.244884],[6.062368,43.244782],[6.062384,43.244744],[6.062421,43.244678],[6.062427,43.24466],[6.062436,43.24466],[6.062437,43.24467],[6.062438,43.244684],[6.062439,43.244695],[6.062442,43.244712],[6.062452,43.244749],[6.062467,43.244802],[6.062474,43.244825],[6.062484,43.244857],[6.062489,43.244877],[6.062506,43.244935],[6.062513,43.244957],[6.062527,43.245],[6.062535,43.245026],[6.062536,43.245028],[6.062542,43.245044],[6.06255,43.245066],[6.062565,43.245113],[6.06256,43.24513],[6.062549,43.245168],[6.062537,43.245206],[6.062528,43.245231],[6.062515,43.24527],[6.062498,43.245316],[6.062488,43.245354],[6.062475,43.245391],[6.062473,43.245397],[6.062461,43.245426],[6.062452,43.245444],[6.062435,43.245478],[6.062425,43.245499],[6.062411,43.245528],[6.062401,43.245545],[6.06239,43.245569],[6.062378,43.245594],[6.062366,43.245618],[6.062357,43.245635],[6.062349,43.24565]]]]}},{"type":"Feature","properties":{"numero":"0119","section":"AI","code_insee":"83049","id_parc":"83049_AI_0119"},"geometry":{"type":"MultiPolygon","coordinates":[[[[6.069273,43.242538],[6.069238,43.242497],[6.06947,43.242429],[6.069528,43.242554],[6.069534,43.242568],[6.069481,43.242584],[6.069395,43.242609],[6.069346,43.242623],[6.069332,43.242607],[6.069273,43.242538]]]]}},{"type":"Feature","properties":{"numero":"0012","section":"AB","code_insee":"83049","id_parc":"83049_AB_0012"},"geometry":{"type":"MultiPolygon","coordinates":[[[[6.070544,43.238505],[6.070511,43.238535],[6.070492,43.238551],[6.070484,43.238547],[6.070418,43.238513],[6.070355,43.238479],[6.070412,43.23843],[6.070544,43.238505]]]]}},{"type":"Feature","properties":{"numero":"0012","section":"AD","code_insee":"83049","id_parc":"83049_AD_0012"},"geometry":{"type":"MultiPolygon","coordinates":[[[[6.065206,43.24252],[6.065156,43.242413],[6.06525,43.242216],[6.065284,43.242219],[6.065402,43.24223],[6.065435,43.242233],[6.065434,43.242251],[6.065428,43.242289],[6.065429,43.242323],[6.065425,43.242358],[6.065437,43.242417],[6.065438,43.242428],[6.065433,43.242453],[6.065429,43.242458],[6.065405,43.24247],[6.065259,43.242507],[6.065206,43.24252]]]]}},{"type":"Feature","properties":{"numero":"0012","section":"AH","code_insee":"83049","id_parc":"83049_AH_0012"},"geometry":{"type":"MultiPolygon","coordinates":[[[[6.05648,43.248103],[6.056272,43.24809],[6.056259,43.24809],[6.056261,43.24792],[6.056261,43.247875],[6.056261,43.247839],[6.056262,43.247819],[6.056263,43.247696],[6.056255,43.247666],[6.0563,43.247662],[6.056346,43.247659],[6.056402,43.247649],[6.056441,43.247647],[6.05658,43.247613],[6.056574,43.24766],[6.056574,43.247662],[6.056519,43.248106],[6.05648,43.248103]]]]}},{"type":"Feature","properties":{"numero":"0012","section":"AI","code_insee":"83049","id_parc":"83049_AI_0012"},"geometry":{"type":"MultiPolygon","coordinates":[[[[6.066933,43.242561],[6.066981,43.242626],[6.066943,43.242643],[6.066885,43.242569],[6.06682,43.242488],[6.066784,43.242442],[6.066744,43.242392],[6.066698,43.242335],[6.066665,43.242294],[6.066627,43.242248],[6.066672,43.242229],[6.066675,43.242228],[6.06668,43.242226],[6.066751,43.242312],[6.066806,43.24238],[6.066806,43.242381],[6.067275,43.242292],[6.067299,43.24232],[6.067354,43.24238],[6.067148,43.242469],[6.066985,43.242538],[6.066961,43.242549],[6.066933,43.242561]]]]}},{"type":"Feature","properties":{"numero":"0120","section":"AH","code_insee":"83049","id_parc":"83049_AH_0120"},"geometry":{"type":"MultiPolygon","coordinates":[[[[6.062314,43.245674],[6.062313,43.245676],[6.062322,43.245678],[6.06226,43.245889],[6.062251,43.24599],[6.062249,43.246077],[6.062247,43.246119],[6.062239,43.246213],[6.062246,43.246297],[6.062237,43.246383],[6.06221,43.246463],[6.062091,43.246553],[6.061954,43.24664],[6.061742,43.246752],[6.061652,43.246816],[6.061645,43.246831],[6.061628,43.246853],[6.06163,43.246814],[6.061651,43.246761],[6.061675,43.246732],[6.06171,43.246692],[6.061719,43.246666],[6.061725,43.246649],[6.061722,43.246614],[6.06171,43.246575],[6.061701,43.246556],[6.061682,43.246513],[6.061672,43.246493],[6.061666,43.24648],[6.061658,43.246442],[6.061658,43.246435],[6.06166,43.246427],[6.061668,43.246407],[6.061685,43.246375],[6.061717,43.246321],[6.061741,43.24628],[6.061845,43.246103],[6.061916,43.245971],[6.061924,43.245954],[6.061957,43.245897],[6.061976,43.245851],[6.062011,43.245739],[6.062023,43.245708],[6.062045,43.245645],[6.06208,43.24565],[6.0622,43.245679],[6.062203,43.245674],[6.062258,43.245684],[6.062288,43.24569],[6.062295,43.245675],[6.062304,43.245668],[6.062314,43.245674]]]]}},{"type":"Feature","properties":{"numero":"0120","section":"AI","code_insee":"83049","id_parc":"83049_AI_0120"},"geometry":{"type":"MultiPolygon","coordinates":[[[[6.069351,43.242332],[6.069355,43.242331],[6.069414,43.242313],[6.06947,43.242429],[6.069238,43.242497],[6.069148,43.242391],[6.069197,43.242377],[6.069214,43.242372],[6.069232,43.242367],[6.069351,43.242332]]]]}},{"type":"Feature","properties":{"numero":"0121","section":"AH","code_insee":"83049","id_parc":"83049_AH_0121"},"geometry":{"type":"MultiPolygon","coordinates":[[[[6.061557,43.24684],[6.061553,43.246842],[6.061581,43.246874],[6.061528,43.246935],[6.061501,43.246956],[6.061392,43.247044],[6.061364,43.247061],[6.061297,43.247104],[6.061206,43.24714],[6.061124,43.24718],[6.061053,43.247216],[6.060978,43.247266],[6.060875,43.247322],[6.060809,43.247363],[6.06075,43.247408],[6.060741,43.247415],[6.060697,43.247451],[6.060621,43.247509],[6.060542,43.247579],[6.060526,43.247603],[6.060498,43.247643],[6.060453,43.247699],[6.060395,43.24775],[6.060344,43.247791],[6.060296,43.247823],[6.060245,43.24785],[6.060245,43.247843],[6.060245,43.247839],[6.060249,43.247826],[6.060256,43.247814],[6.060278,43.247792],[6.060336,43.247737],[6.060489,43.247567],[6.060583,43.247476],[6.06062,43.247444],[6.060692,43.247377],[6.060761,43.247312],[6.060787,43.247292],[6.060809,43.247277],[6.060838,43.247258],[6.060896,43.247223],[6.06093,43.247202],[6.060955,43.24718],[6.061011,43.247117],[6.0611,43.247019],[6.061172,43.246936],[6.06125,43.24685],[6.061299,43.246793],[6.061329,43.246761],[6.061366,43.246725],[6.061427,43.246672],[6.061487,43.246625],[6.061536,43.246575],[6.061552,43.246564],[6.061577,43.246542],[6.061584,43.246534],[6.061599,43.24653],[6.061612,43.246532],[6.061621,43.246536],[6.061639,43.246557],[6.061651,43.246582],[6.061656,43.246608],[6.061651,43.246652],[6.061631,43.24671],[6.061615,43.246741],[6.061577,43.246797],[6.061557,43.24684]]]]}},{"type":"Feature","properties":{"numero":"0121","section":"AI","code_insee":"83049","id_parc":"83049_AI_0121"},"geometry":{"type":"MultiPolygon","coordinates":[[[[6.069131,43.242372],[6.069084,43.242285],[6.069351,43.242207],[6.069414,43.242313],[6.069355,43.242331],[6.069351,43.242332],[6.069232,43.242367],[6.069214,43.242372],[6.069197,43.242377],[6.069148,43.242391],[6.069131,43.242372]]]]}},{"type":"Feature","properties":{"numero":"0121","section":"0H","code_insee":"83049","id_parc":"83049_0H_0121"},"geometry":{"type":"MultiPolygon","coordinates":[[[[6.054744,43.247812],[6.054531,43.247811],[6.054386,43.247797],[6.054348,43.24769],[6.054283,43.247565],[6.054122,43.247336],[6.054022,43.247229],[6.054313,43.247195],[6.054316,43.247199],[6.054504,43.247428],[6.054511,43.247437],[6.054525,43.247452],[6.054539,43.247475],[6.054552,43.24749],[6.054578,43.247527],[6.054613,43.247573],[6.054639,43.247608],[6.054686,43.247697],[6.054695,43.247715],[6.054715,43.247754],[6.054744,43.247812]]]]}},{"type":"Feature","properties":{"numero":"1218","section":"0C","code_insee":"83049","id_parc":"83049_0C_1218"},"geometry":{"type":"MultiPolygon","coordinates":[[[[6.067805,43.254584],[6.067768,43.254552],[6.067761,43.254489],[6.067919,43.254463],[6.06795,43.254472],[6.06798,43.254484],[6.068008,43.254498],[6.06802,43.254506],[6.068177,43.254536],[6.068779,43.254561],[6.068904,43.254663],[6.068907,43.254719],[6.068898,43.254745],[6.068869,43.254778],[6.068873,43.254788],[6.068912,43.254825],[6.068548,43.254877],[6.068264,43.254908],[6.068088,43.254921],[6.067845,43.254998],[6.067838,43.254935],[6.067828,43.254872],[6.067813,43.254809],[6.067808,43.25479],[6.067805,43.254584]]]]}},{"type":"Feature","properties":{"numero":"0122","section":"AH","code_insee":"83049","id_parc":"83049_AH_0122"},"geometry":{"type":"MultiPolygon","coordinates":[[[[6.06169,43.247948],[6.061682,43.247985],[6.060714,43.247468],[6.060721,43.247463],[6.060822,43.247376],[6.060889,43.247335],[6.060992,43.247277],[6.061067,43.247229],[6.061138,43.24719],[6.061212,43.247157],[6.061272,43.247134],[6.061356,43.247181],[6.061366,43.247186],[6.061385,43.247197],[6.061428,43.24722],[6.061472,43.247243],[6.061538,43.247279],[6.061509,43.247347],[6.061484,43.247407],[6.061541,43.247438],[6.061639,43.247488],[6.061724,43.247532],[6.061783,43.247563],[6.061801,43.247571],[6.061851,43.247596],[6.061849,43.247601],[6.061817,43.247683],[6.061765,43.247772],[6.06172,43.247858],[6.06169,43.247948]]]]}},{"type":"Feature","properties":{"numero":"0122","section":"AI","code_insee":"83049","id_parc":"83049_AI_0122"},"geometry":{"type":"MultiPolygon","coordinates":[[[[6.069084,43.242285],[6.069066,43.242252],[6.069329,43.242176],[6.069351,43.242207],[6.069084,43.242285]]]]}},{"type":"Feature","properties":{"numero":"0122","section":"0H","code_insee":"83049","id_parc":"83049_0H_0122"},"geometry":{"type":"MultiPolygon","coordinates":[[[[6.053245,43.24764],[6.053089,43.247552],[6.052885,43.247475],[6.052858,43.247464],[6.052802,43.247427],[6.05271,43.247331],[6.053045,43.247309],[6.053091,43.2473],[6.053166,43.247288],[6.053241,43.24728],[6.053316,43.247274],[6.053535,43.247285],[6.053793,43.247265],[6.054022,43.247229],[6.054122,43.247336],[6.054283,43.247565],[6.054348,43.24769],[6.054386,43.247797],[6.054285,43.247794],[6.054184,43.247788],[6.054148,43.247785],[6.05408,43.247805],[6.05402,43.247804],[6.05396,43.247799],[6.053942,43.247797],[6.053857,43.247825],[6.053745,43.247842],[6.053512,43.247824],[6.053304,43.247675],[6.053245,43.24764]]]]}},{"type":"Feature","properties":{"numero":"0123","section":"AH","code_insee":"83049","id_parc":"83049_AH_0123"},"geometry":{"type":"MultiPolygon","coordinates":[[[[6.061366,43.247186],[6.061356,43.247181],[6.061272,43.247134],[6.061338,43.247108],[6.061351,43.247102],[6.061468,43.247037],[6.061525,43.246988],[6.061583,43.246928],[6.061608,43.246902],[6.061636,43.246934],[6.061639,43.246932],[6.061657,43.246938],[6.061726,43.246974],[6.061774,43.247007],[6.061824,43.24705],[6.061859,43.247096],[6.061883,43.24714],[6.061895,43.247182],[6.061898,43.247224],[6.061894,43.247289],[6.061878,43.24739],[6.061866,43.247506],[6.061863,43.247527],[6.061851,43.247596],[6.061801,43.247571],[6.061783,43.247563],[6.061724,43.247532],[6.061639,43.247488],[6.061541,43.247438],[6.061484,43.247407],[6.061509,43.247347],[6.061538,43.247279],[6.061472,43.247243],[6.061428,43.24722],[6.061385,43.247197],[6.061366,43.247186]]]]}},{"type":"Feature","properties":{"numero":"0123","section":"AI","code_insee":"83049","id_parc":"83049_AI_0123"},"geometry":{"type":"MultiPolygon","coordinates":[[[[6.069173,43.242087],[6.069183,43.242084],[6.069247,43.242066],[6.069329,43.242176],[6.069066,43.242252],[6.069003,43.242137],[6.069048,43.242124],[6.069173,43.242087]]]]}},{"type":"Feature","properties":{"numero":"0123","section":"0H","code_insee":"83049","id_parc":"83049_0H_0123"},"geometry":{"type":"MultiPolygon","coordinates":[[[[6.053511,43.247852],[6.053708,43.247862],[6.054042,43.248629],[6.053899,43.248649],[6.05355,43.248641],[6.053172,43.248644],[6.052736,43.24866],[6.05226,43.248536],[6.051986,43.248498],[6.051737,43.248466],[6.051609,43.248565],[6.051395,43.248423],[6.051319,43.248312],[6.051146,43.248088],[6.051088,43.247985],[6.051257,43.247877],[6.051487,43.247835],[6.051591,43.247808],[6.051724,43.247827],[6.051803,43.247847],[6.05192,43.247877],[6.052039,43.247904],[6.052103,43.247917],[6.052465,43.247919],[6.052483,43.247928],[6.05251,43.247969],[6.052554,43.247981],[6.052775,43.24798],[6.05296,43.247996],[6.053007,43.24799],[6.053086,43.247959],[6.053195,43.247979],[6.053344,43.247929],[6.053511,43.247852]]]]}},{"type":"Feature","properties":{"numero":"1235","section":"0A","code_insee":"83049","id_parc":"83049_0A_1235"},"geometry":{"type":"MultiPolygon","coordinates":[[[[6.052257,43.255621],[6.052252,43.255678],[6.052224,43.25591],[6.052025,43.255893],[6.052067,43.25549],[6.051676,43.255447],[6.051726,43.255182],[6.051645,43.255169],[6.051727,43.254756],[6.051991,43.254808],[6.052074,43.254834],[6.052222,43.254893],[6.052263,43.254917],[6.052271,43.254972],[6.052274,43.255027],[6.052274,43.255044],[6.052254,43.255243],[6.052259,43.255473],[6.052257,43.255621]]]]}},{"type":"Feature","properties":{"numero":"1236","section":"0A","code_insee":"83049","id_parc":"83049_0A_1236"},"geometry":{"type":"MultiPolygon","coordinates":[[[[6.051067,43.255345],[6.051175,43.254988],[6.051191,43.254915],[6.051211,43.254817],[6.051236,43.254719],[6.05126,43.254638],[6.051364,43.254679],[6.051454,43.254704],[6.051539,43.254724],[6.051625,43.25474],[6.051727,43.254756],[6.051645,43.255169],[6.051726,43.255182],[6.051676,43.255447],[6.052067,43.25549],[6.052025,43.255893],[6.052224,43.25591],[6.052218,43.255959],[6.052242,43.256128],[6.052237,43.256315],[6.052251,43.256396],[6.051858,43.25644],[6.051838,43.255798],[6.051838,43.255501],[6.051069,43.2554],[6.051067,43.255345]]]]}},{"type":"Feature","properties":{"numero":"0124","section":"AH","code_insee":"83049","id_parc":"83049_AH_0124"},"geometry":{"type":"MultiPolygon","coordinates":[[[[6.061777,43.248242],[6.061797,43.248251],[6.061774,43.248266],[6.061746,43.248239],[6.061716,43.24819],[6.061707,43.248162],[6.061706,43.248139],[6.061706,43.248071],[6.061713,43.248005],[6.061725,43.24796],[6.061739,43.247911],[6.061743,43.247899],[6.061773,43.247837],[6.061805,43.247778],[6.061821,43.247757],[6.061838,43.247723],[6.061854,43.247689],[6.061867,43.247664],[6.06189,43.247582],[6.061905,43.24751],[6.061908,43.247498],[6.061918,43.247404],[6.061926,43.247375],[6.061932,43.247368],[6.061953,43.247361],[6.062,43.247371],[6.062038,43.247454],[6.062055,43.247497],[6.062049,43.247536],[6.062041,43.247571],[6.062036,43.247584],[6.062023,43.247606],[6.061985,43.247654],[6.061961,43.247679],[6.061893,43.247742],[6.061862,43.247786],[6.061788,43.247976],[6.061775,43.24806],[6.061747,43.248169],[6.061759,43.248214],[6.061777,43.248242]]]]}},{"type":"Feature","properties":{"numero":"0124","section":"AI","code_insee":"83049","id_parc":"83049_AI_0124"},"geometry":{"type":"MultiPolygon","coordinates":[[[[6.069048,43.242124],[6.069003,43.242137],[6.068935,43.242021],[6.069107,43.241939],[6.069117,43.241935],[6.069127,43.241933],[6.069139,43.241934],[6.069146,43.241936],[6.06915,43.241938],[6.069173,43.241971],[6.069247,43.242066],[6.069183,43.242084],[6.069173,43.242087],[6.069048,43.242124]]]]}},{"type":"Feature","properties":{"numero":"0124","section":"0H","code_insee":"83049","id_parc":"83049_0H_0124"},"geometry":{"type":"MultiPolygon","coordinates":[[[[6.052768,43.247538],[6.052855,43.247555],[6.052885,43.247475],[6.053089,43.247552],[6.053245,43.24764],[6.053348,43.247729],[6.053497,43.247835],[6.053463,43.24785],[6.053428,43.247862],[6.053412,43.247867],[6.053305,43.247924],[6.05319,43.247962],[6.053088,43.247942],[6.053063,43.247944],[6.052997,43.247972],[6.052934,43.247983],[6.052826,43.247966],[6.052712,43.247963],[6.052599,43.247963],[6.052538,43.247964],[6.052484,43.2479],[6.052103,43.2479],[6.051882,43.247853],[6.051829,43.247849],[6.051842,43.247831],[6.051738,43.247678],[6.051563,43.247519],[6.051592,43.247526],[6.051639,43.247535],[6.051688,43.247541],[6.05179,43.247507],[6.051873,43.247567],[6.052182,43.247519],[6.052203,43.247558],[6.052342,43.247531],[6.052491,43.247528],[6.052594,43.247526],[6.052638,43.247525],[6.052768,43.247538]]]]}},{"type":"Feature","properties":{"numero":"0125","section":"AH","code_insee":"83049","id_parc":"83049_AH_0125"},"geometry":{"type":"MultiPolygon","coordinates":[[[[6.061808,43.246992],[6.061713,43.246927],[6.061658,43.246897],[6.061775,43.246826],[6.061818,43.246829],[6.061871,43.246877],[6.061902,43.24692],[6.061937,43.246961],[6.061974,43.247],[6.061991,43.247016],[6.06198,43.247136],[6.061965,43.247187],[6.061964,43.247216],[6.061968,43.247244],[6.061976,43.247272],[6.06198,43.247284],[6.061995,43.247319],[6.062011,43.247342],[6.061972,43.247333],[6.06196,43.247325],[6.061955,43.247321],[6.061947,43.247312],[6.061942,43.247302],[6.061939,43.247292],[6.061936,43.247275],[6.061935,43.247238],[6.061927,43.24717],[6.061906,43.24711],[6.061874,43.247059],[6.061808,43.246992]]]]}},{"type":"Feature","properties":{"numero":"0125","section":"AI","code_insee":"83049","id_parc":"83049_AI_0125"},"geometry":{"type":"MultiPolygon","coordinates":[[[[6.06897,43.241303],[6.068966,43.241242],[6.068968,43.241212],[6.069012,43.241241],[6.069274,43.241411],[6.069369,43.241473],[6.069416,43.241504],[6.069474,43.241541],[6.069554,43.241594],[6.069572,43.241605],[6.069615,43.241632],[6.069652,43.241656],[6.069746,43.241723],[6.069743,43.241724],[6.06972,43.241741],[6.06969,43.241763],[6.069664,43.241782],[6.069597,43.241831],[6.069594,43.241833],[6.069403,43.241972],[6.069351,43.24201],[6.069276,43.241912],[6.069172,43.241755],[6.069115,43.241651],[6.069003,43.241425],[6.068977,43.241353],[6.06897,43.241303]]]]}},{"type":"Feature","properties":{"numero":"0125","section":"0H","code_insee":"83049","id_parc":"83049_0H_0125"},"geometry":{"type":"MultiPolygon","coordinates":[[[[6.052802,43.247427],[6.052858,43.247464],[6.052885,43.247475],[6.052855,43.247555],[6.052768,43.247538],[6.052638,43.247525],[6.052594,43.247526],[6.052491,43.247528],[6.052342,43.247531],[6.052203,43.247558],[6.052182,43.247519],[6.051873,43.247567],[6.05179,43.247507],[6.051848,43.247486],[6.051936,43.247445],[6.05206,43.247407],[6.052361,43.247372],[6.052482,43.24734],[6.052663,43.247326],[6.05271,43.247331],[6.052802,43.247427]]]]}},{"type":"Feature","properties":{"numero":"0126","section":"AH","code_insee":"83049","id_parc":"83049_AH_0126"},"geometry":{"type":"MultiPolygon","coordinates":[[[[6.062292,43.246994],[6.062108,43.247],[6.062053,43.247001],[6.061979,43.246937],[6.061956,43.246885],[6.061916,43.24673],[6.062068,43.246672],[6.062189,43.246624],[6.062192,43.246642],[6.062212,43.246753],[6.062389,43.246736],[6.062435,43.24699],[6.062292,43.246994]]]]}},{"type":"Feature","properties":{"numero":"0126","section":"AI","code_insee":"83049","id_parc":"83049_AI_0126"},"geometry":{"type":"MultiPolygon","coordinates":[[[[6.068969,43.241191],[6.068976,43.241142],[6.068999,43.241058],[6.06905,43.24108],[6.069105,43.241098],[6.069116,43.241102],[6.069228,43.241138],[6.069284,43.24116],[6.0693,43.24117],[6.069314,43.241182],[6.069341,43.241204],[6.069345,43.241209],[6.069347,43.241211],[6.069357,43.241219],[6.069384,43.24124],[6.069424,43.241268],[6.069444,43.241279],[6.069451,43.241281],[6.069467,43.24128],[6.069515,43.241277],[6.069566,43.241274],[6.069581,43.241272],[6.069596,43.241289],[6.069677,43.241378],[6.069645,43.241404],[6.069603,43.241437],[6.069522,43.241382],[6.069519,43.24138],[6.069489,43.241403],[6.069448,43.241375],[6.069408,43.241407],[6.069405,43.241405],[6.069395,43.241413],[6.06942,43.24143],[6.069393,43.241453],[6.069369,43.241473],[6.069274,43.241411],[6.069012,43.241241],[6.068968,43.241212],[6.068969,43.241191]]]]}},{"type":"Feature","properties":{"numero":"0126","section":"0H","code_insee":"83049","id_parc":"83049_0H_0126"},"geometry":{"type":"MultiPolygon","coordinates":[[[[6.051257,43.247877],[6.051088,43.247985],[6.050967,43.247765],[6.051009,43.247727],[6.051046,43.247699],[6.051086,43.247672],[6.051167,43.247631],[6.051563,43.247519],[6.051738,43.247678],[6.051842,43.247831],[6.051829,43.247849],[6.051803,43.247847],[6.051724,43.247827],[6.051591,43.247808],[6.051487,43.247835],[6.051257,43.247877]]]]}},{"type":"Feature","properties":{"numero":"0127","section":"AH","code_insee":"83049","id_parc":"83049_AH_0127"},"geometry":{"type":"MultiPolygon","coordinates":[[[[6.062495,43.246988],[6.062441,43.24699],[6.062435,43.24699],[6.062389,43.246736],[6.062212,43.246753],[6.062192,43.246642],[6.062189,43.246624],[6.062222,43.246611],[6.062327,43.246444],[6.06232,43.246398],[6.062327,43.246245],[6.062328,43.246233],[6.062328,43.246205],[6.062336,43.246206],[6.062364,43.246201],[6.062376,43.246198],[6.06241,43.246239],[6.062406,43.246243],[6.062442,43.246271],[6.06247,43.246285],[6.062495,43.246294],[6.062513,43.246299],[6.062546,43.246304],[6.062563,43.24633],[6.06264,43.246426],[6.062642,43.24643],[6.062645,43.246431],[6.062644,43.246432],[6.062431,43.24659],[6.062428,43.246598],[6.062427,43.246607],[6.062438,43.246682],[6.062449,43.246737],[6.062464,43.246797],[6.062479,43.246863],[6.062483,43.246909],[6.062492,43.246973],[6.062495,43.246988]]]]}},{"type":"Feature","properties":{"numero":"0127","section":"AI","code_insee":"83049","id_parc":"83049_AI_0127"},"geometry":{"type":"MultiPolygon","coordinates":[[[[6.069105,43.241098],[6.06905,43.24108],[6.068999,43.241058],[6.069029,43.240959],[6.069062,43.240857],[6.069066,43.240844],[6.069069,43.240819],[6.069067,43.240791],[6.069066,43.240782],[6.069041,43.240694],[6.069026,43.240669],[6.068947,43.240482],[6.06896,43.240483],[6.068986,43.240491],[6.069004,43.240497],[6.069013,43.240502],[6.069026,43.240509],[6.069035,43.240518],[6.069044,43.240527],[6.069054,43.240537],[6.069074,43.240558],[6.069088,43.240572],[6.0691,43.240586],[6.06918,43.24068],[6.0692,43.240702],[6.069283,43.24078],[6.069293,43.240789],[6.069334,43.24082],[6.069453,43.240892],[6.069505,43.240924],[6.069515,43.240927],[6.069501,43.240952],[6.069423,43.241091],[6.069422,43.241092],[6.069402,43.241144],[6.069382,43.241192],[6.06938,43.241176],[6.069365,43.241178],[6.069368,43.24119],[6.069363,43.241199],[6.069345,43.241209],[6.069341,43.241204],[6.069314,43.241182],[6.0693,43.24117],[6.069284,43.24116],[6.069228,43.241138],[6.069116,43.241102],[6.069105,43.241098]]]]}},{"type":"Feature","properties":{"numero":"0127","section":"0H","code_insee":"83049","id_parc":"83049_0H_0127"},"geometry":{"type":"MultiPolygon","coordinates":[[[[6.050307,43.247852],[6.050343,43.247872],[6.050122,43.247927],[6.050208,43.247876],[6.050307,43.247852]]]]}},{"type":"Feature","properties":{"numero":"0128","section":"AH","code_insee":"83049","id_parc":"83049_AH_0128"},"geometry":{"type":"MultiPolygon","coordinates":[[[[6.062549,43.247036],[6.062501,43.247032],[6.062495,43.246988],[6.062492,43.246973],[6.062483,43.246909],[6.062479,43.246863],[6.062464,43.246797],[6.062449,43.246737],[6.062438,43.246682],[6.062427,43.246607],[6.062428,43.246598],[6.062431,43.24659],[6.062644,43.246432],[6.062645,43.246431],[6.062654,43.246424],[6.06266,43.246419],[6.062663,43.246418],[6.062667,43.246416],[6.062675,43.24641],[6.062697,43.246395],[6.062755,43.246357],[6.062816,43.246316],[6.062873,43.24628],[6.062903,43.246261],[6.06294,43.246238],[6.062978,43.246214],[6.063015,43.246193],[6.06305,43.246179],[6.063223,43.24612],[6.063264,43.246127],[6.063234,43.246196],[6.063157,43.24628],[6.063103,43.246343],[6.063077,43.246393],[6.063062,43.246442],[6.063059,43.246462],[6.063052,43.246498],[6.063047,43.246516],[6.063033,43.246557],[6.063026,43.246608],[6.063017,43.246644],[6.063024,43.246682],[6.063008,43.246719],[6.063004,43.246728],[6.062999,43.246766],[6.063018,43.246795],[6.06303,43.246831],[6.063036,43.246877],[6.063042,43.246971],[6.063045,43.247049],[6.063047,43.247082],[6.062549,43.247036]]]]}},{"type":"Feature","properties":{"numero":"0128","section":"AI","code_insee":"83049","id_parc":"83049_AI_0128"},"geometry":{"type":"MultiPolygon","coordinates":[[[[6.069357,43.241219],[6.069347,43.241211],[6.069345,43.241209],[6.069363,43.241199],[6.069368,43.24119],[6.069365,43.241178],[6.06938,43.241176],[6.069382,43.241192],[6.069402,43.241144],[6.069422,43.241092],[6.069423,43.241091],[6.069501,43.240952],[6.069515,43.240927],[6.069532,43.240929],[6.069624,43.240962],[6.069754,43.241005],[6.069861,43.240977],[6.069945,43.241057],[6.069809,43.24112],[6.069748,43.241167],[6.069678,43.241221],[6.069669,43.241227],[6.069619,43.241264],[6.069611,43.24127],[6.069581,43.241272],[6.069566,43.241274],[6.069515,43.241277],[6.069467,43.24128],[6.069451,43.241281],[6.069444,43.241279],[6.069424,43.241268],[6.069384,43.24124],[6.069357,43.241219]]]]}},{"type":"Feature","properties":{"numero":"0128","section":"0H","code_insee":"83049","id_parc":"83049_0H_0128"},"geometry":{"type":"MultiPolygon","coordinates":[[[[6.049844,43.248003],[6.049656,43.248042],[6.049635,43.248021],[6.049805,43.247944],[6.049878,43.247936],[6.049914,43.247937],[6.049986,43.247963],[6.049844,43.248003]]]]}},{"type":"Feature","properties":{"numero":"0129","section":"AH","code_insee":"83049","id_parc":"83049_AH_0129"},"geometry":{"type":"MultiPolygon","coordinates":[[[[6.062108,43.247],[6.062292,43.246994],[6.062435,43.24699],[6.062441,43.24699],[6.062495,43.246988],[6.062501,43.247032],[6.062549,43.247036],[6.063047,43.247082],[6.063047,43.247085],[6.063049,43.247121],[6.063017,43.247116],[6.062866,43.247102],[6.062856,43.247101],[6.062573,43.247076],[6.062534,43.247074],[6.062511,43.247072],[6.062408,43.247039],[6.062362,43.247038],[6.062313,43.247036],[6.062296,43.247037],[6.062271,43.247037],[6.062175,43.247039],[6.062168,43.247042],[6.062159,43.247047],[6.062155,43.247051],[6.062152,43.247054],[6.06215,43.247056],[6.062149,43.247061],[6.062148,43.247064],[6.062147,43.247069],[6.062147,43.247074],[6.062148,43.24708],[6.062149,43.247087],[6.062152,43.247093],[6.062159,43.247115],[6.062167,43.247144],[6.062171,43.247157],[6.06217,43.247174],[6.062169,43.247208],[6.062168,43.247238],[6.062159,43.247269],[6.062149,43.247308],[6.062139,43.247345],[6.062097,43.247345],[6.062106,43.247287],[6.062115,43.247221],[6.062121,43.247182],[6.062102,43.247091],[6.062076,43.247044],[6.062053,43.247001],[6.062108,43.247]]]]}},{"type":"Feature","properties":{"numero":"0129","section":"0H","code_insee":"83049","id_parc":"83049_0H_0129"},"geometry":{"type":"MultiPolygon","coordinates":[[[[6.051319,43.248312],[6.051395,43.248423],[6.051609,43.248565],[6.051492,43.248623],[6.051424,43.24864],[6.051283,43.248595],[6.051037,43.248628],[6.050986,43.248629],[6.050823,43.248589],[6.050427,43.248731],[6.050328,43.248752],[6.050035,43.248748],[6.049897,43.248761],[6.049753,43.248781],[6.049507,43.248817],[6.049263,43.248856],[6.048985,43.248877],[6.048757,43.248914],[6.048734,43.248782],[6.048671,43.248569],[6.048647,43.248473],[6.048608,43.248298],[6.048573,43.248122],[6.048974,43.248151],[6.049109,43.248148],[6.049211,43.248135],[6.049327,43.248116],[6.049442,43.248095],[6.049467,43.248086],[6.049552,43.248055],[6.049635,43.248021],[6.049656,43.248042],[6.049844,43.248003],[6.049986,43.247963],[6.050122,43.247927],[6.050343,43.247872],[6.050449,43.247842],[6.050866,43.247801],[6.050967,43.247765],[6.051088,43.247985],[6.051146,43.248088],[6.051319,43.248312]]]]}},{"type":"Feature","properties":{"numero":"0013","section":"AD","code_insee":"83049","id_parc":"83049_AD_0013"},"geometry":{"type":"MultiPolygon","coordinates":[[[[6.065402,43.24223],[6.065284,43.242219],[6.06525,43.242216],[6.06527,43.242171],[6.065356,43.241975],[6.065372,43.241939],[6.065402,43.241945],[6.065477,43.241962],[6.065474,43.241971],[6.065453,43.242062],[6.065451,43.24209],[6.065439,43.242202],[6.065435,43.242233],[6.065402,43.24223]]]]}},{"type":"Feature","properties":{"numero":"0013","section":"AH","code_insee":"83049","id_parc":"83049_AH_0013"},"geometry":{"type":"MultiPolygon","coordinates":[[[[6.056873,43.248199],[6.056472,43.248175],[6.05648,43.248103],[6.056519,43.248106],[6.056574,43.247662],[6.056747,43.24762],[6.056857,43.247593],[6.056896,43.247585],[6.056902,43.247584],[6.056914,43.247586],[6.056924,43.247591],[6.056929,43.247599],[6.056929,43.247601],[6.056939,43.247678],[6.056953,43.24781],[6.056958,43.247844],[6.05696,43.24787],[6.05695,43.2479],[6.056949,43.247935],[6.056879,43.248129],[6.056873,43.248199]]]]}},{"type":"Feature","properties":{"numero":"0013","section":"AI","code_insee":"83049","id_parc":"83049_AI_0013"},"geometry":{"type":"MultiPolygon","coordinates":[[[[6.067456,43.242557],[6.067023,43.242748],[6.066918,43.242654],[6.066943,43.242643],[6.066981,43.242626],[6.066933,43.242561],[6.066961,43.242549],[6.066985,43.242538],[6.067148,43.242469],[6.067354,43.24238],[6.067441,43.242476],[6.067541,43.242586],[6.067583,43.242632],[6.067615,43.242667],[6.067582,43.242695],[6.0675,43.242606],[6.067456,43.242557]]]]}},{"type":"Feature","properties":{"numero":"0130","section":"AH","code_insee":"83049","id_parc":"83049_AH_0130"},"geometry":{"type":"MultiPolygon","coordinates":[[[[6.062621,43.247466],[6.062604,43.247465],[6.062581,43.247478],[6.062576,43.24748],[6.062573,43.247482],[6.062572,43.247483],[6.062567,43.247486],[6.062557,43.247488],[6.062517,43.247475],[6.06245,43.247451],[6.062389,43.247429],[6.062334,43.247404],[6.062293,43.247385],[6.062252,43.247364],[6.06224,43.24736],[6.06217,43.247347],[6.062139,43.247345],[6.062149,43.247308],[6.062159,43.247269],[6.062168,43.247238],[6.062169,43.247208],[6.06217,43.247174],[6.062171,43.247157],[6.062167,43.247144],[6.062159,43.247115],[6.062152,43.247093],[6.062149,43.247087],[6.062148,43.24708],[6.062147,43.247074],[6.062147,43.247069],[6.062148,43.247064],[6.062149,43.247061],[6.06215,43.247056],[6.062152,43.247054],[6.062155,43.247051],[6.062159,43.247047],[6.062168,43.247042],[6.062175,43.247039],[6.062271,43.247037],[6.062296,43.247037],[6.062313,43.247036],[6.062362,43.247038],[6.062408,43.247039],[6.062511,43.247072],[6.062534,43.247074],[6.062573,43.247076],[6.062856,43.247101],[6.062839,43.247145],[6.062829,43.247155],[6.062753,43.247303],[6.062747,43.247366],[6.06275,43.247376],[6.062648,43.24736],[6.062635,43.247358],[6.062625,43.247406],[6.062627,43.24742],[6.062625,43.247452],[6.062624,43.247455],[6.062622,43.247455],[6.062621,43.247466]]]]}},{"type":"Feature","properties":{"numero":"0130","section":"AI","code_insee":"83049","id_parc":"83049_AI_0130"},"geometry":{"type":"MultiPolygon","coordinates":[[[[6.069675,43.241637],[6.069674,43.241638],[6.069652,43.241656],[6.069615,43.241632],[6.069572,43.241605],[6.069554,43.241594],[6.069649,43.241518],[6.069682,43.24149],[6.069685,43.241487],[6.069782,43.241551],[6.069775,43.241557],[6.069675,43.241637]]]]}},{"type":"Feature","properties":{"numero":"0130","section":"0H","code_insee":"83049","id_parc":"83049_0H_0130"},"geometry":{"type":"MultiPolygon","coordinates":[[[[6.048671,43.248569],[6.048734,43.248782],[6.048757,43.248914],[6.048499,43.248922],[6.048318,43.248912],[6.0482,43.248914],[6.047416,43.249046],[6.047396,43.24904],[6.047353,43.249014],[6.047334,43.248983],[6.047288,43.248855],[6.047105,43.248689],[6.046989,43.248693],[6.046829,43.248696],[6.046669,43.248696],[6.046509,43.248693],[6.046326,43.248701],[6.046004,43.248761],[6.046009,43.248568],[6.045993,43.248532],[6.045941,43.248419],[6.045885,43.248307],[6.045681,43.24791],[6.04563,43.247727],[6.045628,43.247604],[6.045677,43.247346],[6.045724,43.247072],[6.045952,43.247046],[6.046051,43.247021],[6.046132,43.246983],[6.046121,43.246944],[6.046215,43.24692],[6.046307,43.246894],[6.046398,43.246865],[6.046451,43.246847],[6.046732,43.246804],[6.046817,43.24682],[6.046903,43.246833],[6.046958,43.24684],[6.047102,43.247168],[6.047271,43.247718],[6.04739,43.247986],[6.047433,43.24806],[6.047499,43.248066],[6.047636,43.248109],[6.047865,43.248082],[6.0482,43.248034],[6.048235,43.248082],[6.048573,43.248122],[6.048608,43.248298],[6.048647,43.248473],[6.048671,43.248569]]]]}},{"type":"Feature","properties":{"numero":"0131","section":"AI","code_insee":"83049","id_parc":"83049_AI_0131"},"geometry":{"type":"MultiPolygon","coordinates":[[[[6.069497,43.241522],[6.069575,43.24146],[6.069603,43.241437],[6.069645,43.241404],[6.069677,43.241378],[6.069681,43.241383],[6.069693,43.241396],[6.0697,43.241405],[6.069704,43.241414],[6.069707,43.241422],[6.069707,43.241442],[6.069707,43.24145],[6.069705,43.241457],[6.069702,43.241466],[6.069699,43.241472],[6.069697,43.241476],[6.069685,43.241487],[6.069682,43.24149],[6.069649,43.241518],[6.069554,43.241594],[6.069474,43.241541],[6.069497,43.241522]]]]}},{"type":"Feature","properties":{"numero":"1314","section":"0G","code_insee":"83049","id_parc":"83049_0G_1314"},"geometry":{"type":"MultiPolygon","coordinates":[[[[6.06368,43.239671],[6.063666,43.239659],[6.063662,43.239654],[6.06381,43.239286],[6.06396,43.239351],[6.064016,43.239381],[6.064144,43.23947],[6.064063,43.239713],[6.063797,43.239704],[6.063714,43.239688],[6.063696,43.239681],[6.06368,43.239671]]]]}},{"type":"Feature","properties":{"numero":"0132","section":"AH","code_insee":"83049","id_parc":"83049_AH_0132"},"geometry":{"type":"MultiPolygon","coordinates":[[[[6.0628,43.24763],[6.062799,43.247634],[6.062769,43.2476],[6.062821,43.247614],[6.062817,43.247619],[6.0628,43.24763]]]]}},{"type":"Feature","properties":{"numero":"0132","section":"AI","code_insee":"83049","id_parc":"83049_AI_0132"},"geometry":{"type":"MultiPolygon","coordinates":[[[[6.069416,43.241504],[6.06944,43.241485],[6.069393,43.241453],[6.06942,43.24143],[6.069395,43.241413],[6.069405,43.241405],[6.069408,43.241407],[6.069448,43.241375],[6.069489,43.241403],[6.069519,43.24138],[6.069522,43.241382],[6.069603,43.241437],[6.069575,43.24146],[6.069497,43.241522],[6.069474,43.241541],[6.069416,43.241504]]]]}},{"type":"Feature","properties":{"numero":"0132","section":"0H","code_insee":"83049","id_parc":"83049_0H_0132"},"geometry":{"type":"MultiPolygon","coordinates":[[[[6.049193,43.247225],[6.049005,43.246943],[6.048938,43.246784],[6.049115,43.246759],[6.049291,43.246731],[6.049397,43.246713],[6.049531,43.246901],[6.049797,43.247248],[6.049826,43.247301],[6.049298,43.247465],[6.049193,43.247225]]]]}},{"type":"Feature","properties":{"numero":"0133","section":"AH","code_insee":"83049","id_parc":"83049_AH_0133"},"geometry":{"type":"MultiPolygon","coordinates":[[[[6.062179,43.24787],[6.062093,43.247871],[6.061879,43.247876],[6.061893,43.247802],[6.061939,43.247739],[6.062005,43.247681],[6.062033,43.247651],[6.062055,43.247633],[6.06207,43.24761],[6.062081,43.247583],[6.062081,43.247567],[6.062086,43.247551],[6.062086,43.247481],[6.062061,43.247373],[6.062095,43.247374],[6.062121,43.247376],[6.062225,43.247403],[6.062215,43.247409],[6.062209,43.247415],[6.062202,43.247424],[6.062529,43.247857],[6.062528,43.247862],[6.062495,43.247863],[6.062404,43.247865],[6.062264,43.247868],[6.062179,43.24787]]]]}},{"type":"Feature","properties":{"numero":"0133","section":"AI","code_insee":"83049","id_parc":"83049_AI_0133"},"geometry":{"type":"MultiPolygon","coordinates":[[[[6.06944,43.241485],[6.069416,43.241504],[6.069369,43.241473],[6.069393,43.241453],[6.06944,43.241485]]]]}},{"type":"Feature","properties":{"numero":"0133","section":"0H","code_insee":"83049","id_parc":"83049_0H_0133"},"geometry":{"type":"MultiPolygon","coordinates":[[[[6.049588,43.247914],[6.049437,43.247665],[6.049298,43.247465],[6.049826,43.247301],[6.049838,43.247322],[6.050116,43.247633],[6.050312,43.24783],[6.050211,43.247856],[6.050145,43.247901],[6.049982,43.247946],[6.049931,43.247921],[6.049897,43.247917],[6.049817,43.247925],[6.04977,43.247938],[6.049624,43.248006],[6.049588,43.247914]]]]}},{"type":"Feature","properties":{"numero":"1333","section":"0A","code_insee":"83049","id_parc":"83049_0A_1333"},"geometry":{"type":"MultiPolygon","coordinates":[[[[6.063327,43.253323],[6.06336,43.253257],[6.063416,43.253203],[6.06389,43.252976],[6.063924,43.252985],[6.063615,43.25325],[6.063494,43.253629],[6.063408,43.25362],[6.063333,43.253599],[6.06329,43.253546],[6.063327,43.253323]],[[6.063453,43.253577],[6.063367,43.253552],[6.063347,43.253589],[6.063433,43.253613],[6.063453,43.253577]]]]}},{"type":"Feature","properties":{"numero":"1334","section":"0A","code_insee":"83049","id_parc":"83049_0A_1334"},"geometry":{"type":"MultiPolygon","coordinates":[[[[6.064226,43.252735],[6.064259,43.252742],[6.063924,43.252985],[6.063997,43.252892],[6.064073,43.252801],[6.064147,43.252718],[6.064178,43.252725],[6.064226,43.252735]]]]}},{"type":"Feature","properties":{"numero":"1338","section":"0A","code_insee":"83049","id_parc":"83049_0A_1338"},"geometry":{"type":"MultiPolygon","coordinates":[[[[6.062256,43.254278],[6.062529,43.254328],[6.062553,43.254056],[6.062778,43.254123],[6.062788,43.254125],[6.062814,43.254127],[6.062841,43.254126],[6.062877,43.254124],[6.062903,43.254123],[6.063025,43.254101],[6.063228,43.254189],[6.063199,43.25426],[6.063046,43.254589],[6.062871,43.254734],[6.062437,43.254677],[6.062213,43.254647],[6.061766,43.254586],[6.061763,43.254548],[6.061736,43.254448],[6.061606,43.254289],[6.06152,43.254163],[6.061497,43.25413],[6.061647,43.254156],[6.061951,43.254219],[6.062256,43.254278]]]]}},{"type":"Feature","properties":{"numero":"0134","section":"AD","code_insee":"83049","id_parc":"83049_AD_0134"},"geometry":{"type":"MultiPolygon","coordinates":[[[[6.064782,43.241785],[6.064731,43.241931],[6.064725,43.241929],[6.064674,43.241913],[6.064395,43.241829],[6.064344,43.241803],[6.064342,43.241725],[6.064401,43.24167],[6.064491,43.24159],[6.064722,43.241477],[6.064753,43.241501],[6.064757,43.241505],[6.064977,43.241679],[6.064884,43.241707],[6.064825,43.241734],[6.064782,43.241785]]]]}},{"type":"Feature","properties":{"numero":"0134","section":"AE","code_insee":"83049","id_parc":"83049_AE_0134"},"geometry":{"type":"MultiPolygon","coordinates":[[[[6.062373,43.240876],[6.062347,43.240936],[6.061889,43.24087],[6.061917,43.240846],[6.061948,43.240826],[6.062098,43.240793],[6.062082,43.240752],[6.062129,43.240744],[6.062225,43.240727],[6.062427,43.240708],[6.062418,43.240743],[6.062394,43.240832],[6.062373,43.240876]]]]}},{"type":"Feature","properties":{"numero":"0134","section":"0H","code_insee":"83049","id_parc":"83049_0H_0134"},"geometry":{"type":"MultiPolygon","coordinates":[[[[6.049628,43.246426],[6.049776,43.246386],[6.049966,43.246213],[6.050882,43.246796],[6.051018,43.246983],[6.05124,43.247222],[6.051551,43.247503],[6.051145,43.247624],[6.051038,43.247686],[6.050955,43.24775],[6.050896,43.247775],[6.050381,43.247843],[6.050312,43.24783],[6.050116,43.247633],[6.049838,43.247322],[6.049826,43.247301],[6.049797,43.247248],[6.049531,43.246901],[6.049397,43.246713],[6.04949,43.246687],[6.049529,43.246665],[6.049551,43.246589],[6.049568,43.246513],[6.049575,43.246479],[6.049603,43.246442],[6.049628,43.246426]]]]}},{"type":"Feature","properties":{"numero":"1340","section":"0A","code_insee":"83049","id_parc":"83049_0A_1340"},"geometry":{"type":"MultiPolygon","coordinates":[[[[6.062918,43.253993],[6.063251,43.254144],[6.063228,43.254189],[6.063025,43.254101],[6.062903,43.254123],[6.062877,43.254124],[6.062841,43.254126],[6.062814,43.254127],[6.062788,43.254125],[6.062778,43.254123],[6.062553,43.254056],[6.062579,43.253758],[6.062836,43.253894],[6.062945,43.253952],[6.062918,43.253993]]]]}},{"type":"Feature","properties":{"numero":"1344","section":"0A","code_insee":"83049","id_parc":"83049_0A_1344"},"geometry":{"type":"MultiPolygon","coordinates":[[[[6.063494,43.253629],[6.063483,43.253663],[6.063424,43.253785],[6.063231,43.253702],[6.06329,43.253546],[6.063333,43.253599],[6.063408,43.25362],[6.063494,43.253629]]]]}},{"type":"Feature","properties":{"numero":"1348","section":"0A","code_insee":"83049","id_parc":"83049_0A_1348"},"geometry":{"type":"MultiPolygon","coordinates":[[[[6.065517,43.251113],[6.065513,43.251111],[6.066206,43.24988],[6.066241,43.249894],[6.066571,43.250022],[6.066411,43.250299],[6.066272,43.250532],[6.06616,43.25074],[6.066126,43.250814],[6.065951,43.250995],[6.065719,43.251237],[6.065615,43.251321],[6.065287,43.251575],[6.065241,43.251529],[6.06539,43.251338],[6.065463,43.251199],[6.065517,43.251113]]]]}},{"type":"Feature","properties":{"numero":"0135","section":"AC","code_insee":"83049","id_parc":"83049_AC_0135"},"geometry":{"type":"MultiPolygon","coordinates":[[[[6.070134,43.239206],[6.070145,43.23925],[6.070155,43.239281],[6.070044,43.239287],[6.070027,43.239265],[6.069995,43.239223],[6.069919,43.239119],[6.069989,43.239095],[6.069995,43.239093],[6.070051,43.239071],[6.070029,43.239045],[6.070034,43.239043],[6.070076,43.239027],[6.070102,43.239017],[6.070114,43.239055],[6.070124,43.23914],[6.070127,43.239174],[6.070134,43.239206]]]]}},{"type":"Feature","properties":{"numero":"0135","section":"AD","code_insee":"83049","id_parc":"83049_AD_0135"},"geometry":{"type":"MultiPolygon","coordinates":[[[[6.065058,43.241647],[6.06502,43.241667],[6.064977,43.241679],[6.064757,43.241505],[6.065293,43.241241],[6.06535,43.241243],[6.065417,43.24129],[6.065445,43.241317],[6.065515,43.241389],[6.065399,43.241449],[6.065145,43.241592],[6.065058,43.241647]]]]}},{"type":"Feature","properties":{"numero":"0135","section":"AE","code_insee":"83049","id_parc":"83049_AE_0135"},"geometry":{"type":"MultiPolygon","coordinates":[[[[6.062339,43.240956],[6.062271,43.241086],[6.061798,43.241017],[6.061819,43.240963],[6.061879,43.240877],[6.061889,43.24087],[6.062347,43.240936],[6.062339,43.240956]]]]}},{"type":"Feature","properties":{"numero":"0135","section":"AH","code_insee":"83049","id_parc":"83049_AH_0135"},"geometry":{"type":"MultiPolygon","coordinates":[[[[6.06363,43.247561],[6.063595,43.24771],[6.063501,43.248104],[6.063497,43.248104],[6.0634,43.248099],[6.063247,43.247888],[6.063229,43.247865],[6.063213,43.247851],[6.06319,43.247839],[6.063168,43.247832],[6.063152,43.247828],[6.063076,43.24782],[6.063077,43.247805],[6.063078,43.247763],[6.063078,43.247704],[6.06307,43.247669],[6.063068,43.247641],[6.063061,43.247489],[6.06345,43.247538],[6.06363,43.247561]]]]}},{"type":"Feature","properties":{"numero":"0135","section":"0H","code_insee":"83049","id_parc":"83049_0H_0135"},"geometry":{"type":"MultiPolygon","coordinates":[[[[6.052085,43.246424],[6.052379,43.246726],[6.052538,43.246861],[6.052722,43.24707],[6.052919,43.247301],[6.052748,43.247318],[6.052695,43.247308],[6.052617,43.247317],[6.052472,43.247318],[6.052395,43.247347],[6.052069,43.247387],[6.051999,43.247403],[6.051738,43.247509],[6.051667,43.247523],[6.051551,43.247503],[6.05124,43.247222],[6.051018,43.246983],[6.050882,43.246796],[6.049966,43.246213],[6.050059,43.246128],[6.050186,43.246034],[6.050488,43.24592],[6.050529,43.245876],[6.050595,43.245766],[6.050649,43.245723],[6.050758,43.245684],[6.051102,43.245603],[6.052085,43.246424]]]]}},{"type":"Feature","properties":{"numero":"1359","section":"0C","code_insee":"83049","id_parc":"83049_0C_1359"},"geometry":{"type":"MultiPolygon","coordinates":[[[[6.069494,43.248119],[6.069525,43.248022],[6.06953,43.248008],[6.069784,43.248039],[6.069796,43.248039],[6.069927,43.248044],[6.069998,43.248025],[6.070258,43.248023],[6.070386,43.248066],[6.07047,43.248119],[6.070333,43.248141],[6.070041,43.248313],[6.07003,43.248336],[6.069671,43.24832],[6.06943,43.24832],[6.069494,43.248119]]]]}},{"type":"Feature","properties":{"numero":"0136","section":"AC","code_insee":"83049","id_parc":"83049_AC_0136"},"geometry":{"type":"MultiPolygon","coordinates":[[[[6.070052,43.238903],[6.070071,43.238922],[6.070102,43.239017],[6.070076,43.239027],[6.070034,43.239043],[6.069955,43.238953],[6.070052,43.238903]]]]}},{"type":"Feature","properties":{"numero":"0136","section":"AE","code_insee":"83049","id_parc":"83049_AE_0136"},"geometry":{"type":"MultiPolygon","coordinates":[[[[6.062251,43.241124],[6.062196,43.241235],[6.061733,43.241168],[6.061778,43.24107],[6.061798,43.241017],[6.062271,43.241086],[6.062251,43.241124]]]]}},{"type":"Feature","properties":{"numero":"0136","section":"AH","code_insee":"83049","id_parc":"83049_AH_0136"},"geometry":{"type":"MultiPolygon","coordinates":[[[[6.063529,43.247207],[6.06345,43.247538],[6.063061,43.247489],[6.063061,43.247477],[6.06306,43.247457],[6.063057,43.247344],[6.063049,43.247121],[6.063047,43.247085],[6.063047,43.247082],[6.063045,43.247049],[6.063042,43.246971],[6.063036,43.246877],[6.06303,43.246831],[6.063018,43.246795],[6.062999,43.246766],[6.063004,43.246728],[6.063008,43.246719],[6.063024,43.246682],[6.063073,43.246796],[6.063084,43.246829],[6.063102,43.24689],[6.06311,43.24691],[6.063152,43.246955],[6.063197,43.246987],[6.063268,43.247028],[6.063391,43.24711],[6.063529,43.247207]]]]}},{"type":"Feature","properties":{"numero":"0136","section":"AI","code_insee":"83049","id_parc":"83049_AI_0136"},"geometry":{"type":"MultiPolygon","coordinates":[[[[6.069591,43.242407],[6.069571,43.242363],[6.069573,43.242356],[6.069677,43.242274],[6.069727,43.242301],[6.069819,43.242349],[6.069955,43.24242],[6.069927,43.242448],[6.069917,43.242463],[6.06991,43.24248],[6.069906,43.242495],[6.069903,43.242512],[6.069904,43.242528],[6.069906,43.242544],[6.069914,43.242575],[6.069934,43.242649],[6.069946,43.242695],[6.069896,43.242737],[6.069782,43.242753],[6.069774,43.242753],[6.069767,43.242753],[6.069762,43.242752],[6.069755,43.242751],[6.069746,43.242748],[6.06974,43.242746],[6.069734,43.242742],[6.069728,43.242738],[6.069726,43.242736],[6.069723,43.242732],[6.069718,43.242725],[6.069704,43.242676],[6.069687,43.242623],[6.069659,43.242552],[6.069624,43.242473],[6.069591,43.242407]]]]}},{"type":"Feature","properties":{"numero":"0136","section":"0H","code_insee":"83049","id_parc":"83049_0H_0136"},"geometry":{"type":"MultiPolygon","coordinates":[[[[6.052519,43.246344],[6.052901,43.24665],[6.052538,43.246861],[6.052379,43.246726],[6.052085,43.246424],[6.051102,43.245603],[6.051333,43.245507],[6.051616,43.245703],[6.051721,43.24578],[6.051822,43.245859],[6.051915,43.245936],[6.051962,43.245955],[6.052007,43.245976],[6.052056,43.246005],[6.052216,43.246094],[6.052519,43.246344]]]]}},{"type":"Feature","properties":{"numero":"1369","section":"0G","code_insee":"83049","id_parc":"83049_0G_1369"},"geometry":{"type":"MultiPolygon","coordinates":[[[[6.061608,43.238077],[6.061635,43.238105],[6.061872,43.238346],[6.061708,43.238489],[6.061515,43.238649],[6.061437,43.238654],[6.061355,43.238645],[6.061337,43.238642],[6.061301,43.238634],[6.061267,43.238622],[6.061219,43.238602],[6.061195,43.23859],[6.061173,43.238574],[6.061155,43.238557],[6.061208,43.23847],[6.061182,43.238293],[6.061244,43.238287],[6.061285,43.238314],[6.061337,43.238309],[6.061365,43.238327],[6.061412,43.238346],[6.061421,43.238336],[6.061442,43.238312],[6.061437,43.238274],[6.061422,43.238166],[6.061431,43.238155],[6.061451,43.238135],[6.061473,43.238117],[6.061499,43.238101],[6.06155,43.238079],[6.061608,43.238077]]]]}},{"type":"Feature","properties":{"numero":"0137","section":"AC","code_insee":"83049","id_parc":"83049_AC_0137"},"geometry":{"type":"MultiPolygon","coordinates":[[[[6.069893,43.238985],[6.069955,43.238953],[6.070034,43.239043],[6.070029,43.239045],[6.070051,43.239071],[6.069995,43.239093],[6.069989,43.239095],[6.06997,43.239072],[6.069893,43.238985]]]]}},{"type":"Feature","properties":{"numero":"0137","section":"AH","code_insee":"83049","id_parc":"83049_AH_0137"},"geometry":{"type":"MultiPolygon","coordinates":[[[[6.06444,43.247627],[6.06442,43.247673],[6.064374,43.247809],[6.0642,43.247787],[6.064169,43.247783],[6.063595,43.24771],[6.06363,43.247561],[6.06345,43.247538],[6.063529,43.247207],[6.063546,43.247219],[6.063627,43.247276],[6.063677,43.247312],[6.063818,43.247387],[6.063925,43.247441],[6.06402,43.247489],[6.064074,43.247518],[6.064107,43.247537],[6.064193,43.247575],[6.064205,43.247579],[6.064235,43.247587],[6.064328,43.247606],[6.06444,43.247627]]]]}},{"type":"Feature","properties":{"numero":"0137","section":"AI","code_insee":"83049","id_parc":"83049_AI_0137"},"geometry":{"type":"MultiPolygon","coordinates":[[[[6.070028,43.242895],[6.070053,43.242915],[6.070074,43.242929],[6.069906,43.243123],[6.069893,43.243116],[6.069832,43.243052],[6.069793,43.242988],[6.06977,43.24293],[6.069757,43.242877],[6.069797,43.24287],[6.069834,43.242865],[6.069829,43.242846],[6.069866,43.24284],[6.069863,43.242828],[6.069861,43.242823],[6.06993,43.242813],[6.069991,43.242838],[6.069998,43.242856],[6.070012,43.242879],[6.070028,43.242895]]]]}},{"type":"Feature","properties":{"numero":"0137","section":"0H","code_insee":"83049","id_parc":"83049_0H_0137"},"geometry":{"type":"MultiPolygon","coordinates":[[[[6.052919,43.247301],[6.052722,43.24707],[6.052538,43.246861],[6.052901,43.24665],[6.052997,43.246703],[6.053192,43.246968],[6.053402,43.247261],[6.053261,43.247257],[6.053218,43.247264],[6.053119,43.24728],[6.053019,43.247292],[6.052919,43.247301]]]]}},{"type":"Feature","properties":{"numero":"1370","section":"0G","code_insee":"83049","id_parc":"83049_0G_1370"},"geometry":{"type":"MultiPolygon","coordinates":[[[[6.060832,43.237939],[6.060769,43.237887],[6.060691,43.237838],[6.060899,43.23767],[6.061008,43.237655],[6.061036,43.237653],[6.061065,43.237655],[6.061093,43.237659],[6.06112,43.237666],[6.061135,43.237672],[6.06117,43.237687],[6.061202,43.237704],[6.061232,43.237724],[6.061259,43.237746],[6.061271,43.237758],[6.061334,43.237787],[6.061412,43.237876],[6.061493,43.237963],[6.061578,43.238048],[6.061608,43.238077],[6.06155,43.238079],[6.061499,43.238101],[6.061473,43.238117],[6.061451,43.238135],[6.061431,43.238155],[6.061422,43.238166],[6.061437,43.238274],[6.061442,43.238312],[6.061421,43.238336],[6.061412,43.238346],[6.061365,43.238327],[6.061337,43.238309],[6.061285,43.238314],[6.061244,43.238287],[6.061182,43.238293],[6.061208,43.23847],[6.061155,43.238557],[6.061101,43.238416],[6.061061,43.238299],[6.061055,43.238282],[6.061033,43.238212],[6.061006,43.238143],[6.060984,43.238103],[6.06096,43.238066],[6.060932,43.238031],[6.060892,43.237992],[6.060832,43.237939]]]]}},{"type":"Feature","properties":{"numero":"1374","section":"0C","code_insee":"83049","id_parc":"83049_0C_1374"},"geometry":{"type":"MultiPolygon","coordinates":[[[[6.072359,43.249015],[6.071802,43.248773],[6.071487,43.248753],[6.071368,43.248704],[6.070739,43.248531],[6.070608,43.248488],[6.070089,43.248318],[6.070083,43.248316],[6.070147,43.248269],[6.07032,43.248174],[6.070382,43.24815],[6.07046,43.248145],[6.0705,43.248132],[6.070546,43.248094],[6.071039,43.248278],[6.071112,43.248298],[6.071399,43.248375],[6.071485,43.248185],[6.071644,43.248211],[6.071867,43.248234],[6.072006,43.248244],[6.072145,43.248253],[6.072293,43.248258],[6.072345,43.248763],[6.072366,43.249014],[6.072359,43.249015]]]]}},{"type":"Feature","properties":{"numero":"0138","section":"AC","code_insee":"83049","id_parc":"83049_AC_0138"},"geometry":{"type":"MultiPolygon","coordinates":[[[[6.06997,43.239072],[6.069989,43.239095],[6.069919,43.239119],[6.069905,43.239102],[6.069868,43.239057],[6.069834,43.239015],[6.069893,43.238985],[6.06997,43.239072]]]]}},{"type":"Feature","properties":{"numero":"0138","section":"AH","code_insee":"83049","id_parc":"83049_AH_0138"},"geometry":{"type":"MultiPolygon","coordinates":[[[[6.064169,43.247783],[6.0642,43.247787],[6.064374,43.247809],[6.064366,43.247833],[6.064342,43.247901],[6.064313,43.247986],[6.064266,43.248122],[6.064139,43.248136],[6.064136,43.248136],[6.064108,43.248136],[6.063501,43.248104],[6.063595,43.24771],[6.064169,43.247783]]]]}},{"type":"Feature","properties":{"numero":"0138","section":"0H","code_insee":"83049","id_parc":"83049_0H_0138"},"geometry":{"type":"MultiPolygon","coordinates":[[[[6.053161,43.246628],[6.053217,43.246603],[6.053301,43.246564],[6.053437,43.24672],[6.05364,43.246869],[6.05384,43.24702],[6.053901,43.247068],[6.054025,43.247212],[6.053859,43.247239],[6.053549,43.247266],[6.053402,43.247261],[6.053192,43.246968],[6.052997,43.246703],[6.053161,43.246628]]]]}},{"type":"Feature","properties":{"numero":"0139","section":"AC","code_insee":"83049","id_parc":"83049_AC_0139"},"geometry":{"type":"MultiPolygon","coordinates":[[[[6.069919,43.239119],[6.069785,43.239165],[6.069761,43.239134],[6.069758,43.239131],[6.069719,43.239081],[6.069731,43.239074],[6.069816,43.23903],[6.069812,43.239026],[6.069834,43.239015],[6.069868,43.239057],[6.069905,43.239102],[6.069919,43.239119]]]]}},{"type":"Feature","properties":{"numero":"0139","section":"AH","code_insee":"83049","id_parc":"83049_AH_0139"},"geometry":{"type":"MultiPolygon","coordinates":[[[[6.060321,43.246532],[6.06036,43.246252],[6.060592,43.246293],[6.060516,43.246445],[6.060449,43.24658],[6.060346,43.246538],[6.060321,43.246532]]]]}},{"type":"Feature","properties":{"numero":"0139","section":"AI","code_insee":"83049","id_parc":"83049_AI_0139"},"geometry":{"type":"MultiPolygon","coordinates":[[[[6.070018,43.243176],[6.069906,43.243123],[6.070074,43.242929],[6.07027,43.243017],[6.07019,43.24311],[6.07014,43.243168],[6.070101,43.243213],[6.070018,43.243176]]]]}},{"type":"Feature","properties":{"numero":"0139","section":"0H","code_insee":"83049","id_parc":"83049_0H_0139"},"geometry":{"type":"MultiPolygon","coordinates":[[[[6.053437,43.24672],[6.053301,43.246564],[6.053646,43.246407],[6.053861,43.246631],[6.053934,43.246731],[6.054313,43.247106],[6.054338,43.247151],[6.054347,43.247166],[6.054313,43.247171],[6.054297,43.247175],[6.054025,43.247212],[6.053901,43.247068],[6.05384,43.24702],[6.05364,43.246869],[6.053437,43.24672]]]]}},{"type":"Feature","properties":{"numero":"1394","section":"0G","code_insee":"83049","id_parc":"83049_0G_1394"},"geometry":{"type":"MultiPolygon","coordinates":[[[[6.064348,43.238307],[6.064308,43.238242],[6.06425,43.238168],[6.064323,43.237998],[6.064121,43.237729],[6.064777,43.237833],[6.064785,43.237958],[6.064815,43.238048],[6.065099,43.238164],[6.065093,43.238229],[6.065091,43.238272],[6.06503,43.238329],[6.065052,43.238358],[6.06507,43.238458],[6.065146,43.238819],[6.065209,43.239155],[6.065221,43.239222],[6.065049,43.23961],[6.065081,43.2398],[6.065028,43.239806],[6.064974,43.239839],[6.06496,43.23979],[6.064913,43.239591],[6.064872,43.239431],[6.064797,43.239085],[6.064782,43.23903],[6.064751,43.238976],[6.064622,43.238787],[6.064348,43.238307]]]]}},{"type":"Feature","properties":{"numero":"0014","section":"AB","code_insee":"83049","id_parc":"83049_AB_0014"},"geometry":{"type":"MultiPolygon","coordinates":[[[[6.070652,43.238411],[6.070655,43.238408],[6.070663,43.238411],[6.070699,43.23843],[6.07072,43.23844],[6.070713,43.238447],[6.070666,43.23849],[6.070625,43.23847],[6.070603,43.238456],[6.070596,43.238452],[6.07054,43.238422],[6.070479,43.238388],[6.070469,43.238382],[6.07052,43.238341],[6.070652,43.238411]]]]}},{"type":"Feature","properties":{"numero":"0014","section":"AD","code_insee":"83049","id_parc":"83049_AD_0014"},"geometry":{"type":"MultiPolygon","coordinates":[[[[6.06559,43.241693],[6.065541,43.241781],[6.065477,43.241962],[6.065402,43.241945],[6.065372,43.241939],[6.065484,43.241692],[6.065541,43.241647],[6.065623,43.241592],[6.065724,43.241525],[6.065779,43.241466],[6.065816,43.241482],[6.06575,43.241539],[6.065642,43.241638],[6.06559,43.241693]]]]}},{"type":"Feature","properties":{"numero":"0140","section":"AH","code_insee":"83049","id_parc":"83049_AH_0140"},"geometry":{"type":"MultiPolygon","coordinates":[[[[6.055446,43.246765],[6.055579,43.246676],[6.056044,43.246828],[6.056032,43.246828],[6.056012,43.24683],[6.055999,43.246832],[6.055982,43.246836],[6.055911,43.246856],[6.055863,43.246868],[6.055826,43.246878],[6.055822,43.246879],[6.05581,43.246879],[6.05579,43.246879],[6.055763,43.246876],[6.055757,43.246874],[6.055741,43.246871],[6.055725,43.246866],[6.055712,43.246861],[6.055696,43.246853],[6.055687,43.246848],[6.055653,43.246825],[6.055625,43.246807],[6.055608,43.246795],[6.055592,43.246784],[6.055577,43.246775],[6.055561,43.246769],[6.055545,43.246765],[6.055524,43.246761],[6.055516,43.246761],[6.055499,43.24676],[6.055446,43.246765]]]]}},{"type":"Feature","properties":{"numero":"0140","section":"AI","code_insee":"83049","id_parc":"83049_AI_0140"},"geometry":{"type":"MultiPolygon","coordinates":[[[[6.070349,43.243053],[6.070355,43.243071],[6.070408,43.243096],[6.070423,43.243148],[6.070444,43.243216],[6.070458,43.243263],[6.070399,43.243267],[6.07026,43.243253],[6.070221,43.243245],[6.070101,43.243213],[6.07014,43.243168],[6.07019,43.24311],[6.07027,43.243017],[6.070349,43.243053]]]]}},{"type":"Feature","properties":{"numero":"0141","section":"AC","code_insee":"83049","id_parc":"83049_AC_0141"},"geometry":{"type":"MultiPolygon","coordinates":[[[[6.069529,43.239068],[6.069575,43.239044],[6.069631,43.239115],[6.069632,43.239117],[6.06958,43.239138],[6.069568,43.239123],[6.069529,43.239068]]]]}},{"type":"Feature","properties":{"numero":"0141","section":"AI","code_insee":"83049","id_parc":"83049_AI_0141"},"geometry":{"type":"MultiPolygon","coordinates":[[[[6.070423,43.243148],[6.070408,43.243096],[6.070448,43.24305],[6.070451,43.243052],[6.070603,43.24305],[6.070671,43.243081],[6.070735,43.24311],[6.070787,43.243134],[6.070752,43.243162],[6.070593,43.24324],[6.070458,43.243263],[6.070444,43.243216],[6.070423,43.243148]]]]}},{"type":"Feature","properties":{"numero":"0141","section":"0H","code_insee":"83049","id_parc":"83049_0H_0141"},"geometry":{"type":"MultiPolygon","coordinates":[[[[6.053593,43.245963],[6.053364,43.246048],[6.053243,43.245904],[6.052961,43.245571],[6.052958,43.24556],[6.05282,43.245103],[6.053153,43.24503],[6.053431,43.244933],[6.053865,43.24522],[6.05456,43.245546],[6.054784,43.245679],[6.054658,43.245777],[6.054224,43.246059],[6.053988,43.245796],[6.053669,43.2459],[6.053593,43.245963]]]]}},{"type":"Feature","properties":{"numero":"0142","section":"AC","code_insee":"83049","id_parc":"83049_AC_0142"},"geometry":{"type":"MultiPolygon","coordinates":[[[[6.069621,43.239192],[6.06958,43.239138],[6.069632,43.239117],[6.069674,43.23917],[6.069621,43.239192]]]]}},{"type":"Feature","properties":{"numero":"0142","section":"AI","code_insee":"83049","id_parc":"83049_AI_0142"},"geometry":{"type":"MultiPolygon","coordinates":[[[[6.070566,43.243015],[6.070586,43.243015],[6.070698,43.242885],[6.070834,43.242948],[6.070949,43.243001],[6.070901,43.243048],[6.070787,43.243134],[6.070735,43.24311],[6.070671,43.243081],[6.070603,43.24305],[6.070451,43.243052],[6.070448,43.24305],[6.070478,43.243017],[6.070498,43.243016],[6.070533,43.243015],[6.070566,43.243015]]]]}},{"type":"Feature","properties":{"numero":"0142","section":"0H","code_insee":"83049","id_parc":"83049_0H_0142"},"geometry":{"type":"MultiPolygon","coordinates":[[[[6.053646,43.246407],[6.053577,43.246295],[6.053364,43.246048],[6.053593,43.245963],[6.053669,43.2459],[6.053988,43.245796],[6.054224,43.246059],[6.054499,43.246418],[6.054792,43.246819],[6.054954,43.246961],[6.054927,43.246973],[6.054845,43.247006],[6.054758,43.247043],[6.054667,43.247082],[6.054591,43.247117],[6.054527,43.247136],[6.054491,43.247143],[6.054447,43.247152],[6.054377,43.247162],[6.054347,43.247166],[6.054338,43.247151],[6.054313,43.247106],[6.053934,43.246731],[6.053861,43.246631],[6.053646,43.246407]]]]}},{"type":"Feature","properties":{"numero":"1425","section":"0G","code_insee":"83049","id_parc":"83049_0G_1425"},"geometry":{"type":"MultiPolygon","coordinates":[[[[6.063261,43.237057],[6.063433,43.236921],[6.063527,43.236972],[6.06318,43.237405],[6.062758,43.237924],[6.062639,43.238076],[6.062804,43.238128],[6.062186,43.238996],[6.06215,43.238986],[6.062043,43.238947],[6.061954,43.238903],[6.061729,43.238754],[6.061661,43.238683],[6.061654,43.238677],[6.06164,43.238666],[6.061623,43.238657],[6.061604,43.238651],[6.061584,43.238648],[6.061515,43.238649],[6.061708,43.238489],[6.061872,43.238346],[6.062045,43.238161],[6.062144,43.238028],[6.062192,43.237963],[6.062399,43.237802],[6.062439,43.237768],[6.062477,43.237737],[6.062593,43.237622],[6.062751,43.237465],[6.063114,43.237179],[6.063261,43.237057]]]]}},{"type":"Feature","properties":{"numero":"1426","section":"0G","code_insee":"83049","id_parc":"83049_0G_1426"},"geometry":{"type":"MultiPolygon","coordinates":[[[[6.062758,43.237924],[6.06318,43.237405],[6.063527,43.236972],[6.0636,43.237013],[6.063652,43.237089],[6.063628,43.23713],[6.063449,43.237433],[6.063094,43.238073],[6.063397,43.238198],[6.063497,43.23824],[6.063442,43.238332],[6.06327,43.238626],[6.063095,43.238918],[6.062999,43.239074],[6.062815,43.239049],[6.06256,43.23903],[6.062451,43.239008],[6.062243,43.239008],[6.062186,43.238996],[6.062804,43.238128],[6.062639,43.238076],[6.062758,43.237924]]]]}},{"type":"Feature","properties":{"numero":"0143","section":"AC","code_insee":"83049","id_parc":"83049_AC_0143"},"geometry":{"type":"MultiPolygon","coordinates":[[[[6.069623,43.239195],[6.069621,43.239192],[6.069674,43.23917],[6.069761,43.239134],[6.069785,43.239165],[6.069919,43.239119],[6.069995,43.239223],[6.070027,43.239265],[6.070044,43.239287],[6.070155,43.239281],[6.070184,43.239356],[6.070197,43.239398],[6.070211,43.239446],[6.070227,43.239512],[6.070222,43.239545],[6.070109,43.239803],[6.070022,43.239701],[6.06993,43.239598],[6.07004,43.239559],[6.070046,43.239557],[6.070071,43.239549],[6.070116,43.239534],[6.070139,43.239526],[6.070076,43.239423],[6.070074,43.239421],[6.070013,43.239325],[6.06993,43.239358],[6.06994,43.239371],[6.06986,43.239407],[6.069807,43.239428],[6.069798,43.239417],[6.069623,43.239195]]]]}},{"type":"Feature","properties":{"numero":"0143","section":"AH","code_insee":"83049","id_parc":"83049_AH_0143"},"geometry":{"type":"MultiPolygon","coordinates":[[[[6.060502,43.242542],[6.060573,43.242425],[6.060604,43.242374],[6.060609,43.242376],[6.060666,43.242394],[6.060724,43.242445],[6.06077,43.242494],[6.0608,43.242583],[6.060869,43.24263],[6.060888,43.242671],[6.060934,43.242686],[6.060958,43.242698],[6.061043,43.242741],[6.061051,43.242746],[6.061281,43.242841],[6.061528,43.242956],[6.061545,43.242959],[6.061959,43.243069],[6.061947,43.243092],[6.061936,43.243113],[6.061523,43.243003],[6.061282,43.242892],[6.060863,43.242782],[6.060757,43.242754],[6.060672,43.242832],[6.060377,43.242729],[6.060456,43.242617],[6.060502,43.242542]]]]}},{"type":"Feature","properties":{"numero":"0143","section":"AI","code_insee":"83049","id_parc":"83049_AI_0143"},"geometry":{"type":"MultiPolygon","coordinates":[[[[6.07047,43.242779],[6.070691,43.242882],[6.070698,43.242885],[6.070586,43.243015],[6.070566,43.243015],[6.070533,43.243015],[6.070498,43.243016],[6.070478,43.243017],[6.070424,43.242992],[6.070423,43.242993],[6.070398,43.242996],[6.07032,43.242961],[6.070346,43.24293],[6.070351,43.242923],[6.070382,43.242886],[6.07039,43.242876],[6.07047,43.242779]]]]}},{"type":"Feature","properties":{"numero":"0143","section":"0H","code_insee":"83049","id_parc":"83049_0H_0143"},"geometry":{"type":"MultiPolygon","coordinates":[[[[6.054792,43.246819],[6.054499,43.246418],[6.054224,43.246059],[6.054658,43.245777],[6.0551,43.246216],[6.055579,43.246676],[6.055446,43.246765],[6.055391,43.246785],[6.055348,43.246803],[6.05527,43.246834],[6.055202,43.246861],[6.055052,43.246922],[6.054954,43.246961],[6.054792,43.246819]]]]}},{"type":"Feature","properties":{"numero":"0144","section":"AC","code_insee":"83049","id_parc":"83049_AC_0144"},"geometry":{"type":"MultiPolygon","coordinates":[[[[6.070074,43.239421],[6.070076,43.239423],[6.070046,43.239436],[6.069985,43.239356],[6.06994,43.239371],[6.06993,43.239358],[6.070013,43.239325],[6.070074,43.239421]]]]}},{"type":"Feature","properties":{"numero":"0144","section":"AI","code_insee":"83049","id_parc":"83049_AI_0144"},"geometry":{"type":"MultiPolygon","coordinates":[[[[6.070279,43.242691],[6.070379,43.242737],[6.07047,43.242779],[6.07039,43.242876],[6.070382,43.242886],[6.070351,43.242923],[6.070346,43.24293],[6.07032,43.242961],[6.070314,43.242968],[6.070272,43.242948],[6.070277,43.242942],[6.070134,43.242875],[6.070238,43.242755],[6.070228,43.24275],[6.070279,43.242691]]]]}},{"type":"Feature","properties":{"numero":"1443","section":"0A","code_insee":"83049","id_parc":"83049_0A_1443"},"geometry":{"type":"MultiPolygon","coordinates":[[[[6.07025,43.245746],[6.070392,43.245747],[6.070534,43.245745],[6.070549,43.245802],[6.070535,43.245953],[6.070446,43.246254],[6.070327,43.246365],[6.070187,43.246467],[6.070123,43.246558],[6.070099,43.246588],[6.07007,43.246615],[6.070039,43.24664],[6.070005,43.246664],[6.069845,43.246742],[6.069743,43.246564],[6.069103,43.246904],[6.068752,43.247082],[6.068707,43.246992],[6.068692,43.24696],[6.068571,43.24677],[6.067663,43.247009],[6.06761,43.247023],[6.067317,43.247103],[6.067217,43.246754],[6.067201,43.246276],[6.067206,43.246217],[6.06723,43.246088],[6.0672,43.245691],[6.067194,43.245508],[6.066713,43.245461],[6.066753,43.245115],[6.066804,43.244988],[6.066893,43.244668],[6.066958,43.244529],[6.067257,43.244602],[6.067352,43.244622],[6.067601,43.244624],[6.067672,43.244626],[6.067719,43.244642],[6.067805,43.244645],[6.067864,43.244667],[6.067922,43.244665],[6.068145,43.244665],[6.068203,43.244672],[6.068338,43.244689],[6.068382,43.244699],[6.068415,43.244711],[6.06847,43.244736],[6.068527,43.24474],[6.068605,43.244726],[6.068646,43.24473],[6.068878,43.24476],[6.068913,43.244778],[6.069014,43.244829],[6.069086,43.244749],[6.069153,43.244717],[6.069051,43.244889],[6.068723,43.245436],[6.06869,43.245558],[6.068773,43.245556],[6.069296,43.245624],[6.069348,43.245666],[6.069737,43.24579],[6.06985,43.245761],[6.069986,43.245751],[6.070144,43.245743],[6.07025,43.245746]]]]}},{"type":"Feature","properties":{"numero":"1447","section":"0C","code_insee":"83049","id_parc":"83049_0C_1447"},"geometry":{"type":"MultiPolygon","coordinates":[[[[6.06881,43.253827],[6.068842,43.253821],[6.068871,43.254196],[6.068884,43.254279],[6.068685,43.254287],[6.068557,43.254302],[6.068781,43.254187],[6.068825,43.254081],[6.06881,43.253827]]]]}},{"type":"Feature","properties":{"numero":"0145","section":"AC","code_insee":"83049","id_parc":"83049_AC_0145"},"geometry":{"type":"MultiPolygon","coordinates":[[[[6.070046,43.239436],[6.070003,43.239453],[6.069988,43.239434],[6.069942,43.239373],[6.06994,43.239371],[6.069985,43.239356],[6.070046,43.239436]]]]}},{"type":"Feature","properties":{"numero":"0145","section":"AI","code_insee":"83049","id_parc":"83049_AI_0145"},"geometry":{"type":"MultiPolygon","coordinates":[[[[6.070029,43.242661],[6.070023,43.242661],[6.070022,43.242656],[6.070031,43.24266],[6.070076,43.242681],[6.070145,43.242712],[6.070228,43.24275],[6.070238,43.242755],[6.070134,43.242875],[6.070126,43.242883],[6.07012,43.242881],[6.070095,43.242863],[6.070086,43.242855],[6.070078,43.242846],[6.070074,43.24284],[6.07007,43.242832],[6.070075,43.24283],[6.070074,43.242828],[6.070068,43.242829],[6.070065,43.24282],[6.070054,43.242778],[6.070024,43.242664],[6.07003,43.242664],[6.070029,43.242661]]]]}},{"type":"Feature","properties":{"numero":"1459","section":"0A","code_insee":"83049","id_parc":"83049_0A_1459"},"geometry":{"type":"MultiPolygon","coordinates":[[[[6.045278,43.251583],[6.045272,43.25158],[6.045205,43.251345],[6.045286,43.251333],[6.045358,43.25132],[6.045429,43.251304],[6.045496,43.251678],[6.045463,43.251681],[6.045347,43.25162],[6.045278,43.251583]]]]}},{"type":"Feature","properties":{"numero":"0146","section":"AC","code_insee":"83049","id_parc":"83049_AC_0146"},"geometry":{"type":"MultiPolygon","coordinates":[[[[6.069807,43.239428],[6.06986,43.239407],[6.069905,43.239468],[6.069888,43.239475],[6.069853,43.239489],[6.069823,43.23945],[6.069807,43.239428]]]]}},{"type":"Feature","properties":{"numero":"0146","section":"AI","code_insee":"83049","id_parc":"83049_AI_0146"},"geometry":{"type":"MultiPolygon","coordinates":[[[[6.070297,43.242597],[6.070236,43.242671],[6.070279,43.242691],[6.070228,43.24275],[6.070145,43.242712],[6.070076,43.242681],[6.070031,43.24266],[6.070022,43.242656],[6.070009,43.242607],[6.070023,43.242613],[6.070007,43.242551],[6.070001,43.24252],[6.070001,43.242514],[6.070001,43.242509],[6.070002,43.242504],[6.070003,43.2425],[6.070005,43.242496],[6.070006,43.242493],[6.070008,43.242489],[6.070011,43.242486],[6.070017,43.242478],[6.070041,43.242455],[6.070123,43.242501],[6.070166,43.242525],[6.070268,43.242581],[6.070297,43.242597]]]]}},{"type":"Feature","properties":{"numero":"1460","section":"0A","code_insee":"83049","id_parc":"83049_0A_1460"},"geometry":{"type":"MultiPolygon","coordinates":[[[[6.044939,43.251375],[6.045003,43.251371],[6.045205,43.251345],[6.045272,43.25158],[6.045278,43.251583],[6.045347,43.25162],[6.045463,43.251681],[6.045289,43.251695],[6.045016,43.251719],[6.044788,43.251738],[6.044698,43.251745],[6.044425,43.251767],[6.044263,43.25178],[6.044237,43.251517],[6.044042,43.251531],[6.044061,43.251479],[6.04407,43.251348],[6.044099,43.251296],[6.044129,43.251248],[6.044163,43.251202],[6.044207,43.251153],[6.044219,43.251145],[6.044239,43.251137],[6.044261,43.25113],[6.044292,43.251127],[6.044712,43.251198],[6.044736,43.251233],[6.044762,43.251263],[6.044791,43.251292],[6.044823,43.251319],[6.044859,43.251344],[6.044897,43.251367],[6.044939,43.251375]]]]}},{"type":"Feature","properties":{"numero":"1461","section":"0A","code_insee":"83049","id_parc":"83049_0A_1461"},"geometry":{"type":"MultiPolygon","coordinates":[[[[6.045508,43.251283],[6.045568,43.251736],[6.045463,43.251681],[6.045496,43.251678],[6.045429,43.251304],[6.045508,43.251283]]]]}},{"type":"Feature","properties":{"numero":"1462","section":"0A","code_insee":"83049","id_parc":"83049_0A_1462"},"geometry":{"type":"MultiPolygon","coordinates":[[[[6.045568,43.251736],[6.045668,43.252554],[6.045406,43.252569],[6.045289,43.251695],[6.045463,43.251681],[6.045568,43.251736]]]]}},{"type":"Feature","properties":{"numero":"0147","section":"AC","code_insee":"83049","id_parc":"83049_AC_0147"},"geometry":{"type":"MultiPolygon","coordinates":[[[[6.069878,43.239522],[6.069853,43.239489],[6.069888,43.239475],[6.06993,43.239535],[6.069898,43.239548],[6.069891,43.239539],[6.069878,43.239522]]]]}},{"type":"Feature","properties":{"numero":"0147","section":"AI","code_insee":"83049","id_parc":"83049_AI_0147"},"geometry":{"type":"MultiPolygon","coordinates":[[[[6.070365,43.242436],[6.070409,43.24246],[6.070297,43.242597],[6.070268,43.242581],[6.070166,43.242525],[6.070123,43.242501],[6.070041,43.242455],[6.070031,43.24245],[6.07006,43.242421],[6.07007,43.242427],[6.07017,43.24233],[6.070304,43.242403],[6.070365,43.242436]]]]}},{"type":"Feature","properties":{"numero":"1474","section":"0A","code_insee":"83049","id_parc":"83049_0A_1474"},"geometry":{"type":"MultiPolygon","coordinates":[[[[6.05744,43.253296],[6.057493,43.253206],[6.058099,43.253428],[6.057513,43.254248],[6.057365,43.254459],[6.057124,43.2544],[6.057085,43.254386],[6.057009,43.254337],[6.056881,43.254281],[6.056768,43.254207],[6.056679,43.254165],[6.056865,43.254018],[6.056943,43.253952],[6.05744,43.253296]]]]}},{"type":"Feature","properties":{"numero":"0148","section":"AC","code_insee":"83049","id_parc":"83049_AC_0148"},"geometry":{"type":"MultiPolygon","coordinates":[[[[6.069905,43.239468],[6.069936,43.239456],[6.069988,43.239434],[6.070003,43.239453],[6.070032,43.239494],[6.070052,43.23952],[6.070027,43.239529],[6.07002,43.239532],[6.069958,43.239555],[6.069939,43.239531],[6.06993,43.239535],[6.069888,43.239475],[6.069905,43.239468]]]]}},{"type":"Feature","properties":{"numero":"0148","section":"AH","code_insee":"83049","id_parc":"83049_AH_0148"},"geometry":{"type":"MultiPolygon","coordinates":[[[[6.062967,43.245807],[6.062962,43.245805],[6.062958,43.245804],[6.062542,43.245703],[6.062567,43.245669],[6.063015,43.24578],[6.063018,43.245781],[6.063024,43.245783],[6.063028,43.245786],[6.063032,43.245789],[6.063036,43.245793],[6.063038,43.245797],[6.06304,43.245801],[6.06304,43.245806],[6.063039,43.24581],[6.062974,43.246062],[6.063276,43.246103],[6.063264,43.246127],[6.063223,43.24612],[6.06305,43.246179],[6.063015,43.246193],[6.062978,43.246214],[6.06294,43.246238],[6.062903,43.246261],[6.062873,43.24628],[6.062816,43.246316],[6.062755,43.246357],[6.062697,43.246395],[6.062675,43.24641],[6.062667,43.246416],[6.062663,43.246418],[6.06266,43.246419],[6.062654,43.246424],[6.062645,43.246431],[6.062642,43.24643],[6.06264,43.246426],[6.062563,43.24633],[6.062546,43.246304],[6.062513,43.246299],[6.062495,43.246294],[6.06247,43.246285],[6.062442,43.246271],[6.062406,43.246243],[6.06241,43.246239],[6.062376,43.246198],[6.062364,43.246201],[6.062336,43.246206],[6.062328,43.246205],[6.062328,43.246179],[6.062327,43.246149],[6.062328,43.246106],[6.06233,43.246049],[6.062337,43.245996],[6.062576,43.246027],[6.062576,43.246008],[6.062926,43.246056],[6.062983,43.245834],[6.062984,43.24583],[6.062983,43.245826],[6.062982,43.245821],[6.062979,43.245817],[6.062976,43.245813],[6.062972,43.24581],[6.062967,43.245807]]]]}},{"type":"Feature","properties":{"numero":"0148","section":"AI","code_insee":"83049","id_parc":"83049_AI_0148"},"geometry":{"type":"MultiPolygon","coordinates":[[[[6.07041,43.242701],[6.070379,43.242737],[6.070279,43.242691],[6.070236,43.242671],[6.070297,43.242597],[6.070409,43.24246],[6.070429,43.242435],[6.070568,43.242496],[6.070573,43.242529],[6.07058,43.242576],[6.070584,43.242609],[6.070565,43.242632],[6.070511,43.242694],[6.070461,43.24272],[6.070414,43.242702],[6.07041,43.242701]]]]}},{"type":"Feature","properties":{"numero":"1480","section":"0A","code_insee":"83049","id_parc":"83049_0A_1480"},"geometry":{"type":"MultiPolygon","coordinates":[[[[6.043107,43.254617],[6.042821,43.254543],[6.042483,43.254434],[6.042537,43.253978],[6.042304,43.253931],[6.042274,43.253597],[6.042935,43.253578],[6.04286,43.2528],[6.042834,43.252748],[6.042911,43.252732],[6.042943,43.253023],[6.042995,43.2536],[6.043057,43.254164],[6.043115,43.254619],[6.043107,43.254617]]]]}},{"type":"Feature","properties":{"numero":"1481","section":"0A","code_insee":"83049","id_parc":"83049_0A_1481"},"geometry":{"type":"MultiPolygon","coordinates":[[[[6.04286,43.2528],[6.042935,43.253578],[6.042274,43.253597],[6.042268,43.253519],[6.042264,43.253467],[6.042195,43.252843],[6.042437,43.252828],[6.042834,43.252748],[6.04286,43.2528]]]]}},{"type":"Feature","properties":{"numero":"1483","section":"0C","code_insee":"83049","id_parc":"83049_0C_1483"},"geometry":{"type":"MultiPolygon","coordinates":[[[[6.068268,43.252545],[6.067761,43.252354],[6.068405,43.251383],[6.06854,43.2514],[6.068591,43.251415],[6.068749,43.251462],[6.068815,43.251481],[6.068876,43.251554],[6.068956,43.25165],[6.068529,43.252206],[6.068268,43.252545]]]]}},{"type":"Feature","properties":{"numero":"1484","section":"0A","code_insee":"83049","id_parc":"83049_0A_1484"},"geometry":{"type":"MultiPolygon","coordinates":[[[[6.048544,43.251796],[6.048615,43.251806],[6.049687,43.251952],[6.049708,43.252067],[6.049676,43.2521],[6.049723,43.252143],[6.049754,43.252142],[6.049755,43.252149],[6.049769,43.25222],[6.049782,43.252291],[6.049791,43.252361],[6.049821,43.252754],[6.049871,43.25305],[6.049625,43.253079],[6.049269,43.25311],[6.048936,43.253127],[6.048621,43.25314],[6.048424,43.253144],[6.048404,43.25314],[6.048327,43.253125],[6.048252,43.253107],[6.048177,43.253087],[6.047716,43.252901],[6.047736,43.252857],[6.047788,43.252734],[6.047837,43.25261],[6.047784,43.252333],[6.047754,43.25233],[6.047778,43.252306],[6.047791,43.252263],[6.047817,43.252003],[6.048217,43.252053],[6.048544,43.251796]]]]}},{"type":"Feature","properties":{"numero":"1484","section":"0C","code_insee":"83049","id_parc":"83049_0C_1484"},"geometry":{"type":"MultiPolygon","coordinates":[[[[6.067312,43.251255],[6.067702,43.25131],[6.068033,43.251339],[6.068405,43.251383],[6.067761,43.252354],[6.067424,43.252225],[6.067133,43.252137],[6.066895,43.252069],[6.066794,43.252051],[6.066768,43.252033],[6.066798,43.251985],[6.066817,43.25193],[6.066832,43.251873],[6.066843,43.251815],[6.066887,43.251694],[6.067009,43.251474],[6.067028,43.251424],[6.067062,43.251291],[6.067067,43.251245],[6.067312,43.251255]],[[6.06718,43.252122],[6.067206,43.252086],[6.067162,43.252067],[6.067133,43.252102],[6.06718,43.252122]]]]}},{"type":"Feature","properties":{"numero":"1485","section":"0A","code_insee":"83049","id_parc":"83049_0A_1485"},"geometry":{"type":"MultiPolygon","coordinates":[[[[6.047697,43.252358],[6.047727,43.252345],[6.047754,43.25233],[6.047784,43.252333],[6.047837,43.25261],[6.047788,43.252734],[6.047736,43.252857],[6.047716,43.252901],[6.047513,43.252815],[6.047372,43.252778],[6.047343,43.252782],[6.047335,43.252684],[6.047349,43.252574],[6.047359,43.252543],[6.0474,43.252497],[6.047409,43.252488],[6.047446,43.252456],[6.047486,43.252426],[6.047529,43.252399],[6.047566,43.252388],[6.047611,43.252378],[6.047658,43.25237],[6.047666,43.252368],[6.047697,43.252358]]]]}},{"type":"Feature","properties":{"numero":"1485","section":"0C","code_insee":"83049","id_parc":"83049_0C_1485"},"geometry":{"type":"MultiPolygon","coordinates":[[[[6.070404,43.254086],[6.070426,43.254113],[6.070455,43.254149],[6.070388,43.254195],[6.070317,43.25424],[6.070244,43.254282],[6.070232,43.254288],[6.070187,43.254309],[6.070141,43.254326],[6.070092,43.254341],[6.070043,43.254353],[6.069992,43.254363],[6.069901,43.25437],[6.069789,43.25437],[6.069475,43.254384],[6.069274,43.254382],[6.069205,43.254368],[6.068914,43.254291],[6.068923,43.254283],[6.068901,43.254244],[6.068895,43.254203],[6.068906,43.254188],[6.06894,43.254176],[6.069025,43.254166],[6.069109,43.254143],[6.069368,43.254108],[6.069454,43.254099],[6.069505,43.254086],[6.069565,43.254047],[6.069604,43.254034],[6.069639,43.254005],[6.06967,43.253974],[6.069695,43.253945],[6.069729,43.253876],[6.069748,43.253861],[6.069825,43.253836],[6.070007,43.253722],[6.070074,43.253668],[6.070404,43.254086]]]]}},{"type":"Feature","properties":{"numero":"1486","section":"0C","code_insee":"83049","id_parc":"83049_0C_1486"},"geometry":{"type":"MultiPolygon","coordinates":[[[[6.070555,43.252988],[6.070585,43.252973],[6.070596,43.252968],[6.070698,43.253291],[6.070814,43.253558],[6.070838,43.253689],[6.070954,43.253893],[6.070941,43.253893],[6.070901,43.253895],[6.070861,43.253901],[6.070733,43.253956],[6.070455,43.254149],[6.070426,43.254113],[6.070404,43.254086],[6.070074,43.253668],[6.070135,43.253589],[6.070191,43.253534],[6.070204,43.253503],[6.070203,43.253451],[6.07024,43.2534],[6.070258,43.253327],[6.070281,43.253284],[6.070288,43.253257],[6.070333,43.253194],[6.070386,43.253147],[6.070434,43.253099],[6.070484,43.253043],[6.070527,43.253005],[6.070555,43.252988]]]]}},{"type":"Feature","properties":{"numero":"0149","section":"AC","code_insee":"83049","id_parc":"83049_AC_0149"},"geometry":{"type":"MultiPolygon","coordinates":[[[[6.069908,43.239561],[6.069898,43.239548],[6.06993,43.239535],[6.069939,43.239531],[6.069958,43.239555],[6.07002,43.239532],[6.07004,43.239559],[6.06993,43.239598],[6.0699,43.239564],[6.069908,43.239561]]]]}},{"type":"Feature","properties":{"numero":"0149","section":"AH","code_insee":"83049","id_parc":"83049_AH_0149"},"geometry":{"type":"MultiPolygon","coordinates":[[[[6.062469,43.245682],[6.062416,43.245668],[6.06242,43.245636],[6.06242,43.245633],[6.062567,43.245669],[6.062542,43.245703],[6.062528,43.245699],[6.062491,43.245688],[6.062469,43.245682]]]]}},{"type":"Feature","properties":{"numero":"0149","section":"AI","code_insee":"83049","id_parc":"83049_AI_0149"},"geometry":{"type":"MultiPolygon","coordinates":[[[[6.070599,43.242621],[6.070777,43.242703],[6.070826,43.242726],[6.070772,43.242789],[6.070768,43.242793],[6.070719,43.24285],[6.070691,43.242882],[6.07047,43.242779],[6.070379,43.242737],[6.07041,43.242701],[6.070414,43.242702],[6.070461,43.24272],[6.070511,43.242694],[6.070565,43.242632],[6.070584,43.242609],[6.07058,43.242576],[6.070616,43.242591],[6.070622,43.242594],[6.070599,43.242621]]]]}},{"type":"Feature","properties":{"numero":"0015","section":"AB","code_insee":"83049","id_parc":"83049_AB_0015"},"geometry":{"type":"MultiPolygon","coordinates":[[[[6.070571,43.238298],[6.070591,43.238308],[6.070644,43.238334],[6.070698,43.238361],[6.070701,43.238362],[6.070709,43.238366],[6.070663,43.238411],[6.070655,43.238408],[6.070652,43.238411],[6.07052,43.238341],[6.070571,43.238298]]]]}},{"type":"Feature","properties":{"numero":"0015","section":"AD","code_insee":"83049","id_parc":"83049_AD_0015"},"geometry":{"type":"MultiPolygon","coordinates":[[[[6.065847,43.241278],[6.0659,43.241297],[6.065982,43.241327],[6.066165,43.241245],[6.066233,43.241226],[6.06628,43.241224],[6.066352,43.241237],[6.06643,43.241277],[6.066409,43.241299],[6.066333,43.241272],[6.066305,43.241264],[6.066249,43.241255],[6.066079,43.241315],[6.065828,43.241473],[6.065816,43.241482],[6.065779,43.241466],[6.065847,43.241278]]]]}},{"type":"Feature","properties":{"numero":"0015","section":"AH","code_insee":"83049","id_parc":"83049_AH_0015"},"geometry":{"type":"MultiPolygon","coordinates":[[[[6.05624,43.24727],[6.0565,43.247148],[6.05663,43.247067],[6.056688,43.247095],[6.056835,43.247167],[6.056855,43.24719],[6.056983,43.247266],[6.057129,43.247342],[6.05723,43.247394],[6.057074,43.247461],[6.056948,43.247503],[6.056832,43.247538],[6.056436,43.247641],[6.056433,43.247635],[6.056184,43.247362],[6.056148,43.24733],[6.05624,43.24727]]]]}},{"type":"Feature","properties":{"numero":"0015","section":"AI","code_insee":"83049","id_parc":"83049_AI_0015"},"geometry":{"type":"MultiPolygon","coordinates":[[[[6.067209,43.243076],[6.067178,43.243104],[6.067147,43.243127],[6.066931,43.242937],[6.066988,43.242902],[6.067047,43.242866],[6.067113,43.242827],[6.067135,43.242846],[6.067273,43.242966],[6.067392,43.24286],[6.067541,43.242729],[6.067582,43.242695],[6.067615,43.242667],[6.067624,43.242677],[6.067642,43.242698],[6.067605,43.24273],[6.0673,43.242999],[6.067291,43.243008],[6.067289,43.24301],[6.067209,43.243076]]]]}},{"type":"Feature","properties":{"numero":"0150","section":"AC","code_insee":"83049","id_parc":"83049_AC_0150"},"geometry":{"type":"MultiPolygon","coordinates":[[[[6.070052,43.23952],[6.070032,43.239494],[6.070003,43.239453],[6.070046,43.239436],[6.070076,43.239477],[6.070116,43.239534],[6.070071,43.239549],[6.070046,43.239557],[6.07004,43.239559],[6.07002,43.239532],[6.070027,43.239529],[6.070052,43.23952]]]]}},{"type":"Feature","properties":{"numero":"0150","section":"AH","code_insee":"83049","id_parc":"83049_AH_0150"},"geometry":{"type":"MultiPolygon","coordinates":[[[[6.06073,43.243783],[6.060753,43.243732],[6.060759,43.243709],[6.060788,43.243716],[6.06098,43.243765],[6.061172,43.243814],[6.061365,43.243863],[6.061263,43.244094],[6.061461,43.244289],[6.061518,43.244348],[6.061204,43.244283],[6.060778,43.244196],[6.060699,43.244179],[6.06064,43.244166],[6.060772,43.243958],[6.060801,43.243904],[6.060692,43.24388],[6.060712,43.24382],[6.060721,43.243802],[6.06073,43.243783]]]]}},{"type":"Feature","properties":{"numero":"0150","section":"AI","code_insee":"83049","id_parc":"83049_AI_0150"},"geometry":{"type":"MultiPolygon","coordinates":[[[[6.070949,43.243001],[6.070834,43.242948],[6.070698,43.242885],[6.070691,43.242882],[6.070719,43.24285],[6.070768,43.242793],[6.070772,43.242789],[6.070826,43.242726],[6.070941,43.242779],[6.071103,43.242854],[6.070949,43.243001]]]]}},{"type":"Feature","properties":{"numero":"1505","section":"0C","code_insee":"83049","id_parc":"83049_0C_1505"},"geometry":{"type":"MultiPolygon","coordinates":[[[[6.06621,43.252551],[6.066252,43.252562],[6.066523,43.252635],[6.066468,43.252754],[6.0664,43.252798],[6.066036,43.253032],[6.066026,43.253008],[6.065968,43.252977],[6.065908,43.252949],[6.065887,43.25294],[6.065821,43.25292],[6.065757,43.252897],[6.065452,43.25277],[6.065294,43.252704],[6.065464,43.252349],[6.066119,43.252526],[6.06621,43.252551]]]]}},{"type":"Feature","properties":{"numero":"0151","section":"AC","code_insee":"83049","id_parc":"83049_AC_0151"},"geometry":{"type":"MultiPolygon","coordinates":[[[[6.070116,43.239534],[6.070076,43.239477],[6.070046,43.239436],[6.070076,43.239423],[6.070139,43.239526],[6.070116,43.239534]]]]}},{"type":"Feature","properties":{"numero":"0151","section":"AH","code_insee":"83049","id_parc":"83049_AH_0151"},"geometry":{"type":"MultiPolygon","coordinates":[[[[6.060802,43.243506],[6.060836,43.243395],[6.060874,43.243318],[6.060877,43.243308],[6.061097,43.243365],[6.061255,43.243409],[6.061182,43.243576],[6.061316,43.243708],[6.061469,43.243743],[6.061318,43.244088],[6.061501,43.244267],[6.061547,43.244316],[6.061697,43.244349],[6.061722,43.244354],[6.061891,43.244393],[6.061972,43.244411],[6.062152,43.244447],[6.062169,43.244451],[6.062269,43.244462],[6.062422,43.244479],[6.062377,43.244512],[6.062159,43.244487],[6.061958,43.244445],[6.061742,43.244397],[6.061709,43.244389],[6.061685,43.244384],[6.061523,43.244349],[6.061518,43.244348],[6.061461,43.244289],[6.061263,43.244094],[6.061365,43.243863],[6.061172,43.243814],[6.06098,43.243765],[6.060788,43.243716],[6.060759,43.243709],[6.060776,43.24364],[6.060797,43.243536],[6.060802,43.243506]]]]}},{"type":"Feature","properties":{"numero":"0152","section":"AC","code_insee":"83049","id_parc":"83049_AC_0152"},"geometry":{"type":"MultiPolygon","coordinates":[[[[6.069891,43.239539],[6.069898,43.239548],[6.069685,43.239633],[6.069614,43.239533],[6.069823,43.23945],[6.069853,43.239489],[6.069878,43.239522],[6.069891,43.239539]]]]}},{"type":"Feature","properties":{"numero":"0152","section":"AI","code_insee":"83049","id_parc":"83049_AI_0152"},"geometry":{"type":"MultiPolygon","coordinates":[[[[6.071075,43.242626],[6.071008,43.242703],[6.070941,43.242779],[6.070826,43.242726],[6.070777,43.242703],[6.070794,43.242683],[6.070828,43.242643],[6.070989,43.242457],[6.071094,43.242506],[6.071154,43.242534],[6.071075,43.242626]]]]}},{"type":"Feature","properties":{"numero":"0153","section":"AC","code_insee":"83049","id_parc":"83049_AC_0153"},"geometry":{"type":"MultiPolygon","coordinates":[[[[6.069685,43.239633],[6.069584,43.239673],[6.06947,43.239522],[6.069572,43.239483],[6.069575,43.239487],[6.06958,43.239485],[6.069614,43.239533],[6.069685,43.239633]]]]}},{"type":"Feature","properties":{"numero":"0153","section":"AH","code_insee":"83049","id_parc":"83049_AH_0153"},"geometry":{"type":"MultiPolygon","coordinates":[[[[6.05946,43.24446],[6.059486,43.244381],[6.059512,43.244301],[6.059636,43.24406],[6.059751,43.244082],[6.059845,43.244109],[6.059854,43.244111],[6.06012,43.244174],[6.060142,43.244179],[6.060255,43.244204],[6.060433,43.244248],[6.060403,43.244286],[6.060338,43.244367],[6.060306,43.244436],[6.060238,43.244533],[6.059961,43.244485],[6.059912,43.244477],[6.059902,43.24448],[6.059881,43.244542],[6.059843,43.244651],[6.059826,43.244705],[6.0598,43.244784],[6.059705,43.244768],[6.0597,43.244779],[6.059677,43.244836],[6.059652,43.244899],[6.05956,43.24487],[6.059487,43.244847],[6.059408,43.244805],[6.059348,43.244785],[6.059359,43.244755],[6.059432,43.244556],[6.05946,43.24446]]]]}},{"type":"Feature","properties":{"numero":"0153","section":"AI","code_insee":"83049","id_parc":"83049_AI_0153"},"geometry":{"type":"MultiPolygon","coordinates":[[[[6.070828,43.242643],[6.070794,43.242683],[6.070777,43.242703],[6.070599,43.242621],[6.070622,43.242594],[6.070616,43.242591],[6.070804,43.242372],[6.070825,43.242382],[6.070989,43.242457],[6.070828,43.242643]]]]}},{"type":"Feature","properties":{"numero":"0154","section":"AC","code_insee":"83049","id_parc":"83049_AC_0154"},"geometry":{"type":"MultiPolygon","coordinates":[[[[6.069684,43.239387],[6.069716,43.239431],[6.06958,43.239485],[6.069575,43.239487],[6.069572,43.239483],[6.069548,43.239451],[6.069544,43.239445],[6.069568,43.239435],[6.069684,43.239387]]]]}},{"type":"Feature","properties":{"numero":"0154","section":"AH","code_insee":"83049","id_parc":"83049_AH_0154"},"geometry":{"type":"MultiPolygon","coordinates":[[[[6.059678,43.244931],[6.059691,43.244911],[6.059652,43.244899],[6.059677,43.244836],[6.0597,43.244779],[6.059705,43.244768],[6.0598,43.244784],[6.059826,43.244705],[6.059843,43.244651],[6.059881,43.244542],[6.059902,43.24448],[6.059912,43.244477],[6.059961,43.244485],[6.060238,43.244533],[6.060026,43.244834],[6.060001,43.244828],[6.059982,43.244823],[6.059925,43.244934],[6.05992,43.244949],[6.059896,43.245008],[6.059883,43.24504],[6.059868,43.245078],[6.059838,43.245071],[6.059704,43.245035],[6.059636,43.245017],[6.059631,43.245015],[6.059678,43.244931]]]]}},{"type":"Feature","properties":{"numero":"0154","section":"AI","code_insee":"83049","id_parc":"83049_AI_0154"},"geometry":{"type":"MultiPolygon","coordinates":[[[[6.070568,43.242496],[6.070429,43.242435],[6.070531,43.24231],[6.070569,43.242264],[6.070804,43.242372],[6.070616,43.242591],[6.07058,43.242576],[6.070573,43.242529],[6.070568,43.242496]]]]}},{"type":"Feature","properties":{"numero":"0155","section":"AC","code_insee":"83049","id_parc":"83049_AC_0155"},"geometry":{"type":"MultiPolygon","coordinates":[[[[6.069684,43.239387],[6.069568,43.239435],[6.069544,43.239445],[6.069522,43.239454],[6.069487,43.239414],[6.069515,43.239402],[6.069535,43.239394],[6.069651,43.239344],[6.069684,43.239387]]]]}},{"type":"Feature","properties":{"numero":"0155","section":"AH","code_insee":"83049","id_parc":"83049_AH_0155"},"geometry":{"type":"MultiPolygon","coordinates":[[[[6.060965,43.245069],[6.060433,43.244936],[6.060026,43.244834],[6.060238,43.244533],[6.060306,43.244436],[6.060338,43.244367],[6.060403,43.244286],[6.060433,43.244248],[6.060459,43.244254],[6.060574,43.244272],[6.06064,43.244166],[6.060699,43.244179],[6.060778,43.244196],[6.061204,43.244283],[6.061518,43.244348],[6.061523,43.244349],[6.061685,43.244384],[6.061709,43.244389],[6.061742,43.244397],[6.061553,43.24479],[6.061372,43.24517],[6.060965,43.245069]]]]}},{"type":"Feature","properties":{"numero":"0155","section":"AI","code_insee":"83049","id_parc":"83049_AI_0155"},"geometry":{"type":"MultiPolygon","coordinates":[[[[6.0704,43.242241],[6.07048,43.242283],[6.070531,43.24231],[6.070429,43.242435],[6.070409,43.24246],[6.070365,43.242436],[6.070304,43.242403],[6.07017,43.24233],[6.07016,43.242324],[6.070189,43.242296],[6.070199,43.242301],[6.070245,43.242256],[6.07031,43.242193],[6.0704,43.242241]]]]}},{"type":"Feature","properties":{"numero":"1551","section":"0G","code_insee":"83049","id_parc":"83049_0G_1551"},"geometry":{"type":"MultiPolygon","coordinates":[[[[6.064813,43.239755],[6.06496,43.23979],[6.064974,43.239839],[6.065017,43.239881],[6.065086,43.239945],[6.065088,43.239947],[6.065114,43.239974],[6.065146,43.240006],[6.065188,43.240043],[6.065192,43.240046],[6.065199,43.240049],[6.065143,43.240054],[6.065048,43.240066],[6.065007,43.240075],[6.064968,43.240086],[6.064952,43.240092],[6.064575,43.239931],[6.064453,43.239875],[6.064551,43.239719],[6.064624,43.239672],[6.064703,43.239716],[6.064752,43.23974],[6.064813,43.239755]]]]}},{"type":"Feature","properties":{"numero":"1552","section":"0G","code_insee":"83049","id_parc":"83049_0G_1552"},"geometry":{"type":"MultiPolygon","coordinates":[[[[6.064551,43.239719],[6.064592,43.239653],[6.064624,43.239672],[6.064551,43.239719]]]]}},{"type":"Feature","properties":{"numero":"1553","section":"0G","code_insee":"83049","id_parc":"83049_0G_1553"},"geometry":{"type":"MultiPolygon","coordinates":[[[[6.064397,43.239587],[6.064557,43.239641],[6.064592,43.239653],[6.064551,43.239719],[6.064416,43.23981],[6.064418,43.239854],[6.064244,43.23975],[6.064083,43.239713],[6.064063,43.239713],[6.064144,43.23947],[6.064213,43.239512],[6.064397,43.239587]]]]}},{"type":"Feature","properties":{"numero":"1554","section":"0G","code_insee":"83049","id_parc":"83049_0G_1554"},"geometry":{"type":"MultiPolygon","coordinates":[[[[6.064416,43.23981],[6.064551,43.239719],[6.064453,43.239875],[6.064418,43.239854],[6.064416,43.23981]]]]}},{"type":"Feature","properties":{"numero":"1556","section":"0A","code_insee":"83049","id_parc":"83049_0A_1556"},"geometry":{"type":"MultiPolygon","coordinates":[[[[6.063244,43.251398],[6.06329,43.251135],[6.063743,43.251213],[6.063724,43.251279],[6.063683,43.251375],[6.063625,43.251462],[6.063465,43.251448],[6.063244,43.251398]]]]}},{"type":"Feature","properties":{"numero":"1557","section":"0A","code_insee":"83049","id_parc":"83049_0A_1557"},"geometry":{"type":"MultiPolygon","coordinates":[[[[6.063625,43.251462],[6.06355,43.251574],[6.063487,43.251627],[6.06343,43.251608],[6.063295,43.251564],[6.063101,43.251501],[6.063049,43.251484],[6.062974,43.251459],[6.062863,43.251422],[6.062932,43.251392],[6.063025,43.251367],[6.063081,43.251358],[6.063244,43.251398],[6.063465,43.251448],[6.063625,43.251462]]]]}},{"type":"Feature","properties":{"numero":"1558","section":"0A","code_insee":"83049","id_parc":"83049_0A_1558"},"geometry":{"type":"MultiPolygon","coordinates":[[[[6.062336,43.250443],[6.062787,43.250495],[6.062803,43.250495],[6.062802,43.250519],[6.062943,43.250529],[6.063243,43.250547],[6.063544,43.250562],[6.063723,43.250568],[6.063814,43.250571],[6.06387,43.250573],[6.06385,43.250599],[6.06383,43.250707],[6.063784,43.25096],[6.063743,43.251213],[6.06329,43.251135],[6.063244,43.251398],[6.063081,43.251358],[6.063025,43.251367],[6.062932,43.251392],[6.062863,43.251422],[6.062826,43.25141],[6.062713,43.251374],[6.062546,43.251309],[6.062211,43.251178],[6.062054,43.251116],[6.062102,43.251059],[6.062202,43.251],[6.06234,43.250878],[6.062413,43.250796],[6.062469,43.250708],[6.062479,43.250674],[6.06247,43.250629],[6.062411,43.250497],[6.062336,43.250443]]]]}},{"type":"Feature","properties":{"numero":"0156","section":"AC","code_insee":"83049","id_parc":"83049_AC_0156"},"geometry":{"type":"MultiPolygon","coordinates":[[[[6.069515,43.239402],[6.069487,43.239414],[6.069455,43.239376],[6.069484,43.239362],[6.069503,43.239353],[6.069515,43.239348],[6.069619,43.239299],[6.069651,43.239344],[6.069535,43.239394],[6.069515,43.239402]]]]}},{"type":"Feature","properties":{"numero":"0156","section":"AH","code_insee":"83049","id_parc":"83049_AH_0156"},"geometry":{"type":"MultiPolygon","coordinates":[[[[6.057013,43.247817],[6.057012,43.247805],[6.057009,43.247752],[6.057615,43.247661],[6.057504,43.247427],[6.057528,43.247423],[6.057564,43.247495],[6.057623,43.247625],[6.057639,43.247657],[6.057652,43.247677],[6.057685,43.247829],[6.057692,43.247856],[6.05772,43.247966],[6.057382,43.247973],[6.057,43.24797],[6.05701,43.24794],[6.057011,43.247906],[6.057021,43.247875],[6.057016,43.247842],[6.057013,43.247817]]]]}},{"type":"Feature","properties":{"numero":"0156","section":"AI","code_insee":"83049","id_parc":"83049_AI_0156"},"geometry":{"type":"MultiPolygon","coordinates":[[[[6.069819,43.242349],[6.069727,43.242301],[6.069677,43.242274],[6.069822,43.24216],[6.069878,43.242191],[6.069988,43.24225],[6.070069,43.242294],[6.069976,43.242385],[6.069985,43.24239],[6.069955,43.24242],[6.069819,43.242349]]]]}},{"type":"Feature","properties":{"numero":"0157","section":"AC","code_insee":"83049","id_parc":"83049_AC_0157"},"geometry":{"type":"MultiPolygon","coordinates":[[[[6.069387,43.239297],[6.069428,43.239271],[6.069446,43.239259],[6.069454,43.239268],[6.069479,43.239301],[6.069586,43.239255],[6.069619,43.239299],[6.069515,43.239348],[6.069503,43.239353],[6.069484,43.239362],[6.069455,43.239376],[6.069414,43.239329],[6.069387,43.239297]]]]}},{"type":"Feature","properties":{"numero":"0157","section":"AH","code_insee":"83049","id_parc":"83049_AH_0157"},"geometry":{"type":"MultiPolygon","coordinates":[[[[6.056988,43.247585],[6.056979,43.247507],[6.057203,43.24742],[6.05747,43.247296],[6.057493,43.247347],[6.057523,43.247413],[6.057528,43.247423],[6.057504,43.247427],[6.057615,43.247661],[6.057009,43.247752],[6.056988,43.247585]]]]}},{"type":"Feature","properties":{"numero":"0157","section":"AI","code_insee":"83049","id_parc":"83049_AI_0157"},"geometry":{"type":"MultiPolygon","coordinates":[[[[6.069988,43.24225],[6.069878,43.242191],[6.069822,43.24216],[6.069977,43.242039],[6.070031,43.242068],[6.070141,43.242128],[6.070204,43.242162],[6.070096,43.242267],[6.070106,43.242272],[6.070078,43.242299],[6.070069,43.242294],[6.069988,43.24225]]]]}},{"type":"Feature","properties":{"numero":"0158","section":"AC","code_insee":"83049","id_parc":"83049_AC_0158"},"geometry":{"type":"MultiPolygon","coordinates":[[[[6.069475,43.239241],[6.06948,43.239238],[6.069486,43.239235],[6.069512,43.23922],[6.069525,43.239234],[6.069558,43.239218],[6.069586,43.239255],[6.069479,43.239301],[6.069454,43.239268],[6.069446,43.239259],[6.069475,43.239241]]]]}},{"type":"Feature","properties":{"numero":"0158","section":"AH","code_insee":"83049","id_parc":"83049_AH_0158"},"geometry":{"type":"MultiPolygon","coordinates":[[[[6.063588,43.244239],[6.063624,43.244151],[6.063695,43.243988],[6.06371,43.243954],[6.064097,43.244014],[6.064121,43.244014],[6.0643,43.244016],[6.064449,43.243991],[6.064448,43.243987],[6.064496,43.243979],[6.064461,43.244017],[6.064316,43.244045],[6.064256,43.244046],[6.064165,43.244046],[6.064115,43.244044],[6.064049,43.244042],[6.064059,43.244047],[6.064064,43.24405],[6.064068,43.244053],[6.064073,43.244061],[6.064074,43.244074],[6.064075,43.244084],[6.06407,43.244099],[6.064025,43.244239],[6.063917,43.244353],[6.064043,43.244432],[6.064016,43.244455],[6.063955,43.244498],[6.063632,43.244398],[6.063159,43.244499],[6.063075,43.244538],[6.063039,43.244537],[6.063024,43.244541],[6.063037,43.244497],[6.063519,43.244404],[6.063519,43.244402],[6.063538,43.244356],[6.063555,43.244317],[6.063588,43.244239]]]]}},{"type":"Feature","properties":{"numero":"0158","section":"AI","code_insee":"83049","id_parc":"83049_AI_0158"},"geometry":{"type":"MultiPolygon","coordinates":[[[[6.069977,43.242039],[6.070004,43.242018],[6.070145,43.241907],[6.070349,43.24202],[6.070233,43.242133],[6.070243,43.242138],[6.070213,43.242167],[6.070204,43.242162],[6.070141,43.242128],[6.070031,43.242068],[6.069977,43.242039]]]]}},{"type":"Feature","properties":{"numero":"0159","section":"AC","code_insee":"83049","id_parc":"83049_AC_0159"},"geometry":{"type":"MultiPolygon","coordinates":[[[[6.069525,43.239234],[6.069512,43.23922],[6.069486,43.239235],[6.06942,43.239152],[6.069477,43.239108],[6.069545,43.239201],[6.069558,43.239218],[6.069525,43.239234]]]]}},{"type":"Feature","properties":{"numero":"0159","section":"AI","code_insee":"83049","id_parc":"83049_AI_0159"},"geometry":{"type":"MultiPolygon","coordinates":[[[[6.070681,43.242134],[6.070569,43.242264],[6.070531,43.24231],[6.07048,43.242283],[6.0704,43.242241],[6.07031,43.242193],[6.0703,43.242188],[6.070329,43.24216],[6.070338,43.242165],[6.070408,43.242098],[6.070431,43.242134],[6.070577,43.242085],[6.070681,43.242134]]]]}},{"type":"Feature","properties":{"numero":"0016","section":"AD","code_insee":"83049","id_parc":"83049_AD_0016"},"geometry":{"type":"MultiPolygon","coordinates":[[[[6.0661,43.241107],[6.066159,43.24111],[6.066246,43.241113],[6.066201,43.241155],[6.066143,43.241209],[6.06607,43.241262],[6.066039,43.241285],[6.065982,43.241327],[6.0659,43.241297],[6.065847,43.241278],[6.065866,43.241234],[6.065892,43.241199],[6.065903,43.241206],[6.065932,43.241184],[6.066009,43.241125],[6.066024,43.241114],[6.066035,43.241108],[6.066045,43.241105],[6.066056,43.241104],[6.0661,43.241107]]]]}},{"type":"Feature","properties":{"numero":"0016","section":"AH","code_insee":"83049","id_parc":"83049_AH_0016"},"geometry":{"type":"MultiPolygon","coordinates":[[[[6.055809,43.247017],[6.055741,43.246954],[6.055711,43.246926],[6.055818,43.246907],[6.056043,43.246846],[6.056203,43.246903],[6.056257,43.246919],[6.05639,43.246956],[6.056501,43.246994],[6.05663,43.247067],[6.0565,43.247148],[6.05624,43.24727],[6.056148,43.24733],[6.056124,43.247308],[6.055995,43.247193],[6.055809,43.247017]]]]}},{"type":"Feature","properties":{"numero":"0016","section":"AI","code_insee":"83049","id_parc":"83049_AI_0016"},"geometry":{"type":"MultiPolygon","coordinates":[[[[6.066988,43.242902],[6.066931,43.242937],[6.066717,43.242747],[6.066865,43.242677],[6.066918,43.242654],[6.067023,43.242748],[6.067113,43.242827],[6.067047,43.242866],[6.066988,43.242902]]]]}},{"type":"Feature","properties":{"numero":"0160","section":"AC","code_insee":"83049","id_parc":"83049_AC_0160"},"geometry":{"type":"MultiPolygon","coordinates":[[[[6.069372,43.239189],[6.06942,43.239152],[6.069486,43.239235],[6.06948,43.239238],[6.069475,43.239241],[6.069446,43.239259],[6.069428,43.239271],[6.069372,43.239189]]]]}},{"type":"Feature","properties":{"numero":"0160","section":"AH","code_insee":"83049","id_parc":"83049_AH_0160"},"geometry":{"type":"MultiPolygon","coordinates":[[[[6.064165,43.244046],[6.064256,43.244046],[6.064316,43.244045],[6.064461,43.244017],[6.064436,43.244043],[6.064387,43.244091],[6.064357,43.244126],[6.06434,43.244144],[6.06431,43.244186],[6.06429,43.24421],[6.064269,43.244238],[6.064245,43.244268],[6.064248,43.244269],[6.06421,43.244307],[6.064171,43.24434],[6.064163,43.244337],[6.064138,43.244357],[6.064123,43.244372],[6.064107,43.244385],[6.064082,43.244405],[6.064062,43.244417],[6.064043,43.244432],[6.063917,43.244353],[6.063961,43.244323],[6.06398,43.244305],[6.064009,43.244264],[6.064025,43.244239],[6.064085,43.244177],[6.064075,43.244084],[6.064079,43.244075],[6.064074,43.244074],[6.064077,43.244067],[6.064105,43.244072],[6.064115,43.244044],[6.064165,43.244046]]]]}},{"type":"Feature","properties":{"numero":"0160","section":"AI","code_insee":"83049","id_parc":"83049_AI_0160"},"geometry":{"type":"MultiPolygon","coordinates":[[[[6.070825,43.242382],[6.070804,43.242372],[6.070569,43.242264],[6.070681,43.242134],[6.070894,43.242232],[6.0709,43.242224],[6.070944,43.242244],[6.070901,43.242294],[6.070885,43.242312],[6.070856,43.242345],[6.07085,43.242352],[6.070825,43.242382]]]]}},{"type":"Feature","properties":{"numero":"0161","section":"AC","code_insee":"83049","id_parc":"83049_AC_0161"},"geometry":{"type":"MultiPolygon","coordinates":[[[[6.069329,43.239333],[6.069278,43.239262],[6.069372,43.239189],[6.069428,43.239271],[6.069387,43.239297],[6.069414,43.239329],[6.069455,43.239376],[6.069487,43.239414],[6.069522,43.239454],[6.069544,43.239445],[6.069548,43.239451],[6.069572,43.239483],[6.06947,43.239522],[6.069437,43.239476],[6.06939,43.239414],[6.069329,43.239333]]]]}},{"type":"Feature","properties":{"numero":"0161","section":"AH","code_insee":"83049","id_parc":"83049_AH_0161"},"geometry":{"type":"MultiPolygon","coordinates":[[[[6.064059,43.244047],[6.064049,43.244042],[6.064115,43.244044],[6.064105,43.244072],[6.064077,43.244067],[6.064074,43.244074],[6.064073,43.244061],[6.064068,43.244053],[6.064064,43.24405],[6.064059,43.244047]]]]}},{"type":"Feature","properties":{"numero":"0161","section":"AI","code_insee":"83049","id_parc":"83049_AI_0161"},"geometry":{"type":"MultiPolygon","coordinates":[[[[6.071094,43.242506],[6.070989,43.242457],[6.070825,43.242382],[6.07085,43.242352],[6.070856,43.242345],[6.070885,43.242312],[6.070901,43.242294],[6.070944,43.242244],[6.070985,43.242263],[6.070978,43.24227],[6.071109,43.242331],[6.071117,43.242349],[6.071152,43.242365],[6.071195,43.242385],[6.071094,43.242506]]]]}},{"type":"Feature","properties":{"numero":"0162","section":"AC","code_insee":"83049","id_parc":"83049_AC_0162"},"geometry":{"type":"MultiPolygon","coordinates":[[[[6.069278,43.239262],[6.069329,43.239333],[6.069264,43.239384],[6.069212,43.239312],[6.069278,43.239262]]]]}},{"type":"Feature","properties":{"numero":"0162","section":"AH","code_insee":"83049","id_parc":"83049_AH_0162"},"geometry":{"type":"MultiPolygon","coordinates":[[[[6.064079,43.244075],[6.064075,43.244084],[6.064074,43.244074],[6.064079,43.244075]]]]}},{"type":"Feature","properties":{"numero":"0163","section":"AC","code_insee":"83049","id_parc":"83049_AC_0163"},"geometry":{"type":"MultiPolygon","coordinates":[[[[6.069143,43.239364],[6.069212,43.239312],[6.069264,43.239384],[6.069196,43.239438],[6.069143,43.239364]]]]}},{"type":"Feature","properties":{"numero":"0163","section":"AH","code_insee":"83049","id_parc":"83049_AH_0163"},"geometry":{"type":"MultiPolygon","coordinates":[[[[6.063961,43.244323],[6.063917,43.244353],[6.064025,43.244239],[6.064009,43.244264],[6.06398,43.244305],[6.063961,43.244323]]]]}},{"type":"Feature","properties":{"numero":"1637","section":"0A","code_insee":"83049","id_parc":"83049_0A_1637"},"geometry":{"type":"MultiPolygon","coordinates":[[[[6.061497,43.252995],[6.061521,43.252971],[6.061524,43.252965],[6.061624,43.253012],[6.061569,43.253067],[6.061525,43.253138],[6.061489,43.253244],[6.061455,43.253328],[6.061289,43.25352],[6.061186,43.253672],[6.061153,43.25362],[6.061124,43.253566],[6.061097,43.253506],[6.061087,43.253452],[6.061082,43.253397],[6.061081,43.253342],[6.061081,43.253326],[6.061086,43.253299],[6.061095,43.253274],[6.061109,43.253249],[6.061125,43.253225],[6.061146,43.253203],[6.061175,43.253179],[6.061404,43.253075],[6.061452,43.253036],[6.061497,43.252995]]]]}},{"type":"Feature","properties":{"numero":"1638","section":"0A","code_insee":"83049","id_parc":"83049_0A_1638"},"geometry":{"type":"MultiPolygon","coordinates":[[[[6.061695,43.252723],[6.06172,43.252934],[6.061624,43.253012],[6.061524,43.252965],[6.06153,43.252947],[6.061532,43.252929],[6.061529,43.252911],[6.061522,43.252891],[6.061451,43.252823],[6.061399,43.25275],[6.061374,43.252659],[6.061352,43.252568],[6.061341,43.252512],[6.061383,43.252409],[6.061455,43.252362],[6.061494,43.252262],[6.061523,43.252213],[6.061588,43.252145],[6.061651,43.252056],[6.061814,43.251866],[6.061838,43.251804],[6.061923,43.251808],[6.061907,43.252144],[6.061723,43.252564],[6.061695,43.252723]]]]}},{"type":"Feature","properties":{"numero":"1639","section":"0A","code_insee":"83049","id_parc":"83049_0A_1639"},"geometry":{"type":"MultiPolygon","coordinates":[[[[6.063349,43.253951],[6.063302,43.254048],[6.063251,43.254144],[6.062918,43.253993],[6.062945,43.253952],[6.062836,43.253894],[6.062579,43.253758],[6.062577,43.253713],[6.06259,43.253713],[6.0626,43.253627],[6.062658,43.253625],[6.062715,43.253553],[6.063393,43.253851],[6.063349,43.253951]]]]}},{"type":"Feature","properties":{"numero":"0164","section":"AC","code_insee":"83049","id_parc":"83049_AC_0164"},"geometry":{"type":"MultiPolygon","coordinates":[[[[6.069074,43.239418],[6.069143,43.239364],[6.069196,43.239438],[6.069149,43.239475],[6.069074,43.239418]]]]}},{"type":"Feature","properties":{"numero":"0164","section":"AH","code_insee":"83049","id_parc":"83049_AH_0164"},"geometry":{"type":"MultiPolygon","coordinates":[[[[6.05648,43.248103],[6.056472,43.248175],[6.056873,43.248199],[6.056935,43.248202],[6.056927,43.248249],[6.056917,43.248348],[6.056905,43.248421],[6.056913,43.248454],[6.05691,43.24848],[6.0569,43.248481],[6.056734,43.248502],[6.056672,43.248504],[6.056598,43.248507],[6.056462,43.248514],[6.056446,43.248515],[6.056433,43.248515],[6.056452,43.24835],[6.056244,43.248337],[6.056272,43.24809],[6.05648,43.248103]]]]}},{"type":"Feature","properties":{"numero":"1640","section":"0A","code_insee":"83049","id_parc":"83049_0A_1640"},"geometry":{"type":"MultiPolygon","coordinates":[[[[6.0626,43.253627],[6.06259,43.253713],[6.062577,43.253713],[6.06259,43.253498],[6.062715,43.253553],[6.062658,43.253625],[6.0626,43.253627]]]]}},{"type":"Feature","properties":{"numero":"1641","section":"0A","code_insee":"83049","id_parc":"83049_0A_1641"},"geometry":{"type":"MultiPolygon","coordinates":[[[[6.062427,43.253375],[6.062411,43.253703],[6.062577,43.253713],[6.062579,43.253758],[6.062553,43.254056],[6.062529,43.254328],[6.062256,43.254278],[6.061951,43.254219],[6.061647,43.254156],[6.061497,43.25413],[6.061236,43.25368],[6.061252,43.253625],[6.061274,43.253573],[6.06137,43.253455],[6.061485,43.253321],[6.061531,43.253188],[6.061563,43.253122],[6.06161,43.253053],[6.061647,43.253021],[6.062427,43.253375]]]]}},{"type":"Feature","properties":{"numero":"1642","section":"0A","code_insee":"83049","id_parc":"83049_0A_1642"},"geometry":{"type":"MultiPolygon","coordinates":[[[[6.062597,43.252826],[6.062862,43.252699],[6.062909,43.252664],[6.063007,43.252697],[6.063354,43.252814],[6.063699,43.252933],[6.063821,43.252957],[6.06389,43.252976],[6.063416,43.253203],[6.06336,43.253257],[6.063327,43.253323],[6.06329,43.253546],[6.063231,43.253702],[6.063424,43.253785],[6.063408,43.253818],[6.062742,43.253519],[6.062715,43.253553],[6.06259,43.253498],[6.062577,43.253713],[6.062411,43.253703],[6.062427,43.253375],[6.061647,43.253021],[6.061722,43.252956],[6.062095,43.252904],[6.062342,43.252892],[6.062488,43.252864],[6.062597,43.252826]]]]}},{"type":"Feature","properties":{"numero":"1643","section":"0A","code_insee":"83049","id_parc":"83049_0A_1643"},"geometry":{"type":"MultiPolygon","coordinates":[[[[6.062715,43.253553],[6.062742,43.253519],[6.063408,43.253818],[6.063393,43.253851],[6.062715,43.253553]]]]}},{"type":"Feature","properties":{"numero":"0165","section":"AC","code_insee":"83049","id_parc":"83049_AC_0165"},"geometry":{"type":"MultiPolygon","coordinates":[[[[6.069017,43.239462],[6.069074,43.239418],[6.069149,43.239475],[6.069096,43.239516],[6.069017,43.239462]]]]}},{"type":"Feature","properties":{"numero":"0165","section":"AH","code_insee":"83049","id_parc":"83049_AH_0165"},"geometry":{"type":"MultiPolygon","coordinates":[[[[6.055931,43.248069],[6.056259,43.24809],[6.056272,43.24809],[6.056244,43.248337],[6.056452,43.24835],[6.056433,43.248515],[6.056432,43.248515],[6.056301,43.248521],[6.056047,43.248529],[6.055963,43.24853],[6.055961,43.248525],[6.055943,43.248476],[6.055945,43.24829],[6.05595,43.248266],[6.055947,43.248216],[6.055936,43.248159],[6.055922,43.248086],[6.055931,43.248069]]]]}},{"type":"Feature","properties":{"numero":"0166","section":"AC","code_insee":"83049","id_parc":"83049_AC_0166"},"geometry":{"type":"MultiPolygon","coordinates":[[[[6.068937,43.239523],[6.069017,43.239462],[6.069096,43.239516],[6.069051,43.239551],[6.069017,43.239577],[6.068937,43.239523]]]]}},{"type":"Feature","properties":{"numero":"0166","section":"AH","code_insee":"83049","id_parc":"83049_AH_0166"},"geometry":{"type":"MultiPolygon","coordinates":[[[[6.056839,43.24755],[6.056874,43.247543],[6.056954,43.247515],[6.056979,43.247507],[6.056988,43.247585],[6.057009,43.247752],[6.057012,43.247805],[6.057013,43.247817],[6.057016,43.247842],[6.057021,43.247875],[6.057011,43.247906],[6.05701,43.24794],[6.057,43.24797],[6.056945,43.248144],[6.056935,43.248202],[6.056873,43.248199],[6.056879,43.248129],[6.056949,43.247935],[6.05695,43.2479],[6.05696,43.24787],[6.056958,43.247844],[6.056953,43.24781],[6.056939,43.247678],[6.056929,43.247601],[6.056929,43.247599],[6.056924,43.247591],[6.056914,43.247586],[6.056902,43.247584],[6.056896,43.247585],[6.056857,43.247593],[6.056747,43.24762],[6.056574,43.247662],[6.056574,43.24766],[6.05658,43.247613],[6.056615,43.247604],[6.056728,43.247577],[6.056839,43.24755]]]]}},{"type":"Feature","properties":{"numero":"0166","section":"AI","code_insee":"83049","id_parc":"83049_AI_0166"},"geometry":{"type":"MultiPolygon","coordinates":[[[[6.070698,43.242053],[6.070691,43.24206],[6.070648,43.24204],[6.07068,43.242003],[6.070761,43.241909],[6.071037,43.242037],[6.07094,43.242149],[6.070888,43.242125],[6.07086,43.242128],[6.070698,43.242053]]]]}},{"type":"Feature","properties":{"numero":"1662","section":"0A","code_insee":"83049","id_parc":"83049_0A_1662"},"geometry":{"type":"MultiPolygon","coordinates":[[[[6.060577,43.252948],[6.06053,43.252999],[6.060316,43.252951],[6.060251,43.252937],[6.060417,43.252401],[6.060854,43.252466],[6.060713,43.252726],[6.060594,43.252954],[6.060577,43.252948]]]]}},{"type":"Feature","properties":{"numero":"1663","section":"0A","code_insee":"83049","id_parc":"83049_0A_1663"},"geometry":{"type":"MultiPolygon","coordinates":[[[[6.05959,43.251701],[6.059669,43.251686],[6.059675,43.251681],[6.060258,43.2518],[6.060445,43.251832],[6.060884,43.251898],[6.061056,43.251943],[6.060994,43.252153],[6.060935,43.252308],[6.060854,43.252466],[6.060417,43.252401],[6.060244,43.252377],[6.060047,43.25235],[6.059614,43.252293],[6.059593,43.25229],[6.059295,43.251989],[6.059272,43.251924],[6.059244,43.251889],[6.059275,43.251863],[6.059377,43.251806],[6.05959,43.251701]]]]}},{"type":"Feature","properties":{"numero":"0167","section":"AC","code_insee":"83049","id_parc":"83049_AC_0167"},"geometry":{"type":"MultiPolygon","coordinates":[[[[6.068888,43.239561],[6.068937,43.239523],[6.069017,43.239577],[6.069002,43.239589],[6.068969,43.239615],[6.068888,43.239561]]]]}},{"type":"Feature","properties":{"numero":"0167","section":"AH","code_insee":"83049","id_parc":"83049_AH_0167"},"geometry":{"type":"MultiPolygon","coordinates":[[[[6.060462,43.243103],[6.060502,43.243124],[6.060712,43.243172],[6.060697,43.243194],[6.060799,43.243213],[6.060904,43.243236],[6.060959,43.243254],[6.061037,43.243291],[6.061062,43.243304],[6.06107,43.243307],[6.061119,43.243317],[6.061123,43.243306],[6.061161,43.243314],[6.061181,43.24334],[6.061383,43.243392],[6.061812,43.243513],[6.062427,43.24369],[6.062677,43.243759],[6.062734,43.243659],[6.062882,43.243699],[6.062776,43.243845],[6.062561,43.243785],[6.062461,43.243756],[6.062419,43.243744],[6.062037,43.243637],[6.062041,43.243627],[6.061643,43.24351],[6.061255,43.243409],[6.061097,43.243365],[6.060877,43.243308],[6.060395,43.243176],[6.060462,43.243103]]]]}},{"type":"Feature","properties":{"numero":"0167","section":"AI","code_insee":"83049","id_parc":"83049_AI_0167"},"geometry":{"type":"MultiPolygon","coordinates":[[[[6.070435,43.241937],[6.070412,43.241861],[6.070482,43.24178],[6.070521,43.241798],[6.070684,43.241873],[6.070712,43.241886],[6.070761,43.241909],[6.07068,43.242003],[6.070648,43.24204],[6.070606,43.242021],[6.070613,43.242013],[6.070579,43.241997],[6.070435,43.241937]]]]}},{"type":"Feature","properties":{"numero":"1670","section":"0A","code_insee":"83049","id_parc":"83049_0A_1670"},"geometry":{"type":"MultiPolygon","coordinates":[[[[6.057796,43.254554],[6.057694,43.254544],[6.057365,43.254459],[6.057513,43.254248],[6.058308,43.254406],[6.058231,43.254555],[6.057796,43.254554]]]]}},{"type":"Feature","properties":{"numero":"1671","section":"0A","code_insee":"83049","id_parc":"83049_0A_1671"},"geometry":{"type":"MultiPolygon","coordinates":[[[[6.058308,43.254406],[6.057513,43.254248],[6.058099,43.253428],[6.058713,43.253652],[6.058308,43.254406]]]]}},{"type":"Feature","properties":{"numero":"1678","section":"0A","code_insee":"83049","id_parc":"83049_0A_1678"},"geometry":{"type":"MultiPolygon","coordinates":[[[[6.065848,43.24462],[6.065881,43.244778],[6.066471,43.244702],[6.066367,43.245846],[6.065972,43.24582],[6.065207,43.245745],[6.065281,43.245481],[6.065305,43.245412],[6.065299,43.245357],[6.065229,43.245293],[6.065035,43.244897],[6.065005,43.244852],[6.065171,43.244812],[6.065221,43.244818],[6.065407,43.244771],[6.065511,43.244683],[6.065752,43.244647],[6.065793,43.244629],[6.065848,43.24462]]]]}},{"type":"Feature","properties":{"numero":"1679","section":"0A","code_insee":"83049","id_parc":"83049_0A_1679"},"geometry":{"type":"MultiPolygon","coordinates":[[[[6.065221,43.244818],[6.065171,43.244812],[6.065005,43.244852],[6.064868,43.244643],[6.064834,43.244569],[6.064911,43.244544],[6.065055,43.244496],[6.065274,43.24442],[6.065373,43.244385],[6.06577,43.244254],[6.065848,43.24462],[6.065793,43.244629],[6.065752,43.244647],[6.065511,43.244683],[6.065407,43.244771],[6.065221,43.244818]]]]}},{"type":"Feature","properties":{"numero":"0168","section":"AC","code_insee":"83049","id_parc":"83049_AC_0168"},"geometry":{"type":"MultiPolygon","coordinates":[[[[6.068815,43.239617],[6.068887,43.239562],[6.068888,43.239561],[6.068969,43.239615],[6.069002,43.239589],[6.069049,43.239621],[6.06894,43.239707],[6.068904,43.239681],[6.068815,43.239617]]]]}},{"type":"Feature","properties":{"numero":"0168","section":"AH","code_insee":"83049","id_parc":"83049_AH_0168"},"geometry":{"type":"MultiPolygon","coordinates":[[[[6.061013,43.243246],[6.061067,43.243296],[6.061123,43.243306],[6.061119,43.243317],[6.06107,43.243307],[6.061062,43.243304],[6.061037,43.243291],[6.060959,43.243254],[6.060904,43.243236],[6.060799,43.243213],[6.060697,43.243194],[6.060712,43.243172],[6.060741,43.243178],[6.060896,43.243207],[6.060927,43.243217],[6.060934,43.243204],[6.060966,43.243221],[6.061013,43.243246]]]]}},{"type":"Feature","properties":{"numero":"0168","section":"AI","code_insee":"83049","id_parc":"83049_AI_0168"},"geometry":{"type":"MultiPolygon","coordinates":[[[[6.070349,43.24202],[6.070145,43.241907],[6.070338,43.241757],[6.07034,43.241755],[6.070373,43.241729],[6.070482,43.24178],[6.070412,43.241861],[6.070435,43.241937],[6.070379,43.241991],[6.070389,43.241997],[6.070359,43.242025],[6.070349,43.24202]]]]}},{"type":"Feature","properties":{"numero":"1680","section":"0A","code_insee":"83049","id_parc":"83049_0A_1680"},"geometry":{"type":"MultiPolygon","coordinates":[[[[6.065868,43.243685],[6.065814,43.243505],[6.066039,43.243477],[6.066052,43.243512],[6.065904,43.243537],[6.065957,43.243889],[6.06598,43.244029],[6.065764,43.244225],[6.06577,43.244254],[6.065373,43.244385],[6.065343,43.2443],[6.065309,43.244215],[6.065274,43.244138],[6.065238,43.244037],[6.065596,43.243912],[6.065889,43.243809],[6.065868,43.243685]]]]}},{"type":"Feature","properties":{"numero":"1684","section":"0A","code_insee":"83049","id_parc":"83049_0A_1684"},"geometry":{"type":"MultiPolygon","coordinates":[[[[6.066047,43.24813],[6.065497,43.248035],[6.065559,43.247834],[6.066041,43.247902],[6.066204,43.248006],[6.066185,43.248063],[6.066047,43.24813]]]]}},{"type":"Feature","properties":{"numero":"1685","section":"0A","code_insee":"83049","id_parc":"83049_0A_1685"},"geometry":{"type":"MultiPolygon","coordinates":[[[[6.066673,43.249146],[6.065969,43.248911],[6.064784,43.248711],[6.065169,43.247776],[6.064766,43.24772],[6.064748,43.247715],[6.064743,43.247614],[6.064774,43.247477],[6.064665,43.247462],[6.064685,43.24729],[6.065076,43.247363],[6.066173,43.247541],[6.066159,43.247598],[6.066689,43.24765],[6.066688,43.247678],[6.066683,43.247768],[6.066702,43.248012],[6.066908,43.247996],[6.067098,43.247985],[6.067231,43.247989],[6.06766,43.248107],[6.067642,43.248133],[6.067311,43.248743],[6.066964,43.248622],[6.066673,43.249146]],[[6.066204,43.248006],[6.066041,43.247902],[6.065559,43.247834],[6.065497,43.248035],[6.066047,43.24813],[6.066185,43.248063],[6.066204,43.248006]]]]}},{"type":"Feature","properties":{"numero":"0169","section":"AC","code_insee":"83049","id_parc":"83049_AC_0169"},"geometry":{"type":"MultiPolygon","coordinates":[[[[6.068787,43.239706],[6.068742,43.239673],[6.068815,43.239617],[6.068904,43.239681],[6.06894,43.239707],[6.068887,43.239748],[6.068881,43.239751],[6.068872,43.239753],[6.068862,43.239754],[6.068853,43.239752],[6.068843,43.239747],[6.068831,43.239738],[6.068779,43.239777],[6.068736,43.239746],[6.068787,43.239706]]]]}},{"type":"Feature","properties":{"numero":"1692","section":"0A","code_insee":"83049","id_parc":"83049_0A_1692"},"geometry":{"type":"MultiPolygon","coordinates":[[[[6.068076,43.247619],[6.068021,43.247659],[6.067904,43.247794],[6.067124,43.247764],[6.067118,43.247596],[6.067178,43.247526],[6.067177,43.247515],[6.067298,43.247512],[6.067561,43.247489],[6.067559,43.247589],[6.067982,43.247602],[6.068049,43.247599],[6.068076,43.247619]]]]}},{"type":"Feature","properties":{"numero":"1693","section":"0A","code_insee":"83049","id_parc":"83049_0A_1693"},"geometry":{"type":"MultiPolygon","coordinates":[[[[6.067561,43.247489],[6.067298,43.247512],[6.067177,43.247515],[6.067171,43.247457],[6.067166,43.247408],[6.067165,43.247398],[6.067316,43.247369],[6.067348,43.247434],[6.067552,43.247405],[6.067556,43.247444],[6.06785,43.247451],[6.068291,43.24746],[6.068076,43.247619],[6.068049,43.247599],[6.067982,43.247602],[6.067559,43.247589],[6.067561,43.247489]]]]}},{"type":"Feature","properties":{"numero":"1695","section":"0A","code_insee":"83049","id_parc":"83049_0A_1695"},"geometry":{"type":"MultiPolygon","coordinates":[[[[6.067904,43.247794],[6.067774,43.24794],[6.06766,43.248107],[6.067231,43.247989],[6.067098,43.247985],[6.066908,43.247996],[6.066872,43.247687],[6.066866,43.247584],[6.066937,43.247575],[6.066956,43.247573],[6.066956,43.247548],[6.066994,43.247546],[6.067,43.247545],[6.067002,43.247538],[6.06701,43.247538],[6.067099,43.247533],[6.067117,43.247517],[6.067177,43.247515],[6.067178,43.247526],[6.067118,43.247596],[6.067124,43.247764],[6.067904,43.247794]]]]}},{"type":"Feature","properties":{"numero":"0017","section":"AB","code_insee":"83049","id_parc":"83049_AB_0017"},"geometry":{"type":"MultiPolygon","coordinates":[[[[6.070701,43.238362],[6.070698,43.238361],[6.070644,43.238334],[6.070686,43.238295],[6.070698,43.238285],[6.070709,43.238275],[6.070738,43.238253],[6.070763,43.23823],[6.070822,43.238259],[6.070794,43.238287],[6.070732,43.238349],[6.070729,43.238346],[6.070709,43.238366],[6.070701,43.238362]]]]}},{"type":"Feature","properties":{"numero":"0017","section":"AH","code_insee":"83049","id_parc":"83049_AH_0017"},"geometry":{"type":"MultiPolygon","coordinates":[[[[6.05639,43.246956],[6.056257,43.246919],[6.056203,43.246903],[6.056247,43.246882],[6.056336,43.246892],[6.056414,43.2469],[6.05647,43.246911],[6.056545,43.246932],[6.056604,43.246962],[6.056739,43.24703],[6.05678,43.247061],[6.056797,43.247093],[6.056835,43.247167],[6.056688,43.247095],[6.05663,43.247067],[6.056501,43.246994],[6.05639,43.246956]]]]}},{"type":"Feature","properties":{"numero":"0017","section":"AI","code_insee":"83049","id_parc":"83049_AI_0017"},"geometry":{"type":"MultiPolygon","coordinates":[[[[6.06661,43.242792],[6.066701,43.242754],[6.066717,43.242747],[6.066931,43.242937],[6.067147,43.243127],[6.067126,43.243143],[6.067068,43.243181],[6.066992,43.243187],[6.066927,43.243193],[6.066847,43.243199],[6.0668,43.2432],[6.066768,43.24319],[6.066766,43.243189],[6.066762,43.243179],[6.066695,43.243138],[6.066611,43.243047],[6.066609,43.243045],[6.066596,43.243027],[6.066565,43.242954],[6.066541,43.242896],[6.066513,43.242834],[6.066532,43.242826],[6.066559,43.242816],[6.06661,43.242792]]]]}},{"type":"Feature","properties":{"numero":"0170","section":"AC","code_insee":"83049","id_parc":"83049_AC_0170"},"geometry":{"type":"MultiPolygon","coordinates":[[[[6.069149,43.239475],[6.069196,43.239438],[6.069264,43.239384],[6.069329,43.239333],[6.06939,43.239414],[6.069437,43.239476],[6.06942,43.239483],[6.069419,43.239481],[6.069373,43.2395],[6.069346,43.23951],[6.069347,43.239512],[6.069293,43.239534],[6.069295,43.239536],[6.069241,43.239558],[6.069172,43.239586],[6.069167,43.239586],[6.069162,43.239584],[6.069149,43.23958],[6.069138,43.239579],[6.069125,43.239579],[6.069115,43.23958],[6.0691,43.239584],[6.069097,43.239582],[6.069055,43.239553],[6.069051,43.239551],[6.069096,43.239516],[6.069149,43.239475]]]]}},{"type":"Feature","properties":{"numero":"0170","section":"AH","code_insee":"83049","id_parc":"83049_AH_0170"},"geometry":{"type":"MultiPolygon","coordinates":[[[[6.060934,43.243204],[6.060927,43.243217],[6.060896,43.243207],[6.06092,43.243197],[6.060934,43.243204]]]]}},{"type":"Feature","properties":{"numero":"0170","section":"AI","code_insee":"83049","id_parc":"83049_AI_0170"},"geometry":{"type":"MultiPolygon","coordinates":[[[[6.071651,43.242056],[6.071641,43.242075],[6.070682,43.241638],[6.070671,43.241634],[6.070689,43.241615],[6.071017,43.241766],[6.071268,43.24188],[6.071651,43.242056]]]]}},{"type":"Feature","properties":{"numero":"1704","section":"0A","code_insee":"83049","id_parc":"83049_0A_1704"},"geometry":{"type":"MultiPolygon","coordinates":[[[[6.066688,43.247678],[6.066872,43.247687],[6.066908,43.247996],[6.066702,43.248012],[6.066683,43.247768],[6.066688,43.247678]]]]}},{"type":"Feature","properties":{"numero":"0171","section":"AC","code_insee":"83049","id_parc":"83049_AC_0171"},"geometry":{"type":"MultiPolygon","coordinates":[[[[6.069197,43.23961],[6.069261,43.239585],[6.069241,43.239558],[6.069295,43.239536],[6.069293,43.239534],[6.069347,43.239512],[6.069346,43.23951],[6.069373,43.2395],[6.069419,43.239481],[6.06942,43.239483],[6.069465,43.239542],[6.069419,43.23956],[6.069392,43.239571],[6.06939,43.23957],[6.069336,43.239591],[6.069335,43.23959],[6.069281,43.239612],[6.069205,43.239642],[6.069205,43.239632],[6.069204,43.239625],[6.069201,43.239615],[6.069197,43.23961]]]]}},{"type":"Feature","properties":{"numero":"0171","section":"AH","code_insee":"83049","id_parc":"83049_AH_0171"},"geometry":{"type":"MultiPolygon","coordinates":[[[[6.061123,43.243306],[6.061067,43.243296],[6.061013,43.243246],[6.061047,43.243263],[6.061125,43.243291],[6.061129,43.243293],[6.061123,43.243306]]]]}},{"type":"Feature","properties":{"numero":"1717","section":"0A","code_insee":"83049","id_parc":"83049_0A_1717"},"geometry":{"type":"MultiPolygon","coordinates":[[[[6.065233,43.244024],[6.06513,43.243742],[6.065814,43.243505],[6.065868,43.243685],[6.065889,43.243809],[6.065596,43.243912],[6.065233,43.244024]]]]}},{"type":"Feature","properties":{"numero":"1718","section":"0A","code_insee":"83049","id_parc":"83049_0A_1718"},"geometry":{"type":"MultiPolygon","coordinates":[[[[6.065238,43.244037],[6.065233,43.244024],[6.065596,43.243912],[6.065238,43.244037]]]]}},{"type":"Feature","properties":{"numero":"1719","section":"0A","code_insee":"83049","id_parc":"83049_0A_1719"},"geometry":{"type":"MultiPolygon","coordinates":[[[[6.066487,43.247534],[6.066446,43.247538],[6.066454,43.247223],[6.066727,43.247206],[6.066708,43.247364],[6.066695,43.247518],[6.066693,43.247541],[6.066672,43.247527],[6.066579,43.247529],[6.066487,43.247534]]]]}},{"type":"Feature","properties":{"numero":"0172","section":"AC","code_insee":"83049","id_parc":"83049_AC_0172"},"geometry":{"type":"MultiPolygon","coordinates":[[[[6.069313,43.239684],[6.069196,43.239661],[6.069205,43.239642],[6.069281,43.239612],[6.069335,43.23959],[6.069336,43.239591],[6.06939,43.23957],[6.069392,43.239571],[6.069419,43.23956],[6.069465,43.239542],[6.069511,43.239602],[6.069568,43.239679],[6.069467,43.23972],[6.069459,43.239722],[6.069452,43.239723],[6.069442,43.23972],[6.069436,43.239716],[6.069434,43.239712],[6.069432,43.239708],[6.069433,43.239703],[6.069435,43.239698],[6.069437,43.239696],[6.069401,43.239648],[6.069331,43.239677],[6.069313,43.239684]]]]}},{"type":"Feature","properties":{"numero":"0172","section":"AH","code_insee":"83049","id_parc":"83049_AH_0172"},"geometry":{"type":"MultiPolygon","coordinates":[[[[6.060462,43.243103],[6.060497,43.24291],[6.060672,43.242832],[6.060757,43.242754],[6.060863,43.242782],[6.060854,43.242798],[6.060846,43.242813],[6.060734,43.242986],[6.060819,43.243018],[6.060802,43.243046],[6.060712,43.243172],[6.060502,43.243124],[6.060462,43.243103]]]]}},{"type":"Feature","properties":{"numero":"0172","section":"AI","code_insee":"83049","id_parc":"83049_AI_0172"},"geometry":{"type":"MultiPolygon","coordinates":[[[[6.070712,43.241886],[6.070684,43.241873],[6.070521,43.241798],[6.070682,43.241638],[6.071641,43.242075],[6.071618,43.242117],[6.071522,43.242075],[6.071203,43.241933],[6.071094,43.242063],[6.071037,43.242037],[6.070761,43.241909],[6.070712,43.241886]]]]}},{"type":"Feature","properties":{"numero":"1720","section":"0A","code_insee":"83049","id_parc":"83049_0A_1720"},"geometry":{"type":"MultiPolygon","coordinates":[[[[6.064643,43.247023],[6.066267,43.247229],[6.066454,43.247223],[6.066446,43.247538],[6.066487,43.247534],[6.066579,43.247529],[6.066672,43.247527],[6.066693,43.247541],[6.066689,43.24765],[6.066159,43.247598],[6.066173,43.247541],[6.065076,43.247363],[6.064685,43.24729],[6.064673,43.247183],[6.064574,43.247168],[6.064603,43.247089],[6.064643,43.247023]]]]}},{"type":"Feature","properties":{"numero":"1721","section":"0A","code_insee":"83049","id_parc":"83049_0A_1721"},"geometry":{"type":"MultiPolygon","coordinates":[[[[6.064643,43.247023],[6.064701,43.246832],[6.064765,43.246632],[6.064903,43.246614],[6.064922,43.246612],[6.065066,43.246645],[6.065194,43.246671],[6.065323,43.246694],[6.065582,43.246848],[6.065769,43.24691],[6.066235,43.246976],[6.066361,43.246979],[6.06631,43.24711],[6.066267,43.247229],[6.064643,43.247023]]]]}},{"type":"Feature","properties":{"numero":"1722","section":"0A","code_insee":"83049","id_parc":"83049_0A_1722"},"geometry":{"type":"MultiPolygon","coordinates":[[[[6.065613,43.246715],[6.065694,43.246726],[6.065758,43.246724],[6.065872,43.246741],[6.066385,43.246834],[6.066366,43.246967],[6.066361,43.246979],[6.066235,43.246976],[6.065769,43.24691],[6.065582,43.246848],[6.065323,43.246694],[6.065469,43.24672],[6.065613,43.246715]]]]}},{"type":"Feature","properties":{"numero":"1726","section":"0A","code_insee":"83049","id_parc":"83049_0A_1726"},"geometry":{"type":"MultiPolygon","coordinates":[[[[6.066489,43.243919],[6.066496,43.243925],[6.066544,43.243919],[6.066531,43.244066],[6.066471,43.244702],[6.065881,43.244778],[6.065848,43.24462],[6.06577,43.244254],[6.065764,43.244225],[6.06598,43.244029],[6.065957,43.243889],[6.065999,43.243888],[6.066029,43.243878],[6.066046,43.243878],[6.066061,43.243887],[6.066151,43.243889],[6.06617,43.243905],[6.066198,43.243893],[6.066214,43.243904],[6.06633,43.243917],[6.066385,43.243912],[6.066489,43.243919]]]]}},{"type":"Feature","properties":{"numero":"1727","section":"0A","code_insee":"83049","id_parc":"83049_0A_1727"},"geometry":{"type":"MultiPolygon","coordinates":[[[[6.065957,43.243889],[6.065904,43.243537],[6.066052,43.243512],[6.066324,43.243475],[6.066585,43.243467],[6.066559,43.243756],[6.066544,43.243919],[6.066496,43.243925],[6.066489,43.243919],[6.066385,43.243912],[6.06633,43.243917],[6.066214,43.243904],[6.066198,43.243893],[6.06617,43.243905],[6.066151,43.243889],[6.066061,43.243887],[6.066046,43.243878],[6.066029,43.243878],[6.065999,43.243888],[6.065957,43.243889]]]]}},{"type":"Feature","properties":{"numero":"0173","section":"AC","code_insee":"83049","id_parc":"83049_AC_0173"},"geometry":{"type":"MultiPolygon","coordinates":[[[[6.069834,43.239588],[6.069897,43.239653],[6.069907,43.239663],[6.069824,43.239696],[6.069816,43.239685],[6.06981,43.239676],[6.069765,43.239615],[6.069834,43.239588]]]]}},{"type":"Feature","properties":{"numero":"0173","section":"AH","code_insee":"83049","id_parc":"83049_AH_0173"},"geometry":{"type":"MultiPolygon","coordinates":[[[[6.061181,43.24334],[6.061161,43.243314],[6.061123,43.243306],[6.061129,43.243293],[6.061131,43.243284],[6.061751,43.24346],[6.062269,43.243608],[6.062659,43.243719],[6.062734,43.243659],[6.062677,43.243759],[6.062427,43.24369],[6.061812,43.243513],[6.061383,43.243392],[6.061181,43.24334]]]]}},{"type":"Feature","properties":{"numero":"0174","section":"AC","code_insee":"83049","id_parc":"83049_AC_0174"},"geometry":{"type":"MultiPolygon","coordinates":[[[[6.069907,43.239663],[6.069964,43.239743],[6.069943,43.239751],[6.069877,43.239777],[6.069847,43.239738],[6.06985,43.239737],[6.069821,43.239697],[6.069824,43.239696],[6.069907,43.239663]]]]}},{"type":"Feature","properties":{"numero":"0175","section":"AC","code_insee":"83049","id_parc":"83049_AC_0175"},"geometry":{"type":"MultiPolygon","coordinates":[[[[6.069989,43.239776],[6.069968,43.239784],[6.069943,43.239751],[6.069964,43.239743],[6.069989,43.239776]]]]}},{"type":"Feature","properties":{"numero":"0175","section":"AH","code_insee":"83049","id_parc":"83049_AH_0175"},"geometry":{"type":"MultiPolygon","coordinates":[[[[6.060666,43.242394],[6.060609,43.242376],[6.060604,43.242374],[6.060808,43.242039],[6.060812,43.242041],[6.060892,43.242094],[6.060965,43.242137],[6.061056,43.242191],[6.061117,43.242221],[6.061032,43.242313],[6.060973,43.24238],[6.060937,43.242412],[6.060919,43.242435],[6.060835,43.24252],[6.060846,43.242553],[6.060913,43.242599],[6.060958,43.242698],[6.060934,43.242686],[6.060888,43.242671],[6.060869,43.24263],[6.0608,43.242583],[6.06077,43.242494],[6.060724,43.242445],[6.060666,43.242394]]]]}},{"type":"Feature","properties":{"numero":"0175","section":"0H","code_insee":"83049","id_parc":"83049_0H_0175"},"geometry":{"type":"MultiPolygon","coordinates":[[[[6.058032,43.244942],[6.057502,43.244779],[6.056841,43.244613],[6.056877,43.244565],[6.056798,43.244541],[6.056781,43.244506],[6.056798,43.244471],[6.056856,43.244417],[6.056955,43.244353],[6.057039,43.244199],[6.057117,43.244086],[6.057178,43.244015],[6.05796,43.244313],[6.058533,43.244492],[6.058551,43.244377],[6.058682,43.24414],[6.05882,43.24384],[6.059636,43.24406],[6.059512,43.244301],[6.059486,43.244381],[6.05946,43.24446],[6.059432,43.244556],[6.059359,43.244755],[6.059092,43.244663],[6.0589,43.244703],[6.058725,43.244762],[6.058552,43.244836],[6.058473,43.244877],[6.058299,43.244997],[6.058032,43.244942]]]]}},{"type":"Feature","properties":{"numero":"1754","section":"0A","code_insee":"83049","id_parc":"83049_0A_1754"},"geometry":{"type":"MultiPolygon","coordinates":[[[[6.061705,43.24824],[6.061719,43.248256],[6.060659,43.248086],[6.060653,43.248051],[6.060649,43.247871],[6.06064,43.247854],[6.060629,43.247839],[6.060612,43.247824],[6.060534,43.24779],[6.060474,43.247704],[6.060518,43.24765],[6.060558,43.247589],[6.060639,43.247521],[6.060714,43.247468],[6.061682,43.247985],[6.061671,43.248041],[6.061662,43.248128],[6.061669,43.248165],[6.061688,43.248217],[6.061705,43.24824]],[[6.061227,43.248053],[6.061237,43.248035],[6.060912,43.247912],[6.060831,43.248061],[6.060947,43.248093],[6.061062,43.248124],[6.061174,43.248154],[6.061187,43.248129],[6.061227,43.248053]]]]}},{"type":"Feature","properties":{"numero":"1755","section":"0A","code_insee":"83049","id_parc":"83049_0A_1755"},"geometry":{"type":"MultiPolygon","coordinates":[[[[6.060687,43.248162],[6.060668,43.248135],[6.060659,43.248086],[6.061719,43.248256],[6.061731,43.248274],[6.061775,43.248317],[6.061993,43.248483],[6.062005,43.248499],[6.062017,43.248522],[6.062025,43.248545],[6.062028,43.248724],[6.062004,43.248879],[6.061958,43.249029],[6.061915,43.249151],[6.061869,43.249273],[6.061819,43.249393],[6.061556,43.249323],[6.061113,43.249195],[6.061208,43.249029],[6.061111,43.248949],[6.06101,43.248871],[6.06096,43.248834],[6.060794,43.248725],[6.060825,43.248668],[6.060828,43.248632],[6.060825,43.248516],[6.060825,43.2484],[6.060829,43.248278],[6.060813,43.248239],[6.06071,43.248185],[6.060687,43.248162]]]]}},{"type":"Feature","properties":{"numero":"0176","section":"AC","code_insee":"83049","id_parc":"83049_AC_0176"},"geometry":{"type":"MultiPolygon","coordinates":[[[[6.0699,43.239811],[6.069877,43.239777],[6.069943,43.239751],[6.069968,43.239784],[6.069956,43.239789],[6.0699,43.239811]]]]}},{"type":"Feature","properties":{"numero":"0176","section":"AH","code_insee":"83049","id_parc":"83049_AH_0176"},"geometry":{"type":"MultiPolygon","coordinates":[[[[6.056298,43.246856],[6.056272,43.246855],[6.056122,43.246839],[6.056125,43.246796],[6.056138,43.246732],[6.056148,43.246681],[6.056159,43.24663],[6.056166,43.246577],[6.056181,43.246539],[6.056202,43.246505],[6.056218,43.246481],[6.056273,43.246402],[6.056319,43.246339],[6.056368,43.246271],[6.0564,43.246211],[6.05646,43.246122],[6.056525,43.246134],[6.056598,43.246173],[6.056673,43.2462],[6.056711,43.246218],[6.056776,43.246231],[6.056803,43.246239],[6.056862,43.246255],[6.056889,43.246263],[6.056711,43.24626],[6.056821,43.246519],[6.056751,43.246535],[6.056849,43.246765],[6.056838,43.246772],[6.056765,43.246821],[6.056488,43.246805],[6.056476,43.246875],[6.056432,43.246867],[6.056404,43.246869],[6.056348,43.246861],[6.056298,43.246856]]]]}},{"type":"Feature","properties":{"numero":"0176","section":"0H","code_insee":"83049","id_parc":"83049_0H_0176"},"geometry":{"type":"MultiPolygon","coordinates":[[[[6.056761,43.244593],[6.056559,43.244531],[6.055675,43.24425],[6.05584,43.244169],[6.055975,43.244069],[6.056113,43.243971],[6.056222,43.243896],[6.056368,43.243787],[6.056434,43.243728],[6.057178,43.244015],[6.057117,43.244086],[6.057039,43.244199],[6.056955,43.244353],[6.056856,43.244417],[6.056798,43.244471],[6.056781,43.244506],[6.056798,43.244541],[6.056877,43.244565],[6.056841,43.244613],[6.056761,43.244593]]]]}},{"type":"Feature","properties":{"numero":"1766","section":"0C","code_insee":"83049","id_parc":"83049_0C_1766"},"geometry":{"type":"MultiPolygon","coordinates":[[[[6.064971,43.254692],[6.06485,43.254669],[6.064267,43.254491],[6.063954,43.254394],[6.064059,43.254243],[6.064136,43.254098],[6.064401,43.254134],[6.064431,43.254138],[6.064949,43.254212],[6.064959,43.254441],[6.064971,43.254692]]]]}},{"type":"Feature","properties":{"numero":"0177","section":"AC","code_insee":"83049","id_parc":"83049_AC_0177"},"geometry":{"type":"MultiPolygon","coordinates":[[[[6.06985,43.239737],[6.069847,43.239738],[6.069877,43.239777],[6.0699,43.239811],[6.069879,43.239819],[6.069825,43.23984],[6.069816,43.239828],[6.069787,43.239787],[6.069773,43.239768],[6.06977,43.239769],[6.069741,43.239729],[6.069726,43.239709],[6.069683,43.239648],[6.069765,43.239615],[6.06981,43.239676],[6.069816,43.239685],[6.069824,43.239696],[6.069821,43.239697],[6.06985,43.239737]]]]}},{"type":"Feature","properties":{"numero":"0177","section":"AH","code_insee":"83049","id_parc":"83049_AH_0177"},"geometry":{"type":"MultiPolygon","coordinates":[[[[6.05605,43.246829],[6.056044,43.246828],[6.055579,43.246676],[6.055985,43.245949],[6.05646,43.246122],[6.0564,43.246211],[6.056368,43.246271],[6.056319,43.246339],[6.056273,43.246402],[6.056218,43.246481],[6.056202,43.246505],[6.056181,43.246539],[6.056166,43.246577],[6.056159,43.24663],[6.056148,43.246681],[6.056138,43.246732],[6.056125,43.246796],[6.056122,43.246839],[6.056115,43.246838],[6.056094,43.246836],[6.056084,43.246833],[6.056067,43.24683],[6.05605,43.246829]]]]}},{"type":"Feature","properties":{"numero":"1774","section":"0A","code_insee":"83049","id_parc":"83049_0A_1774"},"geometry":{"type":"MultiPolygon","coordinates":[[[[6.056769,43.251657],[6.056977,43.251577],[6.057051,43.25167],[6.057357,43.251544],[6.05793,43.251794],[6.057701,43.25201],[6.056769,43.251657]]]]}},{"type":"Feature","properties":{"numero":"1775","section":"0A","code_insee":"83049","id_parc":"83049_0A_1775"},"geometry":{"type":"MultiPolygon","coordinates":[[[[6.056802,43.251689],[6.056743,43.251667],[6.056769,43.251657],[6.057701,43.25201],[6.05793,43.251794],[6.058262,43.251939],[6.05852,43.252072],[6.058654,43.25216],[6.058605,43.252203],[6.058527,43.252231],[6.058435,43.252299],[6.057841,43.252076],[6.057184,43.251833],[6.056802,43.251689]]]]}},{"type":"Feature","properties":{"numero":"1776","section":"0A","code_insee":"83049","id_parc":"83049_0A_1776"},"geometry":{"type":"MultiPolygon","coordinates":[[[[6.061895,43.255746],[6.061897,43.255731],[6.061924,43.255454],[6.06241,43.255516],[6.062374,43.255685],[6.062316,43.25584],[6.062305,43.25587],[6.061993,43.255843],[6.061887,43.255834],[6.061891,43.25579],[6.061895,43.255746]]]]}},{"type":"Feature","properties":{"numero":"0178","section":"AC","code_insee":"83049","id_parc":"83049_AC_0178"},"geometry":{"type":"MultiPolygon","coordinates":[[[[6.069822,43.239841],[6.069771,43.239861],[6.069742,43.239873],[6.069724,43.239849],[6.069712,43.239831],[6.069704,43.23982],[6.069689,43.239801],[6.06966,43.239761],[6.069646,43.239741],[6.0696,43.239682],[6.069683,43.239648],[6.069726,43.239709],[6.069741,43.239729],[6.06977,43.239769],[6.069773,43.239768],[6.069787,43.239787],[6.069816,43.239828],[6.069825,43.23984],[6.069822,43.239841]]]]}},{"type":"Feature","properties":{"numero":"0178","section":"AH","code_insee":"83049","id_parc":"83049_AH_0178"},"geometry":{"type":"MultiPolygon","coordinates":[[[[6.056866,43.24712],[6.056864,43.247118],[6.056863,43.247116],[6.056879,43.247067],[6.056902,43.246952],[6.056904,43.246939],[6.05694,43.246937],[6.056938,43.246901],[6.056903,43.246902],[6.0569,43.246875],[6.056897,43.246769],[6.056905,43.246655],[6.056892,43.246568],[6.05689,43.246535],[6.056952,43.246534],[6.056967,43.24673],[6.056994,43.246731],[6.057079,43.246737],[6.057148,43.246742],[6.057146,43.246792],[6.057138,43.24688],[6.057135,43.246918],[6.057085,43.246914],[6.057059,43.246911],[6.05705,43.246929],[6.057018,43.246996],[6.057012,43.246995],[6.056977,43.247068],[6.056948,43.247105],[6.056909,43.247151],[6.056907,43.24715],[6.056904,43.247149],[6.056901,43.247148],[6.056898,43.247146],[6.056894,43.247145],[6.056892,43.247143],[6.056889,43.247141],[6.056886,43.24714],[6.056883,43.247138],[6.056881,43.247136],[6.056878,43.247134],[6.056876,43.247132],[6.056874,43.24713],[6.056871,43.247127],[6.056869,43.247125],[6.056868,43.247123],[6.056866,43.24712]]]]}},{"type":"Feature","properties":{"numero":"0178","section":"0H","code_insee":"83049","id_parc":"83049_0H_0178"},"geometry":{"type":"MultiPolygon","coordinates":[[[[6.057555,43.243516],[6.058638,43.243792],[6.05882,43.24384],[6.058682,43.24414],[6.058551,43.244377],[6.058533,43.244492],[6.05796,43.244313],[6.057178,43.244015],[6.057219,43.243973],[6.057274,43.243898],[6.057452,43.243707],[6.057555,43.243516]]]]}},{"type":"Feature","properties":{"numero":"1785","section":"0A","code_insee":"83049","id_parc":"83049_0A_1785"},"geometry":{"type":"MultiPolygon","coordinates":[[[[6.050602,43.252976],[6.050857,43.252949],[6.050979,43.252941],[6.051088,43.252938],[6.051199,43.252937],[6.051335,43.252942],[6.051433,43.252956],[6.051495,43.252954],[6.051414,43.253051],[6.051355,43.253097],[6.051258,43.253134],[6.051136,43.253134],[6.051079,43.253166],[6.051017,43.253237],[6.051045,43.253338],[6.051048,43.253344],[6.051052,43.253359],[6.051052,43.253375],[6.051048,43.25339],[6.051039,43.253404],[6.050968,43.253469],[6.050957,43.253492],[6.050991,43.25368],[6.050985,43.253803],[6.050916,43.253897],[6.050868,43.253979],[6.050805,43.253991],[6.050791,43.254011],[6.0508,43.254078],[6.05082,43.254119],[6.05089,43.254163],[6.05083,43.254229],[6.050826,43.254283],[6.050816,43.254314],[6.050756,43.254395],[6.050737,43.254515],[6.050779,43.254557],[6.050785,43.254579],[6.050753,43.254615],[6.050336,43.254446],[6.050091,43.254403],[6.050029,43.254607],[6.049351,43.254517],[6.049283,43.2547],[6.04919,43.254957],[6.049387,43.254978],[6.049389,43.255039],[6.050375,43.255137],[6.050148,43.255255],[6.050124,43.255269],[6.050093,43.255323],[6.050052,43.255396],[6.04962,43.255271],[6.049341,43.255249],[6.049337,43.255252],[6.048968,43.255187],[6.047788,43.254982],[6.047837,43.254851],[6.047885,43.254784],[6.047902,43.254716],[6.047942,43.254543],[6.047979,43.254369],[6.048445,43.253175],[6.048782,43.253175],[6.049024,43.253159],[6.049047,43.253882],[6.049191,43.253758],[6.04924,43.253701],[6.049279,43.253653],[6.050538,43.2535],[6.050494,43.252992],[6.050602,43.252976]],[[6.049344,43.254457],[6.049338,43.254405],[6.049172,43.254419],[6.049178,43.254468],[6.049179,43.254473],[6.049303,43.254461],[6.049344,43.254457]]]]}},{"type":"Feature","properties":{"numero":"1786","section":"0A","code_insee":"83049","id_parc":"83049_0A_1786"},"geometry":{"type":"MultiPolygon","coordinates":[[[[6.049415,43.253133],[6.049775,43.253096],[6.050494,43.252992],[6.050538,43.2535],[6.049279,43.253653],[6.04924,43.253701],[6.049191,43.253758],[6.049047,43.253882],[6.049024,43.253159],[6.049415,43.253133]]]]}},{"type":"Feature","properties":{"numero":"0179","section":"AC","code_insee":"83049","id_parc":"83049_AC_0179"},"geometry":{"type":"MultiPolygon","coordinates":[[[[6.069716,43.239883],[6.069663,43.239903],[6.069633,43.239864],[6.069618,43.239842],[6.06961,43.239832],[6.069607,43.239833],[6.069573,43.239787],[6.069563,43.239774],[6.069518,43.239715],[6.0696,43.239682],[6.069646,43.239741],[6.06966,43.239761],[6.069689,43.239801],[6.069704,43.23982],[6.069712,43.239831],[6.069724,43.239849],[6.069742,43.239873],[6.069716,43.239883]]]]}},{"type":"Feature","properties":{"numero":"0179","section":"AE","code_insee":"83049","id_parc":"83049_AE_0179"},"geometry":{"type":"MultiPolygon","coordinates":[[[[6.060774,43.240008],[6.060645,43.239967],[6.060622,43.239963],[6.060521,43.239803],[6.060578,43.239609],[6.060771,43.23964],[6.060794,43.239562],[6.060875,43.239571],[6.060943,43.239579],[6.06104,43.239592],[6.060988,43.239716],[6.060928,43.239865],[6.06086,43.240033],[6.060784,43.240011],[6.060774,43.240008]]]]}},{"type":"Feature","properties":{"numero":"0179","section":"AH","code_insee":"83049","id_parc":"83049_AH_0179"},"geometry":{"type":"MultiPolygon","coordinates":[[[[6.056849,43.246765],[6.056751,43.246535],[6.056821,43.246519],[6.056711,43.24626],[6.056889,43.246263],[6.056934,43.246279],[6.056935,43.246314],[6.056952,43.246534],[6.05689,43.246535],[6.056892,43.246568],[6.056905,43.246655],[6.056897,43.246769],[6.0569,43.246875],[6.056903,43.246902],[6.056938,43.246901],[6.05694,43.246937],[6.056904,43.246939],[6.056902,43.246952],[6.056879,43.247067],[6.056863,43.247116],[6.056838,43.247075],[6.056788,43.247024],[6.056753,43.246994],[6.056724,43.246977],[6.056646,43.24694],[6.056552,43.246896],[6.05651,43.246885],[6.056489,43.246877],[6.056476,43.246875],[6.056488,43.246805],[6.056765,43.246821],[6.056838,43.246772],[6.056849,43.246765]]]]}},{"type":"Feature","properties":{"numero":"0179","section":"0H","code_insee":"83049","id_parc":"83049_0H_0179"},"geometry":{"type":"MultiPolygon","coordinates":[[[[6.05757,43.242853],[6.05896,43.2433],[6.060053,43.24363],[6.060047,43.243658],[6.059999,43.243775],[6.059953,43.24388],[6.059916,43.243965],[6.059854,43.244111],[6.059845,43.244109],[6.059751,43.244082],[6.059636,43.24406],[6.05882,43.24384],[6.058638,43.243792],[6.057555,43.243516],[6.056964,43.243341],[6.057065,43.243241],[6.057126,43.243167],[6.057373,43.243],[6.05757,43.242853]]]]}},{"type":"Feature","properties":{"numero":"0018","section":"AB","code_insee":"83049","id_parc":"83049_AB_0018"},"geometry":{"type":"MultiPolygon","coordinates":[[[[6.070906,43.238363],[6.070852,43.238408],[6.070832,43.238425],[6.070799,43.23841],[6.07077,43.238395],[6.070747,43.238384],[6.070709,43.238366],[6.070729,43.238346],[6.070732,43.238349],[6.070794,43.238287],[6.070822,43.238259],[6.070952,43.23832],[6.070906,43.238363]]]]}},{"type":"Feature","properties":{"numero":"0018","section":"AI","code_insee":"83049","id_parc":"83049_AI_0018"},"geometry":{"type":"MultiPolygon","coordinates":[[[[6.066141,43.243074],[6.066103,43.243009],[6.066045,43.24291],[6.066111,43.242891],[6.066197,43.242865],[6.066226,43.242894],[6.066238,43.242894],[6.066288,43.242879],[6.066349,43.242861],[6.06642,43.242847],[6.066511,43.242829],[6.066513,43.242834],[6.066541,43.242896],[6.066565,43.242954],[6.066354,43.243014],[6.06627,43.243038],[6.066141,43.243074]]]]}},{"type":"Feature","properties":{"numero":"0180","section":"AE","code_insee":"83049","id_parc":"83049_AE_0180"},"geometry":{"type":"MultiPolygon","coordinates":[[[[6.060578,43.239609],[6.060521,43.239803],[6.060622,43.239963],[6.060584,43.239955],[6.060538,43.239957],[6.060224,43.239983],[6.05986,43.239833],[6.060068,43.239707],[6.060185,43.239644],[6.060486,43.239515],[6.060538,43.239512],[6.060593,43.239522],[6.060673,43.239548],[6.060778,43.239561],[6.060794,43.239562],[6.060771,43.23964],[6.060578,43.239609]]]]}},{"type":"Feature","properties":{"numero":"0180","section":"AH","code_insee":"83049","id_parc":"83049_AH_0180"},"geometry":{"type":"MultiPolygon","coordinates":[[[[6.056994,43.246731],[6.056967,43.24673],[6.056952,43.246534],[6.05698,43.246533],[6.056983,43.246571],[6.05699,43.246671],[6.056994,43.246731]]]]}},{"type":"Feature","properties":{"numero":"0180","section":"0H","code_insee":"83049","id_parc":"83049_0H_0180"},"geometry":{"type":"MultiPolygon","coordinates":[[[[6.060139,43.243666],[6.060053,43.24363],[6.05896,43.2433],[6.059129,43.243165],[6.059197,43.243104],[6.059242,43.242972],[6.05928,43.24279],[6.059359,43.242818],[6.059796,43.242971],[6.060334,43.243157],[6.060395,43.243176],[6.060362,43.243226],[6.060308,43.243337],[6.060284,43.243396],[6.060273,43.243419],[6.060245,43.243487],[6.060169,43.243672],[6.060139,43.243666]]]]}},{"type":"Feature","properties":{"numero":"1808","section":"0A","code_insee":"83049","id_parc":"83049_0A_1808"},"geometry":{"type":"MultiPolygon","coordinates":[[[[6.064874,43.244252],[6.064911,43.244544],[6.064834,43.244569],[6.064826,43.244554],[6.064437,43.244665],[6.064368,43.244514],[6.064353,43.244494],[6.064303,43.244429],[6.064313,43.244423],[6.064323,43.244425],[6.064336,43.244398],[6.064366,43.244371],[6.064437,43.244336],[6.064512,43.244334],[6.064571,43.244276],[6.064641,43.244258],[6.064874,43.244252]]]]}},{"type":"Feature","properties":{"numero":"1809","section":"0A","code_insee":"83049","id_parc":"83049_0A_1809"},"geometry":{"type":"MultiPolygon","coordinates":[[[[6.064203,43.244413],[6.064189,43.244395],[6.064176,43.244387],[6.064299,43.24429],[6.064354,43.244231],[6.064355,43.244228],[6.064356,43.244224],[6.064358,43.24422],[6.06436,43.244215],[6.064364,43.244211],[6.064387,43.244179],[6.064426,43.244132],[6.06448,43.244071],[6.064487,43.244063],[6.064494,43.244056],[6.064505,43.244045],[6.064514,43.244035],[6.064525,43.244024],[6.064537,43.244013],[6.064552,43.244],[6.064564,43.243991],[6.064573,43.243983],[6.064635,43.243944],[6.064664,43.243927],[6.064884,43.243825],[6.064893,43.243822],[6.065063,43.244247],[6.064994,43.244249],[6.064903,43.244252],[6.064874,43.244252],[6.064641,43.244258],[6.064571,43.244276],[6.064512,43.244334],[6.064437,43.244336],[6.064366,43.244371],[6.064336,43.244398],[6.064323,43.244425],[6.064313,43.244423],[6.064303,43.244429],[6.064243,43.244459],[6.064227,43.244442],[6.064228,43.244441],[6.064203,43.244413]]]]}},{"type":"Feature","properties":{"numero":"0181","section":"AC","code_insee":"83049","id_parc":"83049_AC_0181"},"geometry":{"type":"MultiPolygon","coordinates":[[[[6.069618,43.239842],[6.069633,43.239864],[6.069569,43.23989],[6.069545,43.239899],[6.069486,43.23982],[6.069573,43.239787],[6.069607,43.239833],[6.06961,43.239832],[6.069618,43.239842]]]]}},{"type":"Feature","properties":{"numero":"0181","section":"AH","code_insee":"83049","id_parc":"83049_AH_0181"},"geometry":{"type":"MultiPolygon","coordinates":[[[[6.056968,43.246308],[6.056983,43.246305],[6.056968,43.246312],[6.056968,43.246308]]]]}},{"type":"Feature","properties":{"numero":"0181","section":"AI","code_insee":"83049","id_parc":"83049_AI_0181"},"geometry":{"type":"MultiPolygon","coordinates":[[[[6.071017,43.241766],[6.070689,43.241615],[6.070732,43.241572],[6.070888,43.241428],[6.070919,43.241398],[6.07095,43.241413],[6.071148,43.241512],[6.071169,43.24149],[6.071423,43.241616],[6.07143,43.241609],[6.071734,43.241759],[6.071772,43.241778],[6.071756,43.241814],[6.071455,43.241665],[6.071211,43.241544],[6.071017,43.241766]]]]}},{"type":"Feature","properties":{"numero":"0181","section":"0H","code_insee":"83049","id_parc":"83049_0H_0181"},"geometry":{"type":"MultiPolygon","coordinates":[[[[6.059129,43.243165],[6.05896,43.2433],[6.05757,43.242853],[6.057808,43.242701],[6.058025,43.242553],[6.058258,43.24239],[6.058431,43.242458],[6.05873,43.242575],[6.059013,43.242686],[6.05928,43.24279],[6.059242,43.242972],[6.059197,43.243104],[6.059129,43.243165]]]]}},{"type":"Feature","properties":{"numero":"1810","section":"0A","code_insee":"83049","id_parc":"83049_0A_1810"},"geometry":{"type":"MultiPolygon","coordinates":[[[[6.064994,43.244249],[6.065063,43.244247],[6.064893,43.243822],[6.06513,43.243742],[6.065233,43.244024],[6.065238,43.244037],[6.065274,43.244138],[6.065309,43.244215],[6.065343,43.2443],[6.065373,43.244385],[6.065274,43.24442],[6.065055,43.244496],[6.064911,43.244544],[6.064874,43.244252],[6.064903,43.244252],[6.064994,43.244249]]]]}},{"type":"Feature","properties":{"numero":"1811","section":"0A","code_insee":"83049","id_parc":"83049_0A_1811"},"geometry":{"type":"MultiPolygon","coordinates":[[[[6.064328,43.244627],[6.064158,43.244404],[6.064176,43.244387],[6.064189,43.244395],[6.064203,43.244413],[6.064228,43.244441],[6.064227,43.244442],[6.064243,43.244459],[6.064303,43.244429],[6.064353,43.244494],[6.064368,43.244514],[6.064437,43.244665],[6.064826,43.244554],[6.064834,43.244569],[6.064868,43.244643],[6.065005,43.244852],[6.065035,43.244897],[6.065229,43.245293],[6.065299,43.245357],[6.065305,43.245412],[6.065281,43.245481],[6.065207,43.245745],[6.065179,43.245826],[6.065148,43.245909],[6.065118,43.246102],[6.065137,43.24621],[6.065003,43.246449],[6.064945,43.246528],[6.064903,43.246614],[6.064765,43.246632],[6.064756,43.246633],[6.064659,43.246618],[6.064694,43.246517],[6.064735,43.246402],[6.064784,43.246325],[6.064537,43.246222],[6.064288,43.246122],[6.064116,43.246055],[6.064366,43.245752],[6.065035,43.246065],[6.065132,43.245747],[6.065235,43.245425],[6.064975,43.244948],[6.06479,43.244602],[6.06438,43.244722],[6.064328,43.244627]]]]}},{"type":"Feature","properties":{"numero":"1813","section":"0A","code_insee":"83049","id_parc":"83049_0A_1813"},"geometry":{"type":"MultiPolygon","coordinates":[[[[6.063228,43.249033],[6.063121,43.249196],[6.063049,43.249214],[6.063083,43.249143],[6.063189,43.248954],[6.063311,43.248722],[6.063369,43.248557],[6.063378,43.248294],[6.063299,43.248094],[6.063377,43.248098],[6.063395,43.248099],[6.0634,43.248099],[6.063469,43.248257],[6.063482,43.248308],[6.063477,43.248386],[6.063467,43.248469],[6.063353,43.248797],[6.063228,43.249033]]]]}},{"type":"Feature","properties":{"numero":"1815","section":"0A","code_insee":"83049","id_parc":"83049_0A_1815"},"geometry":{"type":"MultiPolygon","coordinates":[[[[6.066688,43.247678],[6.066689,43.24765],[6.066693,43.247541],[6.066695,43.247518],[6.066715,43.247517],[6.06679,43.247514],[6.066934,43.247508],[6.066937,43.247575],[6.066866,43.247584],[6.066872,43.247687],[6.066688,43.247678]]]]}},{"type":"Feature","properties":{"numero":"1816","section":"0A","code_insee":"83049","id_parc":"83049_0A_1816"},"geometry":{"type":"MultiPolygon","coordinates":[[[[6.066956,43.247548],[6.066956,43.247573],[6.066937,43.247575],[6.066934,43.247508],[6.066946,43.247507],[6.067007,43.247505],[6.067009,43.247529],[6.06701,43.247538],[6.067002,43.247538],[6.067,43.247545],[6.066994,43.247546],[6.066956,43.247548]]]]}},{"type":"Feature","properties":{"numero":"1817","section":"0A","code_insee":"83049","id_parc":"83049_0A_1817"},"geometry":{"type":"MultiPolygon","coordinates":[[[[6.066795,43.247416],[6.066817,43.247405],[6.066869,43.247402],[6.066878,43.247402],[6.066881,43.247436],[6.066932,43.247434],[6.066935,43.247472],[6.066943,43.247472],[6.066946,43.247507],[6.066934,43.247508],[6.06679,43.247514],[6.066784,43.247448],[6.066794,43.247439],[6.066795,43.247416]]]]}},{"type":"Feature","properties":{"numero":"1818","section":"0A","code_insee":"83049","id_parc":"83049_0A_1818"},"geometry":{"type":"MultiPolygon","coordinates":[[[[6.066715,43.247517],[6.066695,43.247518],[6.066708,43.247364],[6.066776,43.247359],[6.066784,43.247357],[6.066827,43.247354],[6.066826,43.247348],[6.066859,43.247345],[6.066861,43.247386],[6.066869,43.247386],[6.066869,43.247402],[6.066817,43.247405],[6.066795,43.247416],[6.066794,43.247439],[6.066784,43.247448],[6.06679,43.247514],[6.066715,43.247517]]]]}},{"type":"Feature","properties":{"numero":"1819","section":"0A","code_insee":"83049","id_parc":"83049_0A_1819"},"geometry":{"type":"MultiPolygon","coordinates":[[[[6.067045,43.247474],[6.067047,43.247503],[6.067007,43.247505],[6.066946,43.247507],[6.066943,43.247472],[6.066935,43.247472],[6.066932,43.247434],[6.066929,43.2474],[6.066927,43.247375],[6.067009,43.247371],[6.067012,43.247394],[6.067025,43.247393],[6.067039,43.247404],[6.067045,43.247474]]]]}},{"type":"Feature","properties":{"numero":"0182","section":"AH","code_insee":"83049","id_parc":"83049_AH_0182"},"geometry":{"type":"MultiPolygon","coordinates":[[[[6.056986,43.246304],[6.056984,43.246296],[6.056994,43.2463],[6.056986,43.246304]]]]}},{"type":"Feature","properties":{"numero":"0182","section":"AC","code_insee":"83049","id_parc":"83049_AC_0182"},"geometry":{"type":"MultiPolygon","coordinates":[[[[6.069637,43.239914],[6.069598,43.239929],[6.069569,43.23989],[6.069633,43.239864],[6.069663,43.239903],[6.069637,43.239914]]]]}},{"type":"Feature","properties":{"numero":"0182","section":"AE","code_insee":"83049","id_parc":"83049_AE_0182"},"geometry":{"type":"MultiPolygon","coordinates":[[[[6.058899,43.239628],[6.058873,43.239556],[6.058827,43.239514],[6.058856,43.239506],[6.058881,43.239492],[6.058932,43.239531],[6.058958,43.239575],[6.058967,43.239599],[6.058983,43.239654],[6.058999,43.239709],[6.059007,43.239738],[6.058915,43.239777],[6.058847,43.239805],[6.058756,43.239843],[6.058671,43.239878],[6.058669,43.239879],[6.058632,43.239831],[6.058776,43.23974],[6.058874,43.239674],[6.058899,43.239628]]]]}},{"type":"Feature","properties":{"numero":"0182","section":"0H","code_insee":"83049","id_parc":"83049_0H_0182"},"geometry":{"type":"MultiPolygon","coordinates":[[[[6.057678,43.24225],[6.05765,43.242194],[6.057432,43.241807],[6.058042,43.241693],[6.059107,43.24154],[6.05924,43.241711],[6.059054,43.241801],[6.059005,43.24183],[6.058959,43.241862],[6.058924,43.241888],[6.058781,43.241972],[6.058438,43.2422],[6.058347,43.242274],[6.05813,43.24243],[6.057833,43.242629],[6.057678,43.24225]]]]}},{"type":"Feature","properties":{"numero":"1820","section":"0A","code_insee":"83049","id_parc":"83049_0A_1820"},"geometry":{"type":"MultiPolygon","coordinates":[[[[6.067009,43.247371],[6.066927,43.247375],[6.066908,43.247179],[6.067199,43.247137],[6.067316,43.247369],[6.067165,43.247398],[6.067166,43.247408],[6.067171,43.247457],[6.067177,43.247515],[6.067117,43.247517],[6.067099,43.247533],[6.06701,43.247538],[6.067009,43.247529],[6.067007,43.247505],[6.067047,43.247503],[6.067045,43.247474],[6.067039,43.247404],[6.067025,43.247393],[6.067012,43.247394],[6.067009,43.247371]]]]}},{"type":"Feature","properties":{"numero":"1821","section":"0A","code_insee":"83049","id_parc":"83049_0A_1821"},"geometry":{"type":"MultiPolygon","coordinates":[[[[6.066776,43.247359],[6.066708,43.247364],[6.066727,43.247206],[6.066908,43.247179],[6.066927,43.247375],[6.066929,43.2474],[6.066932,43.247434],[6.066881,43.247436],[6.066878,43.247402],[6.066869,43.247402],[6.066869,43.247386],[6.066861,43.247386],[6.066859,43.247345],[6.066826,43.247348],[6.066827,43.247354],[6.066784,43.247357],[6.066776,43.247359]]]]}},{"type":"Feature","properties":{"numero":"1823","section":"0A","code_insee":"83049","id_parc":"83049_0A_1823"},"geometry":{"type":"MultiPolygon","coordinates":[[[[6.064098,43.252162],[6.064088,43.252062],[6.063975,43.252017],[6.063983,43.252005],[6.064146,43.251765],[6.064159,43.25177],[6.064307,43.251865],[6.064549,43.25197],[6.064609,43.252047],[6.064426,43.252311],[6.064501,43.252339],[6.064429,43.252443],[6.064244,43.252342],[6.064034,43.252222],[6.0641,43.252176],[6.064098,43.252162]]]]}},{"type":"Feature","properties":{"numero":"1824","section":"0A","code_insee":"83049","id_parc":"83049_0A_1824"},"geometry":{"type":"MultiPolygon","coordinates":[[[[6.06375,43.25124],[6.06377,43.251157],[6.063798,43.250979],[6.063867,43.250603],[6.064205,43.250686],[6.064676,43.250803],[6.064656,43.250832],[6.064802,43.250879],[6.064942,43.250924],[6.06529,43.251036],[6.065438,43.251083],[6.065513,43.251111],[6.065517,43.251113],[6.065463,43.251199],[6.06539,43.251338],[6.065241,43.251529],[6.065287,43.251575],[6.064925,43.25196],[6.064816,43.252085],[6.064645,43.252276],[6.06447,43.252465],[6.064429,43.252443],[6.064501,43.252339],[6.064426,43.252311],[6.064609,43.252047],[6.064549,43.25197],[6.064307,43.251865],[6.064159,43.25177],[6.064146,43.251765],[6.063983,43.252005],[6.063975,43.252017],[6.063923,43.251996],[6.06351,43.251828],[6.063364,43.251769],[6.063556,43.251586],[6.063706,43.251372],[6.06373,43.251306],[6.06375,43.25124]]]]}},{"type":"Feature","properties":{"numero":"1825","section":"0A","code_insee":"83049","id_parc":"83049_0A_1825"},"geometry":{"type":"MultiPolygon","coordinates":[[[[6.046725,43.251388],[6.046704,43.251192],[6.047074,43.251194],[6.047016,43.251217],[6.046956,43.251275],[6.046725,43.251388]]]]}},{"type":"Feature","properties":{"numero":"1826","section":"0A","code_insee":"83049","id_parc":"83049_0A_1826"},"geometry":{"type":"MultiPolygon","coordinates":[[[[6.047447,43.251198],[6.04756,43.251136],[6.047608,43.251118],[6.047725,43.251109],[6.047766,43.25118],[6.047758,43.25132],[6.047777,43.251374],[6.047758,43.25142],[6.047761,43.251428],[6.047764,43.251447],[6.047763,43.251466],[6.047758,43.251485],[6.04747,43.251447],[6.047147,43.251407],[6.046822,43.251371],[6.046725,43.251388],[6.046956,43.251275],[6.047016,43.251217],[6.047074,43.251194],[6.047124,43.251195],[6.047268,43.251204],[6.047299,43.251211],[6.047333,43.251215],[6.047367,43.251216],[6.047396,43.251213],[6.047422,43.251207],[6.047447,43.251198]]]]}},{"type":"Feature","properties":{"numero":"1827","section":"0A","code_insee":"83049","id_parc":"83049_0A_1827"},"geometry":{"type":"MultiPolygon","coordinates":[[[[6.045568,43.251736],[6.045508,43.251283],[6.045665,43.251243],[6.045941,43.251203],[6.046054,43.251204],[6.046315,43.251215],[6.046582,43.251195],[6.046704,43.251192],[6.046725,43.251388],[6.046826,43.252501],[6.046785,43.252541],[6.046694,43.252514],[6.046564,43.252489],[6.046407,43.252479],[6.046335,43.252484],[6.045935,43.252548],[6.045668,43.252554],[6.045568,43.251736]]]]}},{"type":"Feature","properties":{"numero":"1828","section":"0A","code_insee":"83049","id_parc":"83049_0A_1828"},"geometry":{"type":"MultiPolygon","coordinates":[[[[6.046826,43.252501],[6.046831,43.252554],[6.046785,43.252541],[6.046826,43.252501]]]]}},{"type":"Feature","properties":{"numero":"0183","section":"AC","code_insee":"83049","id_parc":"83049_AC_0183"},"geometry":{"type":"MultiPolygon","coordinates":[[[[6.069486,43.23982],[6.069545,43.239899],[6.069569,43.23989],[6.069598,43.239929],[6.069574,43.239939],[6.069566,43.239941],[6.069551,43.239944],[6.069534,43.239947],[6.069519,43.239948],[6.06951,43.239949],[6.069502,43.239903],[6.069486,43.23982]]]]}},{"type":"Feature","properties":{"numero":"0183","section":"AE","code_insee":"83049","id_parc":"83049_AE_0183"},"geometry":{"type":"MultiPolygon","coordinates":[[[[6.059007,43.239738],[6.058999,43.239709],[6.059127,43.239666],[6.059293,43.23971],[6.059372,43.239663],[6.059471,43.239646],[6.059568,43.239696],[6.059582,43.239703],[6.05959,43.239705],[6.059598,43.239708],[6.059607,43.239709],[6.059616,43.23971],[6.059624,43.23971],[6.059633,43.23971],[6.059647,43.239707],[6.059577,43.239736],[6.059483,43.239778],[6.059384,43.23982],[6.059365,43.239823],[6.059329,43.239832],[6.059254,43.239847],[6.059223,43.23985],[6.059179,43.239858],[6.059137,43.239865],[6.059101,43.23987],[6.059046,43.239877],[6.059037,43.239877],[6.059018,43.239873],[6.059009,43.239875],[6.058845,43.239905],[6.058756,43.239921],[6.058693,43.239934],[6.058669,43.239879],[6.058671,43.239878],[6.058756,43.239843],[6.058847,43.239805],[6.058915,43.239777],[6.059007,43.239738]]]]}},{"type":"Feature","properties":{"numero":"0183","section":"AH","code_insee":"83049","id_parc":"83049_AH_0183"},"geometry":{"type":"MultiPolygon","coordinates":[[[[6.05698,43.246533],[6.056952,43.246534],[6.056935,43.246314],[6.056934,43.246279],[6.056984,43.246296],[6.056986,43.246304],[6.056983,43.246305],[6.056968,43.246308],[6.056968,43.246312],[6.056964,43.246313],[6.056971,43.246444],[6.05698,43.246533]]]]}},{"type":"Feature","properties":{"numero":"0183","section":"0H","code_insee":"83049","id_parc":"83049_0H_0183"},"geometry":{"type":"MultiPolygon","coordinates":[[[[6.057411,43.241641],[6.057331,43.2415],[6.0573,43.241452],[6.058088,43.241369],[6.058243,43.24134],[6.058575,43.241329],[6.058941,43.241288],[6.059091,43.241521],[6.059107,43.24154],[6.058042,43.241693],[6.057432,43.241807],[6.057411,43.241641]]]]}},{"type":"Feature","properties":{"numero":"1836","section":"0A","code_insee":"83049","id_parc":"83049_0A_1836"},"geometry":{"type":"MultiPolygon","coordinates":[[[[6.062983,43.25654],[6.062645,43.256462],[6.062636,43.256458],[6.062718,43.256314],[6.062729,43.256299],[6.062745,43.256286],[6.062765,43.256276],[6.062889,43.256029],[6.063026,43.256034],[6.063049,43.256054],[6.063035,43.256206],[6.063031,43.256327],[6.06303,43.25635],[6.063104,43.256569],[6.062983,43.25654]]]]}},{"type":"Feature","properties":{"numero":"1837","section":"0A","code_insee":"83049","id_parc":"83049_0A_1837"},"geometry":{"type":"MultiPolygon","coordinates":[[[[6.062541,43.255197],[6.062599,43.255066],[6.06267,43.254965],[6.062789,43.254871],[6.063151,43.255006],[6.063103,43.255491],[6.063078,43.255746],[6.062966,43.25574],[6.062744,43.255556],[6.062486,43.255543],[6.06249,43.255525],[6.062514,43.255406],[6.062519,43.255335],[6.062523,43.25526],[6.062541,43.255197]]]]}},{"type":"Feature","properties":{"numero":"1838","section":"0A","code_insee":"83049","id_parc":"83049_0A_1838"},"geometry":{"type":"MultiPolygon","coordinates":[[[[6.06785,43.247451],[6.0678,43.247303],[6.067663,43.247009],[6.068571,43.24677],[6.068692,43.24696],[6.068707,43.246992],[6.068752,43.247082],[6.068774,43.247138],[6.068837,43.247226],[6.06875,43.247253],[6.068557,43.247318],[6.068415,43.24738],[6.068346,43.247415],[6.068291,43.24746],[6.06785,43.247451]]]]}},{"type":"Feature","properties":{"numero":"1839","section":"0C","code_insee":"83049","id_parc":"83049_0C_1839"},"geometry":{"type":"MultiPolygon","coordinates":[[[[6.063366,43.255138],[6.063371,43.255114],[6.063839,43.255271],[6.063846,43.255303],[6.063366,43.255138]]]]}},{"type":"Feature","properties":{"numero":"1839","section":"0A","code_insee":"83049","id_parc":"83049_0A_1839"},"geometry":{"type":"MultiPolygon","coordinates":[[[[6.067316,43.247369],[6.067199,43.247137],[6.067317,43.247103],[6.06761,43.247023],[6.067663,43.247009],[6.0678,43.247303],[6.06785,43.247451],[6.067556,43.247444],[6.067552,43.247405],[6.067348,43.247434],[6.067316,43.247369]]]]}},{"type":"Feature","properties":{"numero":"0184","section":"AC","code_insee":"83049","id_parc":"83049_AC_0184"},"geometry":{"type":"MultiPolygon","coordinates":[[[[6.069419,43.239728],[6.069465,43.239736],[6.069486,43.23982],[6.069502,43.239903],[6.06951,43.239949],[6.069503,43.239949],[6.069496,43.239949],[6.069483,43.239948],[6.06947,43.239947],[6.069459,43.239946],[6.069444,43.239943],[6.06942,43.239939],[6.069372,43.23993],[6.069376,43.239919],[6.06935,43.239914],[6.069358,43.23989],[6.069358,43.239889],[6.069373,43.239847],[6.069374,43.239847],[6.06939,43.239803],[6.069393,43.239803],[6.069401,43.239781],[6.069401,43.23978],[6.069419,43.239728]]]]}},{"type":"Feature","properties":{"numero":"0184","section":"AE","code_insee":"83049","id_parc":"83049_AE_0184"},"geometry":{"type":"MultiPolygon","coordinates":[[[[6.059293,43.23971],[6.059127,43.239666],[6.059478,43.239416],[6.059555,43.239436],[6.059649,43.239461],[6.059698,43.239478],[6.059709,43.239482],[6.059886,43.239552],[6.059939,43.23958],[6.059908,43.239595],[6.059899,43.239604],[6.059865,43.239614],[6.059765,43.239659],[6.059679,43.239694],[6.059661,43.239702],[6.059647,43.239707],[6.059633,43.23971],[6.059624,43.23971],[6.059616,43.23971],[6.059607,43.239709],[6.059598,43.239708],[6.05959,43.239705],[6.059582,43.239703],[6.059568,43.239696],[6.059471,43.239646],[6.059372,43.239663],[6.059293,43.23971]]]]}},{"type":"Feature","properties":{"numero":"0184","section":"AH","code_insee":"83049","id_parc":"83049_AH_0184"},"geometry":{"type":"MultiPolygon","coordinates":[[[[6.057193,43.247032],[6.057096,43.247075],[6.057032,43.247106],[6.057024,43.247098],[6.057029,43.247099],[6.057033,43.2471],[6.057038,43.247098],[6.057042,43.247096],[6.057056,43.247087],[6.057062,43.247083],[6.057068,43.247078],[6.057072,43.247073],[6.057074,43.247067],[6.057135,43.246918],[6.057146,43.24689],[6.05715,43.246891],[6.057181,43.246813],[6.05718,43.246802],[6.057177,43.2468],[6.057191,43.246755],[6.057196,43.246754],[6.0572,43.246752],[6.057204,43.246748],[6.057206,43.246745],[6.057206,43.246741],[6.057205,43.246737],[6.057203,43.246733],[6.057199,43.24673],[6.057197,43.246728],[6.057201,43.246721],[6.0572,43.246709],[6.057212,43.246699],[6.057168,43.246699],[6.057166,43.24665],[6.057088,43.246651],[6.057064,43.246515],[6.057036,43.246326],[6.057035,43.246316],[6.057126,43.246339],[6.057247,43.246381],[6.057334,43.246409],[6.057433,43.246441],[6.057414,43.246529],[6.057379,43.246581],[6.057329,43.246697],[6.057284,43.24678],[6.057246,43.246859],[6.057225,43.246905],[6.057215,43.246967],[6.057222,43.24698],[6.057251,43.247012],[6.057193,43.247032]]]]}},{"type":"Feature","properties":{"numero":"1840","section":"0A","code_insee":"83049","id_parc":"83049_0A_1840"},"geometry":{"type":"MultiPolygon","coordinates":[[[[6.062356,43.255959],[6.062453,43.255673],[6.062461,43.255644],[6.062486,43.255543],[6.062744,43.255556],[6.062966,43.25574],[6.063078,43.255746],[6.063067,43.255854],[6.063049,43.256054],[6.063026,43.256034],[6.063009,43.25602],[6.062889,43.256029],[6.062765,43.256276],[6.062745,43.256286],[6.062729,43.256299],[6.062718,43.256314],[6.062636,43.256458],[6.062512,43.256409],[6.06235,43.256344],[6.062353,43.256305],[6.062358,43.256219],[6.062358,43.256133],[6.062356,43.255959]]]]}},{"type":"Feature","properties":{"numero":"1841","section":"0C","code_insee":"83049","id_parc":"83049_0C_1841"},"geometry":{"type":"MultiPolygon","coordinates":[[[[6.064707,43.255026],[6.063809,43.255138],[6.063839,43.255271],[6.063371,43.255114],[6.063457,43.254699],[6.063681,43.25478],[6.063796,43.254827],[6.064082,43.254915],[6.064162,43.254925],[6.064301,43.254928],[6.064461,43.254958],[6.064687,43.254938],[6.064707,43.255026]]]]}},{"type":"Feature","properties":{"numero":"1845","section":"0C","code_insee":"83049","id_parc":"83049_0C_1845"},"geometry":{"type":"MultiPolygon","coordinates":[[[[6.064643,43.256098],[6.064876,43.256235],[6.06506,43.256356],[6.064707,43.256632],[6.06462,43.256579],[6.064573,43.256571],[6.064519,43.256529],[6.064464,43.256523],[6.064415,43.256576],[6.064246,43.256711],[6.064022,43.256907],[6.063807,43.256825],[6.063575,43.256734],[6.063417,43.256613],[6.063468,43.25625],[6.063438,43.256035],[6.063549,43.256104],[6.063731,43.256199],[6.063933,43.256299],[6.064028,43.256344],[6.064123,43.256389],[6.064208,43.25632],[6.064363,43.256194],[6.064551,43.256055],[6.064643,43.256098]]]]}},{"type":"Feature","properties":{"numero":"1847","section":"0C","code_insee":"83049","id_parc":"83049_0C_1847"},"geometry":{"type":"MultiPolygon","coordinates":[[[[6.063801,43.255712],[6.063997,43.255751],[6.064048,43.255786],[6.06386,43.255894],[6.063549,43.256104],[6.063438,43.256035],[6.063395,43.255691],[6.063481,43.255617],[6.063578,43.255632],[6.063801,43.255712]]]]}},{"type":"Feature","properties":{"numero":"1849","section":"0C","code_insee":"83049","id_parc":"83049_0C_1849"},"geometry":{"type":"MultiPolygon","coordinates":[[[[6.063334,43.255579],[6.063366,43.255138],[6.063846,43.255303],[6.06399,43.255353],[6.064236,43.255405],[6.064371,43.255404],[6.064476,43.25542],[6.064875,43.255368],[6.065018,43.255346],[6.065104,43.255343],[6.065334,43.255624],[6.064643,43.256098],[6.064551,43.256055],[6.064407,43.255973],[6.064231,43.25586],[6.064201,43.255843],[6.064109,43.255828],[6.064048,43.255786],[6.063997,43.255751],[6.063801,43.255712],[6.063578,43.255632],[6.063481,43.255617],[6.063334,43.255579]]]]}},{"type":"Feature","properties":{"numero":"0185","section":"AC","code_insee":"83049","id_parc":"83049_AC_0185"},"geometry":{"type":"MultiPolygon","coordinates":[[[[6.06931,43.239765],[6.069328,43.239712],[6.069419,43.239728],[6.069401,43.23978],[6.069401,43.239781],[6.069393,43.239803],[6.06939,43.239803],[6.069374,43.239847],[6.069373,43.239847],[6.069358,43.239889],[6.069358,43.23989],[6.06935,43.239914],[6.069336,43.239912],[6.069332,43.239923],[6.069328,43.239922],[6.06926,43.23991],[6.06927,43.239881],[6.069279,43.239854],[6.069288,43.23983],[6.069303,43.239787],[6.06931,43.239765]]]]}},{"type":"Feature","properties":{"numero":"0185","section":"AH","code_insee":"83049","id_parc":"83049_AH_0185"},"geometry":{"type":"MultiPolygon","coordinates":[[[[6.05699,43.246671],[6.056983,43.246571],[6.05698,43.246533],[6.056985,43.246533],[6.05698,43.246471],[6.056968,43.246312],[6.056983,43.246305],[6.056986,43.246304],[6.056994,43.2463],[6.057035,43.246316],[6.057036,43.246326],[6.057064,43.246515],[6.057088,43.246651],[6.057166,43.24665],[6.057168,43.246699],[6.057212,43.246699],[6.0572,43.246709],[6.057201,43.246721],[6.057197,43.246728],[6.057199,43.24673],[6.057203,43.246733],[6.057205,43.246737],[6.057206,43.246741],[6.057206,43.246745],[6.057204,43.246748],[6.0572,43.246752],[6.057196,43.246754],[6.057191,43.246755],[6.057177,43.2468],[6.05718,43.246802],[6.057181,43.246813],[6.05715,43.246891],[6.057146,43.24689],[6.057135,43.246918],[6.057138,43.24688],[6.057146,43.246792],[6.057148,43.246742],[6.057079,43.246737],[6.056994,43.246731],[6.05699,43.246671]]],[[[6.057059,43.246911],[6.057085,43.246914],[6.057135,43.246918],[6.057074,43.247067],[6.057072,43.247073],[6.057068,43.247078],[6.057062,43.247083],[6.057056,43.247087],[6.057042,43.247096],[6.057038,43.247098],[6.057033,43.2471],[6.057029,43.247099],[6.057024,43.247098],[6.057032,43.247106],[6.056973,43.247135],[6.056946,43.24715],[6.056927,43.247153],[6.056909,43.247151],[6.056948,43.247105],[6.056977,43.247068],[6.057012,43.246995],[6.057018,43.246996],[6.05705,43.246929],[6.057059,43.246911]]]]}},{"type":"Feature","properties":{"numero":"0186","section":"AC","code_insee":"83049","id_parc":"83049_AC_0186"},"geometry":{"type":"MultiPolygon","coordinates":[[[[6.06919,43.239897],[6.069194,43.239887],[6.069175,43.239883],[6.069184,43.239859],[6.069191,43.239837],[6.069214,43.239771],[6.06924,43.239696],[6.069328,43.239712],[6.06931,43.239765],[6.069303,43.239787],[6.069288,43.23983],[6.069279,43.239854],[6.06927,43.239881],[6.06926,43.23991],[6.06919,43.239897]]]]}},{"type":"Feature","properties":{"numero":"0186","section":"AH","code_insee":"83049","id_parc":"83049_AH_0186"},"geometry":{"type":"MultiPolygon","coordinates":[[[[6.056971,43.246444],[6.056964,43.246313],[6.056968,43.246312],[6.05698,43.246471],[6.056985,43.246533],[6.05698,43.246533],[6.056971,43.246444]]]]}},{"type":"Feature","properties":{"numero":"1864","section":"0C","code_insee":"83049","id_parc":"83049_0C_1864"},"geometry":{"type":"MultiPolygon","coordinates":[[[[6.070648,43.260477],[6.071056,43.260773],[6.071902,43.261457],[6.070245,43.26205],[6.069844,43.262166],[6.069095,43.262044],[6.067787,43.261826],[6.0677,43.262013],[6.067601,43.262004],[6.067551,43.262007],[6.067481,43.262024],[6.067436,43.262016],[6.06736,43.261991],[6.067351,43.262024],[6.067341,43.26203],[6.067317,43.262031],[6.067293,43.262002],[6.067266,43.262023],[6.067255,43.262024],[6.067245,43.26202],[6.067245,43.261959],[6.067122,43.261879],[6.067051,43.261869],[6.067017,43.261852],[6.066982,43.261786],[6.066958,43.261775],[6.066789,43.261756],[6.066756,43.261734],[6.066756,43.261678],[6.066743,43.261669],[6.066656,43.261646],[6.06661,43.261619],[6.066493,43.261584],[6.066459,43.261563],[6.066455,43.261554],[6.066293,43.261388],[6.066261,43.261353],[6.066276,43.261316],[6.066277,43.261251],[6.066261,43.261218],[6.066241,43.261187],[6.066217,43.261157],[6.06619,43.261129],[6.066154,43.261098],[6.066068,43.261017],[6.066098,43.260821],[6.066019,43.260617],[6.065908,43.260484],[6.066852,43.260506],[6.067996,43.260508],[6.068896,43.260287],[6.068957,43.260272],[6.070004,43.260018],[6.070648,43.260477]]]]}},{"type":"Feature","properties":{"numero":"1866","section":"0C","code_insee":"83049","id_parc":"83049_0C_1866"},"geometry":{"type":"MultiPolygon","coordinates":[[[[6.068862,43.259238],[6.069292,43.259518],[6.070004,43.260018],[6.068957,43.260272],[6.069092,43.25989],[6.069002,43.259884],[6.068832,43.259899],[6.068662,43.259862],[6.068609,43.259874],[6.068544,43.259865],[6.068552,43.259942],[6.068645,43.260194],[6.068896,43.260287],[6.067996,43.260508],[6.066852,43.260506],[6.065908,43.260484],[6.065703,43.260383],[6.065883,43.260308],[6.06611,43.260258],[6.066226,43.260218],[6.066534,43.260075],[6.066676,43.260047],[6.06678,43.260012],[6.066883,43.259946],[6.066988,43.259896],[6.067189,43.259813],[6.067586,43.259667],[6.067986,43.259524],[6.068476,43.259353],[6.068577,43.259316],[6.068862,43.259238]]]]}},{"type":"Feature","properties":{"numero":"0187","section":"AC","code_insee":"83049","id_parc":"83049_AC_0187"},"geometry":{"type":"MultiPolygon","coordinates":[[[[6.06901,43.239827],[6.069026,43.239781],[6.069046,43.239784],[6.069061,43.239787],[6.069098,43.239794],[6.069109,43.239763],[6.069113,43.239752],[6.069136,43.239688],[6.06914,43.239689],[6.069147,43.239688],[6.069154,43.239687],[6.06916,43.239685],[6.069166,43.239682],[6.06924,43.239696],[6.069214,43.239771],[6.069191,43.239837],[6.069184,43.239859],[6.069175,43.239883],[6.069145,43.239878],[6.069141,43.239888],[6.06907,43.239875],[6.069034,43.239868],[6.068998,43.239862],[6.06901,43.239827]]]]}},{"type":"Feature","properties":{"numero":"0187","section":"AI","code_insee":"83049","id_parc":"83049_AI_0187"},"geometry":{"type":"MultiPolygon","coordinates":[[[[6.070877,43.241153],[6.070818,43.241126],[6.070772,43.241105],[6.070812,43.241121],[6.070828,43.241126],[6.070866,43.241134],[6.070874,43.241135],[6.070887,43.241137],[6.070906,43.241138],[6.070921,43.241138],[6.070931,43.241138],[6.070958,43.241137],[6.07096,43.241182],[6.071084,43.241184],[6.071081,43.241139],[6.071099,43.241142],[6.07111,43.241146],[6.07112,43.241149],[6.071133,43.241154],[6.07121,43.241189],[6.071166,43.241196],[6.071093,43.241269],[6.071082,43.241253],[6.071003,43.241215],[6.070877,43.241153]]]]}}]}