{"type":"FeatureCollection","name":"routes","features":[{"type":"Feature","properties":{"cleabs":"TRONROUT0000000075254972","nature":"Route empierrée","largeur_de_chaussee":null,"cpx_classement_administratif":null},"geometry":{"type":"LineString","coordinates":[[6.062415,43.258079],[6.062356,43.258096],[6.06227,43.258134],[6.06207,43.258173],[6.061822,43.258208],[6.061667,43.258248],[6.061586,43.258261],[6.061431,43.258294]]}},{"type":"Feature","properties":{"cleabs":"TRONROUT0000000075254973","nature":"Route empierrée","largeur_de_chaussee":null,"cpx_classement_administratif":null},"geometry":{"type":"LineString","coordinates":[[6.062927,43.258003],[6.062881,43.25803],[6.062814,43.258053],[6.06274,43.258071],[6.062648,43.258073],[6.062415,43.258079]]}},{"type":"Feature","properties":{"cleabs":"TRONROUT0000000075254974","nature":"Route à 1 chaussée","largeur_de_chaussee":3,"cpx_classement_administratif":"Communal"},"geometry":{"type":"LineString","coordinates":[[6.064282,43.260443],[6.064246,43.260395],[6.064205,43.260255],[6.064143,43.260169],[6.064106,43.2601],[6.064047,43.260023],[6.063571,43.259499],[6.063494,43.259378],[6.063387,43.259125],[6.063332,43.258891],[6.063291,43.25875],[6.063124,43.258493],[6.06305,43.258343],[6.062927,43.258003]]}},{"type":"Feature","properties":{"cleabs":"TRONROUT0000000075254984","nature":"Chemin","largeur_de_chaussee":null,"cpx_classement_administratif":null},"geometry":{"type":"LineString","coordinates":[[6.043262,43.260107],[6.043258,43.260139],[6.04331,43.260179],[6.043592,43.260357],[6.043801,43.260498],[6.044013,43.260608],[6.044267,43.260747],[6.044379,43.260823],[6.044447,43.26088],[6.044533,43.26092],[6.044714,43.260982],[6.044881,43.26104]]}},{"type":"Feature","properties":{"cleabs":"TRONROUT0000000075254985","nature":"Chemin","largeur_de_chaussee":null,"cpx_classement_administratif":"Piste DFCI"},"geometry":{"type":"LineString","coordinates":[[6.041805,43.260104],[6.041929,43.260031],[6.042195,43.259812],[6.042354,43.259623],[6.042566,43.259446],[6.042618,43.259389],[6.042683,43.259352],[6.042739,43.259356],[6.042781,43.25941],[6.043104,43.25995],[6.043197,43.260085],[6.043262,43.260107]]}},{"type":"Feature","properties":{"cleabs":"TRONROUT0000000075254988","nature":"Chemin","largeur_de_chaussee":null,"cpx_classement_administratif":"Piste DFCI"},"geometry":{"type":"LineString","coordinates":[[6.043262,43.260107],[6.043572,43.26008],[6.043922,43.260074],[6.044232,43.260062],[6.044424,43.260063],[6.044653,43.260077],[6.044849,43.260104],[6.04499,43.260153],[6.045081,43.260243],[6.045076,43.260352],[6.045008,43.260458],[6.044919,43.260569],[6.044865,43.2607],[6.044863,43.260835],[6.044881,43.26104]]}},{"type":"Feature","properties":{"cleabs":"TRONROUT0000000075255720","nature":"Chemin","largeur_de_chaussee":null,"cpx_classement_administratif":null},"geometry":{"type":"LineString","coordinates":[[6.060947,43.256876],[6.060873,43.25692],[6.060858,43.256951],[6.060873,43.257017],[6.061014,43.257213],[6.061162,43.257396]]}},{"type":"Feature","properties":{"cleabs":"TRONROUT0000000075255719","nature":"Route à 1 chaussée","largeur_de_chaussee":3,"cpx_classement_administratif":"Communal"},"geometry":{"type":"LineString","coordinates":[[6.063414,43.256277],[6.063375,43.255819],[6.063372,43.25557],[6.06337,43.255356],[6.063402,43.255134],[6.063433,43.254915],[6.063481,43.254728]]}},{"type":"Feature","properties":{"cleabs":"TRONROUT0000000075255710","nature":"Route à 1 chaussée","largeur_de_chaussee":4,"cpx_classement_administratif":"Départementale"},"geometry":{"type":"LineString","coordinates":[[6.072148,43.254894],[6.072121,43.254799],[6.072137,43.254641],[6.07208,43.254407],[6.072014,43.254307],[6.071931,43.254216],[6.071794,43.254138],[6.071487,43.253996],[6.071341,43.25396],[6.071167,43.253932],[6.07101,43.253919],[6.070884,43.253934],[6.070767,43.253979],[6.07064,43.254047],[6.070506,43.254135],[6.070394,43.254232],[6.070273,43.254305],[6.070105,43.254371],[6.06993,43.254414],[6.069736,43.254435],[6.069508,43.254434],[6.069321,43.254421],[6.069015,43.254331],[6.068887,43.254301],[6.068744,43.254292]]}},{"type":"Feature","properties":{"cleabs":"TRONROUT0000000075255711","nature":"Chemin","largeur_de_chaussee":null,"cpx_classement_administratif":null},"geometry":{"type":"LineString","coordinates":[[6.068604,43.255197],[6.068665,43.255189],[6.06878,43.255158],[6.068844,43.255129],[6.06886,43.255075],[6.068815,43.255023],[6.068713,43.255019],[6.06849,43.255027],[6.068443,43.25502],[6.068431,43.254985],[6.068484,43.254942],[6.068793,43.254879],[6.068899,43.254851],[6.068963,43.254821],[6.068989,43.254781],[6.06899,43.254683],[6.068948,43.254621],[6.068871,43.254577],[6.068791,43.254556],[6.068164,43.254503],[6.068022,43.254474],[6.067962,43.254408]]}},{"type":"Feature","properties":{"cleabs":"TRONROUT0000000075255712","nature":"Chemin","largeur_de_chaussee":null,"cpx_classement_administratif":null},"geometry":{"type":"LineString","coordinates":[[6.065703,43.254588],[6.065691,43.254645],[6.065712,43.254717],[6.065778,43.254776],[6.065879,43.254817],[6.066009,43.25484],[6.066111,43.254842],[6.066172,43.254854],[6.066163,43.254932],[6.06599,43.255006],[6.065934,43.255046],[6.065919,43.255082],[6.06596,43.255108],[6.066042,43.255109],[6.066155,43.255094],[6.066319,43.255053],[6.066388,43.25504],[6.066434,43.25506],[6.066431,43.255101],[6.066296,43.255174],[6.066204,43.255209],[6.066047,43.255298],[6.066032,43.255348],[6.06605,43.255392],[6.066099,43.255405],[6.066193,43.255388]]}},{"type":"Feature","properties":{"cleabs":"TRONROUT0000000075255714","nature":"Route à 1 chaussée","largeur_de_chaussee":4,"cpx_classement_administratif":"Départementale"},"geometry":{"type":"LineString","coordinates":[[6.065703,43.254588],[6.065872,43.254602],[6.066105,43.254607],[6.066311,43.254597],[6.066396,43.254596],[6.066574,43.254563],[6.066728,43.254527],[6.066885,43.254506],[6.067038,43.254518],[6.067191,43.254507],[6.067707,43.254446],[6.067962,43.254408]]}},{"type":"Feature","properties":{"cleabs":"TRONROUT0000000075255715","nature":"Route à 1 chaussée","largeur_de_chaussee":4,"cpx_classement_administratif":"Départementale"},"geometry":{"type":"LineString","coordinates":[[6.067962,43.254408],[6.068469,43.25433],[6.068586,43.254308],[6.068744,43.254292]]}},{"type":"Feature","properties":{"cleabs":"TRONROUT0000000075255716","nature":"Route empierrée","largeur_de_chaussee":null,"cpx_classement_administratif":null},"geometry":{"type":"LineString","coordinates":[[6.060947,43.256876],[6.060941,43.256853],[6.060969,43.256722],[6.060968,43.256658],[6.060965,43.256605],[6.060939,43.256522],[6.060866,43.256339],[6.06079,43.256181],[6.060761,43.256135],[6.060723,43.25611],[6.060681,43.256105]]}},{"type":"Feature","properties":{"cleabs":"TRONROUT0000000075255717","nature":"Route empierrée","largeur_de_chaussee":null,"cpx_classement_administratif":null},"geometry":{"type":"LineString","coordinates":[[6.06236,43.256764],[6.062286,43.25678],[6.062176,43.256794],[6.061895,43.256815],[6.061676,43.256848],[6.061552,43.256817],[6.061476,43.256809],[6.061249,43.256834],[6.061088,43.256863],[6.060947,43.256876]]}},{"type":"Feature","properties":{"cleabs":"TRONROUT0000000075255718","nature":"Route à 1 chaussée","largeur_de_chaussee":4,"cpx_classement_administratif":"Communal"},"geometry":{"type":"LineString","coordinates":[[6.063217,43.254407],[6.063233,43.254489],[6.063159,43.255018],[6.063157,43.255039],[6.063156,43.255046],[6.063114,43.255336],[6.063047,43.25602]]}},{"type":"Feature","properties":{"cleabs":"TRONROUT0000000075255721","nature":"Route à 1 chaussée","largeur_de_chaussee":3,"cpx_classement_administratif":"Communal"},"geometry":{"type":"LineString","coordinates":[[6.062927,43.258003],[6.062953,43.257909],[6.062953,43.257794],[6.062945,43.257693],[6.062917,43.257564],[6.062888,43.257491],[6.062815,43.257394],[6.062785,43.257369],[6.062596,43.257215],[6.062526,43.257146],[6.06248,43.25706],[6.062426,43.256912],[6.06236,43.256764]]}},{"type":"Feature","properties":{"cleabs":"TRONROUT0000000075255722","nature":"Route à 1 chaussée","largeur_de_chaussee":3,"cpx_classement_administratif":"Communal"},"geometry":{"type":"LineString","coordinates":[[6.06236,43.256764],[6.06228,43.256532],[6.06227,43.256467],[6.062271,43.256388],[6.062284,43.256314],[6.062293,43.255921],[6.062324,43.255834],[6.062375,43.255752],[6.062423,43.255536],[6.062467,43.255201],[6.062527,43.255084],[6.062624,43.254976],[6.062728,43.254899],[6.062834,43.254804],[6.062849,43.254792]]}},{"type":"Feature","properties":{"cleabs":"TRONROUT0000000075255723","nature":"Chemin","largeur_de_chaussee":null,"cpx_classement_administratif":null},"geometry":{"type":"LineString","coordinates":[[6.064962,43.2549],[6.064725,43.254927],[6.064418,43.254951],[6.064275,43.254957],[6.064159,43.254945],[6.064062,43.254923],[6.063967,43.254896],[6.063481,43.254728]]}},{"type":"Feature","properties":{"cleabs":"TRONROUT0000000075255724","nature":"Chemin","largeur_de_chaussee":null,"cpx_classement_administratif":null},"geometry":{"type":"LineString","coordinates":[[6.060249,43.255931],[6.060016,43.255824],[6.059887,43.255745]]}},{"type":"Feature","properties":{"cleabs":"TRONROUT0000000075255725","nature":"Route empierrée","largeur_de_chaussee":null,"cpx_classement_administratif":null},"geometry":{"type":"LineString","coordinates":[[6.059366,43.254994],[6.059229,43.254945],[6.058916,43.254803],[6.058713,43.25474],[6.058302,43.254627],[6.058096,43.254621],[6.057858,43.254624],[6.057631,43.254641],[6.057472,43.254582],[6.057342,43.254548]]}},{"type":"Feature","properties":{"cleabs":"TRONROUT0000000075256735","nature":"Chemin","largeur_de_chaussee":null,"cpx_classement_administratif":null},"geometry":{"type":"LineString","coordinates":[[6.045691,43.25256],[6.045652,43.25224],[6.045617,43.252005],[6.045586,43.251774],[6.045531,43.25159]]}},{"type":"Feature","properties":{"cleabs":"TRONROUT0000000075256679","nature":"Chemin","largeur_de_chaussee":null,"cpx_classement_administratif":null},"geometry":{"type":"LineString","coordinates":[[6.070366,43.251428],[6.070364,43.251454],[6.070521,43.251619],[6.070776,43.251914],[6.070859,43.252021],[6.070923,43.252146],[6.070964,43.252315],[6.071012,43.252449],[6.07102,43.252502],[6.071015,43.252546],[6.070944,43.25274],[6.070948,43.252783],[6.070967,43.252834],[6.071072,43.25295],[6.071174,43.253049],[6.071227,43.253167],[6.071261,43.253224],[6.071342,43.253323],[6.071508,43.253461],[6.071628,43.253544]]}},{"type":"Feature","properties":{"cleabs":"TRONROUT0000000075256681","nature":"Route à 1 chaussée","largeur_de_chaussee":3,"cpx_classement_administratif":"Communal"},"geometry":{"type":"LineString","coordinates":[[6.070366,43.251428],[6.070546,43.251396],[6.070637,43.25137],[6.070854,43.251338],[6.071075,43.251326]]}},{"type":"Feature","properties":{"cleabs":"TRONROUT0000000075256683","nature":"Route à 1 chaussée","largeur_de_chaussee":3,"cpx_classement_administratif":"Communal"},"geometry":{"type":"LineString","coordinates":[[6.069693,43.250884],[6.069761,43.251036],[6.06987,43.251154],[6.070046,43.251281],[6.070182,43.251358],[6.070278,43.251403],[6.070366,43.251428]]}},{"type":"Feature","properties":{"cleabs":"TRONROUT0000000075256688","nature":"Chemin","largeur_de_chaussee":null,"cpx_classement_administratif":null},"geometry":{"type":"LineString","coordinates":[[6.069693,43.250884],[6.069668,43.25091],[6.069615,43.250934],[6.069415,43.250953],[6.069244,43.250954],[6.06914,43.250951],[6.069044,43.250953],[6.068954,43.250964],[6.068884,43.251003],[6.068585,43.251273],[6.068498,43.251378],[6.068499,43.251401],[6.068533,43.25143],[6.068585,43.251463],[6.068703,43.2515],[6.068743,43.251525],[6.068836,43.25163],[6.068925,43.251749],[6.068944,43.251782],[6.068952,43.251816],[6.068927,43.251851],[6.06887,43.251896],[6.068613,43.252107],[6.068525,43.252219],[6.068467,43.25234],[6.06843,43.252396],[6.068378,43.252442],[6.068322,43.252472],[6.068255,43.25249],[6.068196,43.252494],[6.068138,43.252479],[6.067484,43.252223],[6.067155,43.252128],[6.066933,43.25205],[6.066767,43.252014],[6.066651,43.251983],[6.0663,43.251852],[6.066189,43.251817],[6.065988,43.251768],[6.065844,43.251717]]}},{"type":"Feature","properties":{"cleabs":"TRONROUT0000000075256689","nature":"Chemin","largeur_de_chaussee":null,"cpx_classement_administratif":null},"geometry":{"type":"LineString","coordinates":[[6.065237,43.252702],[6.065562,43.25284],[6.065795,43.252914],[6.065995,43.25301],[6.06602,43.253049],[6.066023,43.253117],[6.066027,43.253193],[6.066058,43.253244],[6.066179,43.25335],[6.066216,43.253391],[6.06623,43.253428],[6.06622,43.253458],[6.066034,43.253573],[6.065861,43.253663]]}},{"type":"Feature","properties":{"cleabs":"TRONROUT0000000075256690","nature":"Chemin","largeur_de_chaussee":null,"cpx_classement_administratif":null},"geometry":{"type":"LineString","coordinates":[[6.064568,43.252516],[6.064488,43.252488],[6.064366,43.252429],[6.064216,43.252353],[6.06414,43.252277],[6.064116,43.252237],[6.064099,43.252189],[6.06408,43.252108],[6.06405,43.252074],[6.063976,43.252036],[6.06379,43.251961],[6.063667,43.251922],[6.063428,43.251824],[6.06341,43.251793],[6.063422,43.251755],[6.063451,43.251707],[6.063503,43.251645],[6.063551,43.25155],[6.063563,43.251511],[6.063569,43.251461],[6.063575,43.251402],[6.063572,43.251356]]}},{"type":"Feature","properties":{"cleabs":"TRONROUT0000000075256691","nature":"Chemin","largeur_de_chaussee":null,"cpx_classement_administratif":null},"geometry":{"type":"LineString","coordinates":[[6.068744,43.254292],[6.068803,43.254174],[6.068819,43.254008],[6.06882,43.253713],[6.068835,43.253677],[6.06885,43.253658],[6.068899,43.253642],[6.068986,43.253634],[6.069122,43.253647],[6.069179,43.253646],[6.069569,43.253623]]}},{"type":"Feature","properties":{"cleabs":"TRONROUT0000000075256692","nature":"Route à 1 chaussée","largeur_de_chaussee":4,"cpx_classement_administratif":"Départementale"},"geometry":{"type":"LineString","coordinates":[[6.064717,43.253771],[6.064814,43.253849],[6.064963,43.253983],[6.065375,43.254367],[6.065529,43.254498],[6.065617,43.254562],[6.065703,43.254588]]}},{"type":"Feature","properties":{"cleabs":"TRONROUT0000000075256697","nature":"Route à 1 chaussée","largeur_de_chaussee":3,"cpx_classement_administratif":"Communal"},"geometry":{"type":"LineString","coordinates":[[6.065844,43.251717],[6.06597,43.251576],[6.066101,43.251448],[6.066195,43.251372],[6.066367,43.251263],[6.06657,43.251164],[6.066816,43.251059],[6.066953,43.251039],[6.067048,43.251048],[6.067169,43.251079]]}},{"type":"Feature","properties":{"cleabs":"TRONROUT0000000075256698","nature":"Route à 1 chaussée","largeur_de_chaussee":3,"cpx_classement_administratif":"Communal"},"geometry":{"type":"LineString","coordinates":[[6.064508,43.253325],[6.064516,43.253297],[6.064577,43.253221],[6.064647,43.253163],[6.065237,43.252702]]}},{"type":"Feature","properties":{"cleabs":"TRONROUT0000000075256699","nature":"Route à 1 chaussée","largeur_de_chaussee":3,"cpx_classement_administratif":"Communal"},"geometry":{"type":"LineString","coordinates":[[6.064568,43.252516],[6.064447,43.252663],[6.064295,43.252815],[6.06416,43.25293],[6.06413,43.252952],[6.064067,43.25299],[6.064009,43.253026],[6.063967,43.253065],[6.063949,43.253107]]}},{"type":"Feature","properties":{"cleabs":"TRONROUT0000000075256700","nature":"Route à 1 chaussée","largeur_de_chaussee":3,"cpx_classement_administratif":"Communal"},"geometry":{"type":"LineString","coordinates":[[6.065237,43.252702],[6.065317,43.252556],[6.065423,43.252333],[6.065542,43.252099],[6.065666,43.251884],[6.065844,43.251717]]}},{"type":"Feature","properties":{"cleabs":"TRONROUT0000000075256701","nature":"Route à 1 chaussée","largeur_de_chaussee":3,"cpx_classement_administratif":"Communal"},"geometry":{"type":"LineString","coordinates":[[6.063481,43.254728],[6.063619,43.254362],[6.063668,43.254263],[6.063752,43.254138],[6.063872,43.254047],[6.064044,43.254023],[6.064383,43.254029],[6.064501,43.253958],[6.064612,43.253869],[6.064717,43.253771]]}},{"type":"Feature","properties":{"cleabs":"TRONROUT0000000075256702","nature":"Route à 1 chaussée","largeur_de_chaussee":10,"cpx_classement_administratif":"Départementale"},"geometry":{"type":"LineString","coordinates":[[6.064683,43.259773],[6.064803,43.259884],[6.065488,43.260438]]}},{"type":"Feature","properties":{"cleabs":"TRONROUT0000000075256704","nature":"Route à 1 chaussée","largeur_de_chaussee":3,"cpx_classement_administratif":"Communal"},"geometry":{"type":"LineString","coordinates":[[6.060164,43.253565],[6.060057,43.253654],[6.059852,43.25392],[6.059757,43.254057]]}},{"type":"Feature","properties":{"cleabs":"TRONROUT0000000075256705","nature":"Route à 1 chaussée","largeur_de_chaussee":3,"cpx_classement_administratif":"Communal"},"geometry":{"type":"LineString","coordinates":[[6.059757,43.254057],[6.059691,43.254204],[6.059629,43.254368],[6.059528,43.254702],[6.05949,43.254799],[6.059366,43.254994]]}},{"type":"Feature","properties":{"cleabs":"TRONROUT0000000075256706","nature":"Chemin","largeur_de_chaussee":null,"cpx_classement_administratif":null},"geometry":{"type":"LineString","coordinates":[[6.059757,43.254057],[6.05968,43.254069],[6.059416,43.253972],[6.058195,43.253515],[6.058117,43.253488],[6.058076,43.253489],[6.058024,43.253527],[6.057547,43.254182],[6.057492,43.254251]]}},{"type":"Feature","properties":{"cleabs":"TRONROUT0000000075256707","nature":"Chemin","largeur_de_chaussee":null,"cpx_classement_administratif":null},"geometry":{"type":"LineString","coordinates":[[6.058254,43.252471],[6.058905,43.252851],[6.059249,43.253034],[6.059495,43.253157],[6.059778,43.253323],[6.06008,43.253487],[6.060164,43.253565]]}},{"type":"Feature","properties":{"cleabs":"TRONROUT0000000075256708","nature":"Chemin","largeur_de_chaussee":null,"cpx_classement_administratif":null},"geometry":{"type":"LineString","coordinates":[[6.056115,43.25111],[6.056472,43.251542],[6.056579,43.251683],[6.056606,43.251747],[6.056632,43.25187],[6.056632,43.252009],[6.056572,43.252206]]}},{"type":"Feature","properties":{"cleabs":"TRONROUT0000000075256709","nature":"Chemin","largeur_de_chaussee":null,"cpx_classement_administratif":null},"geometry":{"type":"LineString","coordinates":[[6.056572,43.252206],[6.056562,43.252236],[6.056385,43.252572],[6.056263,43.252765],[6.056197,43.252859],[6.056104,43.25296],[6.056032,43.25301],[6.055894,43.253074],[6.055735,43.25318],[6.055642,43.253293],[6.055604,43.253389]]}},{"type":"Feature","properties":{"cleabs":"TRONROUT0000000075256710","nature":"Chemin","largeur_de_chaussee":null,"cpx_classement_administratif":null},"geometry":{"type":"LineString","coordinates":[[6.056572,43.252206],[6.055963,43.252317],[6.055486,43.252412],[6.055267,43.252471],[6.055081,43.252557],[6.054822,43.252655],[6.054565,43.252456],[6.054511,43.252421],[6.054302,43.252517],[6.053975,43.252652],[6.053816,43.252732]]}},{"type":"Feature","properties":{"cleabs":"TRONROUT0000000075256711","nature":"Route à 1 chaussée","largeur_de_chaussee":3,"cpx_classement_administratif":"Communal"},"geometry":{"type":"LineString","coordinates":[[6.056115,43.25111],[6.05588,43.251217],[6.055739,43.251268],[6.055652,43.251283]]}},{"type":"Feature","properties":{"cleabs":"TRONROUT0000000075256712","nature":"Route à 1 chaussée","largeur_de_chaussee":3,"cpx_classement_administratif":"Communal"},"geometry":{"type":"LineString","coordinates":[[6.056649,43.250834],[6.056115,43.25111]]}},{"type":"Feature","properties":{"cleabs":"TRONROUT0000000075256713","nature":"Route empierrée","largeur_de_chaussee":null,"cpx_classement_administratif":null},"geometry":{"type":"LineString","coordinates":[[6.051338,43.252945],[6.051306,43.253009],[6.051228,43.253055],[6.051112,43.253094],[6.050986,43.253145],[6.050885,43.253199],[6.050807,43.25325],[6.050755,43.253315],[6.050716,43.253384],[6.050691,43.253494],[6.050693,43.253624],[6.050688,43.253773],[6.050647,43.254187],[6.050592,43.254435]]}},{"type":"Feature","properties":{"cleabs":"TRONROUT0000000075256714","nature":"Chemin","largeur_de_chaussee":null,"cpx_classement_administratif":null},"geometry":{"type":"LineString","coordinates":[[6.050842,43.252166],[6.050908,43.251851],[6.051004,43.251747],[6.051067,43.251729],[6.051167,43.251748],[6.051407,43.251773],[6.051527,43.251793],[6.051649,43.251817],[6.051763,43.251848],[6.051836,43.251858],[6.052035,43.251876]]}},{"type":"Feature","properties":{"cleabs":"TRONROUT0000000075256715","nature":"Chemin","largeur_de_chaussee":null,"cpx_classement_administratif":null},"geometry":{"type":"LineString","coordinates":[[6.051492,43.254987],[6.051452,43.254917],[6.051443,43.254835],[6.051424,43.254784],[6.051386,43.254736],[6.051222,43.254614],[6.051161,43.254558],[6.051062,43.254531],[6.050943,43.254518],[6.050864,43.254478],[6.050874,43.254422],[6.050913,43.25436],[6.050961,43.254297],[6.051034,43.254229],[6.051184,43.254058],[6.051293,43.25388],[6.051451,43.253599],[6.051582,43.253354],[6.05165,43.253261],[6.05173,43.253184],[6.051806,43.253137],[6.051951,43.252943],[6.051964,43.252877]]}},{"type":"Feature","properties":{"cleabs":"TRONROUT0000000075256716","nature":"Route empierrée","largeur_de_chaussee":null,"cpx_classement_administratif":null},"geometry":{"type":"LineString","coordinates":[[6.049446,43.254483],[6.049749,43.254483],[6.049988,43.254473],[6.050036,43.25447],[6.050163,43.254479],[6.050297,43.254476],[6.050391,43.254466],[6.050514,43.254461],[6.050592,43.254435]]}},{"type":"Feature","properties":{"cleabs":"TRONROUT0000000075256717","nature":"Route empierrée","largeur_de_chaussee":null,"cpx_classement_administratif":null},"geometry":{"type":"LineString","coordinates":[[6.050592,43.254435],[6.050575,43.254516],[6.050515,43.254686],[6.050463,43.2548],[6.050397,43.254902],[6.050254,43.255104],[6.050214,43.25514],[6.050179,43.255159],[6.050107,43.255152]]}},{"type":"Feature","properties":{"cleabs":"TRONROUT0000000075256718","nature":"Route empierrée","largeur_de_chaussee":null,"cpx_classement_administratif":null},"geometry":{"type":"LineString","coordinates":[[6.0533,43.253252],[6.053202,43.253115],[6.052817,43.252788],[6.052685,43.252685],[6.052588,43.252578]]}},{"type":"Feature","properties":{"cleabs":"TRONROUT0000000075256719","nature":"Route à 1 chaussée","largeur_de_chaussee":3,"cpx_classement_administratif":"Communal"},"geometry":{"type":"LineString","coordinates":[[6.052035,43.251876],[6.052028,43.251923],[6.051913,43.252339],[6.051873,43.252416],[6.051657,43.252641],[6.051524,43.252792],[6.051504,43.252821],[6.051463,43.252943]]}},{"type":"Feature","properties":{"cleabs":"TRONROUT0000000075256733","nature":"Chemin","largeur_de_chaussee":null,"cpx_classement_administratif":null},"geometry":{"type":"LineString","coordinates":[[6.047378,43.25426],[6.047647,43.254291],[6.047786,43.254302],[6.047934,43.254301],[6.047986,43.254283],[6.048017,43.254235],[6.048143,43.253897],[6.048187,43.253776],[6.048212,43.253705],[6.048393,43.253198],[6.048425,43.253133]]}},{"type":"Feature","properties":{"cleabs":"TRONROUT0000000075256720","nature":"Route à 1 chaussée","largeur_de_chaussee":3,"cpx_classement_administratif":"Communal"},"geometry":{"type":"LineString","coordinates":[[6.055652,43.251283],[6.055214,43.251374],[6.054985,43.251436],[6.054757,43.25151],[6.054531,43.251592],[6.054438,43.251626],[6.054244,43.251682],[6.054012,43.251764],[6.053846,43.251812],[6.05364,43.25186],[6.053378,43.251894],[6.053241,43.251927],[6.053132,43.251968],[6.053048,43.252022],[6.052975,43.252088],[6.05292,43.252171],[6.05287,43.252277],[6.052795,43.252391],[6.052694,43.252507],[6.052588,43.252578]]}},{"type":"Feature","properties":{"cleabs":"TRONROUT0000000075256721","nature":"Route à 1 chaussée","largeur_de_chaussee":3,"cpx_classement_administratif":"Communal"},"geometry":{"type":"LineString","coordinates":[[6.051463,43.252943],[6.051599,43.252943],[6.051788,43.252927],[6.051856,43.252913],[6.051964,43.252877]]}},{"type":"Feature","properties":{"cleabs":"TRONROUT0000000075256722","nature":"Route à 1 chaussée","largeur_de_chaussee":3,"cpx_classement_administratif":"Communal"},"geometry":{"type":"LineString","coordinates":[[6.051964,43.252877],[6.052107,43.25279],[6.05226,43.252727],[6.052588,43.252578]]}},{"type":"Feature","properties":{"cleabs":"TRONROUT0000000075256723","nature":"Route à 1 chaussée","largeur_de_chaussee":3,"cpx_classement_administratif":"Communal"},"geometry":{"type":"LineString","coordinates":[[6.051338,43.252945],[6.051463,43.252943]]}},{"type":"Feature","properties":{"cleabs":"TRONROUT0000000075256724","nature":"Chemin","largeur_de_chaussee":null,"cpx_classement_administratif":null},"geometry":{"type":"LineString","coordinates":[[6.046806,43.252572],[6.046801,43.252368],[6.046785,43.252146],[6.046735,43.25184],[6.046709,43.251587],[6.046691,43.251512],[6.046678,43.251489],[6.046649,43.251473],[6.046606,43.25148]]}},{"type":"Feature","properties":{"cleabs":"TRONROUT0000000075256725","nature":"Chemin","largeur_de_chaussee":null,"cpx_classement_administratif":null},"geometry":{"type":"LineString","coordinates":[[6.044678,43.253426],[6.044689,43.253582],[6.044685,43.253822],[6.044704,43.254044],[6.044734,43.254153],[6.044738,43.254391],[6.044755,43.254619],[6.044752,43.254708],[6.044707,43.254858],[6.044722,43.254926],[6.044715,43.254987]]}},{"type":"Feature","properties":{"cleabs":"TRONROUT0000000075256726","nature":"Chemin","largeur_de_chaussee":null,"cpx_classement_administratif":null},"geometry":{"type":"LineString","coordinates":[[6.044705,43.253201],[6.044768,43.253253],[6.045291,43.253521],[6.045435,43.253601],[6.045445,43.253623],[6.045439,43.253796],[6.045422,43.25389],[6.045386,43.253999]]}},{"type":"Feature","properties":{"cleabs":"TRONROUT0000000075256727","nature":"Chemin","largeur_de_chaussee":null,"cpx_classement_administratif":null},"geometry":{"type":"LineString","coordinates":[[6.044352,43.252647],[6.044343,43.252582],[6.044345,43.252384],[6.044334,43.252294],[6.044313,43.252252],[6.044253,43.252179],[6.044166,43.252103],[6.044085,43.252055],[6.043956,43.252006],[6.043857,43.251978],[6.043783,43.251959],[6.043756,43.251936],[6.043756,43.251907],[6.043763,43.251863],[6.043757,43.251816],[6.043726,43.251785],[6.043645,43.251753],[6.043499,43.251688],[6.043284,43.251631]]}},{"type":"Feature","properties":{"cleabs":"TRONROUT0000000075256728","nature":"Route à 1 chaussée","largeur_de_chaussee":3,"cpx_classement_administratif":"Communal"},"geometry":{"type":"LineString","coordinates":[[6.048425,43.253133],[6.04868,43.253146],[6.048871,43.253134],[6.049561,43.253089],[6.049874,43.253041],[6.04995,43.253034]]}},{"type":"Feature","properties":{"cleabs":"TRONROUT0000000075256729","nature":"Route à 1 chaussée","largeur_de_chaussee":3,"cpx_classement_administratif":"Communal"},"geometry":{"type":"LineString","coordinates":[[6.046806,43.252572],[6.046847,43.252586],[6.046961,43.252636],[6.047228,43.252738],[6.047344,43.252783],[6.047523,43.252844],[6.048077,43.253051],[6.048258,43.253103],[6.048425,43.253133]]}},{"type":"Feature","properties":{"cleabs":"TRONROUT0000000075256730","nature":"Route à 1 chaussée","largeur_de_chaussee":3,"cpx_classement_administratif":"Communal"},"geometry":{"type":"LineString","coordinates":[[6.044352,43.252647],[6.044693,43.252628]]}},{"type":"Feature","properties":{"cleabs":"TRONROUT0000000075256731","nature":"Route à 1 chaussée","largeur_de_chaussee":3,"cpx_classement_administratif":"Communal"},"geometry":{"type":"LineString","coordinates":[[6.045691,43.25256],[6.045758,43.252556],[6.046151,43.252525],[6.046505,43.252504],[6.046634,43.252518],[6.046806,43.252572]]}},{"type":"Feature","properties":{"cleabs":"TRONROUT0000000075256732","nature":"Route à 1 chaussée","largeur_de_chaussee":3,"cpx_classement_administratif":"Communal"},"geometry":{"type":"LineString","coordinates":[[6.044693,43.252628],[6.044961,43.252605],[6.045077,43.252598]]}},{"type":"Feature","properties":{"cleabs":"TRONROUT0000000075256734","nature":"Chemin","largeur_de_chaussee":null,"cpx_classement_administratif":null},"geometry":{"type":"LineString","coordinates":[[6.044693,43.252628],[6.04468,43.252754],[6.044705,43.253201]]}},{"type":"Feature","properties":{"cleabs":"TRONROUT0000000075256738","nature":"Route à 1 chaussée","largeur_de_chaussee":3,"cpx_classement_administratif":"Communal"},"geometry":{"type":"LineString","coordinates":[[6.042895,43.252733],[6.04309,43.25271],[6.043499,43.252679],[6.043782,43.252682],[6.044352,43.252647]]}},{"type":"Feature","properties":{"cleabs":"TRONROUT0000000075256742","nature":"Route empierrée","largeur_de_chaussee":null,"cpx_classement_administratif":null},"geometry":{"type":"LineString","coordinates":[[6.043045,43.254406],[6.043038,43.254191],[6.042954,43.253414],[6.042895,43.252733]]}},{"type":"Feature","properties":{"cleabs":"TRONROUT0000000075257879","nature":"Route empierrée","largeur_de_chaussee":null,"cpx_classement_administratif":null},"geometry":{"type":"LineString","coordinates":[[6.071322,43.24899],[6.071033,43.249308],[6.070983,43.24934],[6.070817,43.249392],[6.070765,43.249405],[6.070721,43.249399],[6.070081,43.249103],[6.06992,43.249042]]}},{"type":"Feature","properties":{"cleabs":"TRONROUT0000000075257884","nature":"Route à 1 chaussée","largeur_de_chaussee":7,"cpx_classement_administratif":"Départementale"},"geometry":{"type":"LineString","coordinates":[[6.069874,43.249758],[6.070584,43.249586],[6.070877,43.249521],[6.0713,43.249423],[6.071654,43.249343],[6.071902,43.249291],[6.072467,43.249192],[6.072757,43.249151],[6.073274,43.249099],[6.073667,43.249071]]}},{"type":"Feature","properties":{"cleabs":"TRONROUT0000000075257885","nature":"Route à 1 chaussée","largeur_de_chaussee":7,"cpx_classement_administratif":"Départementale"},"geometry":{"type":"LineString","coordinates":[[6.069689,43.249803],[6.069711,43.249798],[6.069747,43.24979],[6.0698,43.249779],[6.069874,43.249758]]}},{"type":"Feature","properties":{"cleabs":"TRONROUT0000000075257886","nature":"Route à 1 chaussée","largeur_de_chaussee":3,"cpx_classement_administratif":"Communal"},"geometry":{"type":"LineString","coordinates":[[6.07184,43.249776],[6.071665,43.24972],[6.071484,43.249644],[6.071395,43.249629],[6.071296,43.249635],[6.071195,43.24966],[6.07105,43.24968],[6.07091,43.249705],[6.070588,43.249769],[6.070159,43.249875],[6.070057,43.24991],[6.069781,43.249971]]}},{"type":"Feature","properties":{"cleabs":"TRONROUT0000000075257887","nature":"Route à 1 chaussée","largeur_de_chaussee":3,"cpx_classement_administratif":"Communal"},"geometry":{"type":"LineString","coordinates":[[6.070844,43.247051],[6.070728,43.246933],[6.070677,43.246871],[6.070646,43.246806],[6.070475,43.246347],[6.070433,43.24629]]}},{"type":"Feature","properties":{"cleabs":"TRONROUT0000000075257888","nature":"Chemin","largeur_de_chaussee":null,"cpx_classement_administratif":null},"geometry":{"type":"LineString","coordinates":[[6.07042,43.248184],[6.070621,43.248186],[6.070768,43.248218],[6.071259,43.248363],[6.071368,43.248403],[6.071401,43.248426]]}},{"type":"Feature","properties":{"cleabs":"TRONROUT0000000075257889","nature":"Route à 1 chaussée","largeur_de_chaussee":3,"cpx_classement_administratif":"Communal"},"geometry":{"type":"LineString","coordinates":[[6.069781,43.249971],[6.069765,43.250105]]}},{"type":"Feature","properties":{"cleabs":"TRONROUT0000000075257890","nature":"Route à 1 chaussée","largeur_de_chaussee":3,"cpx_classement_administratif":"Communal"},"geometry":{"type":"LineString","coordinates":[[6.069765,43.250105],[6.069759,43.25015],[6.069691,43.250755],[6.069693,43.250884]]}},{"type":"Feature","properties":{"cleabs":"TRONROUT0000000075257891","nature":"Route à 1 chaussée","largeur_de_chaussee":3,"cpx_classement_administratif":"Communal"},"geometry":{"type":"LineString","coordinates":[[6.069955,43.248397],[6.070089,43.248304],[6.070228,43.248221],[6.07034,43.248184]]}},{"type":"Feature","properties":{"cleabs":"TRONROUT0000000075257892","nature":"Route empierrée","largeur_de_chaussee":null,"cpx_classement_administratif":null},"geometry":{"type":"LineString","coordinates":[[6.07034,43.248184],[6.070442,43.248133],[6.070535,43.248098],[6.070653,43.248027],[6.070736,43.247938]]}},{"type":"Feature","properties":{"cleabs":"TRONROUT0000000075257893","nature":"Route à 1 chaussée","largeur_de_chaussee":4,"cpx_classement_administratif":"Communal"},"geometry":{"type":"LineString","coordinates":[[6.06992,43.249042],[6.069931,43.248821],[6.069974,43.248519],[6.069968,43.248446],[6.069955,43.248397]]}},{"type":"Feature","properties":{"cleabs":"TRONROUT0000000075257894","nature":"Route à 1 chaussée","largeur_de_chaussee":4,"cpx_classement_administratif":"Communal"},"geometry":{"type":"LineString","coordinates":[[6.069781,43.249971],[6.0698,43.249779],[6.069814,43.249654]]}},{"type":"Feature","properties":{"cleabs":"TRONROUT0000000075257898","nature":"Route à 1 chaussée","largeur_de_chaussee":4,"cpx_classement_administratif":"Communal"},"geometry":{"type":"LineString","coordinates":[[6.067763,43.248003],[6.067904,43.248064],[6.068685,43.248279],[6.068898,43.24832],[6.069079,43.248342],[6.069272,43.248351],[6.069412,43.248349],[6.069723,43.248346],[6.069875,43.248359],[6.069955,43.248397]]}},{"type":"Feature","properties":{"cleabs":"TRONROUT0000000075257900","nature":"Route empierrée","largeur_de_chaussee":null,"cpx_classement_administratif":null},"geometry":{"type":"LineString","coordinates":[[6.069765,43.250105],[6.069651,43.250088],[6.069484,43.250075],[6.069313,43.250105],[6.068788,43.250273],[6.068518,43.250366],[6.068076,43.250549],[6.06731,43.250861],[6.067206,43.250896],[6.067169,43.251079]]}},{"type":"Feature","properties":{"cleabs":"TRONROUT0000000075257901","nature":"Chemin","largeur_de_chaussee":null,"cpx_classement_administratif":null},"geometry":{"type":"LineString","coordinates":[[6.065802,43.249759],[6.065952,43.249799],[6.066173,43.249868],[6.066279,43.2499],[6.06637,43.249944],[6.066448,43.249995],[6.066577,43.25006]]}},{"type":"Feature","properties":{"cleabs":"TRONROUT0000000075257902","nature":"Route à 1 chaussée","largeur_de_chaussee":7,"cpx_classement_administratif":"Départementale"},"geometry":{"type":"LineString","coordinates":[[6.065933,43.251425],[6.066219,43.251212],[6.066332,43.251136],[6.066485,43.251046],[6.06666,43.250948],[6.06686,43.250845],[6.067466,43.250567],[6.068073,43.250309],[6.068308,43.250221],[6.068747,43.250068],[6.069442,43.249862],[6.069689,43.249803]]}},{"type":"Feature","properties":{"cleabs":"TRONROUT0000000075257903","nature":"Route à 1 chaussée","largeur_de_chaussee":3,"cpx_classement_administratif":"Communal"},"geometry":{"type":"LineString","coordinates":[[6.066541,43.250125],[6.066577,43.25006]]}},{"type":"Feature","properties":{"cleabs":"TRONROUT0000000075257904","nature":"Route à 1 chaussée","largeur_de_chaussee":3,"cpx_classement_administratif":"Communal"},"geometry":{"type":"LineString","coordinates":[[6.066577,43.25006],[6.066805,43.249675],[6.067144,43.249083]]}},{"type":"Feature","properties":{"cleabs":"TRONROUT0000000075257905","nature":"Route à 1 chaussée","largeur_de_chaussee":3,"cpx_classement_administratif":"Communal"},"geometry":{"type":"LineString","coordinates":[[6.067669,43.24815],[6.067763,43.248003]]}},{"type":"Feature","properties":{"cleabs":"TRONROUT0000000075257907","nature":"Route empierrée","largeur_de_chaussee":null,"cpx_classement_administratif":null},"geometry":{"type":"LineString","coordinates":[[6.06376,43.248073],[6.063655,43.248076],[6.063576,43.248055],[6.063549,43.248002],[6.063567,43.247897],[6.0636,43.247736],[6.063617,43.247599],[6.063553,43.247561],[6.063415,43.24754],[6.063188,43.247514],[6.063114,43.247505],[6.063087,43.247474],[6.063087,43.247264],[6.063089,43.247141],[6.063051,43.247113],[6.062979,43.2471],[6.062762,43.247083],[6.062574,43.24706],[6.062506,43.24703],[6.062447,43.247013],[6.06239,43.247024],[6.06232,43.247021],[6.062181,43.247035],[6.062176,43.247078],[6.06217,43.247167],[6.062195,43.247259],[6.062191,43.247315],[6.062178,43.247385]]}},{"type":"Feature","properties":{"cleabs":"TRONROUT0000000075257908","nature":"Route empierrée","largeur_de_chaussee":null,"cpx_classement_administratif":null},"geometry":{"type":"LineString","coordinates":[[6.061951,43.247348],[6.062017,43.247356],[6.062103,43.247372]]}},{"type":"Feature","properties":{"cleabs":"TRONROUT0000000075257909","nature":"Route à 1 chaussée","largeur_de_chaussee":3,"cpx_classement_administratif":"Communal"},"geometry":{"type":"LineString","coordinates":[[6.061181,43.251412],[6.061107,43.251812],[6.061069,43.251982],[6.061018,43.252161],[6.060934,43.252357],[6.060858,43.252502],[6.060648,43.252902],[6.06053,43.253072],[6.060436,43.253229],[6.060377,43.253304],[6.06019,43.253537],[6.060164,43.253565]]}},{"type":"Feature","properties":{"cleabs":"TRONROUT0000000075257910","nature":"Route à 1 chaussée","largeur_de_chaussee":3,"cpx_classement_administratif":"Communal"},"geometry":{"type":"LineString","coordinates":[[6.061664,43.246935],[6.06176,43.246988],[6.061874,43.247096],[6.061902,43.247205],[6.061896,43.24734]]}},{"type":"Feature","properties":{"cleabs":"TRONROUT0000000075257911","nature":"Route à 1 chaussée","largeur_de_chaussee":3,"cpx_classement_administratif":"Communal"},"geometry":{"type":"LineString","coordinates":[[6.060201,43.247821],[6.060193,43.247891],[6.060187,43.247947]]}},{"type":"Feature","properties":{"cleabs":"TRONROUT0000000075257912","nature":"Route empierrée","largeur_de_chaussee":null,"cpx_classement_administratif":null},"geometry":{"type":"LineString","coordinates":[[6.062103,43.247372],[6.062178,43.247385]]}},{"type":"Feature","properties":{"cleabs":"TRONROUT0000000075257913","nature":"Route empierrée","largeur_de_chaussee":null,"cpx_classement_administratif":null},"geometry":{"type":"LineString","coordinates":[[6.061896,43.24734],[6.061951,43.247348]]}},{"type":"Feature","properties":{"cleabs":"TRONROUT0000000075257915","nature":"Route empierrée","largeur_de_chaussee":null,"cpx_classement_administratif":null},"geometry":{"type":"LineString","coordinates":[[6.056649,43.250834],[6.056577,43.25078],[6.056543,43.250606],[6.056501,43.250393],[6.056452,43.250261],[6.056427,43.250212],[6.05644,43.250188],[6.056475,43.250159],[6.056599,43.250125],[6.056829,43.250056]]}},{"type":"Feature","properties":{"cleabs":"TRONROUT0000000075257916","nature":"Chemin","largeur_de_chaussee":null,"cpx_classement_administratif":null},"geometry":{"type":"LineString","coordinates":[[6.057462,43.250526],[6.057533,43.250624],[6.057707,43.250802]]}},{"type":"Feature","properties":{"cleabs":"TRONROUT0000000075257917","nature":"Route à 1 chaussée","largeur_de_chaussee":3,"cpx_classement_administratif":"Communal"},"geometry":{"type":"LineString","coordinates":[[6.057462,43.250526],[6.057308,43.25059],[6.05689,43.250741],[6.056748,43.250801],[6.056649,43.250834]]}},{"type":"Feature","properties":{"cleabs":"TRONROUT0000000075257918","nature":"Route à 1 chaussée","largeur_de_chaussee":3,"cpx_classement_administratif":"Communal"},"geometry":{"type":"LineString","coordinates":[[6.060187,43.247947],[6.060131,43.248486],[6.060102,43.248652],[6.060056,43.248769],[6.059997,43.248876],[6.059896,43.249016],[6.059607,43.249276],[6.059321,43.249492],[6.059002,43.249715],[6.058819,43.249819],[6.058584,43.249931],[6.058334,43.250023],[6.058005,43.250159],[6.057851,43.25025],[6.057462,43.250526]]}},{"type":"Feature","properties":{"cleabs":"TRONROUT0000000075257919","nature":"Route à 1 chaussée","largeur_de_chaussee":3,"cpx_classement_administratif":"Communal"},"geometry":{"type":"LineString","coordinates":[[6.054082,43.247239],[6.053837,43.247276],[6.053637,43.247271]]}},{"type":"Feature","properties":{"cleabs":"TRONROUT0000000075257920","nature":"Route à 1 chaussée","largeur_de_chaussee":3,"cpx_classement_administratif":"Communal"},"geometry":{"type":"LineString","coordinates":[[6.052541,43.251506],[6.052579,43.251453],[6.052584,43.25145]]}},{"type":"Feature","properties":{"cleabs":"TRONROUT0000000075257921","nature":"Route à 1 chaussée","largeur_de_chaussee":3,"cpx_classement_administratif":"Communal"},"geometry":{"type":"LineString","coordinates":[[6.053637,43.247271],[6.0536,43.24727],[6.053446,43.247264],[6.053287,43.247233],[6.053191,43.247208],[6.052837,43.24716],[6.052743,43.247154],[6.052649,43.247166],[6.05253,43.247212],[6.052325,43.247309],[6.051961,43.247439],[6.051827,43.247482],[6.051555,43.247535],[6.051424,43.247572],[6.051288,43.247598],[6.051196,43.247629],[6.051012,43.247745],[6.050924,43.247775],[6.050812,43.247801],[6.05043,43.24784],[6.050321,43.247857],[6.05022,43.247896],[6.050118,43.247951],[6.04991,43.247989],[6.049803,43.248041],[6.049562,43.248283],[6.049276,43.24831]]}},{"type":"Feature","properties":{"cleabs":"TRONROUT0000000075259064","nature":"Route empierrée","largeur_de_chaussee":null,"cpx_classement_administratif":null},"geometry":{"type":"LineString","coordinates":[[6.070394,43.245415],[6.070326,43.245397],[6.070252,43.245366],[6.070195,43.245323],[6.070109,43.245187],[6.070038,43.245127],[6.0699,43.245044],[6.06983,43.24501],[6.069764,43.244984],[6.069703,43.244971],[6.069642,43.244969],[6.069583,43.244975],[6.069557,43.245003],[6.069535,43.245044]]}},{"type":"Feature","properties":{"cleabs":"TRONROUT0000000075259068","nature":"Route à 1 chaussée","largeur_de_chaussee":4,"cpx_classement_administratif":"Communal"},"geometry":{"type":"LineString","coordinates":[[6.069694,43.243285],[6.069291,43.243388],[6.069192,43.243421]]}},{"type":"Feature","properties":{"cleabs":"TRONROUT0000000075259069","nature":"Route à 1 chaussée","largeur_de_chaussee":4,"cpx_classement_administratif":"Communal"},"geometry":{"type":"LineString","coordinates":[[6.070588,43.243427],[6.070497,43.243486],[6.070318,43.24374],[6.070062,43.244089],[6.070017,43.244129],[6.069864,43.244184]]}},{"type":"Feature","properties":{"cleabs":"TRONROUT0000000075259070","nature":"Route à 1 chaussée","largeur_de_chaussee":4,"cpx_classement_administratif":"Communal"},"geometry":{"type":"LineString","coordinates":[[6.070349,43.24476],[6.070536,43.24501],[6.070583,43.245085],[6.070601,43.245138],[6.070581,43.245191],[6.070543,43.245241],[6.070493,43.245276]]}},{"type":"Feature","properties":{"cleabs":"TRONROUT0000000075259071","nature":"Rond-point","largeur_de_chaussee":4,"cpx_classement_administratif":"Communal"},"geometry":{"type":"LineString","coordinates":[[6.069962,43.243228],[6.069973,43.243265],[6.069972,43.243298],[6.069952,43.243338],[6.069921,43.243358],[6.06987,43.24337]]}},{"type":"Feature","properties":{"cleabs":"TRONROUT0000000075259072","nature":"Rond-point","largeur_de_chaussee":4,"cpx_classement_administratif":"Communal"},"geometry":{"type":"LineString","coordinates":[[6.06987,43.24337],[6.069819,43.243381],[6.069785,43.243373],[6.069742,43.243355],[6.069719,43.243334]]}},{"type":"Feature","properties":{"cleabs":"TRONROUT0000000075259074","nature":"Route à 1 chaussée","largeur_de_chaussee":4,"cpx_classement_administratif":"Communal"},"geometry":{"type":"LineString","coordinates":[[6.070588,43.243427],[6.070631,43.24347],[6.070701,43.243487],[6.070837,43.243502],[6.071159,43.243532],[6.071234,43.243534],[6.071431,43.243521]]}},{"type":"Feature","properties":{"cleabs":"TRONROUT0000000075259075","nature":"Rond-point","largeur_de_chaussee":4,"cpx_classement_administratif":"Communal"},"geometry":{"type":"LineString","coordinates":[[6.069718,43.243224],[6.069748,43.243194],[6.069798,43.243181],[6.069845,43.243179],[6.069886,43.243186]]}},{"type":"Feature","properties":{"cleabs":"TRONROUT0000000075259076","nature":"Rond-point","largeur_de_chaussee":4,"cpx_classement_administratif":"Communal"},"geometry":{"type":"LineString","coordinates":[[6.069694,43.243285],[6.0697,43.243256],[6.069718,43.243224]]}},{"type":"Feature","properties":{"cleabs":"TRONROUT0000000075259078","nature":"Rond-point","largeur_de_chaussee":4,"cpx_classement_administratif":"Communal"},"geometry":{"type":"LineString","coordinates":[[6.069719,43.243334],[6.069704,43.243311],[6.069694,43.243285]]}},{"type":"Feature","properties":{"cleabs":"TRONROUT0000000075259079","nature":"Rond-point","largeur_de_chaussee":4,"cpx_classement_administratif":"Communal"},"geometry":{"type":"LineString","coordinates":[[6.069886,43.243186],[6.069939,43.243207],[6.069962,43.243228]]}},{"type":"Feature","properties":{"cleabs":"TRONROUT0000000075259080","nature":"Route à 1 chaussée","largeur_de_chaussee":4,"cpx_classement_administratif":"Communal"},"geometry":{"type":"LineString","coordinates":[[6.070493,43.245276],[6.0706,43.245312],[6.070693,43.24531],[6.070811,43.245281],[6.071009,43.245204],[6.071229,43.245094]]}},{"type":"Feature","properties":{"cleabs":"TRONROUT0000000075259082","nature":"Route à 1 chaussée","largeur_de_chaussee":4,"cpx_classement_administratif":"Communal"},"geometry":{"type":"LineString","coordinates":[[6.070493,43.245276],[6.070378,43.245263],[6.070317,43.245264]]}},{"type":"Feature","properties":{"cleabs":"TRONROUT0000000075259083","nature":"Route à 1 chaussée","largeur_de_chaussee":4,"cpx_classement_administratif":"Communal"},"geometry":{"type":"LineString","coordinates":[[6.070548,43.243337],[6.070588,43.243427]]}},{"type":"Feature","properties":{"cleabs":"TRONROUT0000000075259085","nature":"Route à 1 chaussée","largeur_de_chaussee":4,"cpx_classement_administratif":"Communal"},"geometry":{"type":"LineString","coordinates":[[6.071229,43.245094],[6.070973,43.245032],[6.070739,43.244979]]}},{"type":"Feature","properties":{"cleabs":"TRONROUT0000000075259087","nature":"Route à 1 chaussée","largeur_de_chaussee":4,"cpx_classement_administratif":"Communal"},"geometry":{"type":"LineString","coordinates":[[6.071225,43.243884],[6.071157,43.243969],[6.071141,43.24402],[6.071152,43.244258],[6.07114,43.244305],[6.071094,43.244336],[6.070954,43.244355],[6.070687,43.244374]]}},{"type":"Feature","properties":{"cleabs":"TRONROUT0000000075259088","nature":"Route empierrée","largeur_de_chaussee":null,"cpx_classement_administratif":null},"geometry":{"type":"LineString","coordinates":[[6.071579,43.246167],[6.071392,43.246304],[6.071279,43.246379],[6.071012,43.2466],[6.07089,43.246499],[6.070761,43.246355],[6.070611,43.246204],[6.0705,43.246136]]}},{"type":"Feature","properties":{"cleabs":"TRONROUT0000000075259090","nature":"Route à 1 chaussée","largeur_de_chaussee":3,"cpx_classement_administratif":"Communal"},"geometry":{"type":"LineString","coordinates":[[6.070433,43.24629],[6.0705,43.246136]]}},{"type":"Feature","properties":{"cleabs":"TRONROUT0000000075259091","nature":"Route à 1 chaussée","largeur_de_chaussee":3,"cpx_classement_administratif":"Communal"},"geometry":{"type":"LineString","coordinates":[[6.0705,43.246136],[6.070532,43.245982],[6.070546,43.245866],[6.070519,43.245706],[6.070459,43.245548],[6.070394,43.245415]]}},{"type":"Feature","properties":{"cleabs":"TRONROUT0000000075259092","nature":"Route à 1 chaussée","largeur_de_chaussee":3,"cpx_classement_administratif":"Communal"},"geometry":{"type":"LineString","coordinates":[[6.070394,43.245415],[6.070317,43.245264]]}},{"type":"Feature","properties":{"cleabs":"TRONROUT0000000075259093","nature":"Route à 1 chaussée","largeur_de_chaussee":4,"cpx_classement_administratif":"Communal"},"geometry":{"type":"LineString","coordinates":[[6.070548,43.243337],[6.070466,43.243345],[6.070404,43.243349],[6.070351,43.243345],[6.070277,43.243333]]}},{"type":"Feature","properties":{"cleabs":"TRONROUT0000000075259094","nature":"Route à 1 chaussée","largeur_de_chaussee":3,"cpx_classement_administratif":"Communal"},"geometry":{"type":"LineString","coordinates":[[6.070548,43.243337],[6.070677,43.243288],[6.070834,43.243186],[6.07097,43.243075],[6.071135,43.242926]]}},{"type":"Feature","properties":{"cleabs":"TRONROUT0000000075259095","nature":"Route à 1 chaussée","largeur_de_chaussee":4,"cpx_classement_administratif":"Communal"},"geometry":{"type":"LineString","coordinates":[[6.069622,43.243507],[6.069509,43.243638],[6.069414,43.243789],[6.069319,43.243959],[6.069245,43.244115],[6.069201,43.244251],[6.0692,43.244314],[6.069215,43.244375],[6.06926,43.244437],[6.069387,43.244531],[6.069733,43.24473],[6.069947,43.244864],[6.070075,43.244966],[6.070189,43.245072],[6.070264,43.24516],[6.070317,43.245264]]}},{"type":"Feature","properties":{"cleabs":"TRONROUT0000000075259096","nature":"Route à 1 chaussée","largeur_de_chaussee":4,"cpx_classement_administratif":"Communal"},"geometry":{"type":"LineString","coordinates":[[6.069622,43.243507],[6.069685,43.243396],[6.069719,43.243334]]}},{"type":"Feature","properties":{"cleabs":"TRONROUT0000000075259097","nature":"Route à 1 chaussée","largeur_de_chaussee":4,"cpx_classement_administratif":"Communal"},"geometry":{"type":"LineString","coordinates":[[6.069718,43.243224],[6.069723,43.243032]]}},{"type":"Feature","properties":{"cleabs":"TRONROUT0000000075259098","nature":"Route à 1 chaussée","largeur_de_chaussee":4,"cpx_classement_administratif":"Communal"},"geometry":{"type":"LineString","coordinates":[[6.069962,43.243228],[6.070117,43.24328],[6.070277,43.243333]]}},{"type":"Feature","properties":{"cleabs":"TRONROUT0000000075259099","nature":"Route à 1 chaussée","largeur_de_chaussee":4,"cpx_classement_administratif":"Communal"},"geometry":{"type":"LineString","coordinates":[[6.069886,43.243186],[6.069825,43.243133],[6.069778,43.243092],[6.069723,43.243032]]}},{"type":"Feature","properties":{"cleabs":"TRONROUT0000000075259100","nature":"Route à 1 chaussée","largeur_de_chaussee":4,"cpx_classement_administratif":"Communal"},"geometry":{"type":"LineString","coordinates":[[6.06987,43.24337],[6.069988,43.243348],[6.070064,43.243342],[6.070165,43.243335],[6.070277,43.243333]]}},{"type":"Feature","properties":{"cleabs":"TRONROUT0000000075259101","nature":"Route à 1 chaussée","largeur_de_chaussee":3,"cpx_classement_administratif":"Communal"},"geometry":{"type":"LineString","coordinates":[[6.069622,43.243507],[6.069767,43.243423],[6.06987,43.24337]]}},{"type":"Feature","properties":{"cleabs":"TRONROUT0000000075259104","nature":"Route à 1 chaussée","largeur_de_chaussee":3,"cpx_classement_administratif":"Communal"},"geometry":{"type":"LineString","coordinates":[[6.06459,43.244841],[6.064507,43.244809],[6.064443,43.244756],[6.064378,43.244676],[6.064339,43.244566],[6.064295,43.244477],[6.064269,43.244441],[6.064273,43.244367],[6.064318,43.24429],[6.064303,43.244252]]}},{"type":"Feature","properties":{"cleabs":"TRONROUT0000000075259105","nature":"Route empierrée","largeur_de_chaussee":null,"cpx_classement_administratif":null},"geometry":{"type":"LineString","coordinates":[[6.063608,43.243973],[6.063465,43.243961]]}},{"type":"Feature","properties":{"cleabs":"TRONROUT0000000075259106","nature":"Chemin","largeur_de_chaussee":null,"cpx_classement_administratif":null},"geometry":{"type":"LineString","coordinates":[[6.067039,43.243884],[6.067195,43.243577],[6.0672,43.243522],[6.067182,43.243486],[6.067166,43.243473]]}},{"type":"Feature","properties":{"cleabs":"TRONROUT0000000075259107","nature":"Route à 1 chaussée","largeur_de_chaussee":3,"cpx_classement_administratif":"Communal"},"geometry":{"type":"LineString","coordinates":[[6.064346,43.244198],[6.064303,43.244252]]}},{"type":"Feature","properties":{"cleabs":"TRONROUT0000000075259108","nature":"Route à 1 chaussée","largeur_de_chaussee":4,"cpx_classement_administratif":"Communal"},"geometry":{"type":"LineString","coordinates":[[6.068935,43.243853],[6.068346,43.243705],[6.067773,43.243551]]}},{"type":"Feature","properties":{"cleabs":"TRONROUT0000000075259109","nature":"Route à 1 chaussée","largeur_de_chaussee":4,"cpx_classement_administratif":"Communal"},"geometry":{"type":"LineString","coordinates":[[6.067773,43.243551],[6.06788,43.243328],[6.067965,43.243182]]}},{"type":"Feature","properties":{"cleabs":"TRONROUT0000000075259110","nature":"Route à 1 chaussée","largeur_de_chaussee":4,"cpx_classement_administratif":"Communal"},"geometry":{"type":"LineString","coordinates":[[6.067545,43.243981],[6.067668,43.243758],[6.067773,43.243551]]}},{"type":"Feature","properties":{"cleabs":"TRONROUT0000000075259111","nature":"Route à 1 chaussée","largeur_de_chaussee":3,"cpx_classement_administratif":"Communal"},"geometry":{"type":"LineString","coordinates":[[6.064303,43.244252],[6.064054,43.24445],[6.063699,43.244692],[6.063619,43.244711],[6.063532,43.244702]]}},{"type":"Feature","properties":{"cleabs":"TRONROUT0000000075259112","nature":"Route à 1 chaussée","largeur_de_chaussee":4,"cpx_classement_administratif":"Communal"},"geometry":{"type":"LineString","coordinates":[[6.067773,43.243551],[6.067372,43.243451]]}},{"type":"Feature","properties":{"cleabs":"TRONROUT0000000075259113","nature":"Route à 1 chaussée","largeur_de_chaussee":4,"cpx_classement_administratif":"Communal"},"geometry":{"type":"LineString","coordinates":[[6.068935,43.243853],[6.068854,43.244039],[6.068709,43.244311],[6.06851,43.244261],[6.068287,43.244215],[6.068092,43.244166]]}},{"type":"Feature","properties":{"cleabs":"TRONROUT0000000075259114","nature":"Route à 1 chaussée","largeur_de_chaussee":3,"cpx_classement_administratif":"Communal"},"geometry":{"type":"LineString","coordinates":[[6.06579,43.243501],[6.06527,43.243677],[6.065103,43.243745],[6.06475,43.243877],[6.064585,43.24396],[6.064518,43.24401]]}},{"type":"Feature","properties":{"cleabs":"TRONROUT0000000075259115","nature":"Route à 1 chaussée","largeur_de_chaussee":3,"cpx_classement_administratif":"Communal"},"geometry":{"type":"LineString","coordinates":[[6.065638,43.243051],[6.06573,43.243275],[6.06579,43.243501]]}},{"type":"Feature","properties":{"cleabs":"TRONROUT0000000075259116","nature":"Route à 1 chaussée","largeur_de_chaussee":3,"cpx_classement_administratif":"Communal"},"geometry":{"type":"LineString","coordinates":[[6.067763,43.248003],[6.067997,43.247711],[6.068097,43.247634]]}},{"type":"Feature","properties":{"cleabs":"TRONROUT0000000075259117","nature":"Route à 1 chaussée","largeur_de_chaussee":3,"cpx_classement_administratif":"Communal"},"geometry":{"type":"LineString","coordinates":[[6.062843,43.243807],[6.062733,43.243788],[6.062461,43.243727],[6.06205,43.243607],[6.061212,43.243366],[6.061027,43.243325],[6.06095,43.243275],[6.060858,43.24325],[6.060705,43.243218],[6.060545,43.243207],[6.060448,43.24325],[6.060388,43.243335]]}},{"type":"Feature","properties":{"cleabs":"TRONROUT0000000075259118","nature":"Chemin","largeur_de_chaussee":null,"cpx_classement_administratif":null},"geometry":{"type":"LineString","coordinates":[[6.062449,43.244534],[6.062293,43.24452],[6.062082,43.244513],[6.06171,43.244428],[6.061208,43.244323],[6.060969,43.244284],[6.060756,43.244258],[6.060585,43.244284],[6.060414,43.24428]]}},{"type":"Feature","properties":{"cleabs":"TRONROUT0000000075259119","nature":"Chemin","largeur_de_chaussee":null,"cpx_classement_administratif":null},"geometry":{"type":"LineString","coordinates":[[6.062038,43.245546],[6.062225,43.245636],[6.062314,43.245663]]}},{"type":"Feature","properties":{"cleabs":"TRONROUT0000000075259120","nature":"Chemin","largeur_de_chaussee":null,"cpx_classement_administratif":null},"geometry":{"type":"LineString","coordinates":[[6.062314,43.245663],[6.062404,43.245693],[6.062497,43.245724]]}},{"type":"Feature","properties":{"cleabs":"TRONROUT0000000075259121","nature":"Chemin","largeur_de_chaussee":null,"cpx_classement_administratif":null},"geometry":{"type":"LineString","coordinates":[[6.060414,43.24428],[6.06034,43.244342],[6.060231,43.244463],[6.060029,43.244778],[6.059967,43.244826],[6.059925,43.244856]]}},{"type":"Feature","properties":{"cleabs":"TRONROUT0000000075259122","nature":"Chemin","largeur_de_chaussee":null,"cpx_classement_administratif":null},"geometry":{"type":"LineString","coordinates":[[6.060414,43.24428],[6.059761,43.244075],[6.059602,43.244038],[6.05952,43.244014]]}},{"type":"Feature","properties":{"cleabs":"TRONROUT0000000075259123","nature":"Chemin","largeur_de_chaussee":null,"cpx_classement_administratif":null},"geometry":{"type":"LineString","coordinates":[[6.059988,43.246533],[6.059976,43.246111],[6.059961,43.245922]]}},{"type":"Feature","properties":{"cleabs":"TRONROUT0000000075259124","nature":"Chemin","largeur_de_chaussee":null,"cpx_classement_administratif":null},"geometry":{"type":"LineString","coordinates":[[6.062497,43.245724],[6.062551,43.245716],[6.062671,43.245519],[6.062739,43.245364],[6.062778,43.245204],[6.062839,43.245025]]}},{"type":"Feature","properties":{"cleabs":"TRONROUT0000000075259125","nature":"Route à 1 chaussée","largeur_de_chaussee":3,"cpx_classement_administratif":"Communal"},"geometry":{"type":"LineString","coordinates":[[6.061618,43.246802],[6.061617,43.246875],[6.061664,43.246935]]}},{"type":"Feature","properties":{"cleabs":"TRONROUT0000000075259126","nature":"Route à 1 chaussée","largeur_de_chaussee":3,"cpx_classement_administratif":"Communal"},"geometry":{"type":"LineString","coordinates":[[6.061578,43.246468],[6.061461,43.246601],[6.061307,43.246733]]}},{"type":"Feature","properties":{"cleabs":"TRONROUT0000000075259127","nature":"Route à 1 chaussée","largeur_de_chaussee":3,"cpx_classement_administratif":"Communal"},"geometry":{"type":"LineString","coordinates":[[6.061307,43.246733],[6.061047,43.246694],[6.060876,43.246697],[6.060782,43.24669],[6.060578,43.246654],[6.060397,43.246599],[6.060235,43.246534],[6.059988,43.246533]]}},{"type":"Feature","properties":{"cleabs":"TRONROUT0000000075259128","nature":"Route à 1 chaussée","largeur_de_chaussee":3,"cpx_classement_administratif":"Communal"},"geometry":{"type":"LineString","coordinates":[[6.061307,43.246733],[6.061025,43.247061],[6.060881,43.247199],[6.06074,43.247317],[6.060494,43.247525],[6.060339,43.247672],[6.060201,43.247821]]}},{"type":"Feature","properties":{"cleabs":"TRONROUT0000000075259129","nature":"Route à 1 chaussée","largeur_de_chaussee":3,"cpx_classement_administratif":"Communal"},"geometry":{"type":"LineString","coordinates":[[6.061578,43.246468],[6.061641,43.246515],[6.061674,43.246621],[6.061669,43.246677],[6.061618,43.246802]]}},{"type":"Feature","properties":{"cleabs":"TRONROUT0000000075259130","nature":"Route à 1 chaussée","largeur_de_chaussee":4,"cpx_classement_administratif":"Communal"},"geometry":{"type":"LineString","coordinates":[[6.063352,43.243141],[6.063197,43.24321],[6.06309,43.243308],[6.063025,43.243404]]}},{"type":"Feature","properties":{"cleabs":"TRONROUT0000000075259131","nature":"Route à 1 chaussée","largeur_de_chaussee":4,"cpx_classement_administratif":"Communal"},"geometry":{"type":"LineString","coordinates":[[6.061854,43.24598],[6.061977,43.245705],[6.062038,43.245546]]}},{"type":"Feature","properties":{"cleabs":"TRONROUT0000000075259132","nature":"Route à 1 chaussée","largeur_de_chaussee":4,"cpx_classement_administratif":"Communal"},"geometry":{"type":"LineString","coordinates":[[6.062449,43.244534],[6.062467,43.244494]]}},{"type":"Feature","properties":{"cleabs":"TRONROUT0000000075259133","nature":"Route à 1 chaussée","largeur_de_chaussee":4,"cpx_classement_administratif":"Communal"},"geometry":{"type":"LineString","coordinates":[[6.062038,43.245546],[6.062102,43.245358],[6.062198,43.245103],[6.062299,43.244856],[6.062449,43.244534]]}},{"type":"Feature","properties":{"cleabs":"TRONROUT0000000075259134","nature":"Chemin","largeur_de_chaussee":null,"cpx_classement_administratif":null},"geometry":{"type":"LineString","coordinates":[[6.053547,43.246019],[6.053615,43.245966],[6.053679,43.245966],[6.053733,43.245963],[6.053822,43.245943],[6.053917,43.245916],[6.053971,43.245909],[6.054062,43.24589],[6.054115,43.245868],[6.054267,43.245785],[6.054376,43.245753],[6.054431,43.24574],[6.054481,43.245735],[6.054511,43.245739],[6.054517,43.24577],[6.054483,43.245848],[6.054438,43.24594],[6.054378,43.246006],[6.054272,43.246092],[6.054133,43.24621],[6.053943,43.246334],[6.053859,43.246386],[6.053813,43.24642],[6.053807,43.246434],[6.053824,43.246469],[6.053905,43.246501],[6.054008,43.246529],[6.054104,43.246527],[6.054181,43.246513],[6.054264,43.246506],[6.054298,43.246515],[6.054309,43.246534],[6.054295,43.246587],[6.054263,43.246615],[6.054185,43.246641],[6.054085,43.246669],[6.054042,43.2467],[6.054005,43.246744],[6.054003,43.246779],[6.054019,43.246817],[6.054077,43.246857],[6.054118,43.246879],[6.054126,43.2469],[6.054129,43.246925],[6.054122,43.246958],[6.054072,43.246994],[6.053988,43.247052],[6.053944,43.247101],[6.053902,43.247151],[6.053862,43.247169],[6.053786,43.247184],[6.053707,43.247215],[6.053649,43.247242],[6.053637,43.247271]]}},{"type":"Feature","properties":{"cleabs":"TRONROUT0000000075259135","nature":"Chemin","largeur_de_chaussee":null,"cpx_classement_administratif":null},"geometry":{"type":"LineString","coordinates":[[6.057833,43.247138],[6.057686,43.247245],[6.057667,43.247282],[6.057732,43.247363],[6.057811,43.247466],[6.057852,43.247532],[6.057925,43.247607],[6.058012,43.247657],[6.058096,43.24772],[6.058264,43.247904],[6.058264,43.247963]]}},{"type":"Feature","properties":{"cleabs":"TRONROUT0000000075259136","nature":"Route à 1 chaussée","largeur_de_chaussee":3,"cpx_classement_administratif":"Communal"},"geometry":{"type":"LineString","coordinates":[[6.058115,43.246744],[6.057946,43.246746],[6.057845,43.246775],[6.057711,43.2468],[6.057535,43.246869],[6.057327,43.24701],[6.057102,43.247088],[6.057016,43.247137],[6.056919,43.247177]]}},{"type":"Feature","properties":{"cleabs":"TRONROUT0000000075259137","nature":"Route à 1 chaussée","largeur_de_chaussee":3,"cpx_classement_administratif":"Communal"},"geometry":{"type":"LineString","coordinates":[[6.059188,43.246585],[6.058977,43.246553],[6.058871,43.246597],[6.058776,43.246645],[6.058742,43.246662],[6.058556,43.24673],[6.058395,43.246742],[6.058331,43.246742]]}},{"type":"Feature","properties":{"cleabs":"TRONROUT0000000075260205","nature":"Route à 1 chaussée","largeur_de_chaussee":3,"cpx_classement_administratif":"Communal"},"geometry":{"type":"LineString","coordinates":[[6.068588,43.239736],[6.068661,43.239635]]}},{"type":"Feature","properties":{"cleabs":"TRONROUT0000000075260206","nature":"Route à 1 chaussée","largeur_de_chaussee":4,"cpx_classement_administratif":"Communal"},"geometry":{"type":"LineString","coordinates":[[6.068549,43.23989],[6.068588,43.240091],[6.068646,43.240224]]}},{"type":"Feature","properties":{"cleabs":"TRONROUT0000000075260207","nature":"Rond-point","largeur_de_chaussee":4,"cpx_classement_administratif":"Communal"},"geometry":{"type":"LineString","coordinates":[[6.068588,43.239736],[6.06863,43.239764],[6.068648,43.239804],[6.068636,43.239845]]}},{"type":"Feature","properties":{"cleabs":"TRONROUT0000000075260208","nature":"Rond-point","largeur_de_chaussee":4,"cpx_classement_administratif":"Communal"},"geometry":{"type":"LineString","coordinates":[[6.068636,43.239845],[6.068596,43.239878],[6.068549,43.23989]]}},{"type":"Feature","properties":{"cleabs":"TRONROUT0000000075260209","nature":"Rond-point","largeur_de_chaussee":4,"cpx_classement_administratif":"Communal"},"geometry":{"type":"LineString","coordinates":[[6.068425,43.239803],[6.068434,43.239771],[6.068474,43.239738],[6.068477,43.239737]]}},{"type":"Feature","properties":{"cleabs":"TRONROUT0000000075260210","nature":"Rond-point","largeur_de_chaussee":4,"cpx_classement_administratif":"Communal"},"geometry":{"type":"LineString","coordinates":[[6.068549,43.23989],[6.068541,43.239891],[6.068483,43.239882],[6.068439,43.239853],[6.068422,43.239813],[6.068425,43.239803]]}},{"type":"Feature","properties":{"cleabs":"TRONROUT0000000075260211","nature":"Rond-point","largeur_de_chaussee":4,"cpx_classement_administratif":"Communal"},"geometry":{"type":"LineString","coordinates":[[6.068477,43.239737],[6.06853,43.239726],[6.068587,43.239735],[6.068588,43.239736]]}},{"type":"Feature","properties":{"cleabs":"TRONROUT0000000075260213","nature":"Route empierrée","largeur_de_chaussee":null,"cpx_classement_administratif":null},"geometry":{"type":"LineString","coordinates":[[6.069185,43.241903],[6.069031,43.241959],[6.06889,43.242026]]}},{"type":"Feature","properties":{"cleabs":"TRONROUT0000000075260214","nature":"Route empierrée","largeur_de_chaussee":null,"cpx_classement_administratif":null},"geometry":{"type":"LineString","coordinates":[[6.071664,43.242106],[6.07151,43.242044],[6.070656,43.241649]]}},{"type":"Feature","properties":{"cleabs":"TRONROUT0000000075260215","nature":"Route à 1 chaussée","largeur_de_chaussee":4,"cpx_classement_administratif":"Communal"},"geometry":{"type":"LineString","coordinates":[[6.07117,43.24232],[6.07059,43.242063],[6.070498,43.242035],[6.070457,43.242029],[6.070402,43.242035],[6.070332,43.242066],[6.070189,43.242218],[6.069955,43.242455],[6.069937,43.242504],[6.069951,43.242622],[6.069991,43.242756]]}},{"type":"Feature","properties":{"cleabs":"TRONROUT0000000075260216","nature":"Route à 1 chaussée","largeur_de_chaussee":4,"cpx_classement_administratif":"Communal"},"geometry":{"type":"LineString","coordinates":[[6.070646,43.242585],[6.07063,43.242628],[6.070645,43.242648],[6.070842,43.242751],[6.071067,43.242867],[6.071135,43.242926]]}},{"type":"Feature","properties":{"cleabs":"TRONROUT0000000075260217","nature":"Route à 1 chaussée","largeur_de_chaussee":4,"cpx_classement_administratif":"Communal"},"geometry":{"type":"LineString","coordinates":[[6.069991,43.242756],[6.070017,43.242842],[6.070048,43.242882],[6.070119,43.242937],[6.070402,43.243053]]}},{"type":"Feature","properties":{"cleabs":"TRONROUT0000000075260218","nature":"Route à 1 chaussée","largeur_de_chaussee":4,"cpx_classement_administratif":"Communal"},"geometry":{"type":"LineString","coordinates":[[6.069991,43.242756],[6.069656,43.242793]]}},{"type":"Feature","properties":{"cleabs":"TRONROUT0000000075260220","nature":"Route à 1 chaussée","largeur_de_chaussee":4,"cpx_classement_administratif":"Communal"},"geometry":{"type":"LineString","coordinates":[[6.068477,43.239737],[6.068458,43.239704],[6.068325,43.239527],[6.068281,43.239449]]}},{"type":"Feature","properties":{"cleabs":"TRONROUT0000000075260221","nature":"Route à 1 chaussée","largeur_de_chaussee":4,"cpx_classement_administratif":"Communal"},"geometry":{"type":"LineString","coordinates":[[6.070706,43.241042],[6.070682,43.241018],[6.070653,43.240981]]}},{"type":"Feature","properties":{"cleabs":"TRONROUT0000000075260224","nature":"Route à 1 chaussée","largeur_de_chaussee":4,"cpx_classement_administratif":"Communal"},"geometry":{"type":"LineString","coordinates":[[6.069723,43.243032],[6.069706,43.24297]]}},{"type":"Feature","properties":{"cleabs":"TRONROUT0000000075260225","nature":"Route à 1 chaussée","largeur_de_chaussee":4,"cpx_classement_administratif":"Communal"},"geometry":{"type":"LineString","coordinates":[[6.069656,43.242793],[6.069583,43.24258],[6.069498,43.242406],[6.069392,43.242213],[6.069294,43.242056],[6.069185,43.241903]]}},{"type":"Feature","properties":{"cleabs":"TRONROUT0000000075260228","nature":"Route à 1 chaussée","largeur_de_chaussee":4,"cpx_classement_administratif":"Communal"},"geometry":{"type":"LineString","coordinates":[[6.068826,43.240509],[6.068915,43.240621],[6.068943,43.240674],[6.068967,43.240734],[6.068977,43.240796],[6.068957,43.240915],[6.068916,43.241032]]}},{"type":"Feature","properties":{"cleabs":"TRONROUT0000000075260229","nature":"Route à 1 chaussée","largeur_de_chaussee":4,"cpx_classement_administratif":"Communal"},"geometry":{"type":"LineString","coordinates":[[6.068681,43.240304],[6.068759,43.240422],[6.068777,43.240445],[6.068826,43.240509]]}},{"type":"Feature","properties":{"cleabs":"TRONROUT0000000075260230","nature":"Route à 1 chaussée","largeur_de_chaussee":4,"cpx_classement_administratif":"Communal"},"geometry":{"type":"LineString","coordinates":[[6.068908,43.241371],[6.068971,43.241515],[6.069185,43.241903]]}},{"type":"Feature","properties":{"cleabs":"TRONROUT0000000075260260","nature":"Chemin","largeur_de_chaussee":null,"cpx_classement_administratif":null},"geometry":{"type":"LineString","coordinates":[[6.048508,43.240313],[6.048629,43.240439],[6.04875,43.240601],[6.048827,43.24069],[6.048904,43.240747],[6.04898,43.240786],[6.049032,43.240804],[6.049098,43.240812],[6.049142,43.240823],[6.049187,43.240849]]}},{"type":"Feature","properties":{"cleabs":"TRONROUT0000000075260232","nature":"Route à 1 chaussée","largeur_de_chaussee":4,"cpx_classement_administratif":"Communal"},"geometry":{"type":"LineString","coordinates":[[6.068425,43.239803],[6.068331,43.239874],[6.068009,43.240199],[6.067793,43.240352],[6.067687,43.240411],[6.067577,43.240469],[6.067519,43.240497],[6.067421,43.240548],[6.06737,43.240573],[6.067263,43.240631],[6.06722,43.240654],[6.067108,43.240703],[6.066879,43.240786],[6.066776,43.240808]]}},{"type":"Feature","properties":{"cleabs":"TRONROUT0000000075260233","nature":"Route empierrée","largeur_de_chaussee":null,"cpx_classement_administratif":null},"geometry":{"type":"LineString","coordinates":[[6.06889,43.242026],[6.068626,43.242139],[6.068394,43.242248]]}},{"type":"Feature","properties":{"cleabs":"TRONROUT0000000075260234","nature":"Route à 1 chaussée","largeur_de_chaussee":5,"cpx_classement_administratif":"Communal"},"geometry":{"type":"LineString","coordinates":[[6.067205,43.243134],[6.067101,43.243219],[6.067069,43.243355],[6.066815,43.243368],[6.066735,43.243333],[6.066547,43.243296],[6.066368,43.243276],[6.066245,43.243215],[6.066181,43.24314],[6.066126,43.243028],[6.066083,43.24297],[6.066002,43.24295],[6.065884,43.242978],[6.065638,43.243051]]}},{"type":"Feature","properties":{"cleabs":"TRONROUT0000000075260236","nature":"Route empierrée","largeur_de_chaussee":null,"cpx_classement_administratif":null},"geometry":{"type":"LineString","coordinates":[[6.06815,43.241193],[6.068367,43.241376],[6.068463,43.241442],[6.068509,43.241446],[6.068807,43.241379],[6.068846,43.241382],[6.068908,43.241371]]}},{"type":"Feature","properties":{"cleabs":"TRONROUT0000000075260237","nature":"Chemin","largeur_de_chaussee":null,"cpx_classement_administratif":null},"geometry":{"type":"LineString","coordinates":[[6.066765,43.242248],[6.066672,43.24226],[6.066461,43.242337],[6.066132,43.242474],[6.06563,43.242701],[6.065434,43.242781]]}},{"type":"Feature","properties":{"cleabs":"TRONROUT0000000075260238","nature":"Route à 1 chaussée","largeur_de_chaussee":3,"cpx_classement_administratif":"Communal"},"geometry":{"type":"LineString","coordinates":[[6.065082,43.242434],[6.065145,43.242489],[6.065178,43.242529]]}},{"type":"Feature","properties":{"cleabs":"TRONROUT0000000075260239","nature":"Route à 1 chaussée","largeur_de_chaussee":3,"cpx_classement_administratif":"Communal"},"geometry":{"type":"LineString","coordinates":[[6.065178,43.242529],[6.065194,43.242558],[6.065211,43.242587]]}},{"type":"Feature","properties":{"cleabs":"TRONROUT0000000075260240","nature":"Route à 1 chaussée","largeur_de_chaussee":3,"cpx_classement_administratif":"Communal"},"geometry":{"type":"LineString","coordinates":[[6.065211,43.242587],[6.065246,43.242655],[6.065309,43.242729],[6.065397,43.242759]]}},{"type":"Feature","properties":{"cleabs":"TRONROUT0000000075260241","nature":"Route à 1 chaussée","largeur_de_chaussee":3,"cpx_classement_administratif":"Communal"},"geometry":{"type":"LineString","coordinates":[[6.065434,43.242781],[6.065487,43.242824],[6.065548,43.242903],[6.065614,43.243015],[6.065638,43.243051]]}},{"type":"Feature","properties":{"cleabs":"TRONROUT0000000075260242","nature":"Route à 1 chaussée","largeur_de_chaussee":4,"cpx_classement_administratif":"Communal"},"geometry":{"type":"LineString","coordinates":[[6.063489,43.24312],[6.063738,43.243093],[6.063868,43.243052],[6.064015,43.242956],[6.06419,43.242786],[6.064312,43.242715],[6.06456,43.242618],[6.0648,43.242559],[6.064967,43.242501],[6.065082,43.242434]]}},{"type":"Feature","properties":{"cleabs":"TRONROUT0000000075260243","nature":"Route à 1 chaussée","largeur_de_chaussee":4,"cpx_classement_administratif":"Communal"},"geometry":{"type":"LineString","coordinates":[[6.064395,43.239872],[6.0647,43.240022],[6.064918,43.240113]]}},{"type":"Feature","properties":{"cleabs":"TRONROUT0000000075260244","nature":"Route à 1 chaussée","largeur_de_chaussee":4,"cpx_classement_administratif":"Communal"},"geometry":{"type":"LineString","coordinates":[[6.064918,43.240113],[6.065117,43.240193],[6.065171,43.2402],[6.065207,43.240224],[6.065513,43.240345],[6.066268,43.240584],[6.066557,43.240706],[6.066712,43.24079],[6.066776,43.240808]]}},{"type":"Feature","properties":{"cleabs":"TRONROUT0000000075260245","nature":"Route à 1 chaussée","largeur_de_chaussee":4,"cpx_classement_administratif":"Communal"},"geometry":{"type":"LineString","coordinates":[[6.066776,43.240808],[6.066726,43.240825],[6.066602,43.240863],[6.0663,43.240999],[6.066167,43.241022],[6.066034,43.241053],[6.065914,43.241138],[6.065854,43.241194],[6.065816,43.241251],[6.065721,43.241467],[6.065696,43.2415],[6.065466,43.241665],[6.065405,43.24173],[6.065358,43.241868],[6.065265,43.242087],[6.065144,43.242334],[6.065082,43.242434]]}},{"type":"Feature","properties":{"cleabs":"TRONROUT0000000075260246","nature":"Route à 1 chaussée","largeur_de_chaussee":3,"cpx_classement_administratif":"Communal"},"geometry":{"type":"LineString","coordinates":[[6.063231,43.239834],[6.063537,43.239869],[6.063712,43.239882],[6.064153,43.239916],[6.06426,43.239916],[6.064395,43.239872]]}},{"type":"Feature","properties":{"cleabs":"TRONROUT0000000075260248","nature":"Route à 1 chaussée","largeur_de_chaussee":3,"cpx_classement_administratif":"Communal"},"geometry":{"type":"LineString","coordinates":[[6.06056,43.242753],[6.06078,43.242681],[6.060837,43.242677],[6.06089,43.242676]]}},{"type":"Feature","properties":{"cleabs":"TRONROUT0000000075260249","nature":"Route empierrée","largeur_de_chaussee":null,"cpx_classement_administratif":null},"geometry":{"type":"LineString","coordinates":[[6.062023,43.239807],[6.062019,43.239865],[6.062002,43.239926],[6.061965,43.239966],[6.061861,43.240008],[6.061647,43.240058],[6.061433,43.240196],[6.061301,43.240289],[6.061209,43.240369],[6.061126,43.240439],[6.061017,43.240536],[6.060865,43.240627],[6.060793,43.240687],[6.060704,43.240695],[6.060641,43.240721],[6.060331,43.240964],[6.060237,43.241026],[6.059902,43.241297],[6.059809,43.241333]]}},{"type":"Feature","properties":{"cleabs":"TRONROUT0000000075260250","nature":"Route à 1 chaussée","largeur_de_chaussee":3,"cpx_classement_administratif":"Communal"},"geometry":{"type":"LineString","coordinates":[[6.062111,43.24267],[6.061933,43.242607],[6.061743,43.242567]]}},{"type":"Feature","properties":{"cleabs":"TRONROUT0000000075260251","nature":"Route à 1 chaussée","largeur_de_chaussee":3,"cpx_classement_administratif":"Communal"},"geometry":{"type":"LineString","coordinates":[[6.063352,43.243141],[6.063317,43.243097],[6.063286,43.243069],[6.06319,43.243028],[6.062374,43.242742],[6.062243,43.242702],[6.062111,43.24267]]}},{"type":"Feature","properties":{"cleabs":"TRONROUT0000000075260252","nature":"Route à 1 chaussée","largeur_de_chaussee":3,"cpx_classement_administratif":"Communal"},"geometry":{"type":"LineString","coordinates":[[6.062023,43.239807],[6.06255,43.23972],[6.063031,43.239797],[6.063094,43.239806],[6.063231,43.239834]]}},{"type":"Feature","properties":{"cleabs":"TRONROUT0000000075260254","nature":"Route empierrée","largeur_de_chaussee":null,"cpx_classement_administratif":null},"geometry":{"type":"LineString","coordinates":[[6.062654,43.240441],[6.062707,43.240256],[6.062753,43.240048],[6.062826,43.239891],[6.062883,43.239867],[6.062958,43.239865],[6.063061,43.239875],[6.063087,43.239883],[6.063157,43.239887],[6.063205,43.239873],[6.063231,43.239834]]}},{"type":"Feature","properties":{"cleabs":"TRONROUT0000000075260256","nature":"Route à 1 chaussée","largeur_de_chaussee":3,"cpx_classement_administratif":"Communal"},"geometry":{"type":"LineString","coordinates":[[6.0556,43.241147],[6.05577,43.241135],[6.055903,43.241103],[6.056001,43.241064],[6.056385,43.240852],[6.05653,43.240779],[6.056751,43.240633],[6.056996,43.240448],[6.057116,43.240381],[6.057234,43.240298],[6.057383,43.240237],[6.057507,43.240209],[6.057609,43.240155],[6.05772,43.240077],[6.057791,43.240051],[6.05787,43.240046]]}},{"type":"Feature","properties":{"cleabs":"TRONROUT0000000075260257","nature":"Chemin","largeur_de_chaussee":null,"cpx_classement_administratif":null},"geometry":{"type":"LineString","coordinates":[[6.054512,43.241305],[6.054549,43.241338],[6.054625,43.241552],[6.054656,43.241649],[6.054639,43.241699],[6.054597,43.241758],[6.054509,43.241837],[6.054351,43.242007],[6.054193,43.242151],[6.053966,43.242262],[6.053917,43.242309],[6.053922,43.242355],[6.053988,43.242387],[6.054107,43.242363],[6.054221,43.242361],[6.05429,43.242413],[6.05434,43.242511],[6.054377,43.242604],[6.054398,43.242711]]}},{"type":"Feature","properties":{"cleabs":"TRONROUT0000000075260258","nature":"Chemin","largeur_de_chaussee":null,"cpx_classement_administratif":null},"geometry":{"type":"LineString","coordinates":[[6.0556,43.241147],[6.05546,43.241147],[6.055326,43.241164],[6.055227,43.241165],[6.05507,43.241176],[6.054812,43.241222],[6.054735,43.241255],[6.054512,43.241305]]}},{"type":"Feature","properties":{"cleabs":"TRONROUT0000000075260259","nature":"Chemin","largeur_de_chaussee":null,"cpx_classement_administratif":null},"geometry":{"type":"LineString","coordinates":[[6.054512,43.241305],[6.054342,43.241319],[6.054303,43.241319]]}},{"type":"Feature","properties":{"cleabs":"TRONROUT0000000075260261","nature":"Route empierrée","largeur_de_chaussee":null,"cpx_classement_administratif":"Piste DFCI"},"geometry":{"type":"LineString","coordinates":[[6.048133,43.241604],[6.048133,43.241537],[6.048282,43.241424],[6.048516,43.241264],[6.04891,43.241033],[6.048989,43.240992],[6.049,43.240938]]}},{"type":"Feature","properties":{"cleabs":"TRONROUT0000000075260262","nature":"Route empierrée","largeur_de_chaussee":null,"cpx_classement_administratif":"Piste DFCI"},"geometry":{"type":"LineString","coordinates":[[6.049,43.240938],[6.049005,43.240909],[6.048933,43.240898],[6.048515,43.240945],[6.04802,43.241051],[6.04758,43.24118],[6.047401,43.241195],[6.047108,43.241149],[6.046798,43.241132],[6.046554,43.241142]]}},{"type":"Feature","properties":{"cleabs":"TRONROUT0000000075260263","nature":"Chemin","largeur_de_chaussee":null,"cpx_classement_administratif":"Piste DFCI"},"geometry":{"type":"LineString","coordinates":[[6.046554,43.241142],[6.046057,43.241283],[6.045982,43.241311],[6.045811,43.241378],[6.045288,43.24162],[6.045102,43.241686],[6.044914,43.24177],[6.044573,43.241888],[6.044082,43.242037]]}},{"type":"Feature","properties":{"cleabs":"TRONROUT0000000075260264","nature":"Chemin","largeur_de_chaussee":null,"cpx_classement_administratif":null},"geometry":{"type":"LineString","coordinates":[[6.049187,43.240849],[6.049152,43.240885],[6.049101,43.240911],[6.049,43.240938]]}},{"type":"Feature","properties":{"cleabs":"TRONROUT0000000075261720","nature":"Route à 1 chaussée","largeur_de_chaussee":3,"cpx_classement_administratif":"Communal"},"geometry":{"type":"LineString","coordinates":[[6.070725,43.23816],[6.070674,43.238019]]}},{"type":"Feature","properties":{"cleabs":"TRONROUT0000000075261724","nature":"Route à 1 chaussée","largeur_de_chaussee":4,"cpx_classement_administratif":"Communal"},"geometry":{"type":"LineString","coordinates":[[6.069309,43.238335],[6.069286,43.238172],[6.069239,43.23813],[6.069131,43.238084]]}},{"type":"Feature","properties":{"cleabs":"TRONROUT0000000075261773","nature":"Route à 1 chaussée","largeur_de_chaussee":3,"cpx_classement_administratif":"Communal"},"geometry":{"type":"LineString","coordinates":[[6.069805,43.238864],[6.069923,43.238782],[6.069967,43.238746]]}},{"type":"Feature","properties":{"cleabs":"TRONROUT0000000075261774","nature":"Route à 1 chaussée","largeur_de_chaussee":3.5,"cpx_classement_administratif":"Communal"},"geometry":{"type":"LineString","coordinates":[[6.070725,43.23816],[6.070896,43.238266]]}},{"type":"Feature","properties":{"cleabs":"TRONROUT0000000075261775","nature":"Route à 1 chaussée","largeur_de_chaussee":4,"cpx_classement_administratif":"Communal"},"geometry":{"type":"LineString","coordinates":[[6.070534,43.238283],[6.070618,43.23822],[6.070725,43.23816]]}},{"type":"Feature","properties":{"cleabs":"TRONROUT0000000075261776","nature":"Route à 1 chaussée","largeur_de_chaussee":3,"cpx_classement_administratif":"Communal"},"geometry":{"type":"LineString","coordinates":[[6.068661,43.239635],[6.069028,43.239359],[6.069261,43.239209],[6.069467,43.239062]]}},{"type":"Feature","properties":{"cleabs":"TRONROUT0000000075261777","nature":"Route à 1 chaussée","largeur_de_chaussee":4,"cpx_classement_administratif":"Communal"},"geometry":{"type":"LineString","coordinates":[[6.070725,43.23816],[6.070825,43.23809],[6.071175,43.237916]]}},{"type":"Feature","properties":{"cleabs":"TRONROUT0000000075261779","nature":"Route à 1 chaussée","largeur_de_chaussee":3,"cpx_classement_administratif":"Communal"},"geometry":{"type":"LineString","coordinates":[[6.070352,43.238054],[6.070452,43.238189],[6.070534,43.238283]]}},{"type":"Feature","properties":{"cleabs":"TRONROUT0000000075261795","nature":"Route à 1 chaussée","largeur_de_chaussee":4,"cpx_classement_administratif":"Communal"},"geometry":{"type":"LineString","coordinates":[[6.067739,43.238493],[6.067923,43.238445],[6.068009,43.238411],[6.068215,43.238333]]}},{"type":"Feature","properties":{"cleabs":"TRONROUT0000000075261796","nature":"Route à 1 chaussée","largeur_de_chaussee":4,"cpx_classement_administratif":"Communal"},"geometry":{"type":"LineString","coordinates":[[6.068215,43.238333],[6.06862,43.23813]]}},{"type":"Feature","properties":{"cleabs":"TRONROUT0000000075261808","nature":"Route à 1 chaussée","largeur_de_chaussee":4,"cpx_classement_administratif":"Communal"},"geometry":{"type":"LineString","coordinates":[[6.068377,43.23854],[6.068479,43.238678],[6.068633,43.238862]]}},{"type":"Feature","properties":{"cleabs":"TRONROUT0000000075261809","nature":"Route à 1 chaussée","largeur_de_chaussee":4,"cpx_classement_administratif":"Communal"},"geometry":{"type":"LineString","coordinates":[[6.067739,43.238493],[6.067763,43.238558],[6.06789,43.23882],[6.068116,43.239199],[6.068224,43.239347],[6.068281,43.239449]]}},{"type":"Feature","properties":{"cleabs":"TRONROUT0000000075261810","nature":"Route à 1 chaussée","largeur_de_chaussee":4,"cpx_classement_administratif":"Communal"},"geometry":{"type":"LineString","coordinates":[[6.068215,43.238333],[6.068102,43.23823],[6.068034,43.238138],[6.068001,43.238067],[6.067978,43.237993],[6.067953,43.237859],[6.067959,43.237815],[6.067989,43.237779],[6.068144,43.237711],[6.068276,43.237663]]}},{"type":"Feature","properties":{"cleabs":"TRONROUT0000000075261812","nature":"Route à 1 chaussée","largeur_de_chaussee":4,"cpx_classement_administratif":"Communal"},"geometry":{"type":"LineString","coordinates":[[6.067464,43.237589],[6.067521,43.237688],[6.067646,43.238301],[6.067681,43.238399],[6.067739,43.238493]]}},{"type":"Feature","properties":{"cleabs":"TRONROUT0000000075261814","nature":"Route à 1 chaussée","largeur_de_chaussee":3,"cpx_classement_administratif":"Communal"},"geometry":{"type":"LineString","coordinates":[[6.066117,43.237755],[6.066054,43.237741],[6.065989,43.237768],[6.06589,43.238016],[6.065774,43.238118]]}},{"type":"Feature","properties":{"cleabs":"TRONROUT0000000075261816","nature":"Route à 1 chaussée","largeur_de_chaussee":3,"cpx_classement_administratif":"Communal"},"geometry":{"type":"LineString","coordinates":[[6.066936,43.238027],[6.066895,43.238111],[6.06686,43.238225],[6.066764,43.238667],[6.066716,43.238769],[6.066642,43.238853]]}},{"type":"Feature","properties":{"cleabs":"TRONROUT0000000075261822","nature":"Route à 1 chaussée","largeur_de_chaussee":3,"cpx_classement_administratif":"Communal"},"geometry":{"type":"LineString","coordinates":[[6.061442,43.238724],[6.061366,43.238753],[6.061265,43.238747],[6.06116,43.238759],[6.061065,43.238737],[6.060916,43.238732],[6.060753,43.238747],[6.060465,43.238755],[6.060381,43.238782],[6.060312,43.238797]]}},{"type":"Feature","properties":{"cleabs":"TRONROUT0000000075261823","nature":"Route à 1 chaussée","largeur_de_chaussee":3,"cpx_classement_administratif":"Communal"},"geometry":{"type":"LineString","coordinates":[[6.059213,43.239328],[6.059276,43.239365],[6.059313,43.239375],[6.059362,43.239389],[6.059881,43.239549],[6.059952,43.239563],[6.060032,43.239546],[6.060167,43.2395],[6.060294,43.239478],[6.060424,43.239478]]}},{"type":"Feature","properties":{"cleabs":"TRONROUT0000000075261825","nature":"Route à 1 chaussée","largeur_de_chaussee":3,"cpx_classement_administratif":"Communal"},"geometry":{"type":"LineString","coordinates":[[6.060424,43.239478],[6.060849,43.239553],[6.061106,43.239583],[6.061244,43.239613],[6.06139,43.239673],[6.061505,43.23971],[6.061524,43.239718],[6.061643,43.239765],[6.061769,43.2398],[6.061904,43.239814],[6.062023,43.239807]]}},{"type":"Feature","properties":{"cleabs":"TRONROUT0000000075261827","nature":"Route empierrée","largeur_de_chaussee":null,"cpx_classement_administratif":null},"geometry":{"type":"LineString","coordinates":[[6.060312,43.238797],[6.06015,43.238778],[6.059586,43.238839],[6.059545,43.23885],[6.059502,43.238886],[6.059375,43.239035],[6.0593,43.239166],[6.059211,43.239303],[6.059213,43.239328]]}},{"type":"Feature","properties":{"cleabs":"TRONROUT0000000075261832","nature":"Route à 1 chaussée","largeur_de_chaussee":4,"cpx_classement_administratif":"Communal"},"geometry":{"type":"LineString","coordinates":[[6.061652,43.238903],[6.061572,43.23881],[6.061442,43.238724]]}},{"type":"Feature","properties":{"cleabs":"TRONROUT0000000075261833","nature":"Route à 1 chaussée","largeur_de_chaussee":4,"cpx_classement_administratif":"Communal"},"geometry":{"type":"LineString","coordinates":[[6.061442,43.238724],[6.06138,43.238687],[6.061253,43.238642],[6.061154,43.238593],[6.061079,43.238525],[6.060978,43.238299],[6.060916,43.238117],[6.060869,43.238011],[6.060795,43.237939],[6.060693,43.23786],[6.060568,43.237776],[6.060276,43.237653],[6.060211,43.237606],[6.060076,43.237484],[6.060009,43.237398],[6.059946,43.237303]]}},{"type":"Feature","properties":{"cleabs":"TRONROUT0000000075261836","nature":"Route à 1 chaussée","largeur_de_chaussee":3,"cpx_classement_administratif":"Communal"},"geometry":{"type":"LineString","coordinates":[[6.05787,43.240046],[6.057945,43.240095],[6.058043,43.240121],[6.058325,43.240151],[6.058494,43.240158],[6.05865,43.240155],[6.058805,43.24014],[6.059168,43.24007],[6.059269,43.240045],[6.059352,43.240012],[6.05965,43.239897],[6.059751,43.239867],[6.05983,43.239853],[6.059952,43.239757],[6.060092,43.239663],[6.060314,43.239579],[6.060377,43.239559],[6.060424,43.239478]]}},{"type":"Feature","properties":{"cleabs":"TRONROUT0000000075261838","nature":"Chemin","largeur_de_chaussee":null,"cpx_classement_administratif":null},"geometry":{"type":"LineString","coordinates":[[6.049187,43.240849],[6.049262,43.240807],[6.049523,43.240691],[6.049721,43.240574],[6.049783,43.240523],[6.0499,43.240446],[6.049977,43.240366],[6.05008,43.240214],[6.050168,43.240033],[6.050218,43.239827],[6.050216,43.239708],[6.050382,43.239571],[6.050526,43.239448],[6.050656,43.2394]]}},{"type":"Feature","properties":{"cleabs":"TRONROUT0000000075261839","nature":"Chemin","largeur_de_chaussee":null,"cpx_classement_administratif":null},"geometry":{"type":"LineString","coordinates":[[6.050336,43.238661],[6.050386,43.238638],[6.050413,43.238614],[6.050419,43.238572],[6.050404,43.238528],[6.050417,43.238466],[6.050453,43.23837],[6.050458,43.238325],[6.050447,43.238264],[6.050425,43.238196],[6.050403,43.238127],[6.050341,43.23794],[6.050317,43.237857],[6.050285,43.2376],[6.050269,43.237542],[6.050259,43.237476],[6.050251,43.237415],[6.050219,43.237394],[6.050161,43.237399],[6.050107,43.237426],[6.050039,43.237488],[6.049974,43.237543],[6.049907,43.237602],[6.049814,43.237656],[6.049767,43.237676],[6.049719,43.237677],[6.04966,43.237655],[6.049628,43.237627],[6.049612,43.237601],[6.04961,43.237577],[6.049641,43.237526],[6.049663,43.237468],[6.049645,43.23741],[6.049637,43.237348],[6.049643,43.237309],[6.049632,43.237266],[6.049602,43.237247],[6.049474,43.237205],[6.049447,43.237187],[6.049438,43.237163],[6.049455,43.237126],[6.049486,43.237068],[6.049536,43.237003],[6.049601,43.236911],[6.04964,43.236853],[6.049677,43.236802],[6.049696,43.23674],[6.049696,43.236647],[6.049673,43.236574],[6.04968,43.236559],[6.049694,43.236547],[6.049729,43.236537],[6.049785,43.236515],[6.0498,43.2365],[6.049816,43.236483],[6.049831,43.236444],[6.049848,43.236405],[6.04986,43.236354],[6.049879,43.23627],[6.049889,43.236135],[6.049885,43.236015],[6.049851,43.235963],[6.0498,43.235917],[6.049718,43.235875],[6.049526,43.23581],[6.049481,43.235784],[6.049454,43.235756],[6.049442,43.235737],[6.049428,43.235714]]}},{"type":"Feature","properties":{"cleabs":"TRONROUT0000000075261840","nature":"Route empierrée","largeur_de_chaussee":null,"cpx_classement_administratif":null},"geometry":{"type":"LineString","coordinates":[[6.0461,43.240782],[6.046069,43.240718],[6.046009,43.240631],[6.045863,43.240383],[6.045851,43.240347],[6.045855,43.240306],[6.04589,43.240271],[6.046016,43.240242],[6.046059,43.240206],[6.04607,43.240168],[6.046034,43.240087],[6.046039,43.24005],[6.046094,43.240027],[6.046138,43.239996],[6.046166,43.239959],[6.046249,43.239911],[6.046339,43.239877],[6.046544,43.239753]]}},{"type":"Feature","properties":{"cleabs":"TRONROUT0000000075261841","nature":"Sentier","largeur_de_chaussee":null,"cpx_classement_administratif":null},"geometry":{"type":"LineString","coordinates":[[6.044225,43.238828],[6.044144,43.238841],[6.043812,43.238875],[6.043692,43.238893],[6.043612,43.238915],[6.043501,43.238924],[6.043447,43.238938],[6.043265,43.239022]]}},{"type":"Feature","properties":{"cleabs":"TRONROUT0000000075261842","nature":"Chemin","largeur_de_chaussee":null,"cpx_classement_administratif":null},"geometry":{"type":"LineString","coordinates":[[6.04338,43.239451],[6.043371,43.23939],[6.043364,43.239248],[6.043337,43.239093],[6.043265,43.239022]]}},{"type":"Feature","properties":{"cleabs":"TRONROUT0000000075261847","nature":"Chemin","largeur_de_chaussee":null,"cpx_classement_administratif":null},"geometry":{"type":"LineString","coordinates":[[6.046473,43.237508],[6.04663,43.237586],[6.046966,43.237716],[6.047273,43.237864],[6.047563,43.237983],[6.04772,43.238088],[6.047908,43.238169],[6.047982,43.238211],[6.048148,43.238326],[6.048254,43.238385],[6.048388,43.238448]]}},{"type":"Feature","properties":{"cleabs":"TRONROUT0000000075261852","nature":"Chemin","largeur_de_chaussee":null,"cpx_classement_administratif":null},"geometry":{"type":"LineString","coordinates":[[6.042909,43.238702],[6.042797,43.238693],[6.042664,43.238695],[6.04255,43.238704],[6.042363,43.238736],[6.04222,43.238755]]}},{"type":"Feature","properties":{"cleabs":"TRONROUT0000000096935621","nature":"Route à 1 chaussée","largeur_de_chaussee":4,"cpx_classement_administratif":"Communal"},"geometry":{"type":"LineString","coordinates":[[6.069467,43.239062],[6.069857,43.239578]]}},{"type":"Feature","properties":{"cleabs":"TRONROUT0000000207179927","nature":"Route à 1 chaussée","largeur_de_chaussee":5,"cpx_classement_administratif":"Communal"},"geometry":{"type":"LineString","coordinates":[[6.061009,43.245763],[6.06104,43.245774],[6.061065,43.24578],[6.06109,43.245786],[6.061115,43.245792],[6.061144,43.2458],[6.061176,43.245808],[6.061485,43.245891],[6.061529,43.245902],[6.061575,43.245914],[6.061621,43.245926],[6.061666,43.245937],[6.061703,43.245947],[6.06174,43.245956],[6.061799,43.245969],[6.061854,43.24598]]}},{"type":"Feature","properties":{"cleabs":"TRONROUT0000000207179928","nature":"Route à 1 chaussée","largeur_de_chaussee":4,"cpx_classement_administratif":"Communal"},"geometry":{"type":"LineString","coordinates":[[6.061578,43.246468],[6.061825,43.246049],[6.061854,43.24598]]}},{"type":"Feature","properties":{"cleabs":"TRONROUT0000000225096978","nature":"Chemin","largeur_de_chaussee":null,"cpx_classement_administratif":null},"geometry":{"type":"LineString","coordinates":[[6.050241,43.241858],[6.049957,43.241988],[6.049836,43.242053],[6.049755,43.24211],[6.049717,43.24218],[6.049715,43.242239],[6.049725,43.242284],[6.049773,43.242324],[6.049853,43.242323],[6.049976,43.242345],[6.049873,43.2424],[6.049729,43.242446],[6.049632,43.242501],[6.049522,43.24255],[6.049407,43.242585],[6.049051,43.242655],[6.048861,43.242735]]}},{"type":"Feature","properties":{"cleabs":"TRONROUT0000000225096979","nature":"Route à 1 chaussée","largeur_de_chaussee":3,"cpx_classement_administratif":"Communal"},"geometry":{"type":"LineString","coordinates":[[6.041903,43.252816],[6.04226,43.252812],[6.042513,43.252799],[6.042821,43.252743],[6.042895,43.252733]]}},{"type":"Feature","properties":{"cleabs":"TRONROUT0000000225096980","nature":"Route à 1 chaussée","largeur_de_chaussee":3,"cpx_classement_administratif":"Communal"},"geometry":{"type":"LineString","coordinates":[[6.061911,43.243082],[6.061939,43.243023],[6.061976,43.242947],[6.062034,43.242829],[6.062111,43.24267]]}},{"type":"Feature","properties":{"cleabs":"TRONROUT0000000225096984","nature":"Route empierrée","largeur_de_chaussee":null,"cpx_classement_administratif":null},"geometry":{"type":"LineString","coordinates":[[6.054082,43.247239],[6.054084,43.247302],[6.053985,43.24736],[6.053751,43.24741],[6.053542,43.247442],[6.053463,43.247465],[6.053403,43.247496],[6.053375,43.247522],[6.05336,43.24756],[6.053355,43.247596],[6.05337,43.247633],[6.053391,43.247659],[6.053417,43.247675],[6.053487,43.247704],[6.053526,43.247716],[6.05371,43.247758],[6.053842,43.247806],[6.053974,43.24785],[6.054101,43.247913]]}},{"type":"Feature","properties":{"cleabs":"TRONROUT0000000225096985","nature":"Route empierrée","largeur_de_chaussee":null,"cpx_classement_administratif":null},"geometry":{"type":"LineString","coordinates":[[6.055855,43.247759],[6.055914,43.247749],[6.056026,43.247728],[6.056187,43.24769],[6.056331,43.247649],[6.056482,43.247601],[6.056592,43.247561],[6.056736,43.247521],[6.056853,43.24748],[6.05694,43.247454],[6.057007,43.24744],[6.057092,43.24742],[6.057145,43.247399]]}},{"type":"Feature","properties":{"cleabs":"TRONROUT0000000225096986","nature":"Route à 1 chaussée","largeur_de_chaussee":4,"cpx_classement_administratif":"Communal"},"geometry":{"type":"LineString","coordinates":[[6.063025,43.243404],[6.062843,43.243807]]}},{"type":"Feature","properties":{"cleabs":"TRONROUT0000000225096987","nature":"Route à 1 chaussée","largeur_de_chaussee":4,"cpx_classement_administratif":"Communal"},"geometry":{"type":"LineString","coordinates":[[6.062467,43.244494],[6.062555,43.244306]]}},{"type":"Feature","properties":{"cleabs":"TRONROUT0000000225096988","nature":"Route à 1 chaussée","largeur_de_chaussee":4,"cpx_classement_administratif":"Communal"},"geometry":{"type":"LineString","coordinates":[[6.062555,43.244306],[6.062679,43.244097],[6.062765,43.243929],[6.062843,43.243807]]}},{"type":"Feature","properties":{"cleabs":"TRONROUT0000000225096989","nature":"Route à 1 chaussée","largeur_de_chaussee":3,"cpx_classement_administratif":"Communal"},"geometry":{"type":"LineString","coordinates":[[6.056919,43.247177],[6.056838,43.247157],[6.056782,43.247077],[6.056692,43.246997],[6.056589,43.246941],[6.056481,43.246903],[6.056257,43.246872],[6.056005,43.246848],[6.05589,43.246878],[6.055775,43.246901],[6.055679,43.246888],[6.055608,43.246831],[6.055517,43.246784],[6.055425,43.246791],[6.055281,43.246841],[6.055034,43.246946],[6.054988,43.246965]]}},{"type":"Feature","properties":{"cleabs":"TRONROUT0000000225097005","nature":"Route à 1 chaussée","largeur_de_chaussee":4,"cpx_classement_administratif":"Communal"},"geometry":{"type":"LineString","coordinates":[[6.06862,43.23813],[6.068735,43.238072],[6.068842,43.238012]]}},{"type":"Feature","properties":{"cleabs":"TRONROUT0000000225097010","nature":"Route à 1 chaussée","largeur_de_chaussee":3,"cpx_classement_administratif":"Communal"},"geometry":{"type":"LineString","coordinates":[[6.065397,43.242759],[6.065415,43.242765],[6.065434,43.242781]]}},{"type":"Feature","properties":{"cleabs":"TRONROUT0000000225097011","nature":"Route à 1 chaussée","largeur_de_chaussee":4,"cpx_classement_administratif":"Communal"},"geometry":{"type":"LineString","coordinates":[[6.068646,43.240224],[6.068681,43.240304]]}},{"type":"Feature","properties":{"cleabs":"TRONROUT0000000225097020","nature":"Sentier","largeur_de_chaussee":null,"cpx_classement_administratif":null},"geometry":{"type":"LineString","coordinates":[[6.069857,43.239578],[6.069886,43.239617],[6.070022,43.239812]]}},{"type":"Feature","properties":{"cleabs":"TRONROUT0000000225097032","nature":"Route à 1 chaussée","largeur_de_chaussee":3,"cpx_classement_administratif":"Communal"},"geometry":{"type":"LineString","coordinates":[[6.069967,43.238746],[6.070534,43.238283]]}},{"type":"Feature","properties":{"cleabs":"TRONROUT0000000225097035","nature":"Route à 1 chaussée","largeur_de_chaussee":4,"cpx_classement_administratif":"Communal"},"geometry":{"type":"LineString","coordinates":[[6.068834,43.239868],[6.06876,43.239851],[6.068636,43.239845]]}},{"type":"Feature","properties":{"cleabs":"TRONROUT0000000225097036","nature":"Route à 1 chaussée","largeur_de_chaussee":3,"cpx_classement_administratif":"Communal"},"geometry":{"type":"LineString","coordinates":[[6.066642,43.238853],[6.066535,43.238979],[6.066315,43.239278]]}},{"type":"Feature","properties":{"cleabs":"TRONROUT0000000225097037","nature":"Route à 1 chaussée","largeur_de_chaussee":3,"cpx_classement_administratif":"Communal"},"geometry":{"type":"LineString","coordinates":[[6.066315,43.239278],[6.066272,43.239352],[6.06581,43.239821],[6.06563,43.240023],[6.065526,43.24008],[6.065515,43.240082]]}},{"type":"Feature","properties":{"cleabs":"TRONROUT0000000225097038","nature":"Route empierrée","largeur_de_chaussee":null,"cpx_classement_administratif":null},"geometry":{"type":"LineString","coordinates":[[6.068674,43.242588],[6.068973,43.24244],[6.069033,43.2424],[6.069051,43.242355],[6.069033,43.242309],[6.068926,43.24221],[6.068878,43.242136],[6.06887,43.242068],[6.06889,43.242026]]}},{"type":"Feature","properties":{"cleabs":"TRONROUT0000000225097039","nature":"Route à 1 chaussée","largeur_de_chaussee":4,"cpx_classement_administratif":"Communal"},"geometry":{"type":"LineString","coordinates":[[6.068916,43.241032],[6.068908,43.241054],[6.068888,43.241252],[6.068892,43.241309],[6.068908,43.241371]]}},{"type":"Feature","properties":{"cleabs":"TRONROUT0000000225097054","nature":"Route à 1 chaussée","largeur_de_chaussee":4,"cpx_classement_administratif":"Communal"},"geometry":{"type":"LineString","coordinates":[[6.069706,43.24297],[6.069656,43.242793]]}},{"type":"Feature","properties":{"cleabs":"TRONROUT0000000225097060","nature":"Route à 1 chaussée","largeur_de_chaussee":4,"cpx_classement_administratif":"Communal"},"geometry":{"type":"LineString","coordinates":[[6.069192,43.243421],[6.069141,43.243457],[6.069022,43.243655],[6.068935,43.243853]]}},{"type":"Feature","properties":{"cleabs":"TRONROUT0000000225097061","nature":"Route à 1 chaussée","largeur_de_chaussee":3,"cpx_classement_administratif":"Communal"},"geometry":{"type":"LineString","coordinates":[[6.068097,43.247634],[6.068183,43.247567],[6.068316,43.247474],[6.0685,43.247387],[6.06876,43.24729],[6.069,43.247195],[6.069108,43.247149],[6.06935,43.24703]]}},{"type":"Feature","properties":{"cleabs":"TRONROUT0000000225097074","nature":"Route empierrée","largeur_de_chaussee":null,"cpx_classement_administratif":null},"geometry":{"type":"LineString","coordinates":[[6.054201,43.247978],[6.054255,43.248032],[6.054325,43.248108],[6.054367,43.248148],[6.05443,43.248193],[6.054476,43.248216],[6.054525,43.248233],[6.0546,43.248247],[6.054675,43.248259],[6.054756,43.248273],[6.054864,43.248296],[6.054973,43.248325],[6.055037,43.248337],[6.055131,43.248351],[6.055203,43.248363]]}},{"type":"Feature","properties":{"cleabs":"TRONROUT0000000225097062","nature":"Route à 1 chaussée","largeur_de_chaussee":3,"cpx_classement_administratif":"Communal"},"geometry":{"type":"LineString","coordinates":[[6.06935,43.24703],[6.069757,43.24683],[6.069898,43.246763],[6.069995,43.246717],[6.070179,43.246566],[6.070313,43.246438],[6.070433,43.24629]]}},{"type":"Feature","properties":{"cleabs":"TRONROUT0000000225097066","nature":"Route empierrée","largeur_de_chaussee":null,"cpx_classement_administratif":null},"geometry":{"type":"LineString","coordinates":[[6.055247,43.240647],[6.05481,43.240749],[6.054555,43.240805],[6.054372,43.240853],[6.054335,43.240869],[6.05428,43.240899],[6.054255,43.240931],[6.054233,43.240961],[6.054218,43.240978],[6.054197,43.241002],[6.054159,43.241032],[6.054114,43.241057],[6.054061,43.241075],[6.053996,43.241093],[6.053984,43.241123],[6.053987,43.241153],[6.054015,43.241194],[6.054043,43.241225],[6.054097,43.241244],[6.054155,43.241257],[6.054241,43.241273],[6.054272,43.241283],[6.054303,43.241319]]}},{"type":"Feature","properties":{"cleabs":"TRONROUT0000000225097067","nature":"Route à 1 chaussée","largeur_de_chaussee":4,"cpx_classement_administratif":"Communal"},"geometry":{"type":"LineString","coordinates":[[6.060696,43.245683],[6.060203,43.245541],[6.060105,43.245519],[6.05993,43.245481],[6.059703,43.245433],[6.059526,43.245386],[6.059476,43.245365]]}},{"type":"Feature","properties":{"cleabs":"TRONROUT0000000225097068","nature":"Route empierrée","largeur_de_chaussee":null,"cpx_classement_administratif":null},"geometry":{"type":"LineString","coordinates":[[6.06256,43.247522],[6.062297,43.24741],[6.062247,43.247393],[6.062178,43.247385]]}},{"type":"Feature","properties":{"cleabs":"TRONROUT0000000225097069","nature":"Route à 1 chaussée","largeur_de_chaussee":3,"cpx_classement_administratif":"Communal"},"geometry":{"type":"LineString","coordinates":[[6.062341,43.244067],[6.062327,43.244115],[6.062286,43.24423],[6.062272,43.244285],[6.062277,43.244302],[6.062301,43.244315],[6.062353,43.244314],[6.062457,43.244307],[6.06251,43.244305],[6.062555,43.244306]]}},{"type":"Feature","properties":{"cleabs":"TRONROUT0000000225097070","nature":"Route empierrée","largeur_de_chaussee":null,"cpx_classement_administratif":null},"geometry":{"type":"LineString","coordinates":[[6.061475,43.244326],[6.061816,43.244395],[6.062123,43.244456],[6.0622,43.244467],[6.062294,43.244476],[6.062467,43.244494]]}},{"type":"Feature","properties":{"cleabs":"TRONROUT0000000225097071","nature":"Route empierrée","largeur_de_chaussee":null,"cpx_classement_administratif":null},"geometry":{"type":"LineString","coordinates":[[6.057145,43.247399],[6.057073,43.247352],[6.056979,43.247297],[6.056922,43.24726],[6.056902,43.247242],[6.056894,43.247216],[6.056919,43.247177]]}},{"type":"Feature","properties":{"cleabs":"TRONROUT0000000225097072","nature":"Route à 1 chaussée","largeur_de_chaussee":3,"cpx_classement_administratif":"Communal"},"geometry":{"type":"LineString","coordinates":[[6.061911,43.243082],[6.061921,43.243086],[6.061974,43.243107],[6.062878,43.243352],[6.062938,43.24337],[6.06297,43.243382],[6.063025,43.243404]]}},{"type":"Feature","properties":{"cleabs":"TRONROUT0000000225097073","nature":"Route empierrée","largeur_de_chaussee":null,"cpx_classement_administratif":null},"geometry":{"type":"LineString","coordinates":[[6.057429,43.248274],[6.057539,43.248248],[6.057559,43.248236],[6.057568,43.248224],[6.057563,43.248201],[6.057539,43.248184],[6.057488,43.248178],[6.057344,43.248153],[6.057318,43.248141],[6.057267,43.248113],[6.057257,43.248098],[6.057258,43.248082],[6.057271,43.248059],[6.057306,43.248038],[6.057349,43.248019],[6.057447,43.24801],[6.057516,43.248012],[6.057596,43.248017],[6.057632,43.248014],[6.05765,43.248002],[6.057661,43.247971],[6.057655,43.247917],[6.057601,43.247791],[6.057527,43.247629],[6.057462,43.247521],[6.057433,43.247484],[6.057394,43.247472],[6.057357,43.247469],[6.057299,43.247456],[6.057247,43.247444],[6.057145,43.247399]]}},{"type":"Feature","properties":{"cleabs":"TRONROUT0000000225097093","nature":"Route à 1 chaussée","largeur_de_chaussee":4,"cpx_classement_administratif":"Communal"},"geometry":{"type":"LineString","coordinates":[[6.068633,43.238862],[6.069146,43.23865],[6.069171,43.238626]]}},{"type":"Feature","properties":{"cleabs":"TRONROUT0000000225097097","nature":"Route à 1 chaussée","largeur_de_chaussee":4,"cpx_classement_administratif":"Communal"},"geometry":{"type":"LineString","coordinates":[[6.068431,43.239395],[6.068458,43.239365],[6.068461,43.23933]]}},{"type":"Feature","properties":{"cleabs":"TRONROUT0000000225097100","nature":"Sentier","largeur_de_chaussee":null,"cpx_classement_administratif":null},"geometry":{"type":"LineString","coordinates":[[6.069857,43.239578],[6.069489,43.239731],[6.069088,43.239648]]}},{"type":"Feature","properties":{"cleabs":"TRONROUT0000000225097103","nature":"Sentier","largeur_de_chaussee":null,"cpx_classement_administratif":null},"geometry":{"type":"LineString","coordinates":[[6.068554,43.239145],[6.068571,43.239025],[6.068632,43.238937],[6.068608,43.238899],[6.068633,43.238862]]}},{"type":"Feature","properties":{"cleabs":"TRONROUT0000000225097105","nature":"Route à 1 chaussée","largeur_de_chaussee":4,"cpx_classement_administratif":"Communal"},"geometry":{"type":"LineString","coordinates":[[6.069088,43.239648],[6.068869,43.239809],[6.068834,43.239868]]}},{"type":"Feature","properties":{"cleabs":"TRONROUT0000000225097113","nature":"Sentier","largeur_de_chaussee":null,"cpx_classement_administratif":null},"geometry":{"type":"LineString","coordinates":[[6.068276,43.237663],[6.068454,43.237912],[6.06853,43.238012],[6.06862,43.23813]]}},{"type":"Feature","properties":{"cleabs":"TRONROUT0000000225097115","nature":"Sentier","largeur_de_chaussee":null,"cpx_classement_administratif":null},"geometry":{"type":"LineString","coordinates":[[6.06862,43.23813],[6.068776,43.238333],[6.068813,43.23838]]}},{"type":"Feature","properties":{"cleabs":"TRONROUT0000000225097120","nature":"Sentier","largeur_de_chaussee":null,"cpx_classement_administratif":null},"geometry":{"type":"LineString","coordinates":[[6.069349,43.238479],[6.069336,43.238406],[6.069309,43.238335]]}},{"type":"Feature","properties":{"cleabs":"TRONROUT0000000225097127","nature":"Route à 1 chaussée","largeur_de_chaussee":4,"cpx_classement_administratif":"Communal"},"geometry":{"type":"LineString","coordinates":[[6.066642,43.238853],[6.067083,43.239032]]}},{"type":"Feature","properties":{"cleabs":"TRONROUT0000000225097129","nature":"Route empierrée","largeur_de_chaussee":null,"cpx_classement_administratif":null},"geometry":{"type":"LineString","coordinates":[[6.067624,43.239431],[6.067643,43.23953],[6.067765,43.23957],[6.068281,43.239449]]}},{"type":"Feature","properties":{"cleabs":"TRONROUT0000000225097134","nature":"Route empierrée","largeur_de_chaussee":null,"cpx_classement_administratif":null},"geometry":{"type":"LineString","coordinates":[[6.066315,43.239278],[6.066232,43.239267],[6.066154,43.239236],[6.065828,43.239099],[6.065638,43.23902],[6.065601,43.238992],[6.065574,43.238946],[6.065559,43.23879],[6.065552,43.238747],[6.065525,43.238708]]}},{"type":"Feature","properties":{"cleabs":"TRONROUT0000000225097135","nature":"Chemin","largeur_de_chaussee":null,"cpx_classement_administratif":null},"geometry":{"type":"LineString","coordinates":[[6.068916,43.241032],[6.069431,43.241328],[6.069496,43.241348],[6.069538,43.241346],[6.069573,43.241332],[6.069898,43.241115],[6.070153,43.240982],[6.070314,43.240937],[6.070434,43.240938],[6.070597,43.240992],[6.070653,43.240981]]}},{"type":"Feature","properties":{"cleabs":"TRONROUT0000000225097137","nature":"Chemin","largeur_de_chaussee":null,"cpx_classement_administratif":null},"geometry":{"type":"LineString","coordinates":[[6.068681,43.240304],[6.069011,43.240382],[6.069294,43.240647],[6.069442,43.24076],[6.069604,43.240853],[6.069686,43.24087],[6.06978,43.240868],[6.069886,43.240849],[6.069951,43.240817],[6.069977,43.240797],[6.069987,43.240773],[6.06998,43.240712]]}},{"type":"Feature","properties":{"cleabs":"TRONROUT0000000225097140","nature":"Route à 1 chaussée","largeur_de_chaussee":4,"cpx_classement_administratif":"Communal"},"geometry":{"type":"LineString","coordinates":[[6.068461,43.23933],[6.068383,43.239255],[6.068371,43.239227],[6.068384,43.239205],[6.068401,43.239188],[6.068475,43.239158],[6.068526,43.239143],[6.068554,43.239145]]}},{"type":"Feature","properties":{"cleabs":"TRONROUT0000000225097142","nature":"Route à 1 chaussée","largeur_de_chaussee":4,"cpx_classement_administratif":"Communal"},"geometry":{"type":"LineString","coordinates":[[6.068591,43.239216],[6.068566,43.23925],[6.068511,43.239298],[6.068461,43.23933]]}},{"type":"Feature","properties":{"cleabs":"TRONROUT0000000225097143","nature":"Chemin","largeur_de_chaussee":null,"cpx_classement_administratif":null},"geometry":{"type":"LineString","coordinates":[[6.065397,43.242759],[6.06556,43.242671],[6.065636,43.242592],[6.065689,43.242484],[6.06575,43.242338],[6.065824,43.24224],[6.065901,43.242143],[6.065936,43.242122],[6.065965,43.242119],[6.065978,43.242108],[6.066023,43.242067],[6.066056,43.242051],[6.066088,43.242046],[6.066128,43.242051],[6.066268,43.242118],[6.066312,43.242131],[6.066356,43.242128],[6.0664,43.242114],[6.066491,43.242096],[6.066679,43.242067],[6.066748,43.242036],[6.066847,43.24196],[6.066872,43.241912],[6.06687,43.241879],[6.066851,43.241846],[6.066795,43.241823],[6.06672,43.241802],[6.066646,43.241763],[6.066568,43.241684],[6.066505,43.241624]]}},{"type":"Feature","properties":{"cleabs":"TRONROUT0000000225097144","nature":"Route empierrée","largeur_de_chaussee":null,"cpx_classement_administratif":null},"geometry":{"type":"LineString","coordinates":[[6.06579,43.243501],[6.065849,43.243527]]}},{"type":"Feature","properties":{"cleabs":"TRONROUT0000000225097145","nature":"Route empierrée","largeur_de_chaussee":null,"cpx_classement_administratif":null},"geometry":{"type":"LineString","coordinates":[[6.067682,43.242745],[6.067597,43.242701],[6.067278,43.242997]]}},{"type":"Feature","properties":{"cleabs":"TRONROUT0000000225097146","nature":"Sentier","largeur_de_chaussee":null,"cpx_classement_administratif":null},"geometry":{"type":"LineString","coordinates":[[6.067545,43.243981],[6.06811,43.244125],[6.068092,43.244166]]}},{"type":"Feature","properties":{"cleabs":"TRONROUT0000000225097147","nature":"Route à 1 chaussée","largeur_de_chaussee":4,"cpx_classement_administratif":"Communal"},"geometry":{"type":"LineString","coordinates":[[6.069192,43.243421],[6.069015,43.243063]]}},{"type":"Feature","properties":{"cleabs":"TRONROUT0000000225097149","nature":"Route empierrée","largeur_de_chaussee":null,"cpx_classement_administratif":null},"geometry":{"type":"LineString","coordinates":[[6.065816,43.244609],[6.065761,43.24424],[6.06594,43.244061],[6.06589,43.243604],[6.065871,43.243542],[6.065849,43.243527]]}},{"type":"Feature","properties":{"cleabs":"TRONROUT0000000225097154","nature":"Sentier","largeur_de_chaussee":null,"cpx_classement_administratif":null},"geometry":{"type":"LineString","coordinates":[[6.069015,43.243063],[6.069407,43.242951],[6.069451,43.243033],[6.069706,43.24297]]}},{"type":"Feature","properties":{"cleabs":"TRONROUT0000000225097155","nature":"Route à 1 chaussée","largeur_de_chaussee":4,"cpx_classement_administratif":"Communal"},"geometry":{"type":"LineString","coordinates":[[6.068694,43.246915],[6.068814,43.246901],[6.068957,43.246874],[6.069045,43.246872],[6.069172,43.246897],[6.069237,43.246935],[6.06935,43.24703]]}},{"type":"Feature","properties":{"cleabs":"TRONROUT0000000225097156","nature":"Route empierrée","largeur_de_chaussee":null,"cpx_classement_administratif":null},"geometry":{"type":"LineString","coordinates":[[6.067114,43.247493],[6.067427,43.247482],[6.067762,43.247483],[6.067912,43.247486],[6.067958,43.247496],[6.067978,43.247507],[6.068003,43.247529],[6.068097,43.247634]]}},{"type":"Feature","properties":{"cleabs":"TRONROUT0000000225097289","nature":"Chemin","largeur_de_chaussee":null,"cpx_classement_administratif":null},"geometry":{"type":"LineString","coordinates":[[6.067669,43.24815],[6.067467,43.248107],[6.067155,43.248017],[6.066978,43.248016],[6.066356,43.248066],[6.066174,43.248066]]}},{"type":"Feature","properties":{"cleabs":"TRONROUT0000000306797895","nature":"Route à 1 chaussée","largeur_de_chaussee":3,"cpx_classement_administratif":"Communal"},"geometry":{"type":"LineString","coordinates":[[6.070352,43.238054],[6.070204,43.238152],[6.070248,43.238186],[6.070216,43.238232]]}},{"type":"Feature","properties":{"cleabs":"TRONROUT0000000311750294","nature":"Route empierrée","largeur_de_chaussee":null,"cpx_classement_administratif":null},"geometry":{"type":"LineString","coordinates":[[6.054201,43.247978],[6.054454,43.248057],[6.054692,43.248095],[6.05504,43.248111],[6.055452,43.248135],[6.0558,43.24816],[6.056066,43.248204],[6.056251,43.24831]]}},{"type":"Feature","properties":{"cleabs":"TRONROUT0000000311750296","nature":"Route empierrée","largeur_de_chaussee":null,"cpx_classement_administratif":null},"geometry":{"type":"LineString","coordinates":[[6.054101,43.247913],[6.054157,43.247947],[6.054201,43.247978]]}},{"type":"Feature","properties":{"cleabs":"TRONROUT0000000319758738","nature":"Route à 1 chaussée","largeur_de_chaussee":3,"cpx_classement_administratif":"Communal"},"geometry":{"type":"LineString","coordinates":[[6.068431,43.239395],[6.068529,43.239443],[6.068661,43.239635]]}},{"type":"Feature","properties":{"cleabs":"TRONROUT0000000319758739","nature":"Route à 1 chaussée","largeur_de_chaussee":4,"cpx_classement_administratif":"Communal"},"geometry":{"type":"LineString","coordinates":[[6.068281,43.239449],[6.068431,43.239395]]}},{"type":"Feature","properties":{"cleabs":"TRONROUT0000000320075866","nature":"Sentier","largeur_de_chaussee":null,"cpx_classement_administratif":null},"geometry":{"type":"LineString","coordinates":[[6.068772,43.245482],[6.068883,43.245303],[6.069091,43.245185],[6.069274,43.245117],[6.069452,43.245077],[6.069535,43.245044]]}},{"type":"Feature","properties":{"cleabs":"TRONROUT0000000332362414","nature":"Route à 2 chaussées","largeur_de_chaussee":4,"cpx_classement_administratif":"Départementale"},"geometry":{"type":"LineString","coordinates":[[6.064338,43.253217],[6.064322,43.253258],[6.064317,43.253335]]}},{"type":"Feature","properties":{"cleabs":"TRONROUT0000000353737918","nature":"Route empierrée","largeur_de_chaussee":null,"cpx_classement_administratif":null},"geometry":{"type":"LineString","coordinates":[[6.057145,43.247399],[6.057356,43.247312],[6.05756,43.247202],[6.057666,43.247166],[6.057833,43.247138]]}},{"type":"Feature","properties":{"cleabs":"TRONROUT0000000358010849","nature":"Sentier","largeur_de_chaussee":null,"cpx_classement_administratif":null},"geometry":{"type":"LineString","coordinates":[[6.069805,43.238864],[6.069567,43.238651]]}},{"type":"Feature","properties":{"cleabs":"TRONROUT0000000358010850","nature":"Route à 1 chaussée","largeur_de_chaussee":3,"cpx_classement_administratif":"Communal"},"geometry":{"type":"LineString","coordinates":[[6.069467,43.239062],[6.06973,43.238914]]}},{"type":"Feature","properties":{"cleabs":"TRONROUT0000000358010851","nature":"Route à 1 chaussée","largeur_de_chaussee":3,"cpx_classement_administratif":"Communal"},"geometry":{"type":"LineString","coordinates":[[6.069967,43.238746],[6.070041,43.238852]]}},{"type":"Feature","properties":{"cleabs":"TRONROUT0000002002004977","nature":"Route à 2 chaussées","largeur_de_chaussee":3,"cpx_classement_administratif":"Départementale"},"geometry":{"type":"LineString","coordinates":[[6.064164,43.253503],[6.064082,43.253548],[6.064019,43.253586],[6.063985,43.253616],[6.063956,43.253645],[6.063902,43.25372],[6.06384,43.253801],[6.063778,43.253884],[6.063708,43.253975],[6.063632,43.254075],[6.063559,43.25418],[6.063499,43.254292],[6.063442,43.254415],[6.063396,43.254539],[6.063379,43.254608],[6.063363,43.254663],[6.063343,43.25479],[6.063321,43.254908],[6.063294,43.255022],[6.063266,43.255137],[6.063231,43.255255]]}},{"type":"Feature","properties":{"cleabs":"TRONROUT0000002002004978","nature":"Route à 2 chaussées","largeur_de_chaussee":3,"cpx_classement_administratif":"Départementale"},"geometry":{"type":"LineString","coordinates":[[6.063231,43.255255],[6.06324,43.255181],[6.063252,43.255033],[6.063261,43.25489],[6.063277,43.254755],[6.063296,43.254624],[6.063333,43.254495],[6.06338,43.254369],[6.063438,43.254247],[6.063508,43.254127],[6.063588,43.254009],[6.063673,43.253904],[6.063753,43.253799],[6.063815,43.253718],[6.063873,43.253641],[6.063909,43.253574],[6.063965,43.253451]]}},{"type":"Feature","properties":{"cleabs":"TRONROUT0000002002004979","nature":"Route à 1 chaussée","largeur_de_chaussee":3,"cpx_classement_administratif":"Communal"},"geometry":{"type":"LineString","coordinates":[[6.063949,43.253107],[6.063992,43.253183],[6.064055,43.253237]]}},{"type":"Feature","properties":{"cleabs":"TRONROUT0000002002004980","nature":"Route à 1 chaussée","largeur_de_chaussee":4,"cpx_classement_administratif":"Départementale"},"geometry":{"type":"LineString","coordinates":[[6.064258,43.253173],[6.064314,43.253129],[6.064383,43.253058],[6.064463,43.252974],[6.064553,43.252876],[6.064649,43.252763],[6.06475,43.25264],[6.064855,43.252511],[6.064966,43.252377],[6.065078,43.25224],[6.065155,43.252151]]}},{"type":"Feature","properties":{"cleabs":"TRONROUT0000002002004981","nature":"Rond-point","largeur_de_chaussee":7,"cpx_classement_administratif":"Départementale"},"geometry":{"type":"LineString","coordinates":[[6.064317,43.253335],[6.064322,43.253356],[6.064317,43.253372]]}},{"type":"Feature","properties":{"cleabs":"TRONROUT0000002002004982","nature":"Rond-point","largeur_de_chaussee":7,"cpx_classement_administratif":"Départementale"},"geometry":{"type":"LineString","coordinates":[[6.064317,43.253372],[6.064308,43.253409],[6.064274,43.253455],[6.064224,43.253487],[6.064199,43.253497]]}},{"type":"Feature","properties":{"cleabs":"TRONROUT0000002002004983","nature":"Rond-point","largeur_de_chaussee":7,"cpx_classement_administratif":"Départementale"},"geometry":{"type":"LineString","coordinates":[[6.064199,43.253497],[6.064164,43.253503]]}},{"type":"Feature","properties":{"cleabs":"TRONROUT0000002002004984","nature":"Rond-point","largeur_de_chaussee":7,"cpx_classement_administratif":"Départementale"},"geometry":{"type":"LineString","coordinates":[[6.064164,43.253503],[6.064098,43.253503],[6.064039,43.253489],[6.063984,43.253463],[6.063965,43.253451]]}},{"type":"Feature","properties":{"cleabs":"TRONROUT0000002002004985","nature":"Rond-point","largeur_de_chaussee":7,"cpx_classement_administratif":"Départementale"},"geometry":{"type":"LineString","coordinates":[[6.063965,43.253451],[6.063944,43.253429],[6.063933,43.253412]]}},{"type":"Feature","properties":{"cleabs":"TRONROUT0000002002004986","nature":"Rond-point","largeur_de_chaussee":7,"cpx_classement_administratif":"Départementale"},"geometry":{"type":"LineString","coordinates":[[6.063933,43.253412],[6.063925,43.253388],[6.063926,43.253343],[6.063942,43.25331]]}},{"type":"Feature","properties":{"cleabs":"TRONROUT0000002002004987","nature":"Rond-point","largeur_de_chaussee":7,"cpx_classement_administratif":"Départementale"},"geometry":{"type":"LineString","coordinates":[[6.063942,43.25331],[6.06395,43.2533],[6.063993,43.253264],[6.064055,43.253237]]}},{"type":"Feature","properties":{"cleabs":"TRONROUT0000002002004988","nature":"Rond-point","largeur_de_chaussee":7,"cpx_classement_administratif":"Départementale"},"geometry":{"type":"LineString","coordinates":[[6.064055,43.253237],[6.064124,43.253226],[6.064153,43.253225]]}},{"type":"Feature","properties":{"cleabs":"TRONROUT0000002002004989","nature":"Rond-point","largeur_de_chaussee":7,"cpx_classement_administratif":"Départementale"},"geometry":{"type":"LineString","coordinates":[[6.064153,43.253225],[6.064192,43.253232],[6.06425,43.253255],[6.064293,43.253291],[6.064317,43.253335]]}},{"type":"Feature","properties":{"cleabs":"TRONROUT0000002002004990","nature":"Route à 2 chaussées","largeur_de_chaussee":3,"cpx_classement_administratif":"Départementale"},"geometry":{"type":"LineString","coordinates":[[6.064486,43.25358],[6.064434,43.253566],[6.064384,43.253553],[6.064339,43.253538],[6.064312,43.25353],[6.064199,43.253497]]}},{"type":"Feature","properties":{"cleabs":"TRONROUT0000002002004991","nature":"Route à 2 chaussées","largeur_de_chaussee":3,"cpx_classement_administratif":"Départementale"},"geometry":{"type":"LineString","coordinates":[[6.064317,43.253372],[6.064358,43.253433],[6.064397,43.253481],[6.064442,43.253526],[6.064486,43.25358]]}},{"type":"Feature","properties":{"cleabs":"TRONROUT0000002002004992","nature":"Route à 1 chaussée","largeur_de_chaussee":5,"cpx_classement_administratif":"Départementale"},"geometry":{"type":"LineString","coordinates":[[6.064717,43.253771],[6.064534,43.253617],[6.064486,43.25358]]}},{"type":"Feature","properties":{"cleabs":"TRONROUT0000002002004993","nature":"Route à 1 chaussée","largeur_de_chaussee":3,"cpx_classement_administratif":"Communal"},"geometry":{"type":"LineString","coordinates":[[6.063933,43.253412],[6.063829,43.25339],[6.063763,43.253384],[6.063717,43.253389]]}},{"type":"Feature","properties":{"cleabs":"TRONROUT0000002002004994","nature":"Route à 1 chaussée","largeur_de_chaussee":3,"cpx_classement_administratif":"Communal"},"geometry":{"type":"LineString","coordinates":[[6.063717,43.253389],[6.063726,43.253384],[6.063778,43.253368],[6.063832,43.253356],[6.063885,43.25334],[6.063942,43.25331]]}},{"type":"Feature","properties":{"cleabs":"TRONROUT0000002002004995","nature":"Route à 1 chaussée","largeur_de_chaussee":3,"cpx_classement_administratif":"Communal"},"geometry":{"type":"LineString","coordinates":[[6.063942,43.25331],[6.063942,43.253271],[6.063945,43.25323],[6.063941,43.253188],[6.063949,43.253107]]}},{"type":"Feature","properties":{"cleabs":"TRONROUT0000002002004996","nature":"Route à 1 chaussée","largeur_de_chaussee":4,"cpx_classement_administratif":"Communal"},"geometry":{"type":"LineString","coordinates":[[6.063643,43.253459],[6.063677,43.253414],[6.063717,43.253389]]}},{"type":"Feature","properties":{"cleabs":"TRONROUT0000002008681809","nature":"Sentier","largeur_de_chaussee":null,"cpx_classement_administratif":null},"geometry":{"type":"LineString","coordinates":[[6.069171,43.238626],[6.069252,43.238539],[6.069349,43.238479]]}},{"type":"Feature","properties":{"cleabs":"TRONROUT0000002010246167","nature":"Route à 1 chaussée","largeur_de_chaussee":4,"cpx_classement_administratif":"Communal"},"geometry":{"type":"LineString","coordinates":[[6.063217,43.254407],[6.063277,43.254238],[6.063457,43.253902],[6.063481,43.25385]]}},{"type":"Feature","properties":{"cleabs":"TRONROUT0000002010246168","nature":"Route empierrée","largeur_de_chaussee":null,"cpx_classement_administratif":null},"geometry":{"type":"LineString","coordinates":[[6.063481,43.25385],[6.063378,43.253825],[6.063153,43.253721],[6.062612,43.253465]]}},{"type":"Feature","properties":{"cleabs":"TRONROUT0000002010326454","nature":"Chemin","largeur_de_chaussee":null,"cpx_classement_administratif":null},"geometry":{"type":"LineString","coordinates":[[6.052035,43.251876],[6.052229,43.25176],[6.052362,43.251651],[6.052473,43.251614],[6.052541,43.251506]]}},{"type":"Feature","properties":{"cleabs":"TRONROUT0000002010326455","nature":"Route à 1 chaussée","largeur_de_chaussee":3,"cpx_classement_administratif":"Communal"},"geometry":{"type":"LineString","coordinates":[[6.059988,43.246533],[6.059758,43.246557],[6.059562,43.24659],[6.059255,43.246596],[6.059188,43.246585]]}},{"type":"Feature","properties":{"cleabs":"TRONROUT0000002010326456","nature":"Route empierrée","largeur_de_chaussee":null,"cpx_classement_administratif":null},"geometry":{"type":"LineString","coordinates":[[6.059188,43.246585],[6.059186,43.246498],[6.059098,43.246316],[6.058996,43.246128],[6.058898,43.245991],[6.058883,43.245946],[6.058892,43.245871],[6.058973,43.245757]]}},{"type":"Feature","properties":{"cleabs":"TRONROUT0000002010326457","nature":"Route empierrée","largeur_de_chaussee":null,"cpx_classement_administratif":null},"geometry":{"type":"LineString","coordinates":[[6.062178,43.247385],[6.062171,43.24745],[6.062093,43.247784],[6.062119,43.247828],[6.062268,43.247855],[6.062386,43.24788],[6.062503,43.247878],[6.062589,43.247884],[6.062627,43.24789]]}},{"type":"Feature","properties":{"cleabs":"TRONROUT0000002010326458","nature":"Route empierrée","largeur_de_chaussee":null,"cpx_classement_administratif":null},"geometry":{"type":"LineString","coordinates":[[6.067682,43.242745],[6.067799,43.242819],[6.067882,43.242869],[6.067911,43.242891],[6.067967,43.242916],[6.068081,43.242951]]}},{"type":"Feature","properties":{"cleabs":"TRONROUT0000002010326462","nature":"Chemin","largeur_de_chaussee":null,"cpx_classement_administratif":null},"geometry":{"type":"LineString","coordinates":[[6.044002,43.23785],[6.044047,43.237861],[6.044163,43.237826],[6.04422,43.237824],[6.044237,43.237848],[6.044221,43.237913],[6.044185,43.237971],[6.044168,43.238055],[6.044112,43.23819],[6.044041,43.238307],[6.044037,43.238349],[6.044061,43.238393],[6.044113,43.238441],[6.044179,43.238474],[6.044248,43.238497],[6.04428,43.238545],[6.044278,43.238693],[6.044262,43.238758],[6.044225,43.238828]]}},{"type":"Feature","properties":{"cleabs":"TRONROUT0000002010326463","nature":"Chemin","largeur_de_chaussee":null,"cpx_classement_administratif":null},"geometry":{"type":"LineString","coordinates":[[6.042909,43.238702],[6.043141,43.238409],[6.0433,43.238208],[6.043371,43.238174],[6.04345,43.238182],[6.043552,43.238213],[6.043626,43.238227],[6.043688,43.238225],[6.043722,43.238212],[6.043788,43.238152],[6.043802,43.238108],[6.043811,43.238019],[6.043852,43.237967],[6.043943,43.237875],[6.044002,43.23785]]}},{"type":"Feature","properties":{"cleabs":"TRONROUT0000002010326466","nature":"Chemin","largeur_de_chaussee":null,"cpx_classement_administratif":null},"geometry":{"type":"LineString","coordinates":[[6.043265,43.239022],[6.043175,43.238977],[6.043035,43.238942],[6.042929,43.238914],[6.042893,43.23889],[6.042856,43.238862],[6.042854,43.238821],[6.042873,43.238772],[6.042909,43.238702]]}},{"type":"Feature","properties":{"cleabs":"TRONROUT0000002201551301","nature":"Route à 1 chaussée","largeur_de_chaussee":4,"cpx_classement_administratif":"Communal"},"geometry":{"type":"LineString","coordinates":[[6.063352,43.243141],[6.063489,43.24312]]}},{"type":"Feature","properties":{"cleabs":"TRONROUT0000002201551302","nature":"Chemin","largeur_de_chaussee":null,"cpx_classement_administratif":null},"geometry":{"type":"LineString","coordinates":[[6.063103,43.242899],[6.062814,43.242809],[6.062383,43.242669],[6.062033,43.242566],[6.061883,43.242514],[6.061772,43.242453],[6.061697,43.242396],[6.061667,43.242358],[6.061656,43.242315],[6.061657,43.242292],[6.061726,43.242157],[6.061783,43.242037],[6.061872,43.241914],[6.061969,43.241808],[6.062035,43.241727],[6.062098,43.241622],[6.062151,43.24151],[6.062236,43.24134],[6.062312,43.241156],[6.062395,43.240991],[6.06246,43.240916],[6.062565,43.240858],[6.062659,43.2408],[6.062706,43.240738],[6.062728,43.240657],[6.062725,43.240564],[6.062711,43.240503],[6.062686,43.240475],[6.062654,43.240441]]}},{"type":"Feature","properties":{"cleabs":"TRONROUT0000002201551303","nature":"Route empierrée","largeur_de_chaussee":null,"cpx_classement_administratif":null},"geometry":{"type":"LineString","coordinates":[[6.061477,43.242314],[6.061661,43.242042],[6.06176,43.241882],[6.061863,43.241742],[6.061919,43.241659],[6.06199,43.241561],[6.062072,43.24138],[6.062202,43.241119],[6.062319,43.240868],[6.062395,43.240739],[6.06248,43.240711],[6.062557,43.240663],[6.062607,43.240581],[6.06265,43.240465],[6.062654,43.240441]]}},{"type":"Feature","properties":{"cleabs":"TRONROUT0000002201552131","nature":"Route à 1 chaussée","largeur_de_chaussee":3,"cpx_classement_administratif":"Communal"},"geometry":{"type":"LineString","coordinates":[[6.064568,43.252516],[6.065042,43.251958],[6.065217,43.251777],[6.065381,43.251636],[6.065405,43.251615]]}},{"type":"Feature","properties":{"cleabs":"TRONROUT0000002201552132","nature":"Chemin","largeur_de_chaussee":null,"cpx_classement_administratif":null},"geometry":{"type":"LineString","coordinates":[[6.065405,43.251615],[6.065291,43.251548],[6.065267,43.251511],[6.065273,43.25146],[6.065435,43.251245],[6.065469,43.251197],[6.065475,43.251155],[6.06546,43.251121],[6.065401,43.251091],[6.065129,43.251017],[6.064854,43.250913],[6.064747,43.250872],[6.064622,43.250796],[6.064472,43.250749],[6.064168,43.250682],[6.064029,43.250663],[6.063958,43.250659],[6.063914,43.250641],[6.063934,43.25057]]}},{"type":"Feature","properties":{"cleabs":"TRONROUT0000002201552133","nature":"Chemin","largeur_de_chaussee":null,"cpx_classement_administratif":null},"geometry":{"type":"LineString","coordinates":[[6.063203,43.249931],[6.063682,43.250019],[6.064045,43.250062],[6.064105,43.250063]]}},{"type":"Feature","properties":{"cleabs":"TRONROUT0000002205996466","nature":"Chemin","largeur_de_chaussee":null,"cpx_classement_administratif":"Piste DFCI"},"geometry":{"type":"LineString","coordinates":[[6.044082,43.242037],[6.04353,43.242215]]}},{"type":"Feature","properties":{"cleabs":"TRONROUT0000002205996465","nature":"Sentier","largeur_de_chaussee":null,"cpx_classement_administratif":null},"geometry":{"type":"LineString","coordinates":[[6.045165,43.243107],[6.045571,43.243189],[6.045831,43.243253],[6.04604,43.24325],[6.04632,43.243256],[6.046412,43.243268],[6.046456,43.243264],[6.046544,43.243245],[6.046675,43.243193],[6.046735,43.243178],[6.046756,43.243171],[6.046786,43.243168],[6.046816,43.24315],[6.046923,43.243086],[6.047034,43.24302],[6.047098,43.24297],[6.04713,43.242948],[6.047355,43.242822],[6.047401,43.242803],[6.047437,43.242795],[6.047507,43.242759],[6.047543,43.242741],[6.047594,43.242725],[6.047642,43.242718],[6.047666,43.242713],[6.047717,43.242685],[6.047739,43.242676],[6.04777,43.242668],[6.047788,43.242668],[6.047824,43.24264],[6.047847,43.242626],[6.04791,43.242607],[6.048009,43.242548],[6.048033,43.242541],[6.048063,43.242519],[6.048135,43.242505],[6.048175,43.24249],[6.048241,43.242461],[6.048275,43.242454],[6.048327,43.242452],[6.04843,43.24243],[6.048492,43.24241],[6.048552,43.24237],[6.048601,43.242356],[6.048625,43.242322],[6.048646,43.242315],[6.048702,43.242273],[6.048744,43.242219],[6.048798,43.242193],[6.048855,43.242155],[6.048911,43.242124],[6.048974,43.242095],[6.049148,43.24204],[6.049209,43.242009],[6.049301,43.241996],[6.049366,43.241992],[6.049573,43.241976],[6.049747,43.241955],[6.049839,43.241933],[6.049942,43.24191],[6.050014,43.241887],[6.050241,43.241858]]}},{"type":"Feature","properties":{"cleabs":"TRONROUT0000002205996477","nature":"Chemin","largeur_de_chaussee":null,"cpx_classement_administratif":null},"geometry":{"type":"LineString","coordinates":[[6.054303,43.241319],[6.054223,43.241319],[6.054107,43.241306],[6.05398,43.241311],[6.053694,43.241391],[6.053537,43.241421],[6.053349,43.241425],[6.053146,43.241443],[6.052891,43.241433],[6.052722,43.241448],[6.052559,43.241464],[6.051963,43.241568],[6.051903,43.24155],[6.051859,43.241548]]}},{"type":"Feature","properties":{"cleabs":"TRONROUT0000002206189853","nature":"Route à 2 chaussées","largeur_de_chaussee":4,"cpx_classement_administratif":"Départementale"},"geometry":{"type":"LineString","coordinates":[[6.065226,43.252189],[6.065218,43.252198],[6.065119,43.252313],[6.065024,43.252425],[6.064929,43.252535],[6.064847,43.252639],[6.064753,43.252742],[6.064667,43.252843],[6.064582,43.252933],[6.064493,43.253024],[6.064414,43.253123],[6.064338,43.253217]]}},{"type":"Feature","properties":{"cleabs":"TRONROUT0000002206189854","nature":"Route à 1 chaussée","largeur_de_chaussee":null,"cpx_classement_administratif":null},"geometry":{"type":"LineString","coordinates":[[6.063643,43.253459],[6.06369,43.253318],[6.063754,43.253235],[6.063806,43.253185],[6.063874,43.253131],[6.063949,43.253107]]}},{"type":"Feature","properties":{"cleabs":"TRONROUT0000002206189855","nature":"Route à 1 chaussée","largeur_de_chaussee":null,"cpx_classement_administratif":null},"geometry":{"type":"LineString","coordinates":[[6.063949,43.253107],[6.064117,43.253135],[6.064225,43.253157],[6.064258,43.253173]]}},{"type":"Feature","properties":{"cleabs":"TRONROUT0000002206189856","nature":"Route à 1 chaussée","largeur_de_chaussee":null,"cpx_classement_administratif":null},"geometry":{"type":"LineString","coordinates":[[6.064258,43.253173],[6.064305,43.253194],[6.064338,43.253217]]}},{"type":"Feature","properties":{"cleabs":"TRONROUT0000002206189857","nature":"Route à 1 chaussée","largeur_de_chaussee":null,"cpx_classement_administratif":null},"geometry":{"type":"LineString","coordinates":[[6.064338,43.253217],[6.064508,43.253325]]}},{"type":"Feature","properties":{"cleabs":"TRONROUT0000002206189858","nature":"Route à 1 chaussée","largeur_de_chaussee":4,"cpx_classement_administratif":"Départementale"},"geometry":{"type":"LineString","coordinates":[[6.064153,43.253225],[6.064243,43.253185],[6.064258,43.253173]]}},{"type":"Feature","properties":{"cleabs":"TRONROUT0000002206189859","nature":"Route à 1 chaussée","largeur_de_chaussee":3,"cpx_classement_administratif":"Communal"},"geometry":{"type":"LineString","coordinates":[[6.064717,43.253771],[6.064788,43.253731],[6.064818,43.253665],[6.064737,43.253589],[6.064607,43.253523],[6.064513,43.253447],[6.064491,43.253378],[6.064508,43.253325]]}},{"type":"Feature","properties":{"cleabs":"TRONROUT0000002206189862","nature":"Route à 1 chaussée","largeur_de_chaussee":4,"cpx_classement_administratif":"Communal"},"geometry":{"type":"LineString","coordinates":[[6.063481,43.25385],[6.063506,43.253797],[6.063531,43.253741],[6.063555,43.253684],[6.06358,43.253627],[6.063601,43.25357],[6.06362,43.253512],[6.063643,43.253459]]}},{"type":"Feature","properties":{"cleabs":"TRONROUT0000002206229919","nature":"Sentier","largeur_de_chaussee":null,"cpx_classement_administratif":null},"geometry":{"type":"LineString","coordinates":[[6.047243,43.24684],[6.047183,43.246907],[6.047103,43.246956],[6.04698,43.247003],[6.046895,43.247047],[6.046833,43.247143],[6.04682,43.247229],[6.04677,43.247342],[6.046723,43.247395],[6.04659,43.247507],[6.046524,43.247557],[6.046305,43.247756],[6.046191,43.247836],[6.046086,43.247857],[6.04595,43.247862],[6.045817,43.247863],[6.045615,43.247831],[6.045135,43.247677],[6.044449,43.247502],[6.044234,43.247485],[6.04379,43.247497],[6.043615,43.247493],[6.043406,43.247469],[6.043322,43.247442],[6.043264,43.247437],[6.043173,43.247468],[6.042944,43.247485],[6.042848,43.247508],[6.042708,43.247496],[6.042568,43.247454],[6.042325,43.247476],[6.042201,43.247485],[6.042068,43.247489],[6.041909,43.24745],[6.041847,43.247448],[6.04179,43.247466],[6.041742,43.247493],[6.041618,43.247595],[6.041569,43.247615],[6.04151,43.247616],[6.041267,43.247567],[6.040999,43.247525],[6.040825,43.247534],[6.040669,43.247575],[6.040358,43.247603],[6.040203,43.24761],[6.040103,43.247651],[6.039765,43.247663],[6.039505,43.247656],[6.03945,43.247671],[6.039302,43.247707],[6.039208,43.247733],[6.039143,43.247764],[6.039067,43.247758],[6.038702,43.247661],[6.038642,43.247666],[6.038547,43.247729],[6.038456,43.247781],[6.038339,43.247802],[6.038224,43.247793],[6.038149,43.24776],[6.038091,43.247731],[6.038014,43.247712],[6.037955,43.247718],[6.037903,43.247736],[6.037849,43.247805],[6.037779,43.24783],[6.037726,43.247866],[6.037704,43.247906],[6.037668,43.247942],[6.037581,43.248006],[6.037331,43.248114],[6.037296,43.248114],[6.037266,43.248106],[6.037248,43.248115],[6.037227,43.248129]]}},{"type":"Feature","properties":{"cleabs":"TRONROUT0000002206229920","nature":"Sentier","largeur_de_chaussee":null,"cpx_classement_administratif":null},"geometry":{"type":"LineString","coordinates":[[6.044117,43.242654],[6.044268,43.242693],[6.044436,43.242759],[6.044539,43.242873],[6.044574,43.242946],[6.044563,43.243],[6.044475,43.243054]]}},{"type":"Feature","properties":{"cleabs":"TRONROUT0000002222555535","nature":"Route à 1 chaussée","largeur_de_chaussee":4,"cpx_classement_administratif":"Communal"},"geometry":{"type":"LineString","coordinates":[[6.059213,43.239328],[6.059147,43.239314],[6.059041,43.239306],[6.059029,43.239306],[6.058994,43.239348],[6.058934,43.239419],[6.058858,43.239466],[6.058719,43.239501],[6.058559,43.239526],[6.058397,43.239563],[6.058277,43.23961],[6.058143,43.239671],[6.058076,43.23971],[6.058023,43.239758],[6.058001,43.239792],[6.057968,43.239912]]}},{"type":"Feature","properties":{"cleabs":"TRONROUT0000002245093316","nature":"Sentier","largeur_de_chaussee":null,"cpx_classement_administratif":null},"geometry":{"type":"LineString","coordinates":[[6.068646,43.240224],[6.069024,43.240325],[6.069404,43.240325],[6.069823,43.240173],[6.06995,43.240131]]}},{"type":"Feature","properties":{"cleabs":"TRONROUT0000002274825040","nature":"Route à 1 chaussée","largeur_de_chaussee":3,"cpx_classement_administratif":"Communal"},"geometry":{"type":"LineString","coordinates":[[6.06995,43.240131],[6.070047,43.239961],[6.070061,43.239908],[6.070072,43.239876]]}},{"type":"Feature","properties":{"cleabs":"TRONROUT0000002274825026","nature":"Route à 1 chaussée","largeur_de_chaussee":5,"cpx_classement_administratif":"Communal"},"geometry":{"type":"LineString","coordinates":[[6.070836,43.247624],[6.070758,43.247748],[6.070735,43.247811],[6.070689,43.247906],[6.070627,43.247966],[6.070537,43.248012],[6.070466,43.248027],[6.070407,43.248028],[6.070301,43.247997],[6.07021,43.247984],[6.070141,43.247986],[6.069933,43.248002]]}},{"type":"Feature","properties":{"cleabs":"TRONROUT0000002274825027","nature":"Route à 1 chaussée","largeur_de_chaussee":5,"cpx_classement_administratif":"Communal"},"geometry":{"type":"LineString","coordinates":[[6.070836,43.247624],[6.070917,43.247496]]}},{"type":"Feature","properties":{"cleabs":"TRONROUT0000002274825028","nature":"Sentier","largeur_de_chaussee":null,"cpx_classement_administratif":null},"geometry":{"type":"LineString","coordinates":[[6.070736,43.247938],[6.070853,43.247726],[6.070866,43.247689],[6.070836,43.247624]]}},{"type":"Feature","properties":{"cleabs":"TRONROUT0000002274825030","nature":"Route à 1 chaussée","largeur_de_chaussee":5,"cpx_classement_administratif":"Communal"},"geometry":{"type":"LineString","coordinates":[[6.070449,43.247512],[6.070865,43.247509],[6.070917,43.247496]]}},{"type":"Feature","properties":{"cleabs":"TRONROUT0000002274825032","nature":"Route à 1 chaussée","largeur_de_chaussee":4,"cpx_classement_administratif":"Communal"},"geometry":{"type":"LineString","coordinates":[[6.070056,43.239795],[6.07009,43.239778],[6.070113,43.239752],[6.070166,43.239648],[6.070203,43.239583]]}},{"type":"Feature","properties":{"cleabs":"TRONROUT0000002274825033","nature":"Route à 1 chaussée","largeur_de_chaussee":4,"cpx_classement_administratif":"Communal"},"geometry":{"type":"LineString","coordinates":[[6.070022,43.239812],[6.070056,43.239795]]}},{"type":"Feature","properties":{"cleabs":"TRONROUT0000002274825034","nature":"Route à 1 chaussée","largeur_de_chaussee":4,"cpx_classement_administratif":"Communal"},"geometry":{"type":"LineString","coordinates":[[6.070139,43.239108],[6.070241,43.239089],[6.070268,43.239092],[6.070292,43.239108],[6.070516,43.2394],[6.070519,43.239411],[6.070513,43.239436],[6.070368,43.239593],[6.070349,43.2396],[6.070319,43.2396],[6.070256,43.239596],[6.070203,43.239583]]}},{"type":"Feature","properties":{"cleabs":"TRONROUT0000002274825035","nature":"Route à 1 chaussée","largeur_de_chaussee":4,"cpx_classement_administratif":"Communal"},"geometry":{"type":"LineString","coordinates":[[6.070203,43.239583],[6.070206,43.239576],[6.070254,43.239521],[6.070269,43.239483],[6.070262,43.239445],[6.070235,43.23938],[6.070197,43.239319],[6.070186,43.239242],[6.070139,43.239108]]}},{"type":"Feature","properties":{"cleabs":"TRONROUT0000002274825036","nature":"Route à 1 chaussée","largeur_de_chaussee":4,"cpx_classement_administratif":"Communal"},"geometry":{"type":"LineString","coordinates":[[6.068834,43.239868],[6.069067,43.239919],[6.069428,43.23998],[6.069505,43.239985],[6.069597,43.239963],[6.069782,43.239899],[6.069915,43.239859]]}},{"type":"Feature","properties":{"cleabs":"TRONROUT0000002274825037","nature":"Route à 1 chaussée","largeur_de_chaussee":3,"cpx_classement_administratif":"Communal"},"geometry":{"type":"LineString","coordinates":[[6.070072,43.239876],[6.070063,43.239832],[6.070056,43.239795]]}},{"type":"Feature","properties":{"cleabs":"TRONROUT0000002274825038","nature":"Chemin","largeur_de_chaussee":null,"cpx_classement_administratif":null},"geometry":{"type":"LineString","coordinates":[[6.071075,43.239629],[6.070703,43.239513],[6.070681,43.239509],[6.070664,43.239513],[6.070656,43.23952],[6.070267,43.239938],[6.070225,43.239949],[6.070194,43.239949],[6.07014,43.239929],[6.070072,43.239876]]}},{"type":"Feature","properties":{"cleabs":"TRONROUT0000002274825039","nature":"Route à 1 chaussée","largeur_de_chaussee":4,"cpx_classement_administratif":"Communal"},"geometry":{"type":"LineString","coordinates":[[6.069915,43.239859],[6.070022,43.239812]]}},{"type":"Feature","properties":{"cleabs":"TRONROUT0000002321977268","nature":"Sentier","largeur_de_chaussee":null,"cpx_classement_administratif":null},"geometry":{"type":"LineString","coordinates":[[6.043262,43.260107],[6.043094,43.260111],[6.042973,43.260102],[6.042876,43.260102],[6.042813,43.260117],[6.042766,43.260151],[6.042674,43.260178],[6.042522,43.260183],[6.042466,43.260186],[6.042387,43.260213],[6.042315,43.260226],[6.042212,43.260227],[6.042149,43.260221],[6.042049,43.260193],[6.041967,43.260184],[6.041903,43.260185]]}},{"type":"Feature","properties":{"cleabs":"TRONROUT0000002321977307","nature":"Sentier","largeur_de_chaussee":null,"cpx_classement_administratif":null},"geometry":{"type":"LineString","coordinates":[[6.04353,43.242215],[6.043576,43.242241],[6.043674,43.242238],[6.043887,43.242259],[6.044006,43.242252],[6.044054,43.242267],[6.044077,43.242348],[6.044079,43.24239],[6.04411,43.242443],[6.044117,43.242502],[6.044104,43.242563],[6.044117,43.242654]]}},{"type":"Feature","properties":{"cleabs":"TRONROUT0000002321977308","nature":"Sentier","largeur_de_chaussee":null,"cpx_classement_administratif":null},"geometry":{"type":"LineString","coordinates":[[6.044117,43.242654],[6.043863,43.242671],[6.043538,43.242689],[6.043314,43.242705],[6.04317,43.242736],[6.042882,43.242802],[6.042661,43.242886],[6.04251,43.242949],[6.042411,43.242983],[6.042244,43.243011],[6.042108,43.243031],[6.041868,43.243079],[6.041641,43.243124],[6.041516,43.243177],[6.041401,43.243254],[6.041322,43.243354],[6.041201,43.243386],[6.041109,43.243392],[6.040856,43.243457],[6.040513,43.24357],[6.040261,43.243642],[6.040092,43.243696],[6.039964,43.243712],[6.039758,43.243725],[6.03932,43.243738]]}},{"type":"Feature","properties":{"cleabs":"TRONROUT0000002321977309","nature":"Chemin","largeur_de_chaussee":null,"cpx_classement_administratif":"Piste DFCI"},"geometry":{"type":"LineString","coordinates":[[6.04353,43.242215],[6.043393,43.242242],[6.042808,43.242313],[6.042076,43.242503],[6.041543,43.242629],[6.04142,43.24267],[6.041205,43.242729],[6.040866,43.242854],[6.040726,43.242889],[6.040603,43.242933],[6.040223,43.243106],[6.040121,43.243187],[6.03978,43.243491],[6.039676,43.243576],[6.039554,43.24363],[6.039467,43.243684],[6.03932,43.243738]]}},{"type":"Feature","properties":{"cleabs":"TRONROUT0000002321977310","nature":"Sentier","largeur_de_chaussee":null,"cpx_classement_administratif":null},"geometry":{"type":"LineString","coordinates":[[6.044475,43.243054],[6.044381,43.243122],[6.044326,43.243266],[6.044373,43.243513],[6.044393,43.243629],[6.044571,43.243721],[6.044692,43.243758],[6.044824,43.243896],[6.044979,43.244079],[6.045074,43.244153],[6.045089,43.244169],[6.045122,43.24434],[6.045185,43.244389],[6.045285,43.244461],[6.045396,43.24472],[6.045398,43.244769],[6.045365,43.244852],[6.045418,43.244944],[6.04544,43.244999],[6.045508,43.245072],[6.045503,43.245109],[6.045572,43.245232],[6.045619,43.245261],[6.045684,43.245316],[6.045699,43.245442],[6.045746,43.245524],[6.045911,43.24561],[6.046193,43.245838],[6.046237,43.245855],[6.046403,43.245848],[6.04647,43.245896],[6.046534,43.245994],[6.04686,43.24627],[6.046905,43.246331],[6.046969,43.246359],[6.047011,43.246386],[6.047001,43.246445],[6.047033,43.246513],[6.047022,43.246541],[6.047041,43.246565],[6.047129,43.24661],[6.047181,43.246636],[6.047171,43.246669],[6.047199,43.246701],[6.047246,43.246758],[6.047243,43.24684]]}},{"type":"Feature","properties":{"cleabs":"TRONROUT0000002321977311","nature":"Sentier","largeur_de_chaussee":null,"cpx_classement_administratif":null},"geometry":{"type":"LineString","coordinates":[[6.059702,43.241429],[6.059809,43.241333]]}},{"type":"Feature","properties":{"cleabs":"TRONROUT0000002321977312","nature":"Chemin","largeur_de_chaussee":null,"cpx_classement_administratif":null},"geometry":{"type":"LineString","coordinates":[[6.063489,43.24312],[6.06347,43.243063],[6.063441,43.243031],[6.063357,43.242994],[6.063103,43.242899]]}},{"type":"Feature","properties":{"cleabs":"TRONROUT0000002321977313","nature":"Chemin","largeur_de_chaussee":null,"cpx_classement_administratif":null},"geometry":{"type":"LineString","coordinates":[[6.063103,43.242899],[6.063164,43.242311],[6.063234,43.241353],[6.063261,43.24075],[6.063287,43.240049],[6.063231,43.239834]]}},{"type":"Feature","properties":{"cleabs":"TRONROUT0000002321977320","nature":"Route empierrée","largeur_de_chaussee":null,"cpx_classement_administratif":"Piste DFCI"},"geometry":{"type":"LineString","coordinates":[[6.055011,43.240367],[6.055003,43.240368],[6.054894,43.240375],[6.054666,43.240386],[6.054481,43.240404],[6.053692,43.240528],[6.053361,43.240587],[6.052165,43.240763],[6.05187,43.240796],[6.051651,43.240844],[6.050995,43.241003],[6.050728,43.241039],[6.0504,43.241071],[6.050262,43.241098],[6.049479,43.241332],[6.049322,43.241361],[6.04896,43.241397],[6.048471,43.241484],[6.048334,43.241539],[6.048246,43.241583],[6.04818,43.241607],[6.048133,43.241604]]}},{"type":"Feature","properties":{"cleabs":"TRONROUT0000002321977321","nature":"Sentier","largeur_de_chaussee":null,"cpx_classement_administratif":null},"geometry":{"type":"LineString","coordinates":[[6.048133,43.241604],[6.047753,43.241847],[6.047509,43.24198],[6.047305,43.24207],[6.047076,43.242151],[6.04693,43.24222],[6.046743,43.242367],[6.046493,43.242565],[6.046272,43.242714],[6.046064,43.242794],[6.04577,43.242905],[6.045165,43.243107]]}},{"type":"Feature","properties":{"cleabs":"TRONROUT0000002321977322","nature":"Sentier","largeur_de_chaussee":null,"cpx_classement_administratif":null},"geometry":{"type":"LineString","coordinates":[[6.044475,43.243054],[6.044942,43.243088],[6.045165,43.243107]]}},{"type":"Feature","properties":{"cleabs":"TRONROUT0000002321977334","nature":"Route à 1 chaussée","largeur_de_chaussee":4,"cpx_classement_administratif":"Communal"},"geometry":{"type":"LineString","coordinates":[[6.064395,43.239872],[6.064277,43.2398],[6.064074,43.239741],[6.063845,43.239718],[6.063698,43.239672],[6.063582,43.239541],[6.063459,43.239356],[6.063314,43.239256],[6.063193,43.239212],[6.063015,43.239178],[6.062789,43.239144],[6.062484,43.239126],[6.06218,43.239086],[6.061838,43.239009],[6.06173,43.238972],[6.061714,43.238957],[6.061652,43.238903]]}},{"type":"Feature","properties":{"cleabs":"TRONROUT0000002321977335","nature":"Sentier","largeur_de_chaussee":null,"cpx_classement_administratif":null},"geometry":{"type":"LineString","coordinates":[[6.061652,43.238903],[6.061799,43.238809],[6.061891,43.238786],[6.06208,43.238765],[6.062216,43.238761],[6.0624,43.238743],[6.062536,43.238729],[6.062647,43.238733],[6.062722,43.238728],[6.062846,43.238757],[6.062976,43.238788],[6.063043,43.238792],[6.063134,43.238767],[6.063222,43.238694],[6.063322,43.238585],[6.063396,43.238473],[6.063483,43.23836],[6.06351,43.238301],[6.063507,43.23824],[6.06342,43.238178],[6.063329,43.238047],[6.063317,43.237976],[6.063319,43.23785],[6.063321,43.237728],[6.063397,43.237472]]}},{"type":"Feature","properties":{"cleabs":"TRONROUT0000002334264332","nature":"Route empierrée","largeur_de_chaussee":null,"cpx_classement_administratif":null},"geometry":{"type":"LineString","coordinates":[[6.046554,43.241142],[6.046337,43.241109],[6.04629,43.241087],[6.046231,43.241029],[6.046141,43.240823],[6.046109,43.240802],[6.0461,43.240782]]}},{"type":"Feature","properties":{"cleabs":"TRONROUT0000002334264333","nature":"Chemin","largeur_de_chaussee":null,"cpx_classement_administratif":null},"geometry":{"type":"LineString","coordinates":[[6.051859,43.241548],[6.051756,43.241543],[6.051624,43.241547],[6.051494,43.241591],[6.051428,43.241634],[6.051311,43.241677],[6.051081,43.241732],[6.050822,43.241754],[6.050451,43.241812],[6.050241,43.241858]]}},{"type":"Feature","properties":{"cleabs":"TRONROUT0000002334264334","nature":"Chemin","largeur_de_chaussee":null,"cpx_classement_administratif":null},"geometry":{"type":"LineString","coordinates":[[6.048388,43.238448],[6.048462,43.238482],[6.048552,43.23854],[6.048648,43.238591],[6.048764,43.238644],[6.048862,43.238679],[6.049229,43.238774],[6.049303,43.238777],[6.049396,43.238757],[6.049471,43.238728]]}},{"type":"Feature","properties":{"cleabs":"TRONROUT0000002334264336","nature":"Route empierrée","largeur_de_chaussee":null,"cpx_classement_administratif":null},"geometry":{"type":"LineString","coordinates":[[6.045556,43.240908],[6.045968,43.24078],[6.046041,43.240769],[6.046091,43.240776],[6.0461,43.240782]]}},{"type":"Feature","properties":{"cleabs":"TRONROUT0000002334264349","nature":"Route empierrée","largeur_de_chaussee":null,"cpx_classement_administratif":null},"geometry":{"type":"LineString","coordinates":[[6.05787,43.240046],[6.057762,43.239987],[6.057637,43.239968]]}},{"type":"Feature","properties":{"cleabs":"TRONROUT0000002334264350","nature":"Route empierrée","largeur_de_chaussee":null,"cpx_classement_administratif":null},"geometry":{"type":"LineString","coordinates":[[6.057637,43.239968],[6.057611,43.239965],[6.057454,43.239956],[6.0573,43.239963],[6.057026,43.240003],[6.056536,43.240062],[6.055463,43.2403],[6.055011,43.240367]]}},{"type":"Feature","properties":{"cleabs":"TRONROUT0000002334264354","nature":"Route à 1 chaussée","largeur_de_chaussee":3,"cpx_classement_administratif":"Communal"},"geometry":{"type":"LineString","coordinates":[[6.065515,43.240082],[6.065436,43.2401],[6.065344,43.240098],[6.065189,43.240072],[6.065025,43.240084],[6.064918,43.240113]]}},{"type":"Feature","properties":{"cleabs":"TRONROUT0000002334264389","nature":"Sentier","largeur_de_chaussee":null,"cpx_classement_administratif":null},"geometry":{"type":"LineString","coordinates":[[6.068992,43.238433],[6.069141,43.238612],[6.069171,43.238626]]}},{"type":"Feature","properties":{"cleabs":"TRONROUT0000002334264380","nature":"Sentier","largeur_de_chaussee":null,"cpx_classement_administratif":null},"geometry":{"type":"LineString","coordinates":[[6.069518,43.238591],[6.069555,43.238633],[6.069567,43.238651]]}},{"type":"Feature","properties":{"cleabs":"TRONROUT0000002334264383","nature":"Sentier","largeur_de_chaussee":null,"cpx_classement_administratif":null},"geometry":{"type":"LineString","coordinates":[[6.068813,43.23838],[6.068876,43.238368],[6.068924,43.238375],[6.068974,43.238411],[6.068992,43.238433]]}},{"type":"Feature","properties":{"cleabs":"TRONROUT0000002334264387","nature":"Route à 1 chaussée","largeur_de_chaussee":3,"cpx_classement_administratif":"Communal"},"geometry":{"type":"LineString","coordinates":[[6.068377,43.23854],[6.068414,43.238529],[6.068465,43.238509],[6.068779,43.238387],[6.068813,43.23838]]}},{"type":"Feature","properties":{"cleabs":"TRONROUT0000002334264398","nature":"Route à 1 chaussée","largeur_de_chaussee":4,"cpx_classement_administratif":"Communal"},"geometry":{"type":"LineString","coordinates":[[6.068215,43.238333],[6.068279,43.238408],[6.068377,43.23854]]}},{"type":"Feature","properties":{"cleabs":"TRONROUT0000002334264401","nature":"Route à 1 chaussée","largeur_de_chaussee":3,"cpx_classement_administratif":"Communal"},"geometry":{"type":"LineString","coordinates":[[6.070041,43.238852],[6.06991,43.238947],[6.069811,43.239002],[6.06973,43.238914]]}},{"type":"Feature","properties":{"cleabs":"TRONROUT0000002334264403","nature":"Route à 1 chaussée","largeur_de_chaussee":3,"cpx_classement_administratif":"Communal"},"geometry":{"type":"LineString","coordinates":[[6.06973,43.238914],[6.069764,43.238895],[6.069805,43.238864]]}},{"type":"Feature","properties":{"cleabs":"TRONROUT0000002334264404","nature":"Route à 1 chaussée","largeur_de_chaussee":3,"cpx_classement_administratif":"Communal"},"geometry":{"type":"LineString","coordinates":[[6.070041,43.238852],[6.070075,43.238901],[6.070098,43.238949],[6.070123,43.239026],[6.070139,43.239108]]}},{"type":"Feature","properties":{"cleabs":"TRONROUT0000002334264405","nature":"Route à 1 chaussée","largeur_de_chaussee":4,"cpx_classement_administratif":"Communal"},"geometry":{"type":"LineString","coordinates":[[6.071935,43.241455],[6.071754,43.241405],[6.07139,43.241259],[6.071167,43.241158],[6.071081,43.241125],[6.071,43.241113],[6.070931,43.241113],[6.070862,43.241111],[6.070807,43.241105],[6.070763,43.24109],[6.070731,43.241067],[6.070706,43.241042]]}},{"type":"Feature","properties":{"cleabs":"TRONROUT0000002334264431","nature":"Route empierrée","largeur_de_chaussee":null,"cpx_classement_administratif":null},"geometry":{"type":"LineString","coordinates":[[6.054101,43.247913],[6.054164,43.247872],[6.054308,43.247866],[6.054478,43.247888],[6.054896,43.24786],[6.055119,43.247833],[6.055275,43.247791],[6.055415,43.247772],[6.055585,43.247776],[6.055685,43.247778],[6.055824,43.247764],[6.055855,43.247759]]}},{"type":"Feature","properties":{"cleabs":"TRONROUT0000002334264432","nature":"Chemin","largeur_de_chaussee":null,"cpx_classement_administratif":null},"geometry":{"type":"LineString","coordinates":[[6.044705,43.253201],[6.044678,43.25342],[6.044678,43.253426]]}},{"type":"Feature","properties":{"cleabs":"TRONROUT0000002334264433","nature":"Route à 1 chaussée","largeur_de_chaussee":3,"cpx_classement_administratif":"Communal"},"geometry":{"type":"LineString","coordinates":[[6.045077,43.252598],[6.045691,43.25256]]}},{"type":"Feature","properties":{"cleabs":"TRONROUT0000002334264434","nature":"Route à 1 chaussée","largeur_de_chaussee":3,"cpx_classement_administratif":"Communal"},"geometry":{"type":"LineString","coordinates":[[6.052584,43.25145],[6.052684,43.251388],[6.052841,43.251302],[6.053506,43.250904],[6.053698,43.250769],[6.053944,43.250636],[6.054055,43.250592],[6.054155,43.250563],[6.054263,43.250552],[6.054379,43.250556],[6.054432,43.250574],[6.054484,43.250602],[6.054772,43.25074],[6.055375,43.251102],[6.05559,43.251234],[6.055652,43.251283]]}},{"type":"Feature","properties":{"cleabs":"TRONROUT0000002334264435","nature":"Route à 1 chaussée","largeur_de_chaussee":3,"cpx_classement_administratif":"Communal"},"geometry":{"type":"LineString","coordinates":[[6.04995,43.253034],[6.050456,43.252974],[6.050621,43.252946],[6.050942,43.252933],[6.051109,43.252931],[6.051338,43.252945]]}},{"type":"Feature","properties":{"cleabs":"TRONROUT0000002334264436","nature":"Route à 1 chaussée","largeur_de_chaussee":3,"cpx_classement_administratif":"Communal"},"geometry":{"type":"LineString","coordinates":[[6.067144,43.249083],[6.06717,43.249039],[6.067319,43.248772],[6.067669,43.24815]]}},{"type":"Feature","properties":{"cleabs":"TRONROUT0000002334264437","nature":"Route empierrée","largeur_de_chaussee":null,"cpx_classement_administratif":null},"geometry":{"type":"LineString","coordinates":[[6.067144,43.249083],[6.067505,43.249154],[6.06803,43.249292],[6.06837,43.249427]]}},{"type":"Feature","properties":{"cleabs":"TRONROUT0000002334264438","nature":"Route à 1 chaussée","largeur_de_chaussee":4,"cpx_classement_administratif":"Communal"},"geometry":{"type":"LineString","coordinates":[[6.061009,43.245763],[6.060701,43.245685],[6.060696,43.245683]]}},{"type":"Feature","properties":{"cleabs":"TRONROUT0000002334264439","nature":"Route empierrée","largeur_de_chaussee":null,"cpx_classement_administratif":null},"geometry":{"type":"LineString","coordinates":[[6.063495,43.244362],[6.063569,43.244144],[6.063608,43.243973]]}},{"type":"Feature","properties":{"cleabs":"TRONROUT0000002334264440","nature":"Route à 2 chaussées","largeur_de_chaussee":4,"cpx_classement_administratif":"Départementale"},"geometry":{"type":"LineString","coordinates":[[6.065933,43.251425],[6.065809,43.251528],[6.065707,43.251632],[6.065618,43.251741],[6.06552,43.25185],[6.065421,43.251963],[6.065318,43.25208],[6.065226,43.252189]]}},{"type":"Feature","properties":{"cleabs":"TRONROUT0000002334264442","nature":"Route empierrée","largeur_de_chaussee":null,"cpx_classement_administratif":null},"geometry":{"type":"LineString","coordinates":[[6.062862,43.248449],[6.062717,43.247983],[6.062684,43.247923],[6.062649,43.247897],[6.062627,43.24789]]}},{"type":"Feature","properties":{"cleabs":"TRONROUT0000002334264443","nature":"Chemin","largeur_de_chaussee":null,"cpx_classement_administratif":null},"geometry":{"type":"LineString","coordinates":[[6.063056,43.250487],[6.063515,43.250564],[6.063748,43.250539],[6.063809,43.250537],[6.063934,43.25057]]}},{"type":"Feature","properties":{"cleabs":"TRONROUT0000002334264444","nature":"Route empierrée","largeur_de_chaussee":null,"cpx_classement_administratif":null},"geometry":{"type":"LineString","coordinates":[[6.058775,43.251499],[6.058472,43.251393],[6.058321,43.251372],[6.058143,43.251334],[6.057954,43.251301],[6.057921,43.251282],[6.057882,43.251255],[6.057861,43.251233],[6.057852,43.251208],[6.057845,43.251153],[6.057854,43.251111],[6.057862,43.251077],[6.057863,43.251047],[6.057859,43.251013],[6.05785,43.250977],[6.057821,43.250927],[6.057791,43.250892],[6.057707,43.250802]]}},{"type":"Feature","properties":{"cleabs":"TRONROUT0000002334264445","nature":"Route empierrée","largeur_de_chaussee":null,"cpx_classement_administratif":null},"geometry":{"type":"LineString","coordinates":[[6.068394,43.242248],[6.068248,43.242318],[6.068134,43.242359],[6.068066,43.242406],[6.068038,43.242474],[6.067992,43.242539],[6.067901,43.24259],[6.067682,43.242745]]}},{"type":"Feature","properties":{"cleabs":"TRONROUT0000002334264446","nature":"Route à 1 chaussée","largeur_de_chaussee":4,"cpx_classement_administratif":"Départementale"},"geometry":{"type":"LineString","coordinates":[[6.065155,43.252151],[6.065196,43.252102],[6.06532,43.251964],[6.065448,43.25183],[6.06558,43.2517],[6.065719,43.251576],[6.065933,43.251425]]}},{"type":"Feature","properties":{"cleabs":"TRONROUT0000002334264447","nature":"Route à 1 chaussée","largeur_de_chaussee":3,"cpx_classement_administratif":"Communal"},"geometry":{"type":"LineString","coordinates":[[6.061896,43.24734],[6.061867,43.247518],[6.061832,43.247658],[6.061698,43.247914],[6.061664,43.248057],[6.061657,43.248164],[6.061714,43.248252],[6.061827,43.248351],[6.061964,43.248447],[6.062032,43.248547],[6.062045,43.24872],[6.062004,43.248901],[6.061803,43.249473],[6.061757,43.249582],[6.061729,43.249607]]}},{"type":"Feature","properties":{"cleabs":"TRONROUT0000002334264448","nature":"Route à 1 chaussée","largeur_de_chaussee":3,"cpx_classement_administratif":"Communal"},"geometry":{"type":"LineString","coordinates":[[6.061191,43.251359],[6.061187,43.251375],[6.061181,43.251412]]}},{"type":"Feature","properties":{"cleabs":"TRONROUT0000002334264449","nature":"Chemin","largeur_de_chaussee":null,"cpx_classement_administratif":null},"geometry":{"type":"LineString","coordinates":[[6.067166,43.243473],[6.067138,43.243451],[6.067082,43.243444],[6.066895,43.243445],[6.066577,43.243466],[6.066118,43.24349],[6.065886,43.243528],[6.065849,43.243527]]}},{"type":"Feature","properties":{"cleabs":"TRONROUT0000002334264450","nature":"Chemin","largeur_de_chaussee":null,"cpx_classement_administratif":null},"geometry":{"type":"LineString","coordinates":[[6.057707,43.250802],[6.057759,43.250796],[6.058719,43.250472],[6.059121,43.250329],[6.059196,43.250333],[6.059228,43.250382],[6.059259,43.250519],[6.059302,43.250804],[6.059355,43.250886]]}},{"type":"Feature","properties":{"cleabs":"TRONROUT0000002334264451","nature":"Route empierrée","largeur_de_chaussee":null,"cpx_classement_administratif":null},"geometry":{"type":"LineString","coordinates":[[6.064518,43.24401],[6.064371,43.244025],[6.064166,43.244044],[6.064057,43.244034],[6.063727,43.243982],[6.06365,43.243977],[6.063608,43.243973]]}},{"type":"Feature","properties":{"cleabs":"TRONROUT0000002334264452","nature":"Chemin","largeur_de_chaussee":null,"cpx_classement_administratif":null},"geometry":{"type":"LineString","coordinates":[[6.063934,43.25057],[6.063936,43.250561],[6.063969,43.250445],[6.064062,43.250237],[6.064105,43.250063]]}},{"type":"Feature","properties":{"cleabs":"TRONROUT0000002334264453","nature":"Route à 1 chaussée","largeur_de_chaussee":3,"cpx_classement_administratif":"Communal"},"geometry":{"type":"LineString","coordinates":[[6.061729,43.249607],[6.06169,43.249643],[6.061634,43.24965],[6.061483,43.249643],[6.061355,43.249661],[6.06128,43.249731],[6.061234,43.249835],[6.061209,43.249929],[6.061104,43.2504],[6.061081,43.250572],[6.061097,43.250663],[6.061211,43.250797],[6.061246,43.250839],[6.061272,43.25091],[6.061265,43.251024],[6.061191,43.251359]]}},{"type":"Feature","properties":{"cleabs":"TRONROUT0000002334264454","nature":"Route à 1 chaussée","largeur_de_chaussee":3,"cpx_classement_administratif":"Communal"},"geometry":{"type":"LineString","coordinates":[[6.064518,43.24401],[6.064467,43.244045],[6.064346,43.244198]]}},{"type":"Feature","properties":{"cleabs":"TRONROUT0000002334264455","nature":"Route à 1 chaussée","largeur_de_chaussee":3,"cpx_classement_administratif":"Communal"},"geometry":{"type":"LineString","coordinates":[[6.065405,43.251615],[6.065815,43.25128],[6.065956,43.251163],[6.066077,43.251022],[6.066151,43.250884],[6.066239,43.250661],[6.066526,43.250152],[6.066541,43.250125]]}},{"type":"Feature","properties":{"cleabs":"TRONROUT0000002334264456","nature":"Chemin","largeur_de_chaussee":null,"cpx_classement_administratif":null},"geometry":{"type":"LineString","coordinates":[[6.064105,43.250063],[6.064132,43.249993],[6.064125,43.249945],[6.064214,43.249735],[6.064253,43.249696],[6.064346,43.249688],[6.064452,43.24971],[6.064692,43.249772],[6.065199,43.249919],[6.06528,43.249927],[6.065331,43.249909],[6.065394,43.249854],[6.065427,43.249798],[6.065467,43.24975],[6.065518,43.249715],[6.065552,43.249703],[6.065645,43.249717],[6.065802,43.249759]]}},{"type":"Feature","properties":{"cleabs":"TRONROUT0000002334264458","nature":"Route empierrée","largeur_de_chaussee":null,"cpx_classement_administratif":null},"geometry":{"type":"LineString","coordinates":[[6.057319,43.254925],[6.05723,43.254874],[6.057176,43.254794],[6.057183,43.254685],[6.057203,43.254604],[6.057262,43.254557],[6.057342,43.254548]]}},{"type":"Feature","properties":{"cleabs":"TRONROUT0000002334264461","nature":"Chemin","largeur_de_chaussee":null,"cpx_classement_administratif":null},"geometry":{"type":"LineString","coordinates":[[6.059887,43.255745],[6.059883,43.255742],[6.059664,43.255572],[6.0595,43.255464],[6.059337,43.25536],[6.059267,43.255325],[6.059253,43.255284],[6.059264,43.255209],[6.059344,43.255064],[6.059366,43.254994]]}},{"type":"Feature","properties":{"cleabs":"TRONROUT0000002334264462","nature":"Route à 1 chaussée","largeur_de_chaussee":3,"cpx_classement_administratif":"Communal"},"geometry":{"type":"LineString","coordinates":[[6.062849,43.254792],[6.06298,43.254693],[6.063091,43.254591],[6.063168,43.254505],[6.063217,43.254407]]}},{"type":"Feature","properties":{"cleabs":"TRONROUT0000002334264463","nature":"Route à 1 chaussée","largeur_de_chaussee":10,"cpx_classement_administratif":"Départementale"},"geometry":{"type":"LineString","coordinates":[[6.063231,43.255255],[6.063221,43.255418],[6.063182,43.25577],[6.063169,43.255904],[6.063163,43.256135],[6.063165,43.256355],[6.063209,43.256576],[6.063258,43.256743],[6.063397,43.257109],[6.063531,43.257431],[6.063694,43.257847],[6.063845,43.258233],[6.063928,43.258474],[6.064,43.258677],[6.064148,43.259027],[6.064234,43.259191],[6.064351,43.25938],[6.064483,43.259559],[6.064637,43.25973],[6.064683,43.259773]]}},{"type":"Feature","properties":{"cleabs":"TRONROUT0000002334264496","nature":"Chemin","largeur_de_chaussee":null,"cpx_classement_administratif":null},"geometry":{"type":"LineString","coordinates":[[6.07034,43.248184],[6.07042,43.248184]]}},{"type":"Feature","properties":{"cleabs":"TRONROUT0000002334264499","nature":"Route à 1 chaussée","largeur_de_chaussee":4,"cpx_classement_administratif":"Communal"},"geometry":{"type":"LineString","coordinates":[[6.069814,43.249654],[6.069815,43.249646],[6.069848,43.249414],[6.069862,43.249327],[6.069901,43.249126],[6.06992,43.249042]]}},{"type":"Feature","properties":{"cleabs":"TRONROUT0000002478483801","nature":"Sentier","largeur_de_chaussee":null,"cpx_classement_administratif":null},"geometry":{"type":"LineString","coordinates":[[6.061431,43.258294],[6.061127,43.25832],[6.06088,43.258323],[6.060686,43.258404],[6.060397,43.258525],[6.059925,43.25871],[6.059649,43.258827],[6.059309,43.258924],[6.058934,43.258996],[6.05869,43.259078],[6.058259,43.259167],[6.057932,43.259251],[6.057406,43.259399],[6.057012,43.259546],[6.056761,43.259644],[6.05648,43.259823],[6.056163,43.260004],[6.055617,43.260355],[6.055263,43.260578],[6.054996,43.260787],[6.054685,43.261018],[6.054435,43.261199],[6.054354,43.261248],[6.054318,43.261342],[6.054325,43.261472],[6.054306,43.261605],[6.054237,43.26181],[6.054107,43.261995],[6.053763,43.26236],[6.053558,43.262492],[6.053309,43.262628],[6.053108,43.262679],[6.052856,43.262751],[6.052661,43.262825],[6.052564,43.262889],[6.052425,43.263009],[6.052296,43.263185],[6.052204,43.263261],[6.052111,43.263351]]}},{"type":"Feature","properties":{"cleabs":"TRONROUT0000002478483802","nature":"Route empierrée","largeur_de_chaussee":null,"cpx_classement_administratif":null},"geometry":{"type":"LineString","coordinates":[[6.062415,43.258079],[6.062419,43.258124],[6.06244,43.258208],[6.062508,43.258559],[6.062514,43.258625],[6.062511,43.258721],[6.062479,43.258777],[6.062215,43.259103],[6.062181,43.259162],[6.062183,43.259225],[6.062205,43.259291],[6.062247,43.259323],[6.062355,43.259377],[6.062382,43.25942],[6.062381,43.259549],[6.062393,43.259606],[6.062412,43.25966],[6.062442,43.259714],[6.062501,43.259766],[6.062579,43.259817],[6.062629,43.259874],[6.062619,43.259908],[6.062563,43.259909],[6.062489,43.259892],[6.062335,43.259833],[6.062251,43.25981],[6.062155,43.259798],[6.062082,43.259795],[6.061902,43.259826],[6.061803,43.259836],[6.061732,43.259837],[6.061656,43.25982],[6.061587,43.259782],[6.061537,43.259737],[6.061494,43.259709],[6.061452,43.259701],[6.061382,43.259709],[6.06137,43.259766],[6.061383,43.259848],[6.061395,43.259901],[6.061441,43.260001],[6.061547,43.260086],[6.061676,43.26015],[6.06174,43.260169],[6.06178,43.260215],[6.061767,43.260248],[6.061724,43.260264],[6.061515,43.260246],[6.06132,43.260251],[6.061207,43.260246],[6.061111,43.260214],[6.060953,43.260146],[6.060894,43.260113],[6.060855,43.260066],[6.060831,43.260019],[6.060799,43.259987],[6.060739,43.259983],[6.060693,43.259997],[6.060668,43.260042],[6.06067,43.260094],[6.060682,43.260157],[6.060743,43.26027],[6.060801,43.260348],[6.06086,43.260387],[6.060995,43.260446],[6.061029,43.260492],[6.060994,43.26052],[6.060931,43.260513],[6.060832,43.260463],[6.060691,43.260412],[6.060612,43.260363],[6.060416,43.260256],[6.060348,43.260252],[6.060325,43.260284],[6.060355,43.260335],[6.060398,43.260385],[6.060408,43.260424],[6.060355,43.260439],[6.060225,43.260419],[6.060092,43.260414],[6.060007,43.260438],[6.059946,43.260492],[6.059831,43.260634],[6.059818,43.260674],[6.059851,43.260739],[6.059889,43.260791],[6.059936,43.260866],[6.059972,43.260926],[6.060013,43.260973],[6.060023,43.261001],[6.060008,43.261027],[6.059984,43.261039],[6.059906,43.261053],[6.059697,43.261053],[6.059621,43.261057],[6.059573,43.261103],[6.059649,43.26125],[6.059716,43.261336],[6.059761,43.261379],[6.059824,43.261414],[6.059869,43.261457],[6.05988,43.261495],[6.059846,43.261528],[6.059805,43.261542],[6.05973,43.261563],[6.059671,43.261584],[6.059564,43.261646],[6.059564,43.261715],[6.059533,43.26182],[6.059449,43.261986],[6.059435,43.262044],[6.059386,43.262157]]}},{"type":"Feature","properties":{"cleabs":"TRONROUT0000002487573949","nature":"Route à 1 chaussée","largeur_de_chaussee":4,"cpx_classement_administratif":"Communal"},"geometry":{"type":"LineString","coordinates":[[6.068554,43.239145],[6.068586,43.239156],[6.068599,43.239174],[6.068591,43.239216]]}},{"type":"Feature","properties":{"cleabs":"TRONROUT0000002487573950","nature":"Route à 1 chaussée","largeur_de_chaussee":5,"cpx_classement_administratif":"Communal"},"geometry":{"type":"LineString","coordinates":[[6.068591,43.239216],[6.069078,43.239019]]}},{"type":"Feature","properties":{"cleabs":"TRONROUT0000002487573954","nature":"Route à 1 chaussée","largeur_de_chaussee":3,"cpx_classement_administratif":"Communal"},"geometry":{"type":"LineString","coordinates":[[6.071212,43.247305],[6.071113,43.247254],[6.07102,43.247194],[6.070937,43.247127],[6.070844,43.247051]]}},{"type":"Feature","properties":{"cleabs":"TRONROUT0000002487573955","nature":"Route à 1 chaussée","largeur_de_chaussee":5,"cpx_classement_administratif":"Communal"},"geometry":{"type":"LineString","coordinates":[[6.070844,43.247051],[6.070194,43.247076],[6.070019,43.247144],[6.069908,43.247041],[6.069426,43.247248],[6.069341,43.247147]]}},{"type":"Feature","properties":{"cleabs":"TRONROUT0000002489502920","nature":"Chemin","largeur_de_chaussee":null,"cpx_classement_administratif":null},"geometry":{"type":"LineString","coordinates":[[6.043519,43.240375],[6.043519,43.240362],[6.043502,43.240182],[6.043498,43.240139],[6.043475,43.240093],[6.043407,43.240049],[6.043294,43.239927],[6.043258,43.239872],[6.043262,43.239798],[6.043349,43.239528],[6.04338,43.239451]]}},{"type":"Feature","properties":{"cleabs":"TRONROUT0000002489502922","nature":"Chemin","largeur_de_chaussee":null,"cpx_classement_administratif":null},"geometry":{"type":"LineString","coordinates":[[6.044082,43.242037],[6.044023,43.242011],[6.043997,43.241986],[6.044005,43.241939],[6.044053,43.241879],[6.044078,43.24183],[6.044093,43.241776],[6.044075,43.241732],[6.044012,43.2417],[6.043603,43.241607],[6.043504,43.241576],[6.043453,43.241538],[6.043434,43.241483],[6.043459,43.241433],[6.043546,43.241348],[6.043605,43.241317],[6.043759,43.241281],[6.043846,43.241252],[6.043983,43.241177],[6.044011,43.241127],[6.043993,43.241073],[6.043957,43.241036],[6.043909,43.241014],[6.043845,43.240947],[6.043815,43.240906],[6.043732,43.240881],[6.04366,43.240875],[6.043591,43.240853],[6.043564,43.240822],[6.04355,43.240792],[6.043529,43.240666],[6.043519,43.240375]]}},{"type":"Feature","properties":{"cleabs":"TRONROUT0000002489502929","nature":"Chemin","largeur_de_chaussee":null,"cpx_classement_administratif":null},"geometry":{"type":"LineString","coordinates":[[6.04338,43.239451],[6.043422,43.239464],[6.043492,43.239478],[6.04382,43.239499],[6.04388,43.239504],[6.043891,43.23951],[6.043914,43.239539],[6.043929,43.239667],[6.04394,43.239782],[6.043931,43.239838],[6.043888,43.239926],[6.043813,43.240039],[6.043629,43.240268],[6.043519,43.240375]]}},{"type":"Feature","properties":{"cleabs":"TRONROUT0000002489502935","nature":"Sentier","largeur_de_chaussee":null,"cpx_classement_administratif":null},"geometry":{"type":"LineString","coordinates":[[6.047243,43.24684],[6.047463,43.246894],[6.047635,43.246899],[6.047768,43.246885],[6.04792,43.246849],[6.0481,43.246837],[6.048281,43.246842],[6.048547,43.246851],[6.048765,43.246874],[6.048955,43.246882],[6.049155,43.24685],[6.049264,43.246824],[6.049403,43.246762],[6.049514,43.2467],[6.049602,43.246614],[6.049702,43.246501],[6.049812,43.246421],[6.050012,43.246273],[6.050149,43.24612],[6.050211,43.246024],[6.050295,43.245954],[6.050421,43.245915],[6.050616,43.245844],[6.050793,43.245788],[6.050932,43.245732],[6.051105,43.245679],[6.051335,43.245601],[6.051426,43.24556],[6.051533,43.245495],[6.051671,43.24544],[6.051947,43.2454],[6.05222,43.245308],[6.052417,43.245261],[6.052681,43.245179],[6.052924,43.245101],[6.053262,43.244991],[6.053535,43.244889],[6.053753,43.244841],[6.054158,43.244759],[6.054334,43.244734],[6.054614,43.244681],[6.054866,43.244619],[6.055049,43.244571],[6.055321,43.244466],[6.055545,43.24437],[6.055771,43.244243],[6.055902,43.244126],[6.056242,43.243871],[6.056572,43.243615],[6.056797,43.243454],[6.056921,43.243382],[6.057009,43.243274],[6.057101,43.243187],[6.057233,43.243099],[6.057327,43.243051],[6.057416,43.242958],[6.057469,43.242889],[6.057527,43.242819],[6.057612,43.242743],[6.05789,43.242611],[6.057973,43.242531],[6.058204,43.242379],[6.058353,43.242284],[6.058536,43.242156],[6.058766,43.241998],[6.059032,43.241854],[6.059226,43.241771],[6.05941,43.241663],[6.059563,43.241555],[6.059702,43.241429]]}},{"type":"Feature","properties":{"cleabs":"TRONROUT0000002489505642","nature":"Route à 1 chaussée","largeur_de_chaussee":3,"cpx_classement_administratif":"Communal"},"geometry":{"type":"LineString","coordinates":[[6.06089,43.242676],[6.060946,43.242715],[6.061013,43.24276],[6.061111,43.24281],[6.061313,43.242874],[6.061443,43.24294],[6.061602,43.242998],[6.061728,43.243042],[6.061833,43.243067],[6.061911,43.243082]]}},{"type":"Feature","properties":{"cleabs":"TRONROUT0000002489505654","nature":"Sentier","largeur_de_chaussee":null,"cpx_classement_administratif":null},"geometry":{"type":"LineString","coordinates":[[6.059702,43.241429],[6.059778,43.241473],[6.059947,43.241557],[6.060198,43.241641],[6.060503,43.241843],[6.060654,43.241955]]}},{"type":"Feature","properties":{"cleabs":"TRONROUT0000002489505658","nature":"Chemin","largeur_de_chaussee":null,"cpx_classement_administratif":null},"geometry":{"type":"LineString","coordinates":[[6.060654,43.241955],[6.060754,43.242026],[6.060804,43.24204],[6.060851,43.242044],[6.060898,43.242018],[6.060946,43.241928],[6.06097,43.241871],[6.06098,43.241867],[6.060994,43.241867],[6.061015,43.241876],[6.061053,43.241928],[6.061069,43.241991],[6.06107,43.242088],[6.061101,43.242186],[6.061119,43.242239],[6.061104,43.242278],[6.060995,43.242394],[6.060905,43.24255],[6.06089,43.242676]]}},{"type":"Feature","properties":{"cleabs":"TRONROUT0000002489505901","nature":"Chemin","largeur_de_chaussee":null,"cpx_classement_administratif":null},"geometry":{"type":"LineString","coordinates":[[6.061964,43.251504],[6.061867,43.25149],[6.061767,43.251476]]}},{"type":"Feature","properties":{"cleabs":"TRONROUT0000002489505898","nature":"Chemin","largeur_de_chaussee":null,"cpx_classement_administratif":null},"geometry":{"type":"LineString","coordinates":[[6.061767,43.251476],[6.06155,43.251427],[6.061378,43.251393],[6.061191,43.251359]]}},{"type":"Feature","properties":{"cleabs":"TRONROUT0000002489505900","nature":"Chemin","largeur_de_chaussee":null,"cpx_classement_administratif":null},"geometry":{"type":"LineString","coordinates":[[6.054988,43.246965],[6.055012,43.246995],[6.055154,43.247145],[6.055224,43.247215],[6.055297,43.247348],[6.055288,43.247388],[6.055229,43.247435],[6.054973,43.247623]]}},{"type":"Feature","properties":{"cleabs":"TRONROUT0000002489505892","nature":"Chemin","largeur_de_chaussee":null,"cpx_classement_administratif":null},"geometry":{"type":"LineString","coordinates":[[6.062132,43.25152],[6.061964,43.251504]]}},{"type":"Feature","properties":{"cleabs":"TRONROUT0000002489505894","nature":"Route à 1 chaussée","largeur_de_chaussee":3,"cpx_classement_administratif":"Communal"},"geometry":{"type":"LineString","coordinates":[[6.054988,43.246965],[6.054496,43.247168],[6.054395,43.247167],[6.054082,43.247239]]}},{"type":"Feature","properties":{"cleabs":"TRONROUT0000002489505896","nature":"Route à 1 chaussée","largeur_de_chaussee":3,"cpx_classement_administratif":"Communal"},"geometry":{"type":"LineString","coordinates":[[6.058331,43.246742],[6.058115,43.246744]]}},{"type":"Feature","properties":{"cleabs":"TRONROUT0000002489505906","nature":"Chemin","largeur_de_chaussee":null,"cpx_classement_administratif":null},"geometry":{"type":"LineString","coordinates":[[6.057833,43.247138],[6.057982,43.24696],[6.058115,43.246744]]}}]}